county,precinct,office,district,party,candidate,votes
Adams,"Dist. 5, Airport Precinct",US HOUSE,3,Democrat,Joel L. Gill,292
Adams,"Dist. 5, Airport Precinct",US HOUSE,3,Republican,Gregg Harper,109
Adams,"Dist. 5, Airport Precinct",US HOUSE,3,Reform,Tracella Lou O'Hara Hill,0
Adams,"Dist. 1, By-Pass Fire Precinct",US HOUSE,3,Democrat,Joel L. Gill,302
Adams,"Dist. 1, By-Pass Fire Precinct",US HOUSE,3,Republican,Gregg Harper,141
Adams,"Dist. 1, By-Pass Fire Precinct",US HOUSE,3,Reform,Tracella Lou O'Hara Hill,2
Adams,"Dist. 1, Bellemont Precinct",US HOUSE,3,Democrat,Joel L. Gill,207
Adams,"Dist. 1, Bellemont Precinct",US HOUSE,3,Republican,Gregg Harper,765
Adams,"Dist. 1, Bellemont Precinct",US HOUSE,3,Reform,Tracella Lou O'Hara Hill,10
Adams,"Dist. 2, Beau Pre Precinct",US HOUSE,3,Democrat,Joel L. Gill,150
Adams,"Dist. 2, Beau Pre Precinct",US HOUSE,3,Republican,Gregg Harper,235
Adams,"Dist. 2, Beau Pre Precinct",US HOUSE,3,Reform,Tracella Lou O'Hara Hill,2
Adams,"Dist. 3, Concord Precinct",US HOUSE,3,Democrat,Joel L. Gill,250
Adams,"Dist. 3, Concord Precinct",US HOUSE,3,Republican,Gregg Harper,25
Adams,"Dist. 3, Concord Precinct",US HOUSE,3,Reform,Tracella Lou O'Hara Hill,1
Adams,"Dist. 1, Courthouse Precinct",US HOUSE,3,Democrat,Joel L. Gill,85
Adams,"Dist. 1, Courthouse Precinct",US HOUSE,3,Republican,Gregg Harper,316
Adams,"Dist. 1, Courthouse Precinct",US HOUSE,3,Reform,Tracella Lou O'Hara Hill,4
Adams,"Dist. 4, Carpenter Precinct",US HOUSE,3,Democrat,Joel L. Gill,160
Adams,"Dist. 4, Carpenter Precinct",US HOUSE,3,Republican,Gregg Harper,79
Adams,"Dist. 4, Carpenter Precinct",US HOUSE,3,Reform,Tracella Lou O'Hara Hill,1
Adams,"Dist. 2, Duncan Park Precinct",US HOUSE,3,Democrat,Joel L. Gill,138
Adams,"Dist. 2, Duncan Park Precinct",US HOUSE,3,Republican,Gregg Harper,347
Adams,"Dist. 2, Duncan Park Precinct",US HOUSE,3,Reform,Tracella Lou O'Hara Hill,1
Adams,"Dist. 5, Foster Mound Precinct",US HOUSE,3,Democrat,Joel L. Gill,485
Adams,"Dist. 5, Foster Mound Precinct",US HOUSE,3,Republican,Gregg Harper,35
Adams,"Dist. 5, Foster Mound Precinct",US HOUSE,3,Reform,Tracella Lou O'Hara Hill,1
Adams,"Dist. 2, Kingston Precinct",US HOUSE,3,Democrat,Joel L. Gill,66
Adams,"Dist. 2, Kingston Precinct",US HOUSE,3,Republican,Gregg Harper,279
Adams,"Dist. 2, Kingston Precinct",US HOUSE,3,Reform,Tracella Lou O'Hara Hill,2
Adams,"Dist. 2, Liberty Park Precinct",US HOUSE,3,Democrat,Joel L. Gill,45
Adams,"Dist. 2, Liberty Park Precinct",US HOUSE,3,Republican,Gregg Harper,357
Adams,"Dist. 2, Liberty Park Precinct",US HOUSE,3,Reform,Tracella Lou O'Hara Hill,1
Adams,"Dist. 4, Morgantown Precinct",US HOUSE,3,Democrat,Joel L. Gill,162
Adams,"Dist. 4, Morgantown Precinct",US HOUSE,3,Republican,Gregg Harper,82
Adams,"Dist. 4, Morgantown Precinct",US HOUSE,3,Reform,Tracella Lou O'Hara Hill,3
Adams,"Dist. 3, Maryland Hgts. Precinct",US HOUSE,3,Democrat,Joel L. Gill,274
Adams,"Dist. 3, Maryland Hgts. Precinct",US HOUSE,3,Republican,Gregg Harper,10
Adams,"Dist. 3, Maryland Hgts. Precinct",US HOUSE,3,Reform,Tracella Lou O'Hara Hill,1
Adams,"Dist. 3, Nps Multi Purpose Bldg.",US HOUSE,3,Democrat,Joel L. Gill,124
Adams,"Dist. 3, Nps Multi Purpose Bldg.",US HOUSE,3,Republican,Gregg Harper,101
Adams,"Dist. 3, Nps Multi Purpose Bldg.",US HOUSE,3,Reform,Tracella Lou O'Hara Hill,1
Adams,"Dist. 4, Northside Precinct",US HOUSE,3,Democrat,Joel L. Gill,357
Adams,"Dist. 4, Northside Precinct",US HOUSE,3,Republican,Gregg Harper,10
Adams,"Dist. 4, Northside Precinct",US HOUSE,3,Reform,Tracella Lou O'Hara Hill,1
Adams,"Dist. 5, Oakland Precinct",US HOUSE,3,Democrat,Joel L. Gill,196
Adams,"Dist. 5, Oakland Precinct",US HOUSE,3,Republican,Gregg Harper,378
Adams,"Dist. 5, Oakland Precinct",US HOUSE,3,Reform,Tracella Lou O'Hara Hill,3
Adams,"Dist. 3, Palestine Precinct",US HOUSE,3,Democrat,Joel L. Gill,256
Adams,"Dist. 3, Palestine Precinct",US HOUSE,3,Republican,Gregg Harper,155
Adams,"Dist. 3, Palestine Precinct",US HOUSE,3,Reform,Tracella Lou O'Hara Hill,1
Adams,"Dist. 4, Pine Ridge Precinct",US HOUSE,3,Democrat,Joel L. Gill,228
Adams,"Dist. 4, Pine Ridge Precinct",US HOUSE,3,Republican,Gregg Harper,55
Adams,"Dist. 4, Pine Ridge Precinct",US HOUSE,3,Reform,Tracella Lou O'Hara Hill,2
Adams,"Dist. 4, Thompson Precinct",US HOUSE,3,Democrat,Joel L. Gill,256
Adams,"Dist. 4, Thompson Precinct",US HOUSE,3,Republican,Gregg Harper,25
Adams,"Dist. 4, Thompson Precinct",US HOUSE,3,Reform,Tracella Lou O'Hara Hill,2
Adams,"Dist. 5, Washington Precinct",US HOUSE,3,Democrat,Joel L. Gill,81
Adams,"Dist. 5, Washington Precinct",US HOUSE,3,Republican,Gregg Harper,206
Adams,"Dist. 5, Washington Precinct",US HOUSE,3,Reform,Tracella Lou O'Hara Hill,2
Adams,TOTAL,US HOUSE,3,Democrat,Joel L. Gill,4114
Adams,TOTAL,US HOUSE,3,Republican,Gregg Harper,3710
Adams,TOTAL,US HOUSE,3,Reform,Tracella Lou O'Hara Hill,41
Alcorn,Bethel,US HOUSE,1,Democrat,Travis W. Childers,20
Alcorn,Bethel,US HOUSE,1,Republican,Alan Nunnelee,32
Alcorn,Bethel,US HOUSE,1,Independent,A G Baddley,1
Alcorn,Bethel,US HOUSE,1,Constitution,Gail Giaramita,0
Alcorn,Bethel,US HOUSE,1,Independent,Les Green,0
Alcorn,Bethel,US HOUSE,1,Independent,Rick 'Rico' Hoskins,0
Alcorn,Bethel,US HOUSE,1,Independent,Wally Pang,0
Alcorn,Bethel,US HOUSE,1,Libertarian,Harold M. Taylor,0
Alcorn,Bethel,US HOUSE,1,Reform,Barbara Dale Washer,0
Alcorn,Biggersville,US HOUSE,1,Democrat,Travis W. Childers,136
Alcorn,Biggersville,US HOUSE,1,Republican,Alan Nunnelee,251
Alcorn,Biggersville,US HOUSE,1,Independent,A G Baddley,0
Alcorn,Biggersville,US HOUSE,1,Constitution,Gail Giaramita,1
Alcorn,Biggersville,US HOUSE,1,Independent,Les Green,1
Alcorn,Biggersville,US HOUSE,1,Independent,Rick 'Rico' Hoskins,1
Alcorn,Biggersville,US HOUSE,1,Independent,Wally Pang,3
Alcorn,Biggersville,US HOUSE,1,Libertarian,Harold M. Taylor,0
Alcorn,Biggersville,US HOUSE,1,Reform,Barbara Dale Washer,0
Alcorn,2nd District Central Precinct,US HOUSE,1,Democrat,Travis W. Childers,202
Alcorn,2nd District Central Precinct,US HOUSE,1,Republican,Alan Nunnelee,535
Alcorn,2nd District Central Precinct,US HOUSE,1,Independent,A G Baddley,2
Alcorn,2nd District Central Precinct,US HOUSE,1,Constitution,Gail Giaramita,3
Alcorn,2nd District Central Precinct,US HOUSE,1,Independent,Les Green,6
Alcorn,2nd District Central Precinct,US HOUSE,1,Independent,Rick 'Rico' Hoskins,1
Alcorn,2nd District Central Precinct,US HOUSE,1,Independent,Wally Pang,0
Alcorn,2nd District Central Precinct,US HOUSE,1,Libertarian,Harold M. Taylor,0
Alcorn,2nd District Central Precinct,US HOUSE,1,Reform,Barbara Dale Washer,0
Alcorn,College Hill,US HOUSE,1,Democrat,Travis W. Childers,299
Alcorn,College Hill,US HOUSE,1,Republican,Alan Nunnelee,503
Alcorn,College Hill,US HOUSE,1,Independent,A G Baddley,1
Alcorn,College Hill,US HOUSE,1,Constitution,Gail Giaramita,2
Alcorn,College Hill,US HOUSE,1,Independent,Les Green,11
Alcorn,College Hill,US HOUSE,1,Independent,Rick 'Rico' Hoskins,0
Alcorn,College Hill,US HOUSE,1,Independent,Wally Pang,3
Alcorn,College Hill,US HOUSE,1,Libertarian,Harold M. Taylor,0
Alcorn,College Hill,US HOUSE,1,Reform,Barbara Dale Washer,0
Alcorn,East Third Street,US HOUSE,1,Democrat,Travis W. Childers,80
Alcorn,East Third Street,US HOUSE,1,Republican,Alan Nunnelee,179
Alcorn,East Third Street,US HOUSE,1,Independent,A G Baddley,0
Alcorn,East Third Street,US HOUSE,1,Constitution,Gail Giaramita,1
Alcorn,East Third Street,US HOUSE,1,Independent,Les Green,6
Alcorn,East Third Street,US HOUSE,1,Independent,Rick 'Rico' Hoskins,0
Alcorn,East Third Street,US HOUSE,1,Independent,Wally Pang,1
Alcorn,East Third Street,US HOUSE,1,Libertarian,Harold M. Taylor,0
Alcorn,East Third Street,US HOUSE,1,Reform,Barbara Dale Washer,0
Alcorn,East Corinth,US HOUSE,1,Democrat,Travis W. Childers,278
Alcorn,East Corinth,US HOUSE,1,Republican,Alan Nunnelee,524
Alcorn,East Corinth,US HOUSE,1,Independent,A G Baddley,1
Alcorn,East Corinth,US HOUSE,1,Constitution,Gail Giaramita,5
Alcorn,East Corinth,US HOUSE,1,Independent,Les Green,9
Alcorn,East Corinth,US HOUSE,1,Independent,Rick 'Rico' Hoskins,2
Alcorn,East Corinth,US HOUSE,1,Independent,Wally Pang,5
Alcorn,East Corinth,US HOUSE,1,Libertarian,Harold M. Taylor,0
Alcorn,East Corinth,US HOUSE,1,Reform,Barbara Dale Washer,0
Alcorn,Five Points 1st Dist,US HOUSE,1,Democrat,Travis W. Childers,234
Alcorn,Five Points 1st Dist,US HOUSE,1,Republican,Alan Nunnelee,613
Alcorn,Five Points 1st Dist,US HOUSE,1,Independent,A G Baddley,6
Alcorn,Five Points 1st Dist,US HOUSE,1,Constitution,Gail Giaramita,5
Alcorn,Five Points 1st Dist,US HOUSE,1,Independent,Les Green,6
Alcorn,Five Points 1st Dist,US HOUSE,1,Independent,Rick 'Rico' Hoskins,2
Alcorn,Five Points 1st Dist,US HOUSE,1,Independent,Wally Pang,2
Alcorn,Five Points 1st Dist,US HOUSE,1,Libertarian,Harold M. Taylor,1
Alcorn,Five Points 1st Dist,US HOUSE,1,Reform,Barbara Dale Washer,1
Alcorn,Glen,US HOUSE,1,Democrat,Travis W. Childers,147
Alcorn,Glen,US HOUSE,1,Republican,Alan Nunnelee,345
Alcorn,Glen,US HOUSE,1,Independent,A G Baddley,2
Alcorn,Glen,US HOUSE,1,Constitution,Gail Giaramita,3
Alcorn,Glen,US HOUSE,1,Independent,Les Green,5
Alcorn,Glen,US HOUSE,1,Independent,Rick 'Rico' Hoskins,2
Alcorn,Glen,US HOUSE,1,Independent,Wally Pang,3
Alcorn,Glen,US HOUSE,1,Libertarian,Harold M. Taylor,0
Alcorn,Glen,US HOUSE,1,Reform,Barbara Dale Washer,0
Alcorn,Jacinto,US HOUSE,1,Democrat,Travis W. Childers,68
Alcorn,Jacinto,US HOUSE,1,Republican,Alan Nunnelee,120
Alcorn,Jacinto,US HOUSE,1,Independent,A G Baddley,0
Alcorn,Jacinto,US HOUSE,1,Constitution,Gail Giaramita,4
Alcorn,Jacinto,US HOUSE,1,Independent,Les Green,3
Alcorn,Jacinto,US HOUSE,1,Independent,Rick 'Rico' Hoskins,1
Alcorn,Jacinto,US HOUSE,1,Independent,Wally Pang,0
Alcorn,Jacinto,US HOUSE,1,Libertarian,Harold M. Taylor,0
Alcorn,Jacinto,US HOUSE,1,Reform,Barbara Dale Washer,0
Alcorn,Kossuth,US HOUSE,1,Democrat,Travis W. Childers,180
Alcorn,Kossuth,US HOUSE,1,Republican,Alan Nunnelee,599
Alcorn,Kossuth,US HOUSE,1,Independent,A G Baddley,0
Alcorn,Kossuth,US HOUSE,1,Constitution,Gail Giaramita,3
Alcorn,Kossuth,US HOUSE,1,Independent,Les Green,10
Alcorn,Kossuth,US HOUSE,1,Independent,Rick 'Rico' Hoskins,0
Alcorn,Kossuth,US HOUSE,1,Independent,Wally Pang,6
Alcorn,Kossuth,US HOUSE,1,Libertarian,Harold M. Taylor,0
Alcorn,Kossuth,US HOUSE,1,Reform,Barbara Dale Washer,1
Alcorn,North Corinth,US HOUSE,1,Democrat,Travis W. Childers,132
Alcorn,North Corinth,US HOUSE,1,Republican,Alan Nunnelee,521
Alcorn,North Corinth,US HOUSE,1,Independent,A G Baddley,0
Alcorn,North Corinth,US HOUSE,1,Constitution,Gail Giaramita,0
Alcorn,North Corinth,US HOUSE,1,Independent,Les Green,10
Alcorn,North Corinth,US HOUSE,1,Independent,Rick 'Rico' Hoskins,0
Alcorn,North Corinth,US HOUSE,1,Independent,Wally Pang,2
Alcorn,North Corinth,US HOUSE,1,Libertarian,Harold M. Taylor,0
Alcorn,North Corinth,US HOUSE,1,Reform,Barbara Dale Washer,0
Alcorn,Rienzl,US HOUSE,1,Democrat,Travis W. Childers,239
Alcorn,Rienzl,US HOUSE,1,Republican,Alan Nunnelee,305
Alcorn,Rienzl,US HOUSE,1,Independent,A G Baddley,1
Alcorn,Rienzl,US HOUSE,1,Constitution,Gail Giaramita,1
Alcorn,Rienzl,US HOUSE,1,Independent,Les Green,10
Alcorn,Rienzl,US HOUSE,1,Independent,Rick 'Rico' Hoskins,2
Alcorn,Rienzl,US HOUSE,1,Independent,Wally Pang,2
Alcorn,Rienzl,US HOUSE,1,Libertarian,Harold M. Taylor,1
Alcorn,Rienzl,US HOUSE,1,Reform,Barbara Dale Washer,1
Alcorn,South Corinth,US HOUSE,1,Democrat,Travis W. Childers,401
Alcorn,South Corinth,US HOUSE,1,Republican,Alan Nunnelee,196
Alcorn,South Corinth,US HOUSE,1,Independent,A G Baddley,4
Alcorn,South Corinth,US HOUSE,1,Constitution,Gail Giaramita,1
Alcorn,South Corinth,US HOUSE,1,Independent,Les Green,2
Alcorn,South Corinth,US HOUSE,1,Independent,Rick 'Rico' Hoskins,1
Alcorn,South Corinth,US HOUSE,1,Independent,Wally Pang,3
Alcorn,South Corinth,US HOUSE,1,Libertarian,Harold M. Taylor,3
Alcorn,South Corinth,US HOUSE,1,Reform,Barbara Dale Washer,1
Alcorn,Union Center,US HOUSE,1,Democrat,Travis W. Childers,173
Alcorn,Union Center,US HOUSE,1,Republican,Alan Nunnelee,273
Alcorn,Union Center,US HOUSE,1,Independent,A G Baddley,5
Alcorn,Union Center,US HOUSE,1,Constitution,Gail Giaramita,2
Alcorn,Union Center,US HOUSE,1,Independent,Les Green,7
Alcorn,Union Center,US HOUSE,1,Independent,Rick 'Rico' Hoskins,0
Alcorn,Union Center,US HOUSE,1,Independent,Wally Pang,2
Alcorn,Union Center,US HOUSE,1,Libertarian,Harold M. Taylor,1
Alcorn,Union Center,US HOUSE,1,Reform,Barbara Dale Washer,1
Alcorn,West Corinth,US HOUSE,1,Democrat,Travis W. Childers,106
Alcorn,West Corinth,US HOUSE,1,Republican,Alan Nunnelee,217
Alcorn,West Corinth,US HOUSE,1,Independent,A G Baddley,0
Alcorn,West Corinth,US HOUSE,1,Constitution,Gail Giaramita,3
Alcorn,West Corinth,US HOUSE,1,Independent,Les Green,7
Alcorn,West Corinth,US HOUSE,1,Independent,Rick 'Rico' Hoskins,0
Alcorn,West Corinth,US HOUSE,1,Independent,Wally Pang,0
Alcorn,West Corinth,US HOUSE,1,Libertarian,Harold M. Taylor,1
Alcorn,West Corinth,US HOUSE,1,Reform,Barbara Dale Washer,2
Alcorn,Wenasoga,US HOUSE,1,Democrat,Travis W. Childers,148
Alcorn,Wenasoga,US HOUSE,1,Republican,Alan Nunnelee,294
Alcorn,Wenasoga,US HOUSE,1,Independent,A G Baddley,2
Alcorn,Wenasoga,US HOUSE,1,Constitution,Gail Giaramita,2
Alcorn,Wenasoga,US HOUSE,1,Independent,Les Green,10
Alcorn,Wenasoga,US HOUSE,1,Independent,Rick 'Rico' Hoskins,0
Alcorn,Wenasoga,US HOUSE,1,Independent,Wally Pang,2
Alcorn,Wenasoga,US HOUSE,1,Libertarian,Harold M. Taylor,1
Alcorn,Wenasoga,US HOUSE,1,Reform,Barbara Dale Washer,1
Alcorn,TOTAL,US HOUSE,1,Democrat,Travis W. Childers,2843
Alcorn,TOTAL,US HOUSE,1,Republican,Alan Nunnelee,5507
Alcorn,TOTAL,US HOUSE,1,Independent,A G Baddley,25
Alcorn,TOTAL,US HOUSE,1,Constitution,Gail Giaramita,36
Alcorn,TOTAL,US HOUSE,1,Independent,Les Green,103
Alcorn,TOTAL,US HOUSE,1,Independent,Rick 'Rico' Hoskins,12
Alcorn,TOTAL,US HOUSE,1,Independent,Wally Pang,34
Alcorn,TOTAL,US HOUSE,1,Libertarian,Harold M. Taylor,8
Alcorn,TOTAL,US HOUSE,1,Reform,Barbara Dale Washer,8
Amite,East Gloster,US HOUSE,3,Democrat,Joel L. Gill,44
Amite,East Gloster,US HOUSE,3,Republican,Gregg Harper,117
Amite,East Gloster,US HOUSE,3,Reform,Tracella Lou O'Hara Hill,0
Amite,Liberty,US HOUSE,3,Democrat,Joel L. Gill,62
Amite,Liberty,US HOUSE,3,Republican,Gregg Harper,230
Amite,Liberty,US HOUSE,3,Reform,Tracella Lou O'Hara Hill,1
Amite,New Zion,US HOUSE,3,Democrat,Joel L. Gill,61
Amite,New Zion,US HOUSE,3,Republican,Gregg Harper,148
Amite,New Zion,US HOUSE,3,Reform,Tracella Lou O'Hara Hill,1
Amite,Zion Hill,US HOUSE,3,Democrat,Joel L. Gill,13
Amite,Zion Hill,US HOUSE,3,Republican,Gregg Harper,174
Amite,Zion Hill,US HOUSE,3,Reform,Tracella Lou O'Hara Hill,1
Amite,Amite River,US HOUSE,3,Democrat,Joel L. Gill,162
Amite,Amite River,US HOUSE,3,Republican,Gregg Harper,45
Amite,Amite River,US HOUSE,3,Reform,Tracella Lou O'Hara Hill,0
Amite,Ariel,US HOUSE,3,Democrat,Joel L. Gill,73
Amite,Ariel,US HOUSE,3,Republican,Gregg Harper,35
Amite,Ariel,US HOUSE,3,Reform,Tracella Lou O'Hara Hill,1
Amite,Berwick,US HOUSE,3,Democrat,Joel L. Gill,155
Amite,Berwick,US HOUSE,3,Republican,Gregg Harper,30
Amite,Berwick,US HOUSE,3,Reform,Tracella Lou O'Hara Hill,3
Amite,East Centreville,US HOUSE,3,Democrat,Joel L. Gill,95
Amite,East Centreville,US HOUSE,3,Republican,Gregg Harper,121
Amite,East Centreville,US HOUSE,3,Reform,Tracella Lou O'Hara Hill,2
Amite,Street,US HOUSE,3,Democrat,Joel L. Gill,50
Amite,Street,US HOUSE,3,Republican,Gregg Harper,119
Amite,Street,US HOUSE,3,Reform,Tracella Lou O'Hara Hill,3
Amite,Crosby,US HOUSE,3,Democrat,Joel L. Gill,58
Amite,Crosby,US HOUSE,3,Republican,Gregg Harper,68
Amite,Crosby,US HOUSE,3,Reform,Tracella Lou O'Hara Hill,0
Amite,Gloster,US HOUSE,3,Democrat,Joel L. Gill,295
Amite,Gloster,US HOUSE,3,Republican,Gregg Harper,116
Amite,Gloster,US HOUSE,3,Reform,Tracella Lou O'Hara Hill,1
Amite,Homochitto,US HOUSE,3,Democrat,Joel L. Gill,8
Amite,Homochitto,US HOUSE,3,Republican,Gregg Harper,32
Amite,Homochitto,US HOUSE,3,Reform,Tracella Lou O'Hara Hill,0
Amite,Onell,US HOUSE,3,Democrat,Joel L. Gill,11
Amite,Onell,US HOUSE,3,Republican,Gregg Harper,92
Amite,Onell,US HOUSE,3,Reform,Tracella Lou O'Hara Hill,0
Amite,East Fork,US HOUSE,3,Democrat,Joel L. Gill,49
Amite,East Fork,US HOUSE,3,Republican,Gregg Harper,187
Amite,East Fork,US HOUSE,3,Reform,Tracella Lou O'Hara Hill,0
Amite,East Liberty,US HOUSE,3,Democrat,Joel L. Gill,48
Amite,East Liberty,US HOUSE,3,Republican,Gregg Harper,107
Amite,East Liberty,US HOUSE,3,Reform,Tracella Lou O'Hara Hill,1
Amite,Smithdale,US HOUSE,3,Democrat,Joel L. Gill,71
Amite,Smithdale,US HOUSE,3,Republican,Gregg Harper,156
Amite,Smithdale,US HOUSE,3,Reform,Tracella Lou O'Hara Hill,4
Amite,Tangipahoa,US HOUSE,3,Democrat,Joel L. Gill,20
Amite,Tangipahoa,US HOUSE,3,Republican,Gregg Harper,182
Amite,Tangipahoa,US HOUSE,3,Reform,Tracella Lou O'Hara Hill,1
Amite,Riceville,US HOUSE,3,Democrat,Joel L. Gill,46
Amite,Riceville,US HOUSE,3,Republican,Gregg Harper,105
Amite,Riceville,US HOUSE,3,Reform,Tracella Lou O'Hara Hill,2
Amite,South Liberty,US HOUSE,3,Democrat,Joel L. Gill,54
Amite,South Liberty,US HOUSE,3,Republican,Gregg Harper,147
Amite,South Liberty,US HOUSE,3,Reform,Tracella Lou O'Hara Hill,1
Amite,Tickfaw,US HOUSE,3,Democrat,Joel L. Gill,59
Amite,Tickfaw,US HOUSE,3,Republican,Gregg Harper,42
Amite,Tickfaw,US HOUSE,3,Reform,Tracella Lou O'Hara Hill,0
Amite,Walls,US HOUSE,3,Democrat,Joel L. Gill,95
Amite,Walls,US HOUSE,3,Republican,Gregg Harper,198
Amite,Walls,US HOUSE,3,Reform,Tracella Lou O'Hara Hill,2
Amite,TOTAL,US HOUSE,3,Democrat,Joel L. Gill,1529
Amite,TOTAL,US HOUSE,3,Republican,Gregg Harper,2451
Amite,TOTAL,US HOUSE,3,Reform,Tracella Lou O'Hara Hill,24
Attala,South Central,US HOUSE,2,Republican,Bill Marcy,285
Attala,South Central,US HOUSE,2,Democrat,Bennie G. Thompson,200
Attala,South Central,US HOUSE,2,Reform,Ashley Norwood,6
Attala,Williamsville,US HOUSE,2,Republican,Bill Marcy,450
Attala,Williamsville,US HOUSE,2,Democrat,Bennie G. Thompson,204
Attala,Williamsville,US HOUSE,2,Reform,Ashley Norwood,4
Attala,North East,US HOUSE,2,Republican,Bill Marcy,190
Attala,North East,US HOUSE,2,Democrat,Bennie G. Thompson,417
Attala,North East,US HOUSE,2,Reform,Ashley Norwood,4
Attala,Mccool,US HOUSE,2,Republican,Bill Marcy,99
Attala,Mccool,US HOUSE,2,Democrat,Bennie G. Thompson,81
Attala,Mccool,US HOUSE,2,Reform,Ashley Norwood,1
Attala,Liberty Chapel,US HOUSE,2,Republican,Bill Marcy,116
Attala,Liberty Chapel,US HOUSE,2,Democrat,Bennie G. Thompson,35
Attala,Liberty Chapel,US HOUSE,2,Reform,Ashley Norwood,6
Attala,Berea,US HOUSE,2,Republican,Bill Marcy,70
Attala,Berea,US HOUSE,2,Democrat,Bennie G. Thompson,6
Attala,Berea,US HOUSE,2,Reform,Ashley Norwood,3
Attala,North West,US HOUSE,2,Republican,Bill Marcy,179
Attala,North West,US HOUSE,2,Democrat,Bennie G. Thompson,123
Attala,North West,US HOUSE,2,Reform,Ashley Norwood,5
Attala,North Central,US HOUSE,2,Republican,Bill Marcy,167
Attala,North Central,US HOUSE,2,Democrat,Bennie G. Thompson,15
Attala,North Central,US HOUSE,2,Reform,Ashley Norwood,2
Attala,Aponaug,US HOUSE,2,Republican,Bill Marcy,86
Attala,Aponaug,US HOUSE,2,Democrat,Bennie G. Thompson,21
Attala,Aponaug,US HOUSE,2,Reform,Ashley Norwood,4
Attala,Carmack,US HOUSE,2,Republican,Bill Marcy,116
Attala,Carmack,US HOUSE,2,Democrat,Bennie G. Thompson,10
Attala,Carmack,US HOUSE,2,Reform,Ashley Norwood,0
Attala,Possumneck,US HOUSE,2,Republican,Bill Marcy,98
Attala,Possumneck,US HOUSE,2,Democrat,Bennie G. Thompson,46
Attala,Possumneck,US HOUSE,2,Reform,Ashley Norwood,1
Attala,Hesterville,US HOUSE,2,Republican,Bill Marcy,108
Attala,Hesterville,US HOUSE,2,Democrat,Bennie G. Thompson,19
Attala,Hesterville,US HOUSE,2,Reform,Ashley Norwood,4
Attala,South West,US HOUSE,2,Republican,Bill Marcy,40
Attala,South West,US HOUSE,2,Democrat,Bennie G. Thompson,99
Attala,South West,US HOUSE,2,Reform,Ashley Norwood,2
Attala,Newport,US HOUSE,2,Republican,Bill Marcy,97
Attala,Newport,US HOUSE,2,Democrat,Bennie G. Thompson,73
Attala,Newport,US HOUSE,2,Reform,Ashley Norwood,5
Attala,Sallis,US HOUSE,2,Republican,Bill Marcy,156
Attala,Sallis,US HOUSE,2,Democrat,Bennie G. Thompson,382
Attala,Sallis,US HOUSE,2,Reform,Ashley Norwood,2
Attala,Mcadams,US HOUSE,2,Republican,Bill Marcy,73
Attala,Mcadams,US HOUSE,2,Democrat,Bennie G. Thompson,72
Attala,Mcadams,US HOUSE,2,Reform,Ashley Norwood,1
Attala,East,US HOUSE,2,Republican,Bill Marcy,462
Attala,East,US HOUSE,2,Democrat,Bennie G. Thompson,63
Attala,East,US HOUSE,2,Reform,Ashley Norwood,2
Attala,Providence,US HOUSE,2,Republican,Bill Marcy,139
Attala,Providence,US HOUSE,2,Democrat,Bennie G. Thompson,9
Attala,Providence,US HOUSE,2,Reform,Ashley Norwood,2
Attala,Zama,US HOUSE,2,Republican,Bill Marcy,96
Attala,Zama,US HOUSE,2,Democrat,Bennie G. Thompson,47
Attala,Zama,US HOUSE,2,Reform,Ashley Norwood,2
Attala,Thompson,US HOUSE,2,Republican,Bill Marcy,62
Attala,Thompson,US HOUSE,2,Democrat,Bennie G. Thompson,4
Attala,Thompson,US HOUSE,2,Reform,Ashley Norwood,4
Attala,Ethel,US HOUSE,2,Republican,Bill Marcy,121
Attala,Ethel,US HOUSE,2,Democrat,Bennie G. Thompson,63
Attala,Ethel,US HOUSE,2,Reform,Ashley Norwood,4
Attala,TOTAL,US HOUSE,2,Republican,Bill Marcy,3210
Attala,TOTAL,US HOUSE,2,Democrat,Bennie G. Thompson,1989
Attala,TOTAL,US HOUSE,2,Reform,Ashley Norwood,64
Benton,Ashland Precinct District 3 2 as 3,US HOUSE,01,Democrat,Travis W. Childers,268
Benton,Ashland Precinct District 3 2 as 3,US HOUSE,01,Republican,Alan Nunnelee,225
Benton,Ashland Precinct District 3 2 as 3,US HOUSE,01,Independent,A G Baddley,6
Benton,Ashland Precinct District 3 2 as 3,US HOUSE,01,Constitution,Gail Giaramita,4
Benton,Ashland Precinct District 3 2 as 3,US HOUSE,01,Independent,Les Green,2
Benton,Ashland Precinct District 3 2 as 3,US HOUSE,01,Independent,Rick 'Rico' Hoskins,0
Benton,Ashland Precinct District 3 2 as 3,US HOUSE,01,Independent,Wally Pang,2
Benton,Ashland Precinct District 3 2 as 3,US HOUSE,01,Libertarian,Harold M. Taylor,0
Benton,Ashland Precinct District 3 2 as 3,US HOUSE,01,Reform,Barbara Dale Washer,3
Benton,Canaan Precinct District 1 2ca1,US HOUSE,01,Democrat,Travis W. Childers,397
Benton,Canaan Precinct District 1 2ca1,US HOUSE,01,Republican,Alan Nunnelee,160
Benton,Canaan Precinct District 1 2ca1,US HOUSE,01,Independent,A G Baddley,3
Benton,Canaan Precinct District 1 2ca1,US HOUSE,01,Constitution,Gail Giaramita,0
Benton,Canaan Precinct District 1 2ca1,US HOUSE,01,Independent,Les Green,1
Benton,Canaan Precinct District 1 2ca1,US HOUSE,01,Independent,Rick 'Rico' Hoskins,0
Benton,Canaan Precinct District 1 2ca1,US HOUSE,01,Independent,Wally Pang,0
Benton,Canaan Precinct District 1 2ca1,US HOUSE,01,Libertarian,Harold M. Taylor,1
Benton,Canaan Precinct District 1 2ca1,US HOUSE,01,Reform,Barbara Dale Washer,0
Benton,Floyd Precinct Dist 4 2fl4,US HOUSE,01,Democrat,Travis W. Childers,207
Benton,Floyd Precinct Dist 4 2fl4,US HOUSE,01,Republican,Alan Nunnelee,243
Benton,Floyd Precinct Dist 4 2fl4,US HOUSE,01,Independent,A G Baddley,2
Benton,Floyd Precinct Dist 4 2fl4,US HOUSE,01,Constitution,Gail Giaramita,2
Benton,Floyd Precinct Dist 4 2fl4,US HOUSE,01,Independent,Les Green,6
Benton,Floyd Precinct Dist 4 2fl4,US HOUSE,01,Independent,Rick 'Rico' Hoskins,1
Benton,Floyd Precinct Dist 4 2fl4,US HOUSE,01,Independent,Wally Pang,0
Benton,Floyd Precinct Dist 4 2fl4,US HOUSE,01,Libertarian,Harold M. Taylor,0
Benton,Floyd Precinct Dist 4 2fl4,US HOUSE,01,Reform,Barbara Dale Washer,2
Benton,Hickory Flat Free Dist 5 2hf5,US HOUSE,01,Democrat,Travis W. Childers,191
Benton,Hickory Flat Free Dist 5 2hf5,US HOUSE,01,Republican,Alan Nunnelee,292
Benton,Hickory Flat Free Dist 5 2hf5,US HOUSE,01,Independent,A G Baddley,3
Benton,Hickory Flat Free Dist 5 2hf5,US HOUSE,01,Constitution,Gail Giaramita,8
Benton,Hickory Flat Free Dist 5 2hf5,US HOUSE,01,Independent,Les Green,3
Benton,Hickory Flat Free Dist 5 2hf5,US HOUSE,01,Independent,Rick 'Rico' Hoskins,0
Benton,Hickory Flat Free Dist 5 2hf5,US HOUSE,01,Independent,Wally Pang,0
Benton,Hickory Flat Free Dist 5 2hf5,US HOUSE,01,Libertarian,Harold M. Taylor,0
Benton,Hickory Flat Free Dist 5 2hf5,US HOUSE,01,Reform,Barbara Dale Washer,0
Benton,Lamar Precinct District 2 2lm2,US HOUSE,01,Democrat,Travis W. Childers,421
Benton,Lamar Precinct District 2 2lm2,US HOUSE,01,Republican,Alan Nunnelee,84
Benton,Lamar Precinct District 2 2lm2,US HOUSE,01,Independent,A G Baddley,1
Benton,Lamar Precinct District 2 2lm2,US HOUSE,01,Constitution,Gail Giaramita,3
Benton,Lamar Precinct District 2 2lm2,US HOUSE,01,Independent,Les Green,0
Benton,Lamar Precinct District 2 2lm2,US HOUSE,01,Independent,Rick 'Rico' Hoskins,0
Benton,Lamar Precinct District 2 2lm2,US HOUSE,01,Independent,Wally Pang,1
Benton,Lamar Precinct District 2 2lm2,US HOUSE,01,Libertarian,Harold M. Taylor,0
Benton,Lamar Precinct District 2 2lm2,US HOUSE,01,Reform,Barbara Dale Washer,0
Benton,TOTAL,US HOUSE,01,Democrat,Travis W. Childers,1484
Benton,TOTAL,US HOUSE,01,Republican,Alan Nunnelee,1004
Benton,TOTAL,US HOUSE,01,Independent,A G Baddley,15
Benton,TOTAL,US HOUSE,01,Constitution,Gail Giaramita,17
Benton,TOTAL,US HOUSE,01,Independent,Les Green,12
Benton,TOTAL,US HOUSE,01,Independent,Rick 'Rico' Hoskins,1
Benton,TOTAL,US HOUSE,01,Independent,Wally Pang,3
Benton,TOTAL,US HOUSE,01,Libertarian,Harold M. Taylor,1
Benton,TOTAL,US HOUSE,01,Reform,Barbara Dale Washer,5
Beulah,19,US HOUSE,2,Republican,Bill Marcy,
Beulah,1,US HOUSE,2,Reform,Ashley Norwood,
Beulah,116,US HOUSE,2,Democrat,Bennie G. Thompson,
Benoit Precinct,83,US HOUSE,2,Republican,Bill Marcy,
Benoit Precinct,1,US HOUSE,2,Reform,Ashley Norwood,
Benoit Precinct,165,US HOUSE,2,Democrat,Bennie G. Thompson,
Boyle,354,US HOUSE,2,Republican,Bill Marcy,
Boyle,6,US HOUSE,2,Reform,Ashley Norwood,
Boyle,119,US HOUSE,2,Democrat,Bennie G. Thompson,
Cleveland Courthouse,154,US HOUSE,2,Republican,Bill Marcy,
Cleveland Courthouse,3,US HOUSE,2,Reform,Ashley Norwood,
Cleveland Courthouse,38,US HOUSE,2,Democrat,Bennie G. Thompson,
Choctaw,22,US HOUSE,2,Republican,Bill Marcy,
Choctaw,2,US HOUSE,2,Reform,Ashley Norwood,
Choctaw,113,US HOUSE,2,Democrat,Bennie G. Thompson,
Duncan-Alligator,45,US HOUSE,2,Republican,Bill Marcy,
Duncan-Alligator,5,US HOUSE,2,Reform,Ashley Norwood,
Duncan-Alligator,111,US HOUSE,2,Democrat,Bennie G. Thompson,
East Central Cleveland,1,US HOUSE,2,Republican,Bill Marcy,
East Central Cleveland,1,US HOUSE,2,Reform,Ashley Norwood,
East Central Cleveland,174,US HOUSE,2,Democrat,Bennie G. Thompson,
Eastgate,5,US HOUSE,2,Republican,Bill Marcy,
Eastgate,2,US HOUSE,2,Reform,Ashley Norwood,
Eastgate,198,US HOUSE,2,Democrat,Bennie G. Thompson,
East Rosedale,11,US HOUSE,2,Republican,Bill Marcy,
East Rosedale,1,US HOUSE,2,Reform,Ashley Norwood,
East Rosedale,274,US HOUSE,2,Democrat,Bennie G. Thompson,
East Cleveland,59,US HOUSE,2,Republican,Bill Marcy,
East Cleveland,2,US HOUSE,2,Reform,Ashley Norwood,
East Cleveland,787,US HOUSE,2,Democrat,Bennie G. Thompson,
Gunnison,49,US HOUSE,2,Republican,Bill Marcy,
Gunnison,3,US HOUSE,2,Reform,Ashley Norwood,
Gunnison,139,US HOUSE,2,Democrat,Bennie G. Thompson,
Longshot,38,US HOUSE,2,Republican,Bill Marcy,
Longshot,0,US HOUSE,2,Reform,Ashley Norwood,
Longshot,19,US HOUSE,2,Democrat,Bennie G. Thompson,
Mound Beyou,37,US HOUSE,2,Republican,Bill Marcy,
Mound Beyou,9,US HOUSE,2,Reform,Ashley Norwood,
Mound Beyou,677,US HOUSE,2,Democrat,Bennie G. Thompson,
Merigold,111,US HOUSE,2,Republican,Bill Marcy,
Merigold,3,US HOUSE,2,Reform,Ashley Norwood,
Merigold,105,US HOUSE,2,Democrat,Bennie G. Thompson,
North Cleveland,79,US HOUSE,2,Republican,Bill Marcy,
North Cleveland,1,US HOUSE,2,Reform,Ashley Norwood,
North Cleveland,170,US HOUSE,2,Democrat,Bennie G. Thompson,
North West Cleveland,466,US HOUSE,2,Republican,Bill Marcy,
North West Cleveland,11,US HOUSE,2,Reform,Ashley Norwood,
North West Cleveland,47,US HOUSE,2,Democrat,Bennie G. Thompson,
Pace,40,US HOUSE,2,Republican,Bill Marcy,
Pace,2,US HOUSE,2,Reform,Ashley Norwood,
Pace,179,US HOUSE,2,Democrat,Bennie G. Thompson,
Renova,12,US HOUSE,2,Republican,Bill Marcy,
Renova,1,US HOUSE,2,Reform,Ashley Norwood,
Renova,154,US HOUSE,2,Democrat,Bennie G. Thompson,
Shelby Precinct,46,US HOUSE,2,Republican,Bill Marcy,
Shelby Precinct,13,US HOUSE,2,Reform,Ashley Norwood,
Shelby Precinct,575,US HOUSE,2,Democrat,Bennie G. Thompson,
South Cleveland,19,US HOUSE,2,Republican,Bill Marcy,
South Cleveland,1,US HOUSE,2,Reform,Ashley Norwood,
South Cleveland,376,US HOUSE,2,Democrat,Bennie G. Thompson,
Scott,38,US HOUSE,2,Republican,Bill Marcy,
Scott,1,US HOUSE,2,Reform,Ashley Norwood,
Scott,59,US HOUSE,2,Democrat,Bennie G. Thompson,
Skene,120,US HOUSE,2,Republican,Bill Marcy,
Skene,1,US HOUSE,2,Reform,Ashley Norwood,
Skene,11,US HOUSE,2,Democrat,Bennie G. Thompson,
Stringtown,30,US HOUSE,2,Republican,Bill Marcy,
Stringtown,1,US HOUSE,2,Reform,Ashley Norwood,
Stringtown,3,US HOUSE,2,Democrat,Bennie G. Thompson,
Shaw,92,US HOUSE,2,Republican,Bill Marcy,
Shaw,3,US HOUSE,2,Reform,Ashley Norwood,
Shaw,610,US HOUSE,2,Democrat,Bennie G. Thompson,
West Central Cleveland,474,US HOUSE,2,Republican,Bill Marcy,
West Central Cleveland,9,US HOUSE,2,Reform,Ashley Norwood,
West Central Cleveland,52,US HOUSE,2,Democrat,Bennie G. Thompson,
West Rosedale,61,US HOUSE,2,Republican,Bill Marcy,
West Rosedale,3,US HOUSE,2,Reform,Ashley Norwood,
West Rosedale,231,US HOUSE,2,Democrat,Bennie G. Thompson,
West Cleveland,827,US HOUSE,2,Republican,Bill Marcy,
West Cleveland,7,US HOUSE,2,Reform,Ashley Norwood,
West Cleveland,106,US HOUSE,2,Democrat,Bennie G. Thompson,
Winstonville,6,US HOUSE,2,Republican,Bill Marcy,
Winstonville,1,US HOUSE,2,Reform,Ashley Norwood,
Winstonville,137,US HOUSE,2,Democrat,Bennie G. Thompson,
mb,X,US HOUSE,2,Republican,Bill Marcy,
mb,X,US HOUSE,2,Reform,Ashley Norwood,
mb,X,US HOUSE,2,Democrat,Bennie G. Thompson,
TOTAL,3298,US HOUSE,2,Republican,Bill Marcy,
TOTAL,94,US HOUSE,2,Reform,Ashley Norwood,
TOTAL,5745,US HOUSE,2,Democrat,Bennie G. Thompson,
Calhoun,Calhoun City #1,US HOUSE,01,Independent,A G Baddley,4
Calhoun,Calhoun City #1,US HOUSE,01,Democrat,Travis W. Childers,296
Calhoun,Calhoun City #1,US HOUSE,01,Constitution,Gail Glaramita,4
Calhoun,Calhoun City #1,US HOUSE,01,Independent,Les Green,4
Calhoun,Calhoun City #1,US HOUSE,01,Independent,Rick 'Rico' Hoskins,2
Calhoun,Calhoun City #1,US HOUSE,01,Republican,Alan Nunnelee,179
Calhoun,Calhoun City #1,US HOUSE,01,Independent,Wally Pang,3
Calhoun,Calhoun City #1,US HOUSE,01,Libertarian,Harold M Taylor,1
Calhoun,Calhoun City #1,US HOUSE,01,Reform,Barbara Dale Washer,2
Calhoun,Pittsboro # 1,US HOUSE,01,Independent,A G Baddley,2
Calhoun,Pittsboro # 1,US HOUSE,01,Democrat,Travis W. Childers,287
Calhoun,Pittsboro # 1,US HOUSE,01,Constitution,Gail Glaramita,1
Calhoun,Pittsboro # 1,US HOUSE,01,Independent,Les Green,3
Calhoun,Pittsboro # 1,US HOUSE,01,Independent,Rick 'Rico' Hoskins,0
Calhoun,Pittsboro # 1,US HOUSE,01,Republican,Alan Nunnelee,50
Calhoun,Pittsboro # 1,US HOUSE,01,Independent,Wally Pang,0
Calhoun,Pittsboro # 1,US HOUSE,01,Libertarian,Harold M Taylor,1
Calhoun,Pittsboro # 1,US HOUSE,01,Reform,Barbara Dale Washer,1
Calhoun,Northeast Calhoun,US HOUSE,01,Independent,A G Baddley,13
Calhoun,Northeast Calhoun,US HOUSE,01,Democrat,Travis W. Childers,145
Calhoun,Northeast Calhoun,US HOUSE,01,Constitution,Gail Glaramita,1
Calhoun,Northeast Calhoun,US HOUSE,01,Independent,Les Green,4
Calhoun,Northeast Calhoun,US HOUSE,01,Independent,Rick 'Rico' Hoskins,3
Calhoun,Northeast Calhoun,US HOUSE,01,Republican,Alan Nunnelee,324
Calhoun,Northeast Calhoun,US HOUSE,01,Independent,Wally Pang,4
Calhoun,Northeast Calhoun,US HOUSE,01,Libertarian,Harold M Taylor,0
Calhoun,Northeast Calhoun,US HOUSE,01,Reform,Barbara Dale Washer,3
Calhoun,Pittsboro # 2,US HOUSE,01,Independent,A G Baddley,3
Calhoun,Pittsboro # 2,US HOUSE,01,Democrat,Travis W. Childers,137
Calhoun,Pittsboro # 2,US HOUSE,01,Constitution,Gail Glaramita,6
Calhoun,Pittsboro # 2,US HOUSE,01,Independent,Les Green,4
Calhoun,Pittsboro # 2,US HOUSE,01,Independent,Rick 'Rico' Hoskins,1
Calhoun,Pittsboro # 2,US HOUSE,01,Republican,Alan Nunnelee,182
Calhoun,Pittsboro # 2,US HOUSE,01,Independent,Wally Pang,1
Calhoun,Pittsboro # 2,US HOUSE,01,Libertarian,Harold M Taylor,0
Calhoun,Pittsboro # 2,US HOUSE,01,Reform,Barbara Dale Washer,2
Calhoun,Bruce # 3,US HOUSE,01,Independent,A G Baddley,13
Calhoun,Bruce # 3,US HOUSE,01,Democrat,Travis W. Childers,271
Calhoun,Bruce # 3,US HOUSE,01,Constitution,Gail Glaramita,4
Calhoun,Bruce # 3,US HOUSE,01,Independent,Les Green,13
Calhoun,Bruce # 3,US HOUSE,01,Independent,Rick 'Rico' Hoskins,1
Calhoun,Bruce # 3,US HOUSE,01,Republican,Alan Nunnelee,435
Calhoun,Bruce # 3,US HOUSE,01,Independent,Wally Pang,5
Calhoun,Bruce # 3,US HOUSE,01,Libertarian,Harold M Taylor,0
Calhoun,Bruce # 3,US HOUSE,01,Reform,Barbara Dale Washer,1
Calhoun,Banner,US HOUSE,01,Independent,A G Baddley,8
Calhoun,Banner,US HOUSE,01,Democrat,Travis W. Childers,54
Calhoun,Banner,US HOUSE,01,Constitution,Gail Glaramita,7
Calhoun,Banner,US HOUSE,01,Independent,Les Green,3
Calhoun,Banner,US HOUSE,01,Independent,Rick 'Rico' Hoskins,1
Calhoun,Banner,US HOUSE,01,Republican,Alan Nunnelee,198
Calhoun,Banner,US HOUSE,01,Independent,Wally Pang,1
Calhoun,Banner,US HOUSE,01,Libertarian,Harold M Taylor,0
Calhoun,Banner,US HOUSE,01,Reform,Barbara Dale Washer,0
Calhoun,Calhoun City 4,US HOUSE,01,Independent,A G Baddley,8
Calhoun,Calhoun City 4,US HOUSE,01,Democrat,Travis W. Childers,212
Calhoun,Calhoun City 4,US HOUSE,01,Constitution,Gail Glaramita,2
Calhoun,Calhoun City 4,US HOUSE,01,Independent,Les Green,4
Calhoun,Calhoun City 4,US HOUSE,01,Independent,Rick 'Rico' Hoskins,1
Calhoun,Calhoun City 4,US HOUSE,01,Republican,Alan Nunnelee,466
Calhoun,Calhoun City 4,US HOUSE,01,Independent,Wally Pang,3
Calhoun,Calhoun City 4,US HOUSE,01,Libertarian,Harold M Taylor,2
Calhoun,Calhoun City 4,US HOUSE,01,Reform,Barbara Dale Washer,2
Calhoun,Derma # 4,US HOUSE,01,Independent,A G Baddley,2
Calhoun,Derma # 4,US HOUSE,01,Democrat,Travis W. Childers,77
Calhoun,Derma # 4,US HOUSE,01,Constitution,Gail Glaramita,2
Calhoun,Derma # 4,US HOUSE,01,Independent,Les Green,1
Calhoun,Derma # 4,US HOUSE,01,Independent,Rick 'Rico' Hoskins,1
Calhoun,Derma # 4,US HOUSE,01,Republican,Alan Nunnelee,162
Calhoun,Derma # 4,US HOUSE,01,Independent,Wally Pang,0
Calhoun,Derma # 4,US HOUSE,01,Libertarian,Harold M Taylor,1
Calhoun,Derma # 4,US HOUSE,01,Reform,Barbara Dale Washer,1
Calhoun,Derma # 5,US HOUSE,01,Independent,A G Baddley,2
Calhoun,Derma # 5,US HOUSE,01,Democrat,Travis W. Childers,142
Calhoun,Derma # 5,US HOUSE,01,Constitution,Gail Glaramita,5
Calhoun,Derma # 5,US HOUSE,01,Independent,Les Green,2
Calhoun,Derma # 5,US HOUSE,01,Independent,Rick 'Rico' Hoskins,1
Calhoun,Derma # 5,US HOUSE,01,Republican,Alan Nunnelee,224
Calhoun,Derma # 5,US HOUSE,01,Independent,Wally Pang,0
Calhoun,Derma # 5,US HOUSE,01,Libertarian,Harold M Taylor,1
Calhoun,Derma # 5,US HOUSE,01,Reform,Barbara Dale Washer,0
Calhoun,Vardaman,US HOUSE,01,Independent,A G Baddley,5
Calhoun,Vardaman,US HOUSE,01,Democrat,Travis W. Childers,237
Calhoun,Vardaman,US HOUSE,01,Constitution,Gail Glaramita,5
Calhoun,Vardaman,US HOUSE,01,Independent,Les Green,2
Calhoun,Vardaman,US HOUSE,01,Independent,Rick 'Rico' Hoskins,1
Calhoun,Vardaman,US HOUSE,01,Republican,Alan Nunnelee,302
Calhoun,Vardaman,US HOUSE,01,Independent,Wally Pang,1
Calhoun,Vardaman,US HOUSE,01,Libertarian,Harold M Taylor,1
Calhoun,Vardaman,US HOUSE,01,Reform,Barbara Dale Washer,1
Calhoun,TOTAL,US HOUSE,01,Independent,A G Baddley,60
Calhoun,TOTAL,US HOUSE,01,Democrat,Travis W. Childers,1858
Calhoun,TOTAL,US HOUSE,01,Constitution,Gail Glaramita,37
Calhoun,TOTAL,US HOUSE,01,Independent,Les Green,40
Calhoun,TOTAL,US HOUSE,01,Independent,Rick 'Rico' Hoskins,12
Calhoun,TOTAL,US HOUSE,01,Republican,Alan Nunnelee,2522
Calhoun,TOTAL,US HOUSE,01,Independent,Wally Pang,18
Calhoun,TOTAL,US HOUSE,01,Libertarian,Harold M Taylor,7
Calhoun,TOTAL,US HOUSE,01,Reform,Barbara Dale Washer,13
Carroll,430 School,US HOUSE,02,Republican,Bill Marcy,69
Carroll,430 School,US HOUSE,02,Reform,Ashley Norwood,2
Carroll,430 School,US HOUSE,02,Democrat,Bennie G. Thompson,139
Carroll,Black Hawk,US HOUSE,02,Republican,Bill Marcy,112
Carroll,Black Hawk,US HOUSE,02,Reform,Ashley Norwood,3
Carroll,Black Hawk,US HOUSE,02,Democrat,Bennie G. Thompson,28
Carroll,Calvary,US HOUSE,02,Republican,Bill Marcy,77
Carroll,Calvary,US HOUSE,02,Reform,Ashley Norwood,3
Carroll,Calvary,US HOUSE,02,Democrat,Bennie G. Thompson,5
Carroll,Carrollton,US HOUSE,02,Republican,Bill Marcy,172
Carroll,Carrollton,US HOUSE,02,Reform,Ashley Norwood,4
Carroll,Carrollton,US HOUSE,02,Democrat,Bennie G. Thompson,17
Carroll,East Vaiden,US HOUSE,02,Republican,Bill Marcy,199
Carroll,East Vaiden,US HOUSE,02,Reform,Ashley Norwood,6
Carroll,East Vaiden,US HOUSE,02,Democrat,Bennie G. Thompson,158
Carroll,Fire Tower,US HOUSE,02,Republican,Bill Marcy,138
Carroll,Fire Tower,US HOUSE,02,Reform,Ashley Norwood,3
Carroll,Fire Tower,US HOUSE,02,Democrat,Bennie G. Thompson,198
Carroll,Gravel Hill,US HOUSE,02,Republican,Bill Marcy,262
Carroll,Gravel Hill,US HOUSE,02,Reform,Ashley Norwood,2
Carroll,Gravel Hill,US HOUSE,02,Democrat,Bennie G. Thompson,20
Carroll,Rays Shop,US HOUSE,02,Republican,Bill Marcy,474
Carroll,Rays Shop,US HOUSE,02,Reform,Ashley Norwood,8
Carroll,Rays Shop,US HOUSE,02,Democrat,Bennie G. Thompson,35
Carroll,Salem,US HOUSE,02,Republican,Bill Marcy,46
Carroll,Salem,US HOUSE,02,Reform,Ashley Norwood,0
Carroll,Salem,US HOUSE,02,Democrat,Bennie G. Thompson,78
Carroll,West Carroll,US HOUSE,02,Republican,Bill Marcy,330
Carroll,West Carroll,US HOUSE,02,Reform,Ashley Norwood,2
Carroll,West Carroll,US HOUSE,02,Democrat,Bennie G. Thompson,31
Carroll,West Vaiden,US HOUSE,02,Republican,Bill Marcy,117
Carroll,West Vaiden,US HOUSE,02,Reform,Ashley Norwood,3
Carroll,West Vaiden,US HOUSE,02,Democrat,Bennie G. Thompson,106
Carroll,Mccarley,US HOUSE,02,Republican,Bill Marcy,168
Carroll,Mccarley,US HOUSE,02,Reform,Ashley Norwood,3
Carroll,Mccarley,US HOUSE,02,Democrat,Bennie G. Thompson,108
Carroll,North Carrollton,US HOUSE,02,Republican,Bill Marcy,258
Carroll,North Carrollton,US HOUSE,02,Reform,Ashley Norwood,5
Carroll,North Carrollton,US HOUSE,02,Democrat,Bennie G. Thompson,198
Carroll,Jefferson,US HOUSE,02,Republican,Bill Marcy,112
Carroll,Jefferson,US HOUSE,02,Reform,Ashley Norwood,2
Carroll,Jefferson,US HOUSE,02,Democrat,Bennie G. Thompson,29
Carroll,TOTAL,US HOUSE,02,Republican,Bill Marcy,2534
Carroll,TOTAL,US HOUSE,02,Reform,Ashley Norwood,46
Carroll,TOTAL,US HOUSE,02,Democrat,Bennie G. Thompson,1150
Chicksaw,Anchor,US HOUSE,01,Independent,A G Baddley,2
Chicksaw,Anchor,US HOUSE,01,Democrat,Travis W. Childers,149
Chicksaw,Anchor,US HOUSE,01,Constitution,Gail Glaramita,0
Chicksaw,Anchor,US HOUSE,01,Independent,Les Green,6
Chicksaw,Anchor,US HOUSE,01,Independent,Rick 'Rico' Hoskins,1
Chicksaw,Anchor,US HOUSE,01,Republican,Alan Nunnelee,341
Chicksaw,Anchor,US HOUSE,01,Independent,Wally Pang,0
Chicksaw,Anchor,US HOUSE,01,Libertarian,Harold M Taylor,1
Chicksaw,Anchor,US HOUSE,01,Reform,Barbara Dale Washer,2
Chicksaw,Buena Vista,US HOUSE,01,Independent,A G Baddley,3
Chicksaw,Buena Vista,US HOUSE,01,Democrat,Travis W. Childers,342
Chicksaw,Buena Vista,US HOUSE,01,Constitution,Gail Glaramita,0
Chicksaw,Buena Vista,US HOUSE,01,Independent,Les Green,0
Chicksaw,Buena Vista,US HOUSE,01,Independent,Rick 'Rico' Hoskins,1
Chicksaw,Buena Vista,US HOUSE,01,Republican,Alan Nunnelee,69
Chicksaw,Buena Vista,US HOUSE,01,Independent,Wally Pang,1
Chicksaw,Buena Vista,US HOUSE,01,Libertarian,Harold M Taylor,0
Chicksaw,Buena Vista,US HOUSE,01,Reform,Barbara Dale Washer,1
Chicksaw,Egypt,US HOUSE,01,Independent,A G Baddley,1
Chicksaw,Egypt,US HOUSE,01,Democrat,Travis W. Childers,225
Chicksaw,Egypt,US HOUSE,01,Constitution,Gail Glaramita,2
Chicksaw,Egypt,US HOUSE,01,Independent,Les Green,3
Chicksaw,Egypt,US HOUSE,01,Independent,Rick 'Rico' Hoskins,0
Chicksaw,Egypt,US HOUSE,01,Republican,Alan Nunnelee,63
Chicksaw,Egypt,US HOUSE,01,Independent,Wally Pang,0
Chicksaw,Egypt,US HOUSE,01,Libertarian,Harold M Taylor,4
Chicksaw,Egypt,US HOUSE,01,Reform,Barbara Dale Washer,1
Chicksaw,East Okolona,US HOUSE,01,Independent,A G Baddley,2
Chicksaw,East Okolona,US HOUSE,01,Democrat,Travis W. Childers,518
Chicksaw,East Okolona,US HOUSE,01,Constitution,Gail Glaramita,4
Chicksaw,East Okolona,US HOUSE,01,Independent,Les Green,2
Chicksaw,East Okolona,US HOUSE,01,Independent,Rick 'Rico' Hoskins,3
Chicksaw,East Okolona,US HOUSE,01,Republican,Alan Nunnelee,43
Chicksaw,East Okolona,US HOUSE,01,Independent,Wally Pang,3
Chicksaw,East Okolona,US HOUSE,01,Libertarian,Harold M Taylor,2
Chicksaw,East Okolona,US HOUSE,01,Reform,Barbara Dale Washer,2
Chicksaw,North Houlka,US HOUSE,01,Independent,A G Baddley,5
Chicksaw,North Houlka,US HOUSE,01,Democrat,Travis W. Childers,157
Chicksaw,North Houlka,US HOUSE,01,Constitution,Gail Glaramita,1
Chicksaw,North Houlka,US HOUSE,01,Independent,Les Green,1
Chicksaw,North Houlka,US HOUSE,01,Independent,Rick 'Rico' Hoskins,0
Chicksaw,North Houlka,US HOUSE,01,Republican,Alan Nunnelee,65
Chicksaw,North Houlka,US HOUSE,01,Independent,Wally Pang,3
Chicksaw,North Houlka,US HOUSE,01,Libertarian,Harold M Taylor,0
Chicksaw,North Houlka,US HOUSE,01,Reform,Barbara Dale Washer,2
Chicksaw,North Okolona,US HOUSE,01,Independent,A G Baddley,2
Chicksaw,North Okolona,US HOUSE,01,Democrat,Travis W. Childers,238
Chicksaw,North Okolona,US HOUSE,01,Constitution,Gail Glaramita,2
Chicksaw,North Okolona,US HOUSE,01,Independent,Les Green,1
Chicksaw,North Okolona,US HOUSE,01,Independent,Rick 'Rico' Hoskins,2
Chicksaw,North Okolona,US HOUSE,01,Republican,Alan Nunnelee,142
Chicksaw,North Okolona,US HOUSE,01,Independent,Wally Pang,5
Chicksaw,North Okolona,US HOUSE,01,Libertarian,Harold M Taylor,0
Chicksaw,North Okolona,US HOUSE,01,Reform,Barbara Dale Washer,1
Chicksaw,Northwest Houston,US HOUSE,01,Independent,A G Baddley,6
Chicksaw,Northwest Houston,US HOUSE,01,Democrat,Travis W. Childers,425
Chicksaw,Northwest Houston,US HOUSE,01,Constitution,Gail Glaramita,3
Chicksaw,Northwest Houston,US HOUSE,01,Independent,Les Green,0
Chicksaw,Northwest Houston,US HOUSE,01,Independent,Rick 'Rico' Hoskins,1
Chicksaw,Northwest Houston,US HOUSE,01,Republican,Alan Nunnelee,93
Chicksaw,Northwest Houston,US HOUSE,01,Independent,Wally Pang,0
Chicksaw,Northwest Houston,US HOUSE,01,Libertarian,Harold M Taylor,0
Chicksaw,Northwest Houston,US HOUSE,01,Reform,Barbara Dale Washer,2
Chicksaw,Pleasant Grove Thorn,US HOUSE,01,Independent,A G Baddley,5
Chicksaw,Pleasant Grove Thorn,US HOUSE,01,Democrat,Travis W. Childers,62
Chicksaw,Pleasant Grove Thorn,US HOUSE,01,Constitution,Gail Glaramita,2
Chicksaw,Pleasant Grove Thorn,US HOUSE,01,Independent,Les Green,0
Chicksaw,Pleasant Grove Thorn,US HOUSE,01,Independent,Rick 'Rico' Hoskins,2
Chicksaw,Pleasant Grove Thorn,US HOUSE,01,Republican,Alan Nunnelee,241
Chicksaw,Pleasant Grove Thorn,US HOUSE,01,Independent,Wally Pang,1
Chicksaw,Pleasant Grove Thorn,US HOUSE,01,Libertarian,Harold M Taylor,0
Chicksaw,Pleasant Grove Thorn,US HOUSE,01,Reform,Barbara Dale Washer,2
Chicksaw,Pearsall,US HOUSE,01,Independent,A G Baddley,1
Chicksaw,Pearsall,US HOUSE,01,Democrat,Travis W. Childers,78
Chicksaw,Pearsall,US HOUSE,01,Constitution,Gail Glaramita,2
Chicksaw,Pearsall,US HOUSE,01,Independent,Les Green,1
Chicksaw,Pearsall,US HOUSE,01,Independent,Rick 'Rico' Hoskins,1
Chicksaw,Pearsall,US HOUSE,01,Republican,Alan Nunnelee,82
Chicksaw,Pearsall,US HOUSE,01,Independent,Wally Pang,3
Chicksaw,Pearsall,US HOUSE,01,Libertarian,Harold M Taylor,0
Chicksaw,Pearsall,US HOUSE,01,Reform,Barbara Dale Washer,0
Chicksaw,Southeast Houston,US HOUSE,01,Independent,A G Baddley,2
Chicksaw,Southeast Houston,US HOUSE,01,Democrat,Travis W. Childers,269
Chicksaw,Southeast Houston,US HOUSE,01,Constitution,Gail Glaramita,3
Chicksaw,Southeast Houston,US HOUSE,01,Independent,Les Green,2
Chicksaw,Southeast Houston,US HOUSE,01,Independent,Rick 'Rico' Hoskins,5
Chicksaw,Southeast Houston,US HOUSE,01,Republican,Alan Nunnelee,645
Chicksaw,Southeast Houston,US HOUSE,01,Independent,Wally Pang,6
Chicksaw,Southeast Houston,US HOUSE,01,Libertarian,Harold M Taylor,1
Chicksaw,Southeast Houston,US HOUSE,01,Reform,Barbara Dale Washer,2
Chicksaw,South Houlka,US HOUSE,01,Independent,A G Baddley,6
Chicksaw,South Houlka,US HOUSE,01,Democrat,Travis W. Childers,124
Chicksaw,South Houlka,US HOUSE,01,Constitution,Gail Glaramita,4
Chicksaw,South Houlka,US HOUSE,01,Independent,Les Green,1
Chicksaw,South Houlka,US HOUSE,01,Independent,Rick 'Rico' Hoskins,0
Chicksaw,South Houlka,US HOUSE,01,Republican,Alan Nunnelee,133
Chicksaw,South Houlka,US HOUSE,01,Independent,Wally Pang,3
Chicksaw,South Houlka,US HOUSE,01,Libertarian,Harold M Taylor,0
Chicksaw,South Houlka,US HOUSE,01,Reform,Barbara Dale Washer,0
Chicksaw,Sparta,US HOUSE,01,Independent,A G Baddley,1
Chicksaw,Sparta,US HOUSE,01,Democrat,Travis W. Childers,71
Chicksaw,Sparta,US HOUSE,01,Constitution,Gail Glaramita,0
Chicksaw,Sparta,US HOUSE,01,Independent,Les Green,0
Chicksaw,Sparta,US HOUSE,01,Independent,Rick 'Rico' Hoskins,0
Chicksaw,Sparta,US HOUSE,01,Republican,Alan Nunnelee,97
Chicksaw,Sparta,US HOUSE,01,Independent,Wally Pang,0
Chicksaw,Sparta,US HOUSE,01,Libertarian,Harold M Taylor,1
Chicksaw,Sparta,US HOUSE,01,Reform,Barbara Dale Washer,1
Chicksaw,Van Vleet,US HOUSE,01,Independent,A G Baddley,7
Chicksaw,Van Vleet,US HOUSE,01,Democrat,Travis W. Childers,123
Chicksaw,Van Vleet,US HOUSE,01,Constitution,Gail Glaramita,0
Chicksaw,Van Vleet,US HOUSE,01,Independent,Les Green,0
Chicksaw,Van Vleet,US HOUSE,01,Independent,Rick 'Rico' Hoskins,0
Chicksaw,Van Vleet,US HOUSE,01,Republican,Alan Nunnelee,147
Chicksaw,Van Vleet,US HOUSE,01,Independent,Wally Pang,1
Chicksaw,Van Vleet,US HOUSE,01,Libertarian,Harold M Taylor,2
Chicksaw,Van Vleet,US HOUSE,01,Reform,Barbara Dale Washer,0
Chicksaw,West Okolona,US HOUSE,01,Independent,A G Baddley,1
Chicksaw,West Okolona,US HOUSE,01,Democrat,Travis W. Childers,289
Chicksaw,West Okolona,US HOUSE,01,Constitution,Gail Glaramita,0
Chicksaw,West Okolona,US HOUSE,01,Independent,Les Green,4
Chicksaw,West Okolona,US HOUSE,01,Independent,Rick 'Rico' Hoskins,0
Chicksaw,West Okolona,US HOUSE,01,Republican,Alan Nunnelee,230
Chicksaw,West Okolona,US HOUSE,01,Independent,Wally Pang,3
Chicksaw,West Okolona,US HOUSE,01,Libertarian,Harold M Taylor,1
Chicksaw,West Okolona,US HOUSE,01,Reform,Barbara Dale Washer,0
Chicksaw,Woodland,US HOUSE,01,Independent,A G Baddley,2
Chicksaw,Woodland,US HOUSE,01,Democrat,Travis W. Childers,111
Chicksaw,Woodland,US HOUSE,01,Constitution,Gail Glaramita,0
Chicksaw,Woodland,US HOUSE,01,Independent,Les Green,0
Chicksaw,Woodland,US HOUSE,01,Independent,Rick 'Rico' Hoskins,0
Chicksaw,Woodland,US HOUSE,01,Republican,Alan Nunnelee,75
Chicksaw,Woodland,US HOUSE,01,Independent,Wally Pang,1
Chicksaw,Woodland,US HOUSE,01,Libertarian,Harold M Taylor,1
Chicksaw,Woodland,US HOUSE,01,Reform,Barbara Dale Washer,0
Chicksaw,TOTAL,US HOUSE,01,Independent,A G Baddley,46
Chicksaw,TOTAL,US HOUSE,01,Democrat,Travis W. Childers,3181
Chicksaw,TOTAL,US HOUSE,01,Constitution,Gail Glaramita,23
Chicksaw,TOTAL,US HOUSE,01,Independent,Les Green,21
Chicksaw,TOTAL,US HOUSE,01,Independent,Rick 'Rico' Hoskins,16
Chicksaw,TOTAL,US HOUSE,01,Republican,Alan Nunnelee,2466
Chicksaw,TOTAL,US HOUSE,01,Independent,Wally Pang,30
Chicksaw,TOTAL,US HOUSE,01,Libertarian,Harold M Taylor,13
Chicksaw,TOTAL,US HOUSE,01,Reform,Barbara Dale Washer,16
Choctaw,District 5,US HOUSE,01,Democrat,Travis W. Childers,170
Choctaw,District 5,US HOUSE,01,Republican,Alan Nunnelee,559
Choctaw,District 5,US HOUSE,01,Independent,A G Baddley,6
Choctaw,District 5,US HOUSE,01,Constitution,Gail Glaramita,4
Choctaw,District 5,US HOUSE,01,Independent,Les Green,32
Choctaw,District 5,US HOUSE,01,Independent,Rick 'Rico' Hoskins,1
Choctaw,District 5,US HOUSE,01,Independent,Wally Pang,0
Choctaw,District 5,US HOUSE,01,Libertarian,Harold M Taylor,2
Choctaw,District 5,US HOUSE,01,Reform,Barbara Dale Washer,2
Choctaw,Chester,US HOUSE,01,Democrat,Travis W. Childers,62
Choctaw,Chester,US HOUSE,01,Republican,Alan Nunnelee,115
Choctaw,Chester,US HOUSE,01,Independent,A G Baddley,5
Choctaw,Chester,US HOUSE,01,Constitution,Gail Glaramita,3
Choctaw,Chester,US HOUSE,01,Independent,Les Green,2
Choctaw,Chester,US HOUSE,01,Independent,Rick 'Rico' Hoskins,0
Choctaw,Chester,US HOUSE,01,Independent,Wally Pang,0
Choctaw,Chester,US HOUSE,01,Libertarian,Harold M Taylor,0
Choctaw,Chester,US HOUSE,01,Reform,Barbara Dale Washer,1
Choctaw,East Weir,US HOUSE,01,Democrat,Travis W. Childers,173
Choctaw,East Weir,US HOUSE,01,Republican,Alan Nunnelee,50
Choctaw,East Weir,US HOUSE,01,Independent,A G Baddley,0
Choctaw,East Weir,US HOUSE,01,Constitution,Gail Glaramita,1
Choctaw,East Weir,US HOUSE,01,Independent,Les Green,0
Choctaw,East Weir,US HOUSE,01,Independent,Rick 'Rico' Hoskins,3
Choctaw,East Weir,US HOUSE,01,Independent,Wally Pang,0
Choctaw,East Weir,US HOUSE,01,Libertarian,Harold M Taylor,1
Choctaw,East Weir,US HOUSE,01,Reform,Barbara Dale Washer,0
Choctaw,French Camp,US HOUSE,01,Democrat,Travis W. Childers,49
Choctaw,French Camp,US HOUSE,01,Republican,Alan Nunnelee,172
Choctaw,French Camp,US HOUSE,01,Independent,A G Baddley,0
Choctaw,French Camp,US HOUSE,01,Constitution,Gail Glaramita,0
Choctaw,French Camp,US HOUSE,01,Independent,Les Green,5
Choctaw,French Camp,US HOUSE,01,Independent,Rick 'Rico' Hoskins,2
Choctaw,French Camp,US HOUSE,01,Independent,Wally Pang,0
Choctaw,French Camp,US HOUSE,01,Libertarian,Harold M Taylor,0
Choctaw,French Camp,US HOUSE,01,Reform,Barbara Dale Washer,1
Choctaw,Fentress,US HOUSE,01,Democrat,Travis W. Childers,60
Choctaw,Fentress,US HOUSE,01,Republican,Alan Nunnelee,148
Choctaw,Fentress,US HOUSE,01,Independent,A G Baddley,1
Choctaw,Fentress,US HOUSE,01,Constitution,Gail Glaramita,1
Choctaw,Fentress,US HOUSE,01,Independent,Les Green,2
Choctaw,Fentress,US HOUSE,01,Independent,Rick 'Rico' Hoskins,1
Choctaw,Fentress,US HOUSE,01,Independent,Wally Pang,1
Choctaw,Fentress,US HOUSE,01,Libertarian,Harold M Taylor,1
Choctaw,Fentress,US HOUSE,01,Reform,Barbara Dale Washer,0
Choctaw,Hebron,US HOUSE,01,Democrat,Travis W. Childers,28
Choctaw,Hebron,US HOUSE,01,Republican,Alan Nunnelee,99
Choctaw,Hebron,US HOUSE,01,Independent,A G Baddley,1
Choctaw,Hebron,US HOUSE,01,Constitution,Gail Glaramita,1
Choctaw,Hebron,US HOUSE,01,Independent,Les Green,4
Choctaw,Hebron,US HOUSE,01,Independent,Rick 'Rico' Hoskins,1
Choctaw,Hebron,US HOUSE,01,Independent,Wally Pang,0
Choctaw,Hebron,US HOUSE,01,Libertarian,Harold M Taylor,0
Choctaw,Hebron,US HOUSE,01,Reform,Barbara Dale Washer,2
Choctaw,Kenego,US HOUSE,01,Democrat,Travis W. Childers,26
Choctaw,Kenego,US HOUSE,01,Republican,Alan Nunnelee,138
Choctaw,Kenego,US HOUSE,01,Independent,A G Baddley,1
Choctaw,Kenego,US HOUSE,01,Constitution,Gail Glaramita,0
Choctaw,Kenego,US HOUSE,01,Independent,Les Green,0
Choctaw,Kenego,US HOUSE,01,Independent,Rick 'Rico' Hoskins,0
Choctaw,Kenego,US HOUSE,01,Independent,Wally Pang,0
Choctaw,Kenego,US HOUSE,01,Libertarian,Harold M Taylor,0
Choctaw,Kenego,US HOUSE,01,Reform,Barbara Dale Washer,0
Choctaw,Panhandle,US HOUSE,01,Democrat,Travis W. Childers,71
Choctaw,Panhandle,US HOUSE,01,Republican,Alan Nunnelee,89
Choctaw,Panhandle,US HOUSE,01,Independent,A G Baddley,0
Choctaw,Panhandle,US HOUSE,01,Constitution,Gail Glaramita,2
Choctaw,Panhandle,US HOUSE,01,Independent,Les Green,3
Choctaw,Panhandle,US HOUSE,01,Independent,Rick 'Rico' Hoskins,0
Choctaw,Panhandle,US HOUSE,01,Independent,Wally Pang,0
Choctaw,Panhandle,US HOUSE,01,Libertarian,Harold M Taylor,0
Choctaw,Panhandle,US HOUSE,01,Reform,Barbara Dale Washer,0
Choctaw,Reform,US HOUSE,01,Democrat,Travis W. Childers,105
Choctaw,Reform,US HOUSE,01,Republican,Alan Nunnelee,128
Choctaw,Reform,US HOUSE,01,Independent,A G Baddley,0
Choctaw,Reform,US HOUSE,01,Constitution,Gail Glaramita,1
Choctaw,Reform,US HOUSE,01,Independent,Les Green,2
Choctaw,Reform,US HOUSE,01,Independent,Rick 'Rico' Hoskins,2
Choctaw,Reform,US HOUSE,01,Independent,Wally Pang,0
Choctaw,Reform,US HOUSE,01,Libertarian,Harold M Taylor,0
Choctaw,Reform,US HOUSE,01,Reform,Barbara Dale Washer,0
Choctaw,Sherwood,US HOUSE,01,Democrat,Travis W. Childers,27
Choctaw,Sherwood,US HOUSE,01,Republican,Alan Nunnelee,199
Choctaw,Sherwood,US HOUSE,01,Independent,A G Baddley,3
Choctaw,Sherwood,US HOUSE,01,Constitution,Gail Glaramita,0
Choctaw,Sherwood,US HOUSE,01,Independent,Les Green,1
Choctaw,Sherwood,US HOUSE,01,Independent,Rick 'Rico' Hoskins,0
Choctaw,Sherwood,US HOUSE,01,Independent,Wally Pang,0
Choctaw,Sherwood,US HOUSE,01,Libertarian,Harold M Taylor,1
Choctaw,Sherwood,US HOUSE,01,Reform,Barbara Dale Washer,0
Choctaw,Southwest Ackerman,US HOUSE,01,Democrat,Travis W. Childers,169
Choctaw,Southwest Ackerman,US HOUSE,01,Republican,Alan Nunnelee,35
Choctaw,Southwest Ackerman,US HOUSE,01,Independent,A G Baddley,2
Choctaw,Southwest Ackerman,US HOUSE,01,Constitution,Gail Glaramita,1
Choctaw,Southwest Ackerman,US HOUSE,01,Independent,Les Green,0
Choctaw,Southwest Ackerman,US HOUSE,01,Independent,Rick 'Rico' Hoskins,0
Choctaw,Southwest Ackerman,US HOUSE,01,Independent,Wally Pang,0
Choctaw,Southwest Ackerman,US HOUSE,01,Libertarian,Harold M Taylor,0
Choctaw,Southwest Ackerman,US HOUSE,01,Reform,Barbara Dale Washer,0
Choctaw,Bywy,US HOUSE,01,Democrat,Travis W. Childers,62
Choctaw,Bywy,US HOUSE,01,Republican,Alan Nunnelee,88
Choctaw,Bywy,US HOUSE,01,Independent,A G Baddley,1
Choctaw,Bywy,US HOUSE,01,Constitution,Gail Glaramita,0
Choctaw,Bywy,US HOUSE,01,Independent,Les Green,4
Choctaw,Bywy,US HOUSE,01,Independent,Rick 'Rico' Hoskins,1
Choctaw,Bywy,US HOUSE,01,Independent,Wally Pang,1
Choctaw,Bywy,US HOUSE,01,Libertarian,Harold M Taylor,0
Choctaw,Bywy,US HOUSE,01,Reform,Barbara Dale Washer,0
Choctaw,West Weir,US HOUSE,01,Democrat,Travis W. Childers,80
Choctaw,West Weir,US HOUSE,01,Republican,Alan Nunnelee,106
Choctaw,West Weir,US HOUSE,01,Independent,A G Baddley,4
Choctaw,West Weir,US HOUSE,01,Constitution,Gail Glaramita,1
Choctaw,West Weir,US HOUSE,01,Independent,Les Green,4
Choctaw,West Weir,US HOUSE,01,Independent,Rick 'Rico' Hoskins,0
Choctaw,West Weir,US HOUSE,01,Independent,Wally Pang,0
Choctaw,West Weir,US HOUSE,01,Libertarian,Harold M Taylor,1
Choctaw,West Weir,US HOUSE,01,Reform,Barbara Dale Washer,2
Choctaw,TOTAL,US HOUSE,01,Democrat,Travis W. Childers,1082
Choctaw,TOTAL,US HOUSE,01,Republican,Alan Nunnelee,1926
Choctaw,TOTAL,US HOUSE,01,Independent,A G Baddley,24
Choctaw,TOTAL,US HOUSE,01,Constitution,Gail Glaramita,15
Choctaw,TOTAL,US HOUSE,01,Independent,Les Green,59
Choctaw,TOTAL,US HOUSE,01,Independent,Rick 'Rico' Hoskins,11
Choctaw,TOTAL,US HOUSE,01,Independent,Wally Pang,2
Choctaw,TOTAL,US HOUSE,01,Libertarian,Harold M Taylor,6
Choctaw,TOTAL,US HOUSE,01,Reform,Barbara Dale Washer,8
Claiborne,County Precinct 1-A,US HOUSE,02,Republican,Bill Marcy,46
Claiborne,County Precinct 1-A,US HOUSE,02,Reform,Ashley Norwood,0
Claiborne,County Precinct 1-A,US HOUSE,02,Democrat,Bennie G. Thompson,72
Claiborne,County Precinct 1-B,US HOUSE,02,Republican,Bill Marcy,27
Claiborne,County Precinct 1-B,US HOUSE,02,Reform,Ashley Norwood,1
Claiborne,County Precinct 1-B,US HOUSE,02,Democrat,Bennie G. Thompson,336
Claiborne,County Precinct 1-C,US HOUSE,02,Republican,Bill Marcy,0
Claiborne,County Precinct 1-C,US HOUSE,02,Reform,Ashley Norwood,0
Claiborne,County Precinct 1-C,US HOUSE,02,Democrat,Bennie G. Thompson,196
Claiborne,County Precinct 2,US HOUSE,02,Republican,Bill Marcy,49
Claiborne,County Precinct 2,US HOUSE,02,Reform,Ashley Norwood,7
Claiborne,County Precinct 2,US HOUSE,02,Democrat,Bennie G. Thompson,609
Claiborne,County Precinct 3-A,US HOUSE,02,Republican,Bill Marcy,176
Claiborne,County Precinct 3-A,US HOUSE,02,Reform,Ashley Norwood,6
Claiborne,County Precinct 3-A,US HOUSE,02,Democrat,Bennie G. Thompson,292
Claiborne,County Precinct 3-B,US HOUSE,02,Republican,Bill Marcy,62
Claiborne,County Precinct 3-B,US HOUSE,02,Reform,Ashley Norwood,1
Claiborne,County Precinct 3-B,US HOUSE,02,Democrat,Bennie G. Thompson,29
Claiborne,County Precinct 4-A,US HOUSE,02,Republican,Bill Marcy,13
Claiborne,County Precinct 4-A,US HOUSE,02,Reform,Ashley Norwood,1
Claiborne,County Precinct 4-A,US HOUSE,02,Democrat,Bennie G. Thompson,210
Claiborne,County Precinct 4-B,US HOUSE,02,Republican,Bill Marcy,29
Claiborne,County Precinct 4-B,US HOUSE,02,Reform,Ashley Norwood,3
Claiborne,County Precinct 4-B,US HOUSE,02,Democrat,Bennie G. Thompson,272
Claiborne,County Precinct 4-C,US HOUSE,02,Republican,Bill Marcy,1
Claiborne,County Precinct 4-C,US HOUSE,02,Reform,Ashley Norwood,0
Claiborne,County Precinct 4-C,US HOUSE,02,Democrat,Bennie G. Thompson,50
Claiborne,County Precinct 5-A,US HOUSE,02,Republican,Bill Marcy,17
Claiborne,County Precinct 5-A,US HOUSE,02,Reform,Ashley Norwood,0
Claiborne,County Precinct 5-A,US HOUSE,02,Democrat,Bennie G. Thompson,335
Claiborne,County Precinct 5-B,US HOUSE,02,Republican,Bill Marcy,29
Claiborne,County Precinct 5-B,US HOUSE,02,Reform,Ashley Norwood,2
Claiborne,County Precinct 5-B,US HOUSE,02,Democrat,Bennie G. Thompson,228
Claiborne,TOTAL,US HOUSE,02,Republican,Bill Marcy,449
Claiborne,TOTAL,US HOUSE,02,Reform,Ashley Norwood,21
Claiborne,TOTAL,US HOUSE,02,Democrat,Bennie G. Thompson,2629
Clarke,South Quiman,US HOUSE,04,Libertarian,Kenneth 'Tim' Hampton,7
Clarke,South Quiman,US HOUSE,04,Republican,Steven Palazzo,148
Clarke,South Quiman,US HOUSE,04,Reform,Anna Jewel Revies,2
Clarke,South Quiman,US HOUSE,04,Democrat,Gene Taylor,298
Clarke,Harmony Dist. 1,US HOUSE,04,Libertarian,Kenneth 'Tim' Hampton,0
Clarke,Harmony Dist. 1,US HOUSE,04,Republican,Steven Palazzo,41
Clarke,Harmony Dist. 1,US HOUSE,04,Reform,Anna Jewel Revies,1
Clarke,Harmony Dist. 1,US HOUSE,04,Democrat,Gene Taylor,25
Clarke,Stonewall Dist. 1,US HOUSE,04,Libertarian,Kenneth 'Tim' Hampton,4
Clarke,Stonewall Dist. 1,US HOUSE,04,Republican,Steven Palazzo,46
Clarke,Stonewall Dist. 1,US HOUSE,04,Reform,Anna Jewel Revies,0
Clarke,Stonewall Dist. 1,US HOUSE,04,Democrat,Gene Taylor,109
Clarke,Shubuta,US HOUSE,04,Libertarian,Kenneth 'Tim' Hampton,5
Clarke,Shubuta,US HOUSE,04,Republican,Steven Palazzo,70
Clarke,Shubuta,US HOUSE,04,Reform,Anna Jewel Revies,1
Clarke,Shubuta,US HOUSE,04,Democrat,Gene Taylor,213
Clarke,Beaverdam,US HOUSE,04,Libertarian,Kenneth 'Tim' Hampton,3
Clarke,Beaverdam,US HOUSE,04,Republican,Steven Palazzo,30
Clarke,Beaverdam,US HOUSE,04,Reform,Anna Jewel Revies,1
Clarke,Beaverdam,US HOUSE,04,Democrat,Gene Taylor,116
Clarke,Harmony Dist. 2,US HOUSE,04,Libertarian,Kenneth 'Tim' Hampton,1
Clarke,Harmony Dist. 2,US HOUSE,04,Republican,Steven Palazzo,92
Clarke,Harmony Dist. 2,US HOUSE,04,Reform,Anna Jewel Revies,0
Clarke,Harmony Dist. 2,US HOUSE,04,Democrat,Gene Taylor,69
Clarke,Oakgrove,US HOUSE,04,Libertarian,Kenneth 'Tim' Hampton,3
Clarke,Oakgrove,US HOUSE,04,Republican,Steven Palazzo,29
Clarke,Oakgrove,US HOUSE,04,Reform,Anna Jewel Revies,0
Clarke,Oakgrove,US HOUSE,04,Democrat,Gene Taylor,139
Clarke,Pachuta,US HOUSE,04,Libertarian,Kenneth 'Tim' Hampton,4
Clarke,Pachuta,US HOUSE,04,Republican,Steven Palazzo,58
Clarke,Pachuta,US HOUSE,04,Reform,Anna Jewel Revies,0
Clarke,Pachuta,US HOUSE,04,Democrat,Gene Taylor,120
Clarke,Souinlovie,US HOUSE,04,Libertarian,Kenneth 'Tim' Hampton,1
Clarke,Souinlovie,US HOUSE,04,Republican,Steven Palazzo,96
Clarke,Souinlovie,US HOUSE,04,Reform,Anna Jewel Revies,0
Clarke,Souinlovie,US HOUSE,04,Democrat,Gene Taylor,16
Clarke,Rolling Creek,US HOUSE,04,Libertarian,Kenneth 'Tim' Hampton,0
Clarke,Rolling Creek,US HOUSE,04,Republican,Steven Palazzo,120
Clarke,Rolling Creek,US HOUSE,04,Reform,Anna Jewel Revies,0
Clarke,Rolling Creek,US HOUSE,04,Democrat,Gene Taylor,12
Clarke,Stonewall Dist. 3,US HOUSE,04,Libertarian,Kenneth 'Tim' Hampton,5
Clarke,Stonewall Dist. 3,US HOUSE,04,Republican,Steven Palazzo,210
Clarke,Stonewall Dist. 3,US HOUSE,04,Reform,Anna Jewel Revies,0
Clarke,Stonewall Dist. 3,US HOUSE,04,Democrat,Gene Taylor,64
Clarke,Enterprise,US HOUSE,04,Libertarian,Kenneth 'Tim' Hampton,13
Clarke,Enterprise,US HOUSE,04,Republican,Steven Palazzo,500
Clarke,Enterprise,US HOUSE,04,Reform,Anna Jewel Revies,3
Clarke,Enterprise,US HOUSE,04,Democrat,Gene Taylor,156
Clarke,Pineridge,US HOUSE,04,Libertarian,Kenneth 'Tim' Hampton,1
Clarke,Pineridge,US HOUSE,04,Republican,Steven Palazzo,36
Clarke,Pineridge,US HOUSE,04,Reform,Anna Jewel Revies,1
Clarke,Pineridge,US HOUSE,04,Democrat,Gene Taylor,56
Clarke,Snell,US HOUSE,04,Libertarian,Kenneth 'Tim' Hampton,0
Clarke,Snell,US HOUSE,04,Republican,Steven Palazzo,110
Clarke,Snell,US HOUSE,04,Reform,Anna Jewel Revies,1
Clarke,Snell,US HOUSE,04,Democrat,Gene Taylor,4
Clarke,Energy,US HOUSE,04,Libertarian,Kenneth 'Tim' Hampton,2
Clarke,Energy,US HOUSE,04,Republican,Steven Palazzo,106
Clarke,Energy,US HOUSE,04,Reform,Anna Jewel Revies,0
Clarke,Energy,US HOUSE,04,Democrat,Gene Taylor,15
Clarke,Union,US HOUSE,04,Libertarian,Kenneth 'Tim' Hampton,2
Clarke,Union,US HOUSE,04,Republican,Steven Palazzo,309
Clarke,Union,US HOUSE,04,Reform,Anna Jewel Revies,0
Clarke,Union,US HOUSE,04,Democrat,Gene Taylor,29
Clarke,North Quitman,US HOUSE,04,Libertarian,Kenneth 'Tim' Hampton,2
Clarke,North Quitman,US HOUSE,04,Republican,Steven Palazzo,251
Clarke,North Quitman,US HOUSE,04,Reform,Anna Jewel Revies,1
Clarke,North Quitman,US HOUSE,04,Democrat,Gene Taylor,57
Clarke,Langsdale,US HOUSE,04,Libertarian,Kenneth 'Tim' Hampton,0
Clarke,Langsdale,US HOUSE,04,Republican,Steven Palazzo,19
Clarke,Langsdale,US HOUSE,04,Reform,Anna Jewel Revies,1
Clarke,Langsdale,US HOUSE,04,Democrat,Gene Taylor,59
Clarke,Manassa,US HOUSE,04,Libertarian,Kenneth 'Tim' Hampton,1
Clarke,Manassa,US HOUSE,04,Republican,Steven Palazzo,57
Clarke,Manassa,US HOUSE,04,Reform,Anna Jewel Revies,0
Clarke,Manassa,US HOUSE,04,Democrat,Gene Taylor,6
Clarke,Springs,US HOUSE,04,Libertarian,Kenneth 'Tim' Hampton,0
Clarke,Springs,US HOUSE,04,Republican,Steven Palazzo,33
Clarke,Springs,US HOUSE,04,Reform,Anna Jewel Revies,0
Clarke,Springs,US HOUSE,04,Democrat,Gene Taylor,41
Clarke,Desoto,US HOUSE,04,Libertarian,Kenneth 'Tim' Hampton,3
Clarke,Desoto,US HOUSE,04,Republican,Steven Palazzo,63
Clarke,Desoto,US HOUSE,04,Reform,Anna Jewel Revies,2
Clarke,Desoto,US HOUSE,04,Democrat,Gene Taylor,82
Clarke,Carmichael,US HOUSE,04,Libertarian,Kenneth 'Tim' Hampton,0
Clarke,Carmichael,US HOUSE,04,Republican,Steven Palazzo,103
Clarke,Carmichael,US HOUSE,04,Reform,Anna Jewel Revies,0
Clarke,Carmichael,US HOUSE,04,Democrat,Gene Taylor,51
Clarke,East Quitman,US HOUSE,04,Libertarian,Kenneth 'Tim' Hampton,0
Clarke,East Quitman,US HOUSE,04,Republican,Steven Palazzo,580
Clarke,East Quitman,US HOUSE,04,Reform,Anna Jewel Revies,2
Clarke,East Quitman,US HOUSE,04,Democrat,Gene Taylor,86
Clarke,TOTAL,US HOUSE,04,Libertarian,Kenneth 'Tim' Hampton,57
Clarke,TOTAL,US HOUSE,04,Republican,Steven Palazzo,3107
Clarke,TOTAL,US HOUSE,04,Reform,Anna Jewel Revies,16
Clarke,TOTAL,US HOUSE,04,Democrat,Gene Taylor,1823
Clay,Cairo,US HOUSE,01,Democrat,Travis W. Childers,138
Clay,Cairo,US HOUSE,01,Republican,Alan Nunnelee,131
Clay,Cairo,US HOUSE,01,Independent,A G Baddley,1
Clay,Cairo,US HOUSE,01,Constitution,Gail Giaramita,0
Clay,Cairo,US HOUSE,01,Independent,Les Green,1
Clay,Cairo,US HOUSE,01,Independent,Rick 'Rico' Hoskins,1
Clay,Cairo,US HOUSE,01,Independent,Wally Pang,0
Clay,Cairo,US HOUSE,01,Libertarian,Harold M. Taylor,0
Clay,Cairo,US HOUSE,01,Reform,Barbara Dale Washer,0
Clay,Caradine,US HOUSE,01,Democrat,Travis W. Childers,440
Clay,Caradine,US HOUSE,01,Republican,Alan Nunnelee,59
Clay,Caradine,US HOUSE,01,Independent,A G Baddley,0
Clay,Caradine,US HOUSE,01,Constitution,Gail Giaramita,6
Clay,Caradine,US HOUSE,01,Independent,Les Green,2
Clay,Caradine,US HOUSE,01,Independent,Rick 'Rico' Hoskins,2
Clay,Caradine,US HOUSE,01,Independent,Wally Pang,0
Clay,Caradine,US HOUSE,01,Libertarian,Harold M. Taylor,0
Clay,Caradine,US HOUSE,01,Reform,Barbara Dale Washer,0
Clay,Cedar Bluff,US HOUSE,01,Democrat,Travis W. Childers,28
Clay,Cedar Bluff,US HOUSE,01,Republican,Alan Nunnelee,107
Clay,Cedar Bluff,US HOUSE,01,Independent,A G Baddley,0
Clay,Cedar Bluff,US HOUSE,01,Constitution,Gail Giaramita,0
Clay,Cedar Bluff,US HOUSE,01,Independent,Les Green,1
Clay,Cedar Bluff,US HOUSE,01,Independent,Rick 'Rico' Hoskins,0
Clay,Cedar Bluff,US HOUSE,01,Independent,Wally Pang,0
Clay,Cedar Bluff,US HOUSE,01,Libertarian,Harold M. Taylor,1
Clay,Cedar Bluff,US HOUSE,01,Reform,Barbara Dale Washer,0
Clay,Central-West Point,US HOUSE,01,Democrat,Travis W. Childers,376
Clay,Central-West Point,US HOUSE,01,Republican,Alan Nunnelee,304
Clay,Central-West Point,US HOUSE,01,Independent,A G Baddley,5
Clay,Central-West Point,US HOUSE,01,Constitution,Gail Giaramita,2
Clay,Central-West Point,US HOUSE,01,Independent,Les Green,2
Clay,Central-West Point,US HOUSE,01,Independent,Rick 'Rico' Hoskins,1
Clay,Central-West Point,US HOUSE,01,Independent,Wally Pang,0
Clay,Central-West Point,US HOUSE,01,Libertarian,Harold M. Taylor,3
Clay,Central-West Point,US HOUSE,01,Reform,Barbara Dale Washer,1
Clay,East-West Point,US HOUSE,01,Democrat,Travis W. Childers,503
Clay,East-West Point,US HOUSE,01,Republican,Alan Nunnelee,700
Clay,East-West Point,US HOUSE,01,Independent,A G Baddley,1
Clay,East-West Point,US HOUSE,01,Constitution,Gail Giaramita,1
Clay,East-West Point,US HOUSE,01,Independent,Les Green,1
Clay,East-West Point,US HOUSE,01,Independent,Rick 'Rico' Hoskins,4
Clay,East-West Point,US HOUSE,01,Independent,Wally Pang,2
Clay,East-West Point,US HOUSE,01,Libertarian,Harold M. Taylor,2
Clay,East-West Point,US HOUSE,01,Reform,Barbara Dale Washer,0
Clay,North-West Point,US HOUSE,01,Democrat,Travis W. Childers,695
Clay,North-West Point,US HOUSE,01,Republican,Alan Nunnelee,424
Clay,North-West Point,US HOUSE,01,Independent,A G Baddley,2
Clay,North-West Point,US HOUSE,01,Constitution,Gail Giaramita,3
Clay,North-West Point,US HOUSE,01,Independent,Les Green,0
Clay,North-West Point,US HOUSE,01,Independent,Rick 'Rico' Hoskins,1
Clay,North-West Point,US HOUSE,01,Independent,Wally Pang,3
Clay,North-West Point,US HOUSE,01,Libertarian,Harold M. Taylor,1
Clay,North-West Point,US HOUSE,01,Reform,Barbara Dale Washer,1
Clay,Pheba,US HOUSE,01,Democrat,Travis W. Childers,224
Clay,Pheba,US HOUSE,01,Republican,Alan Nunnelee,155
Clay,Pheba,US HOUSE,01,Independent,A G Baddley,2
Clay,Pheba,US HOUSE,01,Constitution,Gail Giaramita,3
Clay,Pheba,US HOUSE,01,Independent,Les Green,0
Clay,Pheba,US HOUSE,01,Independent,Rick 'Rico' Hoskins,0
Clay,Pheba,US HOUSE,01,Independent,Wally Pang,0
Clay,Pheba,US HOUSE,01,Libertarian,Harold M. Taylor,1
Clay,Pheba,US HOUSE,01,Reform,Barbara Dale Washer,0
Clay,Pine Bluff,US HOUSE,01,Democrat,Travis W. Childers,220
Clay,Pine Bluff,US HOUSE,01,Republican,Alan Nunnelee,41
Clay,Pine Bluff,US HOUSE,01,Independent,A G Baddley,1
Clay,Pine Bluff,US HOUSE,01,Constitution,Gail Giaramita,1
Clay,Pine Bluff,US HOUSE,01,Independent,Les Green,3
Clay,Pine Bluff,US HOUSE,01,Independent,Rick 'Rico' Hoskins,0
Clay,Pine Bluff,US HOUSE,01,Independent,Wally Pang,0
Clay,Pine Bluff,US HOUSE,01,Libertarian,Harold M. Taylor,0
Clay,Pine Bluff,US HOUSE,01,Reform,Barbara Dale Washer,1
Clay,Siloam,US HOUSE,01,Democrat,Travis W. Childers,273
Clay,Siloam,US HOUSE,01,Republican,Alan Nunnelee,319
Clay,Siloam,US HOUSE,01,Independent,A G Baddley,3
Clay,Siloam,US HOUSE,01,Constitution,Gail Giaramita,2
Clay,Siloam,US HOUSE,01,Independent,Les Green,3
Clay,Siloam,US HOUSE,01,Independent,Rick 'Rico' Hoskins,1
Clay,Siloam,US HOUSE,01,Independent,Wally Pang,1
Clay,Siloam,US HOUSE,01,Libertarian,Harold M. Taylor,1
Clay,Siloam,US HOUSE,01,Reform,Barbara Dale Washer,2
Clay,South-West Point,US HOUSE,01,Democrat,Travis W. Childers,487
Clay,South-West Point,US HOUSE,01,Republican,Alan Nunnelee,230
Clay,South-West Point,US HOUSE,01,Independent,A G Baddley,0
Clay,South-West Point,US HOUSE,01,Constitution,Gail Giaramita,4
Clay,South-West Point,US HOUSE,01,Independent,Les Green,3
Clay,South-West Point,US HOUSE,01,Independent,Rick 'Rico' Hoskins,1
Clay,South-West Point,US HOUSE,01,Independent,Wally Pang,0
Clay,South-West Point,US HOUSE,01,Libertarian,Harold M. Taylor,2
Clay,South-West Point,US HOUSE,01,Reform,Barbara Dale Washer,1
Clay,Tibbee,US HOUSE,01,Democrat,Travis W. Childers,169
Clay,Tibbee,US HOUSE,01,Republican,Alan Nunnelee,85
Clay,Tibbee,US HOUSE,01,Independent,A G Baddley,4
Clay,Tibbee,US HOUSE,01,Constitution,Gail Giaramita,1
Clay,Tibbee,US HOUSE,01,Independent,Les Green,1
Clay,Tibbee,US HOUSE,01,Independent,Rick 'Rico' Hoskins,0
Clay,Tibbee,US HOUSE,01,Independent,Wally Pang,1
Clay,Tibbee,US HOUSE,01,Libertarian,Harold M. Taylor,2
Clay,Tibbee,US HOUSE,01,Reform,Barbara Dale Washer,1
Clay,Union Star,US HOUSE,01,Democrat,Travis W. Childers,241
Clay,Union Star,US HOUSE,01,Republican,Alan Nunnelee,189
Clay,Union Star,US HOUSE,01,Independent,A G Baddley,0
Clay,Union Star,US HOUSE,01,Constitution,Gail Giaramita,0
Clay,Union Star,US HOUSE,01,Independent,Les Green,0
Clay,Union Star,US HOUSE,01,Independent,Rick 'Rico' Hoskins,1
Clay,Union Star,US HOUSE,01,Independent,Wally Pang,1
Clay,Union Star,US HOUSE,01,Libertarian,Harold M. Taylor,1
Clay,Union Star,US HOUSE,01,Reform,Barbara Dale Washer,1
Clay,Vinton,US HOUSE,01,Democrat,Travis W. Childers,245
Clay,Vinton,US HOUSE,01,Republican,Alan Nunnelee,136
Clay,Vinton,US HOUSE,01,Independent,A G Baddley,0
Clay,Vinton,US HOUSE,01,Constitution,Gail Giaramita,2
Clay,Vinton,US HOUSE,01,Independent,Les Green,3
Clay,Vinton,US HOUSE,01,Independent,Rick 'Rico' Hoskins,1
Clay,Vinton,US HOUSE,01,Independent,Wally Pang,0
Clay,Vinton,US HOUSE,01,Libertarian,Harold M. Taylor,0
Clay,Vinton,US HOUSE,01,Reform,Barbara Dale Washer,0
Clay,West-West Point,US HOUSE,01,Democrat,Travis W. Childers,617
Clay,West-West Point,US HOUSE,01,Republican,Alan Nunnelee,199
Clay,West-West Point,US HOUSE,01,Independent,A G Baddley,3
Clay,West-West Point,US HOUSE,01,Constitution,Gail Giaramita,2
Clay,West-West Point,US HOUSE,01,Independent,Les Green,3
Clay,West-West Point,US HOUSE,01,Independent,Rick 'Rico' Hoskins,0
Clay,West-West Point,US HOUSE,01,Independent,Wally Pang,1
Clay,West-West Point,US HOUSE,01,Libertarian,Harold M. Taylor,0
Clay,West-West Point,US HOUSE,01,Reform,Barbara Dale Washer,3
Clay,TOTAL,US HOUSE,01,Democrat,Travis W. Childers,4656
Clay,TOTAL,US HOUSE,01,Republican,Alan Nunnelee,3079
Clay,TOTAL,US HOUSE,01,Independent,A G Baddley,22
Clay,TOTAL,US HOUSE,01,Constitution,Gail Giaramita,27
Clay,TOTAL,US HOUSE,01,Independent,Les Green,23
Clay,TOTAL,US HOUSE,01,Independent,Rick 'Rico' Hoskins,13
Clay,TOTAL,US HOUSE,01,Independent,Wally Pang,9
Clay,TOTAL,US HOUSE,01,Libertarian,Harold M. Taylor,14
Clay,TOTAL,US HOUSE,01,Reform,Barbara Dale Washer,11
Coahoma,Lula,US HOUSE,02,Republican,Bill Marcy,83
Coahoma,Lula,US HOUSE,02,Democrat,Bennie G. Thompson,104
Coahoma,Lula,US HOUSE,02,Reform,Ashley Norwood,5
Coahoma,Coahoma,US HOUSE,02,Republican,Bill Marcy,13
Coahoma,Coahoma,US HOUSE,02,Democrat,Bennie G. Thompson,139
Coahoma,Coahoma,US HOUSE,02,Reform,Ashley Norwood,1
Coahoma,Lyon,US HOUSE,02,Republican,Bill Marcy,502
Coahoma,Lyon,US HOUSE,02,Democrat,Bennie G. Thompson,177
Coahoma,Lyon,US HOUSE,02,Reform,Ashley Norwood,8
Coahoma,Clarksdale Courthouse,US HOUSE,02,Republican,Bill Marcy,195
Coahoma,Clarksdale Courthouse,US HOUSE,02,Democrat,Bennie G. Thompson,188
Coahoma,Clarksdale Courthouse,US HOUSE,02,Reform,Ashley Norwood,7
Coahoma,Friars Point,US HOUSE,02,Republican,Bill Marcy,35
Coahoma,Friars Point,US HOUSE,02,Democrat,Bennie G. Thompson,325
Coahoma,Friars Point,US HOUSE,02,Reform,Ashley Norwood,3
Coahoma,Farrell,US HOUSE,02,Republican,Bill Marcy,14
Coahoma,Farrell,US HOUSE,02,Democrat,Bennie G. Thompson,68
Coahoma,Farrell,US HOUSE,02,Reform,Ashley Norwood,0
Coahoma,Sherard,US HOUSE,02,Republican,Bill Marcy,6
Coahoma,Sherard,US HOUSE,02,Democrat,Bennie G. Thompson,9
Coahoma,Sherard,US HOUSE,02,Reform,Ashley Norwood,0
Coahoma,Clarksdale # 2,US HOUSE,02,Republican,Bill Marcy,513
Coahoma,Clarksdale # 2,US HOUSE,02,Democrat,Bennie G. Thompson,333
Coahoma,Clarksdale # 2,US HOUSE,02,Reform,Ashley Norwood,9
Coahoma,Jonestown,US HOUSE,02,Republican,Bill Marcy,9
Coahoma,Jonestown,US HOUSE,02,Democrat,Bennie G. Thompson,323
Coahoma,Jonestown,US HOUSE,02,Reform,Ashley Norwood,4
Coahoma,Dublin,US HOUSE,02,Republican,Bill Marcy,77
Coahoma,Dublin,US HOUSE,02,Democrat,Bennie G. Thompson,35
Coahoma,Dublin,US HOUSE,02,Reform,Ashley Norwood,1
Coahoma,Clarksdale # 3,US HOUSE,02,Republican,Bill Marcy,49
Coahoma,Clarksdale # 3,US HOUSE,02,Democrat,Bennie G. Thompson,246
Coahoma,Clarksdale # 3,US HOUSE,02,Reform,Ashley Norwood,1
Coahoma,Sasse Street Fire Station,US HOUSE,02,Republican,Bill Marcy,4
Coahoma,Sasse Street Fire Station,US HOUSE,02,Democrat,Bennie G. Thompson,292
Coahoma,Sasse Street Fire Station,US HOUSE,02,Reform,Ashley Norwood,0
Coahoma,Cagle Crossing,US HOUSE,02,Republican,Bill Marcy,28
Coahoma,Cagle Crossing,US HOUSE,02,Democrat,Bennie G. Thompson,11
Coahoma,Cagle Crossing,US HOUSE,02,Reform,Ashley Norwood,0
Coahoma,Clarksdale # 4,US HOUSE,02,Republican,Bill Marcy,32
Coahoma,Clarksdale # 4,US HOUSE,02,Democrat,Bennie G. Thompson,637
Coahoma,Clarksdale # 4,US HOUSE,02,Reform,Ashley Norwood,6
Coahoma,Clarksdale # 4 North,US HOUSE,02,Republican,Bill Marcy,73
Coahoma,Clarksdale # 4 North,US HOUSE,02,Democrat,Bennie G. Thompson,67
Coahoma,Clarksdale # 4 North,US HOUSE,02,Reform,Ashley Norwood,3
Coahoma,Rena Lara,US HOUSE,02,Republican,Bill Marcy,103
Coahoma,Rena Lara,US HOUSE,02,Democrat,Bennie G. Thompson,24
Coahoma,Rena Lara,US HOUSE,02,Reform,Ashley Norwood,2
Coahoma,Bobo,US HOUSE,02,Republican,Bill Marcy,32
Coahoma,Bobo,US HOUSE,02,Democrat,Bennie G. Thompson,49
Coahoma,Bobo,US HOUSE,02,Reform,Ashley Norwood,0
Coahoma,Roundaway,US HOUSE,02,Republican,Bill Marcy,21
Coahoma,Roundaway,US HOUSE,02,Democrat,Bennie G. Thompson,29
Coahoma,Roundaway,US HOUSE,02,Reform,Ashley Norwood,0
Coahoma,Clarksdale # 5,US HOUSE,02,Republican,Bill Marcy,199
Coahoma,Clarksdale # 5,US HOUSE,02,Democrat,Bennie G. Thompson,479
Coahoma,Clarksdale # 5,US HOUSE,02,Reform,Ashley Norwood,11
Coahoma,TOTAL,US HOUSE,02,Republican,Bill Marcy,1988
Coahoma,TOTAL,US HOUSE,02,Democrat,Bennie G. Thompson,3535
Coahoma,TOTAL,US HOUSE,02,Reform,Ashley Norwood,61
Copiah,Beauregard,US HOUSE,2,Republican,Bill Marcy,325
Copiah,Beauregard,US HOUSE,2,Reform,Ashley Norwood,9
Copiah,Beauregard,US HOUSE,2,Democrat,Bennie G. Thompson,102
Copiah,Centerpoint,US HOUSE,2,Republican,Bill Marcy,314
Copiah,Centerpoint,US HOUSE,2,Reform,Ashley Norwood,4
Copiah,Centerpoint,US HOUSE,2,Democrat,Bennie G. Thompson,212
Copiah,Carpenter,US HOUSE,2,Republican,Bill Marcy,44
Copiah,Carpenter,US HOUSE,2,Reform,Ashley Norwood,1
Copiah,Carpenter,US HOUSE,2,Democrat,Bennie G. Thompson,75
Copiah,Crystal Springs East,US HOUSE,2,Republican,Bill Marcy,767
Copiah,Crystal Springs East,US HOUSE,2,Reform,Ashley Norwood,11
Copiah,Crystal Springs East,US HOUSE,2,Democrat,Bennie G. Thompson,334
Copiah,Crystal Springs North,US HOUSE,2,Republican,Bill Marcy,68
Copiah,Crystal Springs North,US HOUSE,2,Reform,Ashley Norwood,3
Copiah,Crystal Springs North,US HOUSE,2,Democrat,Bennie G. Thompson,151
Copiah,Crystal Springs South,US HOUSE,2,Republican,Bill Marcy,299
Copiah,Crystal Springs South,US HOUSE,2,Reform,Ashley Norwood,9
Copiah,Crystal Springs South,US HOUSE,2,Democrat,Bennie G. Thompson,537
Copiah,Crystal Springs West,US HOUSE,2,Republican,Bill Marcy,319
Copiah,Crystal Springs West,US HOUSE,2,Reform,Ashley Norwood,6
Copiah,Crystal Springs West,US HOUSE,2,Democrat,Bennie G. Thompson,221
Copiah,Dentville,US HOUSE,2,Republican,Bill Marcy,81
Copiah,Dentville,US HOUSE,2,Reform,Ashley Norwood,0
Copiah,Dentville,US HOUSE,2,Democrat,Bennie G. Thompson,17
Copiah,Georgetown North,US HOUSE,2,Republican,Bill Marcy,57
Copiah,Georgetown North,US HOUSE,2,Reform,Ashley Norwood,2
Copiah,Georgetown North,US HOUSE,2,Democrat,Bennie G. Thompson,115
Copiah,Georgetown South,US HOUSE,2,Republican,Bill Marcy,155
Copiah,Georgetown South,US HOUSE,2,Reform,Ashley Norwood,4
Copiah,Georgetown South,US HOUSE,2,Democrat,Bennie G. Thompson,86
Copiah,Hazlehurst East,US HOUSE,2,Republican,Bill Marcy,41
Copiah,Hazlehurst East,US HOUSE,2,Reform,Ashley Norwood,3
Copiah,Hazlehurst East,US HOUSE,2,Democrat,Bennie G. Thompson,528
Copiah,Hazlehurst North,US HOUSE,2,Republican,Bill Marcy,74
Copiah,Hazlehurst North,US HOUSE,2,Reform,Ashley Norwood,1
Copiah,Hazlehurst North,US HOUSE,2,Democrat,Bennie G. Thompson,90
Copiah,Hazlehurst South,US HOUSE,2,Republican,Bill Marcy,68
Copiah,Hazlehurst South,US HOUSE,2,Reform,Ashley Norwood,2
Copiah,Hazlehurst South,US HOUSE,2,Democrat,Bennie G. Thompson,204
Copiah,Hazlehurst West,US HOUSE,2,Republican,Bill Marcy,206
Copiah,Hazlehurst West,US HOUSE,2,Reform,Ashley Norwood,4
Copiah,Hazlehurst West,US HOUSE,2,Democrat,Bennie G. Thompson,604
Copiah,Martinsville,US HOUSE,2,Republican,Bill Marcy,71
Copiah,Martinsville,US HOUSE,2,Reform,Ashley Norwood,0
Copiah,Martinsville,US HOUSE,2,Democrat,Bennie G. Thompson,134
Copiah,Shady Grove,US HOUSE,2,Republican,Bill Marcy,186
Copiah,Shady Grove,US HOUSE,2,Reform,Ashley Norwood,3
Copiah,Shady Grove,US HOUSE,2,Democrat,Bennie G. Thompson,57
Copiah,Stronghope Union,US HOUSE,2,Republican,Bill Marcy,239
Copiah,Stronghope Union,US HOUSE,2,Reform,Ashley Norwood,2
Copiah,Stronghope Union,US HOUSE,2,Democrat,Bennie G. Thompson,21
Copiah,Wesson,US HOUSE,2,Republican,Bill Marcy,318
Copiah,Wesson,US HOUSE,2,Reform,Ashley Norwood,8
Copiah,Wesson,US HOUSE,2,Democrat,Bennie G. Thompson,67
Copiah,Gallman,US HOUSE,2,Republican,Bill Marcy,574
Copiah,Gallman,US HOUSE,2,Reform,Ashley Norwood,8
Copiah,Gallman,US HOUSE,2,Democrat,Bennie G. Thompson,373
Copiah,TOTAL,US HOUSE,2,Republican,Bill Marcy,4206
Copiah,TOTAL,US HOUSE,2,Reform,Ashley Norwood,80
Copiah,TOTAL,US HOUSE,2,Democrat,Bennie G. Thompson,3928
Covington,Seminary,US HOUSE,03,Democrat,Joel L. Gill,106
Covington,Seminary,US HOUSE,03,Republican,Gregg Harper,821
Covington,Seminary,US HOUSE,03,Reform,Tracella Lau O'Hara Hill,9
Covington,Strahan,US HOUSE,03,Democrat,Joel L. Gill,25
Covington,Strahan,US HOUSE,03,Republican,Gregg Harper,66
Covington,Strahan,US HOUSE,03,Reform,Tracella Lau O'Hara Hill,0
Covington,West Collins,US HOUSE,03,Democrat,Joel L. Gill,18
Covington,West Collins,US HOUSE,03,Republican,Gregg Harper,172
Covington,West Collins,US HOUSE,03,Reform,Tracella Lau O'Hara Hill,3
Covington,Richmond,US HOUSE,03,Democrat,Joel L. Gill,37
Covington,Richmond,US HOUSE,03,Republican,Gregg Harper,345
Covington,Richmond,US HOUSE,03,Reform,Tracella Lau O'Hara Hill,3
Covington,Sanford,US HOUSE,03,Democrat,Joel L. Gill,53
Covington,Sanford,US HOUSE,03,Republican,Gregg Harper,456
Covington,Sanford,US HOUSE,03,Reform,Tracella Lau O'Hara Hill,4
Covington,South Collins,US HOUSE,03,Democrat,Joel L. Gill,22
Covington,South Collins,US HOUSE,03,Republican,Gregg Harper,232
Covington,South Collins,US HOUSE,03,Reform,Tracella Lau O'Hara Hill,2
Covington,Collins,US HOUSE,03,Democrat,Joel L. Gill,423
Covington,Collins,US HOUSE,03,Republican,Gregg Harper,509
Covington,Collins,US HOUSE,03,Reform,Tracella Lau O'Hara Hill,16
Covington,Williamsburg,US HOUSE,03,Democrat,Joel L. Gill,21
Covington,Williamsburg,US HOUSE,03,Republican,Gregg Harper,191
Covington,Williamsburg,US HOUSE,03,Reform,Tracella Lau O'Hara Hill,0
Covington,Dry Creek,US HOUSE,03,Democrat,Joel L. Gill,149
Covington,Dry Creek,US HOUSE,03,Republican,Gregg Harper,54
Covington,Dry Creek,US HOUSE,03,Reform,Tracella Lau O'Hara Hill,2
Covington,Lone Star/Black Jack,US HOUSE,03,Democrat,Joel L. Gill,40
Covington,Lone Star/Black Jack,US HOUSE,03,Republican,Gregg Harper,118
Covington,Lone Star/Black Jack,US HOUSE,03,Reform,Tracella Lau O'Hara Hill,2
Covington,Mt Olive,US HOUSE,03,Democrat,Joel L. Gill,332
Covington,Mt Olive,US HOUSE,03,Republican,Gregg Harper,304
Covington,Mt Olive,US HOUSE,03,Reform,Tracella Lau O'Hara Hill,6
Covington,Rock Hill,US HOUSE,03,Democrat,Joel L. Gill,17
Covington,Rock Hill,US HOUSE,03,Republican,Gregg Harper,71
Covington,Rock Hill,US HOUSE,03,Reform,Tracella Lau O'Hara Hill,1
Covington,Gilmer,US HOUSE,03,Democrat,Joel L. Gill,148
Covington,Gilmer,US HOUSE,03,Republican,Gregg Harper,44
Covington,Gilmer,US HOUSE,03,Reform,Tracella Lau O'Hara Hill,1
Covington,Mitchell,US HOUSE,03,Democrat,Joel L. Gill,9
Covington,Mitchell,US HOUSE,03,Republican,Gregg Harper,117
Covington,Mitchell,US HOUSE,03,Reform,Tracella Lau O'Hara Hill,0
Covington,Okahay,US HOUSE,03,Democrat,Joel L. Gill,362
Covington,Okahay,US HOUSE,03,Republican,Gregg Harper,88
Covington,Okahay,US HOUSE,03,Reform,Tracella Lau O'Hara Hill,8
Covington,Station Creek,US HOUSE,03,Democrat,Joel L. Gill,167
Covington,Station Creek,US HOUSE,03,Republican,Gregg Harper,81
Covington,Station Creek,US HOUSE,03,Reform,Tracella Lau O'Hara Hill,1
Covington,Yawn,US HOUSE,03,Democrat,Joel L. Gill,51
Covington,Yawn,US HOUSE,03,Republican,Gregg Harper,132
Covington,Yawn,US HOUSE,03,Reform,Tracella Lau O'Hara Hill,1
Covington,TOTAL,US HOUSE,03,Democrat,Joel L. Gill,1980
Covington,TOTAL,US HOUSE,03,Republican,Gregg Harper,3801
Covington,TOTAL,US HOUSE,03,Reform,Tracella Lau O'Hara Hill,59
Desoto,Ingrams Mill,US HOUSE,01,Democrat,Travis W. Childers,232
Desoto,Ingrams Mill,US HOUSE,01,Republican,Alan Nunnelee,346
Desoto,Ingrams Mill,US HOUSE,01,Independent,A G Baddley,6
Desoto,Ingrams Mill,US HOUSE,01,Constitution,Gail Giaramita,6
Desoto,Ingrams Mill,US HOUSE,01,Independent,Les Green,7
Desoto,Ingrams Mill,US HOUSE,01,Independent,Rick 'Rico' Hoskins,1
Desoto,Ingrams Mill,US HOUSE,01,Independent,Wally Pang,1
Desoto,Ingrams Mill,US HOUSE,01,Libertarian,Harold M Taylor,1
Desoto,Ingrams Mill,US HOUSE,01,Reform,Barbara Dale Washer,2
Desoto,Lewisburg East,US HOUSE,01,Democrat,Travis W. Childers,30
Desoto,Lewisburg East,US HOUSE,01,Republican,Alan Nunnelee,181
Desoto,Lewisburg East,US HOUSE,01,Independent,A G Baddley,2
Desoto,Lewisburg East,US HOUSE,01,Constitution,Gail Giaramita,1
Desoto,Lewisburg East,US HOUSE,01,Independent,Les Green,4
Desoto,Lewisburg East,US HOUSE,01,Independent,Rick 'Rico' Hoskins,0
Desoto,Lewisburg East,US HOUSE,01,Independent,Wally Pang,0
Desoto,Lewisburg East,US HOUSE,01,Libertarian,Harold M Taylor,0
Desoto,Lewisburg East,US HOUSE,01,Reform,Barbara Dale Washer,0
Desoto,Miller,US HOUSE,01,Democrat,Travis W. Childers,437
Desoto,Miller,US HOUSE,01,Republican,Alan Nunnelee,888
Desoto,Miller,US HOUSE,01,Independent,A G Baddley,9
Desoto,Miller,US HOUSE,01,Constitution,Gail Giaramita,9
Desoto,Miller,US HOUSE,01,Independent,Les Green,4
Desoto,Miller,US HOUSE,01,Independent,Rick 'Rico' Hoskins,1
Desoto,Miller,US HOUSE,01,Independent,Wally Pang,2
Desoto,Miller,US HOUSE,01,Libertarian,Harold M Taylor,3
Desoto,Miller,US HOUSE,01,Reform,Barbara Dale Washer,1
Desoto,Fairhaven,US HOUSE,01,Democrat,Travis W. Childers,365
Desoto,Fairhaven,US HOUSE,01,Republican,Alan Nunnelee,489
Desoto,Fairhaven,US HOUSE,01,Independent,A G Baddley,1
Desoto,Fairhaven,US HOUSE,01,Constitution,Gail Giaramita,6
Desoto,Fairhaven,US HOUSE,01,Independent,Les Green,2
Desoto,Fairhaven,US HOUSE,01,Independent,Rick 'Rico' Hoskins,0
Desoto,Fairhaven,US HOUSE,01,Independent,Wally Pang,1
Desoto,Fairhaven,US HOUSE,01,Libertarian,Harold M Taylor,3
Desoto,Fairhaven,US HOUSE,01,Reform,Barbara Dale Washer,0
Desoto,Olive Branch South,US HOUSE,01,Democrat,Travis W. Childers,315
Desoto,Olive Branch South,US HOUSE,01,Republican,Alan Nunnelee,1033
Desoto,Olive Branch South,US HOUSE,01,Independent,A G Baddley,20
Desoto,Olive Branch South,US HOUSE,01,Constitution,Gail Giaramita,13
Desoto,Olive Branch South,US HOUSE,01,Independent,Les Green,8
Desoto,Olive Branch South,US HOUSE,01,Independent,Rick 'Rico' Hoskins,0
Desoto,Olive Branch South,US HOUSE,01,Independent,Wally Pang,5
Desoto,Olive Branch South,US HOUSE,01,Libertarian,Harold M Taylor,4
Desoto,Olive Branch South,US HOUSE,01,Reform,Barbara Dale Washer,1
Desoto,Olive Branch North,US HOUSE,01,Democrat,Travis W. Childers,617
Desoto,Olive Branch North,US HOUSE,01,Republican,Alan Nunnelee,1258
Desoto,Olive Branch North,US HOUSE,01,Independent,A G Baddley,11
Desoto,Olive Branch North,US HOUSE,01,Constitution,Gail Giaramita,10
Desoto,Olive Branch North,US HOUSE,01,Independent,Les Green,7
Desoto,Olive Branch North,US HOUSE,01,Independent,Rick 'Rico' Hoskins,1
Desoto,Olive Branch North,US HOUSE,01,Independent,Wally Pang,0
Desoto,Olive Branch North,US HOUSE,01,Libertarian,Harold M Taylor,4
Desoto,Olive Branch North,US HOUSE,01,Reform,Barbara Dale Washer,2
Desoto,Mineral Wells,US HOUSE,01,Democrat,Travis W. Childers,307
Desoto,Mineral Wells,US HOUSE,01,Republican,Alan Nunnelee,706
Desoto,Mineral Wells,US HOUSE,01,Independent,A G Baddley,11
Desoto,Mineral Wells,US HOUSE,01,Constitution,Gail Giaramita,11
Desoto,Mineral Wells,US HOUSE,01,Independent,Les Green,7
Desoto,Mineral Wells,US HOUSE,01,Independent,Rick 'Rico' Hoskins,1
Desoto,Mineral Wells,US HOUSE,01,Independent,Wally Pang,3
Desoto,Mineral Wells,US HOUSE,01,Libertarian,Harold M Taylor,2
Desoto,Mineral Wells,US HOUSE,01,Reform,Barbara Dale Washer,0
Desoto,Greenbrook North,US HOUSE,01,Democrat,Travis W. Childers,453
Desoto,Greenbrook North,US HOUSE,01,Republican,Alan Nunnelee,601
Desoto,Greenbrook North,US HOUSE,01,Independent,A G Baddley,11
Desoto,Greenbrook North,US HOUSE,01,Constitution,Gail Giaramita,17
Desoto,Greenbrook North,US HOUSE,01,Independent,Les Green,22
Desoto,Greenbrook North,US HOUSE,01,Independent,Rick 'Rico' Hoskins,1
Desoto,Greenbrook North,US HOUSE,01,Independent,Wally Pang,4
Desoto,Greenbrook North,US HOUSE,01,Libertarian,Harold M Taylor,0
Desoto,Greenbrook North,US HOUSE,01,Reform,Barbara Dale Washer,2
Desoto,Southaven North,US HOUSE,01,Democrat,Travis W. Childers,221
Desoto,Southaven North,US HOUSE,01,Republican,Alan Nunnelee,557
Desoto,Southaven North,US HOUSE,01,Independent,A G Baddley,16
Desoto,Southaven North,US HOUSE,01,Constitution,Gail Giaramita,10
Desoto,Southaven North,US HOUSE,01,Independent,Les Green,34
Desoto,Southaven North,US HOUSE,01,Independent,Rick 'Rico' Hoskins,0
Desoto,Southaven North,US HOUSE,01,Independent,Wally Pang,5
Desoto,Southaven North,US HOUSE,01,Libertarian,Harold M Taylor,3
Desoto,Southaven North,US HOUSE,01,Reform,Barbara Dale Washer,2
Desoto,Greenbrook South,US HOUSE,01,Democrat,Travis W. Childers,413
Desoto,Greenbrook South,US HOUSE,01,Republican,Alan Nunnelee,1271
Desoto,Greenbrook South,US HOUSE,01,Independent,A G Baddley,96
Desoto,Greenbrook South,US HOUSE,01,Constitution,Gail Giaramita,22
Desoto,Greenbrook South,US HOUSE,01,Independent,Les Green,72
Desoto,Greenbrook South,US HOUSE,01,Independent,Rick 'Rico' Hoskins,0
Desoto,Greenbrook South,US HOUSE,01,Independent,Wally Pang,6
Desoto,Greenbrook South,US HOUSE,01,Libertarian,Harold M Taylor,6
Desoto,Greenbrook South,US HOUSE,01,Reform,Barbara Dale Washer,4
Desoto,Plum Point,US HOUSE,01,Democrat,Travis W. Childers,289
Desoto,Plum Point,US HOUSE,01,Republican,Alan Nunnelee,942
Desoto,Plum Point,US HOUSE,01,Independent,A G Baddley,11
Desoto,Plum Point,US HOUSE,01,Constitution,Gail Giaramita,11
Desoto,Plum Point,US HOUSE,01,Independent,Les Green,11
Desoto,Plum Point,US HOUSE,01,Independent,Rick 'Rico' Hoskins,0
Desoto,Plum Point,US HOUSE,01,Independent,Wally Pang,0
Desoto,Plum Point,US HOUSE,01,Libertarian,Harold M Taylor,1
Desoto,Plum Point,US HOUSE,01,Reform,Barbara Dale Washer,0
Desoto,Pleasant Hill North,US HOUSE,01,Democrat,Travis W. Childers,193
Desoto,Pleasant Hill North,US HOUSE,01,Republican,Alan Nunnelee,911
Desoto,Pleasant Hill North,US HOUSE,01,Independent,A G Baddley,4
Desoto,Pleasant Hill North,US HOUSE,01,Constitution,Gail Giaramita,6
Desoto,Pleasant Hill North,US HOUSE,01,Independent,Les Green,24
Desoto,Pleasant Hill North,US HOUSE,01,Independent,Rick 'Rico' Hoskins,1
Desoto,Pleasant Hill North,US HOUSE,01,Independent,Wally Pang,1
Desoto,Pleasant Hill North,US HOUSE,01,Libertarian,Harold M Taylor,2
Desoto,Pleasant Hill North,US HOUSE,01,Reform,Barbara Dale Washer,2
Desoto,Elmore,US HOUSE,01,Democrat,Travis W. Childers,99
Desoto,Elmore,US HOUSE,01,Republican,Alan Nunnelee,423
Desoto,Elmore,US HOUSE,01,Independent,A G Baddley,3
Desoto,Elmore,US HOUSE,01,Constitution,Gail Giaramita,4
Desoto,Elmore,US HOUSE,01,Independent,Les Green,10
Desoto,Elmore,US HOUSE,01,Independent,Rick 'Rico' Hoskins,0
Desoto,Elmore,US HOUSE,01,Independent,Wally Pang,0
Desoto,Elmore,US HOUSE,01,Libertarian,Harold M Taylor,0
Desoto,Elmore,US HOUSE,01,Reform,Barbara Dale Washer,1
Desoto,Cherry Valley,US HOUSE,01,Democrat,Travis W. Childers,96
Desoto,Cherry Valley,US HOUSE,01,Republican,Alan Nunnelee,315
Desoto,Cherry Valley,US HOUSE,01,Independent,A G Baddley,5
Desoto,Cherry Valley,US HOUSE,01,Constitution,Gail Giaramita,4
Desoto,Cherry Valley,US HOUSE,01,Independent,Les Green,19
Desoto,Cherry Valley,US HOUSE,01,Independent,Rick 'Rico' Hoskins,1
Desoto,Cherry Valley,US HOUSE,01,Independent,Wally Pang,0
Desoto,Cherry Valley,US HOUSE,01,Libertarian,Harold M Taylor,1
Desoto,Cherry Valley,US HOUSE,01,Reform,Barbara Dale Washer,1
Desoto,Southaven West,US HOUSE,01,Democrat,Travis W. Childers,360
Desoto,Southaven West,US HOUSE,01,Republican,Alan Nunnelee,480
Desoto,Southaven West,US HOUSE,01,Independent,A G Baddley,15
Desoto,Southaven West,US HOUSE,01,Constitution,Gail Giaramita,3
Desoto,Southaven West,US HOUSE,01,Independent,Les Green,36
Desoto,Southaven West,US HOUSE,01,Independent,Rick 'Rico' Hoskins,2
Desoto,Southaven West,US HOUSE,01,Independent,Wally Pang,3
Desoto,Southaven West,US HOUSE,01,Libertarian,Harold M Taylor,3
Desoto,Southaven West,US HOUSE,01,Reform,Barbara Dale Washer,3
Desoto,Horn Lake North,US HOUSE,01,Democrat,Travis W. Childers,326
Desoto,Horn Lake North,US HOUSE,01,Republican,Alan Nunnelee,266
Desoto,Horn Lake North,US HOUSE,01,Independent,A G Baddley,14
Desoto,Horn Lake North,US HOUSE,01,Constitution,Gail Giaramita,8
Desoto,Horn Lake North,US HOUSE,01,Independent,Les Green,19
Desoto,Horn Lake North,US HOUSE,01,Independent,Rick 'Rico' Hoskins,0
Desoto,Horn Lake North,US HOUSE,01,Independent,Wally Pang,1
Desoto,Horn Lake North,US HOUSE,01,Libertarian,Harold M Taylor,0
Desoto,Horn Lake North,US HOUSE,01,Reform,Barbara Dale Washer,4
Desoto,Horn Lake West,US HOUSE,01,Democrat,Travis W. Childers,256
Desoto,Horn Lake West,US HOUSE,01,Republican,Alan Nunnelee,257
Desoto,Horn Lake West,US HOUSE,01,Independent,A G Baddley,15
Desoto,Horn Lake West,US HOUSE,01,Constitution,Gail Giaramita,9
Desoto,Horn Lake West,US HOUSE,01,Independent,Les Green,26
Desoto,Horn Lake West,US HOUSE,01,Independent,Rick 'Rico' Hoskins,0
Desoto,Horn Lake West,US HOUSE,01,Independent,Wally Pang,4
Desoto,Horn Lake West,US HOUSE,01,Libertarian,Harold M Taylor,0
Desoto,Horn Lake West,US HOUSE,01,Reform,Barbara Dale Washer,3
Desoto,Walls,US HOUSE,01,Democrat,Travis W. Childers,360
Desoto,Walls,US HOUSE,01,Republican,Alan Nunnelee,561
Desoto,Walls,US HOUSE,01,Independent,A G Baddley,12
Desoto,Walls,US HOUSE,01,Constitution,Gail Giaramita,17
Desoto,Walls,US HOUSE,01,Independent,Les Green,31
Desoto,Walls,US HOUSE,01,Independent,Rick 'Rico' Hoskins,1
Desoto,Walls,US HOUSE,01,Independent,Wally Pang,5
Desoto,Walls,US HOUSE,01,Libertarian,Harold M Taylor,0
Desoto,Walls,US HOUSE,01,Reform,Barbara Dale Washer,2
Desoto,Lake Cormorant,US HOUSE,01,Democrat,Travis W. Childers,89
Desoto,Lake Cormorant,US HOUSE,01,Republican,Alan Nunnelee,112
Desoto,Lake Cormorant,US HOUSE,01,Independent,A G Baddley,5
Desoto,Lake Cormorant,US HOUSE,01,Constitution,Gail Giaramita,11
Desoto,Lake Cormorant,US HOUSE,01,Independent,Les Green,5
Desoto,Lake Cormorant,US HOUSE,01,Independent,Rick 'Rico' Hoskins,0
Desoto,Lake Cormorant,US HOUSE,01,Independent,Wally Pang,0
Desoto,Lake Cormorant,US HOUSE,01,Libertarian,Harold M Taylor,0
Desoto,Lake Cormorant,US HOUSE,01,Reform,Barbara Dale Washer,0
Desoto,Southaven South,US HOUSE,01,Democrat,Travis W. Childers,192
Desoto,Southaven South,US HOUSE,01,Republican,Alan Nunnelee,102
Desoto,Southaven South,US HOUSE,01,Independent,A G Baddley,2
Desoto,Southaven South,US HOUSE,01,Constitution,Gail Giaramita,3
Desoto,Southaven South,US HOUSE,01,Independent,Les Green,8
Desoto,Southaven South,US HOUSE,01,Independent,Rick 'Rico' Hoskins,0
Desoto,Southaven South,US HOUSE,01,Independent,Wally Pang,1
Desoto,Southaven South,US HOUSE,01,Libertarian,Harold M Taylor,1
Desoto,Southaven South,US HOUSE,01,Reform,Barbara Dale Washer,0
Desoto,Horn Lake East,US HOUSE,01,Democrat,Travis W. Childers,280
Desoto,Horn Lake East,US HOUSE,01,Republican,Alan Nunnelee,204
Desoto,Horn Lake East,US HOUSE,01,Independent,A G Baddley,9
Desoto,Horn Lake East,US HOUSE,01,Constitution,Gail Giaramita,5
Desoto,Horn Lake East,US HOUSE,01,Independent,Les Green,10
Desoto,Horn Lake East,US HOUSE,01,Independent,Rick 'Rico' Hoskins,0
Desoto,Horn Lake East,US HOUSE,01,Independent,Wally Pang,2
Desoto,Horn Lake East,US HOUSE,01,Libertarian,Harold M Taylor,1
Desoto,Horn Lake East,US HOUSE,01,Reform,Barbara Dale Washer,0
Desoto,Horn Lake South,US HOUSE,01,Democrat,Travis W. Childers,283
Desoto,Horn Lake South,US HOUSE,01,Republican,Alan Nunnelee,685
Desoto,Horn Lake South,US HOUSE,01,Independent,A G Baddley,21
Desoto,Horn Lake South,US HOUSE,01,Constitution,Gail Giaramita,14
Desoto,Horn Lake South,US HOUSE,01,Independent,Les Green,35
Desoto,Horn Lake South,US HOUSE,01,Independent,Rick 'Rico' Hoskins,2
Desoto,Horn Lake South,US HOUSE,01,Independent,Wally Pang,2
Desoto,Horn Lake South,US HOUSE,01,Libertarian,Harold M Taylor,2
Desoto,Horn Lake South,US HOUSE,01,Reform,Barbara Dale Washer,3
Desoto,Aldens,US HOUSE,01,Democrat,Travis W. Childers,223
Desoto,Aldens,US HOUSE,01,Republican,Alan Nunnelee,330
Desoto,Aldens,US HOUSE,01,Independent,A G Baddley,5
Desoto,Aldens,US HOUSE,01,Constitution,Gail Giaramita,8
Desoto,Aldens,US HOUSE,01,Independent,Les Green,15
Desoto,Aldens,US HOUSE,01,Independent,Rick 'Rico' Hoskins,0
Desoto,Aldens,US HOUSE,01,Independent,Wally Pang,0
Desoto,Aldens,US HOUSE,01,Libertarian,Harold M Taylor,2
Desoto,Aldens,US HOUSE,01,Reform,Barbara Dale Washer,2
Desoto,Nesbit West,US HOUSE,01,Democrat,Travis W. Childers,243
Desoto,Nesbit West,US HOUSE,01,Republican,Alan Nunnelee,492
Desoto,Nesbit West,US HOUSE,01,Independent,A G Baddley,26
Desoto,Nesbit West,US HOUSE,01,Constitution,Gail Giaramita,15
Desoto,Nesbit West,US HOUSE,01,Independent,Les Green,31
Desoto,Nesbit West,US HOUSE,01,Independent,Rick 'Rico' Hoskins,0
Desoto,Nesbit West,US HOUSE,01,Independent,Wally Pang,1
Desoto,Nesbit West,US HOUSE,01,Libertarian,Harold M Taylor,1
Desoto,Nesbit West,US HOUSE,01,Reform,Barbara Dale Washer,1
Desoto,Eudora,US HOUSE,01,Democrat,Travis W. Childers,169
Desoto,Eudora,US HOUSE,01,Republican,Alan Nunnelee,410
Desoto,Eudora,US HOUSE,01,Independent,A G Baddley,15
Desoto,Eudora,US HOUSE,01,Constitution,Gail Giaramita,85
Desoto,Eudora,US HOUSE,01,Independent,Les Green,9
Desoto,Eudora,US HOUSE,01,Independent,Rick 'Rico' Hoskins,0
Desoto,Eudora,US HOUSE,01,Independent,Wally Pang,4
Desoto,Eudora,US HOUSE,01,Libertarian,Harold M Taylor,0
Desoto,Eudora,US HOUSE,01,Reform,Barbara Dale Washer,1
Desoto,Oak Grove,US HOUSE,01,Democrat,Travis W. Childers,53
Desoto,Oak Grove,US HOUSE,01,Republican,Alan Nunnelee,97
Desoto,Oak Grove,US HOUSE,01,Independent,A G Baddley,25
Desoto,Oak Grove,US HOUSE,01,Constitution,Gail Giaramita,3
Desoto,Oak Grove,US HOUSE,01,Independent,Les Green,2
Desoto,Oak Grove,US HOUSE,01,Independent,Rick 'Rico' Hoskins,0
Desoto,Oak Grove,US HOUSE,01,Independent,Wally Pang,0
Desoto,Oak Grove,US HOUSE,01,Libertarian,Harold M Taylor,0
Desoto,Oak Grove,US HOUSE,01,Reform,Barbara Dale Washer,1
Desoto,Desoto Central,US HOUSE,01,Democrat,Travis W. Childers,543
Desoto,Desoto Central,US HOUSE,01,Republican,Alan Nunnelee,1517
Desoto,Desoto Central,US HOUSE,01,Independent,A G Baddley,12
Desoto,Desoto Central,US HOUSE,01,Constitution,Gail Giaramita,27
Desoto,Desoto Central,US HOUSE,01,Independent,Les Green,50
Desoto,Desoto Central,US HOUSE,01,Independent,Rick 'Rico' Hoskins,0
Desoto,Desoto Central,US HOUSE,01,Independent,Wally Pang,4
Desoto,Desoto Central,US HOUSE,01,Libertarian,Harold M Taylor,5
Desoto,Desoto Central,US HOUSE,01,Reform,Barbara Dale Washer,4
Desoto,Nesbit East,US HOUSE,01,Democrat,Travis W. Childers,215
Desoto,Nesbit East,US HOUSE,01,Republican,Alan Nunnelee,305
Desoto,Nesbit East,US HOUSE,01,Independent,A G Baddley,10
Desoto,Nesbit East,US HOUSE,01,Constitution,Gail Giaramita,5
Desoto,Nesbit East,US HOUSE,01,Independent,Les Green,12
Desoto,Nesbit East,US HOUSE,01,Independent,Rick 'Rico' Hoskins,0
Desoto,Nesbit East,US HOUSE,01,Independent,Wally Pang,0
Desoto,Nesbit East,US HOUSE,01,Libertarian,Harold M Taylor,2
Desoto,Nesbit East,US HOUSE,01,Reform,Barbara Dale Washer,2
Desoto,Bridgetown,US HOUSE,01,Democrat,Travis W. Childers,218
Desoto,Bridgetown,US HOUSE,01,Republican,Alan Nunnelee,854
Desoto,Bridgetown,US HOUSE,01,Independent,A G Baddley,33
Desoto,Bridgetown,US HOUSE,01,Constitution,Gail Giaramita,16
Desoto,Bridgetown,US HOUSE,01,Independent,Les Green,27
Desoto,Bridgetown,US HOUSE,01,Independent,Rick 'Rico' Hoskins,2
Desoto,Bridgetown,US HOUSE,01,Independent,Wally Pang,2
Desoto,Bridgetown,US HOUSE,01,Libertarian,Harold M Taylor,3
Desoto,Bridgetown,US HOUSE,01,Reform,Barbara Dale Washer,4
Desoto,Pleasant Hill South,US HOUSE,01,Democrat,Travis W. Childers,127
Desoto,Pleasant Hill South,US HOUSE,01,Republican,Alan Nunnelee,642
Desoto,Pleasant Hill South,US HOUSE,01,Independent,A G Baddley,4
Desoto,Pleasant Hill South,US HOUSE,01,Constitution,Gail Giaramita,5
Desoto,Pleasant Hill South,US HOUSE,01,Independent,Les Green,13
Desoto,Pleasant Hill South,US HOUSE,01,Independent,Rick 'Rico' Hoskins,0
Desoto,Pleasant Hill South,US HOUSE,01,Independent,Wally Pang,1
Desoto,Pleasant Hill South,US HOUSE,01,Libertarian,Harold M Taylor,4
Desoto,Pleasant Hill South,US HOUSE,01,Reform,Barbara Dale Washer,1
Desoto,Lewisburg West,US HOUSE,01,Democrat,Travis W. Childers,180
Desoto,Lewisburg West,US HOUSE,01,Republican,Alan Nunnelee,378
Desoto,Lewisburg West,US HOUSE,01,Independent,A G Baddley,16
Desoto,Lewisburg West,US HOUSE,01,Constitution,Gail Giaramita,3
Desoto,Lewisburg West,US HOUSE,01,Independent,Les Green,6
Desoto,Lewisburg West,US HOUSE,01,Independent,Rick 'Rico' Hoskins,0
Desoto,Lewisburg West,US HOUSE,01,Independent,Wally Pang,3
Desoto,Lewisburg West,US HOUSE,01,Libertarian,Harold M Taylor,1
Desoto,Lewisburg West,US HOUSE,01,Reform,Barbara Dale Washer,0
Desoto,Hernando East,US HOUSE,01,Democrat,Travis W. Childers,425
Desoto,Hernando East,US HOUSE,01,Republican,Alan Nunnelee,1798
Desoto,Hernando East,US HOUSE,01,Independent,A G Baddley,60
Desoto,Hernando East,US HOUSE,01,Constitution,Gail Giaramita,27
Desoto,Hernando East,US HOUSE,01,Independent,Les Green,161
Desoto,Hernando East,US HOUSE,01,Independent,Rick 'Rico' Hoskins,1
Desoto,Hernando East,US HOUSE,01,Independent,Wally Pang,3
Desoto,Hernando East,US HOUSE,01,Libertarian,Harold M Taylor,2
Desoto,Hernando East,US HOUSE,01,Reform,Barbara Dale Washer,1
Desoto,Hernando West,US HOUSE,01,Democrat,Travis W. Childers,378
Desoto,Hernando West,US HOUSE,01,Republican,Alan Nunnelee,781
Desoto,Hernando West,US HOUSE,01,Independent,A G Baddley,25
Desoto,Hernando West,US HOUSE,01,Constitution,Gail Giaramita,15
Desoto,Hernando West,US HOUSE,01,Independent,Les Green,100
Desoto,Hernando West,US HOUSE,01,Independent,Rick 'Rico' Hoskins,0
Desoto,Hernando West,US HOUSE,01,Independent,Wally Pang,3
Desoto,Hernando West,US HOUSE,01,Libertarian,Harold M Taylor,2
Desoto,Hernando West,US HOUSE,01,Reform,Barbara Dale Washer,0
Desoto,Love,US HOUSE,01,Democrat,Travis W. Childers,165
Desoto,Love,US HOUSE,01,Republican,Alan Nunnelee,498
Desoto,Love,US HOUSE,01,Independent,A G Baddley,13
Desoto,Love,US HOUSE,01,Constitution,Gail Giaramita,10
Desoto,Love,US HOUSE,01,Independent,Les Green,30
Desoto,Love,US HOUSE,01,Independent,Rick 'Rico' Hoskins,0
Desoto,Love,US HOUSE,01,Independent,Wally Pang,5
Desoto,Love,US HOUSE,01,Libertarian,Harold M Taylor,0
Desoto,Love,US HOUSE,01,Reform,Barbara Dale Washer,1
Desoto,Alphaba-Cockrum,US HOUSE,01,Democrat,Travis W. Childers,82
Desoto,Alphaba-Cockrum,US HOUSE,01,Republican,Alan Nunnelee,322
Desoto,Alphaba-Cockrum,US HOUSE,01,Independent,A G Baddley,11
Desoto,Alphaba-Cockrum,US HOUSE,01,Constitution,Gail Giaramita,6
Desoto,Alphaba-Cockrum,US HOUSE,01,Independent,Les Green,23
Desoto,Alphaba-Cockrum,US HOUSE,01,Independent,Rick 'Rico' Hoskins,0
Desoto,Alphaba-Cockrum,US HOUSE,01,Independent,Wally Pang,1
Desoto,Alphaba-Cockrum,US HOUSE,01,Libertarian,Harold M Taylor,0
Desoto,Alphaba-Cockrum,US HOUSE,01,Reform,Barbara Dale Washer,1
Desoto,Hernando Central,US HOUSE,01,Democrat,Travis W. Childers,261
Desoto,Hernando Central,US HOUSE,01,Republican,Alan Nunnelee,817
Desoto,Hernando Central,US HOUSE,01,Independent,A G Baddley,27
Desoto,Hernando Central,US HOUSE,01,Constitution,Gail Giaramita,17
Desoto,Hernando Central,US HOUSE,01,Independent,Les Green,79
Desoto,Hernando Central,US HOUSE,01,Independent,Rick 'Rico' Hoskins,0
Desoto,Hernando Central,US HOUSE,01,Independent,Wally Pang,6
Desoto,Hernando Central,US HOUSE,01,Libertarian,Harold M Taylor,3
Desoto,Hernando Central,US HOUSE,01,Reform,Barbara Dale Washer,0
Desoto,Horn Lake Central,US HOUSE,01,Democrat,Travis W. Childers,194
Desoto,Horn Lake Central,US HOUSE,01,Republican,Alan Nunnelee,294
Desoto,Horn Lake Central,US HOUSE,01,Independent,A G Baddley,14
Desoto,Horn Lake Central,US HOUSE,01,Constitution,Gail Giaramita,7
Desoto,Horn Lake Central,US HOUSE,01,Independent,Les Green,14
Desoto,Horn Lake Central,US HOUSE,01,Independent,Rick 'Rico' Hoskins,0
Desoto,Horn Lake Central,US HOUSE,01,Independent,Wally Pang,2
Desoto,Horn Lake Central,US HOUSE,01,Libertarian,Harold M Taylor,0
Desoto,Horn Lake Central,US HOUSE,01,Reform,Barbara Dale Washer,1
Desoto,Hacks Cross Road,US HOUSE,01,Democrat,Travis W. Childers,316
Desoto,Hacks Cross Road,US HOUSE,01,Republican,Alan Nunnelee,546
Desoto,Hacks Cross Road,US HOUSE,01,Independent,A G Baddley,9
Desoto,Hacks Cross Road,US HOUSE,01,Constitution,Gail Giaramita,10
Desoto,Hacks Cross Road,US HOUSE,01,Independent,Les Green,18
Desoto,Hacks Cross Road,US HOUSE,01,Independent,Rick 'Rico' Hoskins,1
Desoto,Hacks Cross Road,US HOUSE,01,Independent,Wally Pang,6
Desoto,Hacks Cross Road,US HOUSE,01,Libertarian,Harold M Taylor,2
Desoto,Hacks Cross Road,US HOUSE,01,Reform,Barbara Dale Washer,2
Desoto,Olive Branch West,US HOUSE,01,Democrat,Travis W. Childers,176
Desoto,Olive Branch West,US HOUSE,01,Republican,Alan Nunnelee,500
Desoto,Olive Branch West,US HOUSE,01,Independent,A G Baddley,2
Desoto,Olive Branch West,US HOUSE,01,Constitution,Gail Giaramita,6
Desoto,Olive Branch West,US HOUSE,01,Independent,Les Green,2
Desoto,Olive Branch West,US HOUSE,01,Independent,Rick 'Rico' Hoskins,1
Desoto,Olive Branch West,US HOUSE,01,Independent,Wally Pang,2
Desoto,Olive Branch West,US HOUSE,01,Libertarian,Harold M Taylor,2
Desoto,Olive Branch West,US HOUSE,01,Reform,Barbara Dale Washer,0
Desoto,Horn Lake Intermediate,US HOUSE,01,Democrat,Travis W. Childers,269
Desoto,Horn Lake Intermediate,US HOUSE,01,Republican,Alan Nunnelee,320
Desoto,Horn Lake Intermediate,US HOUSE,01,Independent,A G Baddley,11
Desoto,Horn Lake Intermediate,US HOUSE,01,Constitution,Gail Giaramita,4
Desoto,Horn Lake Intermediate,US HOUSE,01,Independent,Les Green,16
Desoto,Horn Lake Intermediate,US HOUSE,01,Independent,Rick 'Rico' Hoskins,0
Desoto,Horn Lake Intermediate,US HOUSE,01,Independent,Wally Pang,0
Desoto,Horn Lake Intermediate,US HOUSE,01,Libertarian,Harold M Taylor,1
Desoto,Horn Lake Intermediate,US HOUSE,01,Reform,Barbara Dale Washer,3
Desoto,TOTAL,US HOUSE,01,Democrat,Travis W. Childers,10450
Desoto,TOTAL,US HOUSE,01,Republican,Alan Nunnelee,23489
Desoto,TOTAL,US HOUSE,01,Independent,A G Baddley,617
Desoto,TOTAL,US HOUSE,01,Constitution,Gail Giaramita,469
Desoto,TOTAL,US HOUSE,01,Independent,Les Green,1009
Desoto,TOTAL,US HOUSE,01,Independent,Rick 'Rico' Hoskins,17
Desoto,TOTAL,US HOUSE,01,Independent,Wally Pang,89
Desoto,TOTAL,US HOUSE,01,Libertarian,Harold M Taylor,67
Desoto,TOTAL,US HOUSE,01,Reform,Barbara Dale Washer,58
Forrest,Sigler Center,US HOUSE,4,Libertarian,Kenneth 'Tim' Hampton,16
Forrest,Sigler Center,US HOUSE,4,Republican,Steven Palazzo,177
Forrest,Sigler Center,US HOUSE,4,Reform,Anna Jewel Revies,3
Forrest,Sigler Center,US HOUSE,4,Democrat,Gene Taylor,395
Forrest,Dantzler,US HOUSE,4,Libertarian,Kenneth 'Tim' Hampton,9
Forrest,Dantzler,US HOUSE,4,Republican,Steven Palazzo,203
Forrest,Dantzler,US HOUSE,4,Reform,Anna Jewel Revies,2
Forrest,Dantzler,US HOUSE,4,Democrat,Gene Taylor,98
Forrest,Dixie,US HOUSE,4,Libertarian,Kenneth 'Tim' Hampton,20
Forrest,Dixie,US HOUSE,4,Republican,Steven Palazzo,813
Forrest,Dixie,US HOUSE,4,Reform,Anna Jewel Revies,4
Forrest,Dixie,US HOUSE,4,Democrat,Gene Taylor,356
Forrest,Kamper Park,US HOUSE,4,Libertarian,Kenneth 'Tim' Hampton,19
Forrest,Kamper Park,US HOUSE,4,Republican,Steven Palazzo,329
Forrest,Kamper Park,US HOUSE,4,Reform,Anna Jewel Revies,4
Forrest,Kamper Park,US HOUSE,4,Democrat,Gene Taylor,397
Forrest,Westside,US HOUSE,4,Libertarian,Kenneth 'Tim' Hampton,11
Forrest,Westside,US HOUSE,4,Republican,Steven Palazzo,222
Forrest,Westside,US HOUSE,4,Reform,Anna Jewel Revies,4
Forrest,Westside,US HOUSE,4,Democrat,Gene Taylor,348
Forrest,Rawls Springs,US HOUSE,4,Libertarian,Kenneth 'Tim' Hampton,14
Forrest,Rawls Springs,US HOUSE,4,Republican,Steven Palazzo,244
Forrest,Rawls Springs,US HOUSE,4,Reform,Anna Jewel Revies,3
Forrest,Rawls Springs,US HOUSE,4,Democrat,Gene Taylor,342
Forrest,Hattiesburg Cultural Center,US HOUSE,4,Libertarian,Kenneth 'Tim' Hampton,5
Forrest,Hattiesburg Cultural Center,US HOUSE,4,Republican,Steven Palazzo,31
Forrest,Hattiesburg Cultural Center,US HOUSE,4,Reform,Anna Jewel Revies,3
Forrest,Hattiesburg Cultural Center,US HOUSE,4,Democrat,Gene Taylor,345
Forrest,Train Depot,US HOUSE,4,Libertarian,Kenneth 'Tim' Hampton,3
Forrest,Train Depot,US HOUSE,4,Republican,Steven Palazzo,32
Forrest,Train Depot,US HOUSE,4,Reform,Anna Jewel Revies,2
Forrest,Train Depot,US HOUSE,4,Democrat,Gene Taylor,209
Forrest,Burger Center,US HOUSE,4,Libertarian,Kenneth 'Tim' Hampton,2
Forrest,Burger Center,US HOUSE,4,Republican,Steven Palazzo,7
Forrest,Burger Center,US HOUSE,4,Reform,Anna Jewel Revies,2
Forrest,Burger Center,US HOUSE,4,Democrat,Gene Taylor,304
Forrest,North Heights,US HOUSE,4,Libertarian,Kenneth 'Tim' Hampton,2
Forrest,North Heights,US HOUSE,4,Republican,Steven Palazzo,54
Forrest,North Heights,US HOUSE,4,Reform,Anna Jewel Revies,7
Forrest,North Heights,US HOUSE,4,Democrat,Gene Taylor,357
Forrest,Eatonville,US HOUSE,4,Libertarian,Kenneth 'Tim' Hampton,4
Forrest,Eatonville,US HOUSE,4,Republican,Steven Palazzo,353
Forrest,Eatonville,US HOUSE,4,Reform,Anna Jewel Revies,2
Forrest,Eatonville,US HOUSE,4,Democrat,Gene Taylor,213
Forrest,Glendale,US HOUSE,4,Libertarian,Kenneth 'Tim' Hampton,4
Forrest,Glendale,US HOUSE,4,Republican,Steven Palazzo,176
Forrest,Glendale,US HOUSE,4,Reform,Anna Jewel Revies,6
Forrest,Glendale,US HOUSE,4,Democrat,Gene Taylor,472
Forrest,Bar Mac,US HOUSE,4,Libertarian,Kenneth 'Tim' Hampton,14
Forrest,Bar Mac,US HOUSE,4,Republican,Steven Palazzo,864
Forrest,Bar Mac,US HOUSE,4,Reform,Anna Jewel Revies,3
Forrest,Bar Mac,US HOUSE,4,Democrat,Gene Taylor,430
Forrest,East Petal,US HOUSE,4,Libertarian,Kenneth 'Tim' Hampton,11
Forrest,East Petal,US HOUSE,4,Republican,Steven Palazzo,570
Forrest,East Petal,US HOUSE,4,Reform,Anna Jewel Revies,4
Forrest,East Petal,US HOUSE,4,Democrat,Gene Taylor,331
Forrest,Leeville,US HOUSE,4,Libertarian,Kenneth 'Tim' Hampton,7
Forrest,Leeville,US HOUSE,4,Republican,Steven Palazzo,521
Forrest,Leeville,US HOUSE,4,Reform,Anna Jewel Revies,6
Forrest,Leeville,US HOUSE,4,Democrat,Gene Taylor,182
Forrest,Petal Masonic,US HOUSE,4,Libertarian,Kenneth 'Tim' Hampton,10
Forrest,Petal Masonic,US HOUSE,4,Republican,Steven Palazzo,575
Forrest,Petal Masonic,US HOUSE,4,Reform,Anna Jewel Revies,4
Forrest,Petal Masonic,US HOUSE,4,Democrat,Gene Taylor,285
Forrest,Sunrise,US HOUSE,4,Libertarian,Kenneth 'Tim' Hampton,15
Forrest,Sunrise,US HOUSE,4,Republican,Steven Palazzo,1193
Forrest,Sunrise,US HOUSE,4,Reform,Anna Jewel Revies,4
Forrest,Sunrise,US HOUSE,4,Democrat,Gene Taylor,522
Forrest,Dixie Pine Central,US HOUSE,4,Libertarian,Kenneth 'Tim' Hampton,9
Forrest,Dixie Pine Central,US HOUSE,4,Republican,Steven Palazzo,94
Forrest,Dixie Pine Central,US HOUSE,4,Reform,Anna Jewel Revies,7
Forrest,Dixie Pine Central,US HOUSE,4,Democrat,Gene Taylor,453
Forrest,Rowan,US HOUSE,4,Libertarian,Kenneth 'Tim' Hampton,2
Forrest,Rowan,US HOUSE,4,Republican,Steven Palazzo,4
Forrest,Rowan,US HOUSE,4,Reform,Anna Jewel Revies,3
Forrest,Rowan,US HOUSE,4,Democrat,Gene Taylor,296
Forrest,Salvation Army,US HOUSE,4,Libertarian,Kenneth 'Tim' Hampton,3
Forrest,Salvation Army,US HOUSE,4,Republican,Steven Palazzo,20
Forrest,Salvation Army,US HOUSE,4,Reform,Anna Jewel Revies,1
Forrest,Salvation Army,US HOUSE,4,Democrat,Gene Taylor,463
Forrest,Court Street,US HOUSE,4,Libertarian,Kenneth 'Tim' Hampton,7
Forrest,Court Street,US HOUSE,4,Republican,Steven Palazzo,67
Forrest,Court Street,US HOUSE,4,Reform,Anna Jewel Revies,5
Forrest,Court Street,US HOUSE,4,Democrat,Gene Taylor,254
Forrest,Camp,US HOUSE,4,Libertarian,Kenneth 'Tim' Hampton,6
Forrest,Camp,US HOUSE,4,Republican,Steven Palazzo,111
Forrest,Camp,US HOUSE,4,Reform,Anna Jewel Revies,0
Forrest,Camp,US HOUSE,4,Democrat,Gene Taylor,140
Forrest,West Petal,US HOUSE,4,Libertarian,Kenneth 'Tim' Hampton,5
Forrest,West Petal,US HOUSE,4,Republican,Steven Palazzo,145
Forrest,West Petal,US HOUSE,4,Reform,Anna Jewel Revies,1
Forrest,West Petal,US HOUSE,4,Democrat,Gene Taylor,128
Forrest,Mclaurin,US HOUSE,4,Libertarian,Kenneth 'Tim' Hampton,3
Forrest,Mclaurin,US HOUSE,4,Republican,Steven Palazzo,143
Forrest,Mclaurin,US HOUSE,4,Reform,Anna Jewel Revies,3
Forrest,Mclaurin,US HOUSE,4,Democrat,Gene Taylor,100
Forrest,Lillie Burney,US HOUSE,4,Libertarian,Kenneth 'Tim' Hampton,1
Forrest,Lillie Burney,US HOUSE,4,Republican,Steven Palazzo,1
Forrest,Lillie Burney,US HOUSE,4,Reform,Anna Jewel Revies,1
Forrest,Lillie Burney,US HOUSE,4,Democrat,Gene Taylor,232
Forrest,West Hills,US HOUSE,4,Libertarian,Kenneth 'Tim' Hampton,0
Forrest,West Hills,US HOUSE,4,Republican,Steven Palazzo,220
Forrest,West Hills,US HOUSE,4,Reform,Anna Jewel Revies,0
Forrest,West Hills,US HOUSE,4,Democrat,Gene Taylor,108
Forrest,Highland Park,US HOUSE,4,Libertarian,Kenneth 'Tim' Hampton,2
Forrest,Highland Park,US HOUSE,4,Republican,Steven Palazzo,131
Forrest,Highland Park,US HOUSE,4,Reform,Anna Jewel Revies,2
Forrest,Highland Park,US HOUSE,4,Democrat,Gene Taylor,273
Forrest,Brooklyn,US HOUSE,4,Libertarian,Kenneth 'Tim' Hampton,5
Forrest,Brooklyn,US HOUSE,4,Republican,Steven Palazzo,179
Forrest,Brooklyn,US HOUSE,4,Reform,Anna Jewel Revies,1
Forrest,Brooklyn,US HOUSE,4,Democrat,Gene Taylor,122
Forrest,Carnes,US HOUSE,4,Libertarian,Kenneth 'Tim' Hampton,2
Forrest,Carnes,US HOUSE,4,Republican,Steven Palazzo,288
Forrest,Carnes,US HOUSE,4,Reform,Anna Jewel Revies,1
Forrest,Carnes,US HOUSE,4,Democrat,Gene Taylor,159
Forrest,Maxin,US HOUSE,4,Libertarian,Kenneth 'Tim' Hampton,3
Forrest,Maxin,US HOUSE,4,Republican,Steven Palazzo,57
Forrest,Maxin,US HOUSE,4,Reform,Anna Jewel Revies,4
Forrest,Maxin,US HOUSE,4,Democrat,Gene Taylor,57
Forrest,Pinecrest,US HOUSE,4,Libertarian,Kenneth 'Tim' Hampton,20
Forrest,Pinecrest,US HOUSE,4,Republican,Steven Palazzo,267
Forrest,Pinecrest,US HOUSE,4,Reform,Anna Jewel Revies,3
Forrest,Pinecrest,US HOUSE,4,Democrat,Gene Taylor,327
Forrest,Thames,US HOUSE,4,Libertarian,Kenneth 'Tim' Hampton,18
Forrest,Thames,US HOUSE,4,Republican,Steven Palazzo,956
Forrest,Thames,US HOUSE,4,Reform,Anna Jewel Revies,0
Forrest,Thames,US HOUSE,4,Democrat,Gene Taylor,609
Forrest,Timberton,US HOUSE,4,Libertarian,Kenneth 'Tim' Hampton,1
Forrest,Timberton,US HOUSE,4,Republican,Steven Palazzo,253
Forrest,Timberton,US HOUSE,4,Reform,Anna Jewel Revies,2
Forrest,Timberton,US HOUSE,4,Democrat,Gene Taylor,160
Forrest,TOTAL,US HOUSE,4,Libertarian,Kenneth 'Tim' Hampton,253
Forrest,TOTAL,US HOUSE,4,Republican,Steven Palazzo,9250
Forrest,TOTAL,US HOUSE,4,Reform,Anna Jewel Revies,97
Forrest,TOTAL,US HOUSE,4,Democrat,Gene Taylor,9467
Franklin,Knoxville,US HOUSE,3,Democrat,Joel L. Gill,43
Franklin,Knoxville,US HOUSE,3,Republican,Gregg Harper,56
Franklin,Knoxville,US HOUSE,3,Reform,Tracella Lau O'Hara Hill,0
Franklin,Roxie,US HOUSE,3,Democrat,Joel L. Gill,168
Franklin,Roxie,US HOUSE,3,Republican,Gregg Harper,76
Franklin,Roxie,US HOUSE,3,Reform,Tracella Lau O'Hara Hill,2
Franklin,Antioch,US HOUSE,3,Democrat,Joel L. Gill,80
Franklin,Antioch,US HOUSE,3,Republican,Gregg Harper,103
Franklin,Antioch,US HOUSE,3,Reform,Tracella Lau O'Hara Hill,3
Franklin,Hamburg,US HOUSE,3,Democrat,Joel L. Gill,117
Franklin,Hamburg,US HOUSE,3,Republican,Gregg Harper,22
Franklin,Hamburg,US HOUSE,3,Reform,Tracella Lau O'Hara Hill,3
Franklin,Meadville,US HOUSE,3,Democrat,Joel L. Gill,26
Franklin,Meadville,US HOUSE,3,Republican,Gregg Harper,175
Franklin,Meadville,US HOUSE,3,Reform,Tracella Lau O'Hara Hill,0
Franklin,Bude,US HOUSE,3,Democrat,Joel L. Gill,164
Franklin,Bude,US HOUSE,3,Republican,Gregg Harper,131
Franklin,Bude,US HOUSE,3,Reform,Tracella Lau O'Hara Hill,2
Franklin,Pine Grove,US HOUSE,3,Democrat,Joel L. Gill,9
Franklin,Pine Grove,US HOUSE,3,Republican,Gregg Harper,64
Franklin,Pine Grove,US HOUSE,3,Reform,Tracella Lau O'Hara Hill,0
Franklin,Wesley Chapel,US HOUSE,3,Democrat,Joel L. Gill,39
Franklin,Wesley Chapel,US HOUSE,3,Republican,Gregg Harper,17
Franklin,Wesley Chapel,US HOUSE,3,Reform,Tracella Lau O'Hara Hill,0
Franklin,Eddiceton,US HOUSE,3,Democrat,Joel L. Gill,18
Franklin,Eddiceton,US HOUSE,3,Republican,Gregg Harper,188
Franklin,Eddiceton,US HOUSE,3,Reform,Tracella Lau O'Hara Hill,4
Franklin,Lucien,US HOUSE,3,Democrat,Joel L. Gill,10
Franklin,Lucien,US HOUSE,3,Republican,Gregg Harper,80
Franklin,Lucien,US HOUSE,3,Reform,Tracella Lau O'Hara Hill,1
Franklin,Mccall,US HOUSE,3,Democrat,Joel L. Gill,36
Franklin,Mccall,US HOUSE,3,Republican,Gregg Harper,132
Franklin,Mccall,US HOUSE,3,Reform,Tracella Lau O'Hara Hill,0
Franklin,Bad Bayou,US HOUSE,3,Democrat,Joel L. Gill,14
Franklin,Bad Bayou,US HOUSE,3,Republican,Gregg Harper,169
Franklin,Bad Bayou,US HOUSE,3,Reform,Tracella Lau O'Hara Hill,0
Franklin,Cains,US HOUSE,3,Democrat,Joel L. Gill,31
Franklin,Cains,US HOUSE,3,Republican,Gregg Harper,140
Franklin,Cains,US HOUSE,3,Reform,Tracella Lau O'Hara Hill,0
Franklin,Whittington,US HOUSE,3,Democrat,Joel L. Gill,15
Franklin,Whittington,US HOUSE,3,Republican,Gregg Harper,140
Franklin,Whittington,US HOUSE,3,Reform,Tracella Lau O'Hara Hill,1
Franklin,TOTAL,US HOUSE,3,Democrat,Joel L. Gill,770
Franklin,TOTAL,US HOUSE,3,Republican,Gregg Harper,1493
Franklin,TOTAL,US HOUSE,3,Republican,Tracella Lau O'Hara Hill,16
George,Rocky Creek,US HOUSE,4,Republican,Steven Palazzo,657
George,Rocky Creek,US HOUSE,4,Democrat,Gene Taylor,281
George,Rocky Creek,US HOUSE,4,Libertarian,Kenneth 'Tim' Hampton,7
George,Rocky Creek,US HOUSE,4,Reform,Anna Jewel Revies,2
George,Multi Mart,US HOUSE,4,Republican,Steven Palazzo,167
George,Multi Mart,US HOUSE,4,Democrat,Gene Taylor,74
George,Multi Mart,US HOUSE,4,Libertarian,Kenneth 'Tim' Hampton,1
George,Multi Mart,US HOUSE,4,Reform,Anna Jewel Revies,0
George,Ward,US HOUSE,4,Republican,Steven Palazzo,151
George,Ward,US HOUSE,4,Democrat,Gene Taylor,58
George,Ward,US HOUSE,4,Libertarian,Kenneth 'Tim' Hampton,2
George,Ward,US HOUSE,4,Reform,Anna Jewel Revies,1
George,Shipman,US HOUSE,4,Republican,Steven Palazzo,143
George,Shipman,US HOUSE,4,Democrat,Gene Taylor,75
George,Shipman,US HOUSE,4,Libertarian,Kenneth 'Tim' Hampton,0
George,Shipman,US HOUSE,4,Reform,Anna Jewel Revies,1
George,Courthouse,US HOUSE,4,Republican,Steven Palazzo,128
George,Courthouse,US HOUSE,4,Democrat,Gene Taylor,76
George,Courthouse,US HOUSE,4,Libertarian,Kenneth 'Tim' Hampton,2
George,Courthouse,US HOUSE,4,Reform,Anna Jewel Revies,1
George,Pine Level,US HOUSE,4,Republican,Steven Palazzo,209
George,Pine Level,US HOUSE,4,Democrat,Gene Taylor,78
George,Pine Level,US HOUSE,4,Libertarian,Kenneth 'Tim' Hampton,1
George,Pine Level,US HOUSE,4,Reform,Anna Jewel Revies,0
George,Agricola,US HOUSE,4,Republican,Steven Palazzo,468
George,Agricola,US HOUSE,4,Democrat,Gene Taylor,224
George,Agricola,US HOUSE,4,Libertarian,Kenneth 'Tim' Hampton,3
George,Agricola,US HOUSE,4,Reform,Anna Jewel Revies,5
George,Howell,US HOUSE,4,Republican,Steven Palazzo,178
George,Howell,US HOUSE,4,Democrat,Gene Taylor,62
George,Howell,US HOUSE,4,Libertarian,Kenneth 'Tim' Hampton,3
George,Howell,US HOUSE,4,Reform,Anna Jewel Revies,0
George,Movella,US HOUSE,4,Republican,Steven Palazzo,132
George,Movella,US HOUSE,4,Democrat,Gene Taylor,93
George,Movella,US HOUSE,4,Libertarian,Kenneth 'Tim' Hampton,1
George,Movella,US HOUSE,4,Reform,Anna Jewel Revies,2
George,Multi-Purpose,US HOUSE,4,Republican,Steven Palazzo,144
George,Multi-Purpose,US HOUSE,4,Democrat,Gene Taylor,109
George,Multi-Purpose,US HOUSE,4,Libertarian,Kenneth 'Tim' Hampton,2
George,Multi-Purpose,US HOUSE,4,Reform,Anna Jewel Revies,0
George,Basin,US HOUSE,4,Republican,Steven Palazzo,321
George,Basin,US HOUSE,4,Democrat,Gene Taylor,295
George,Basin,US HOUSE,4,Libertarian,Kenneth 'Tim' Hampton,4
George,Basin,US HOUSE,4,Reform,Anna Jewel Revies,4
George,Davis,US HOUSE,4,Republican,Steven Palazzo,139
George,Davis,US HOUSE,4,Democrat,Gene Taylor,123
George,Davis,US HOUSE,4,Libertarian,Kenneth 'Tim' Hampton,0
George,Davis,US HOUSE,4,Reform,Anna Jewel Revies,0
George,Barton,US HOUSE,4,Republican,Steven Palazzo,250
George,Barton,US HOUSE,4,Democrat,Gene Taylor,163
George,Barton,US HOUSE,4,Libertarian,Kenneth 'Tim' Hampton,1
George,Barton,US HOUSE,4,Reform,Anna Jewel Revies,1
George,City Hall,US HOUSE,4,Republican,Steven Palazzo,245
George,City Hall,US HOUSE,4,Democrat,Gene Taylor,176
George,City Hall,US HOUSE,4,Libertarian,Kenneth 'Tim' Hampton,1
George,City Hall,US HOUSE,4,Reform,Anna Jewel Revies,3
George,Shady Grove,US HOUSE,4,Republican,Steven Palazzo,313
George,Shady Grove,US HOUSE,4,Democrat,Gene Taylor,289
George,Shady Grove,US HOUSE,4,Libertarian,Kenneth 'Tim' Hampton,5
George,Shady Grove,US HOUSE,4,Reform,Anna Jewel Revies,2
George,Bexley,US HOUSE,4,Republican,Steven Palazzo,191
George,Bexley,US HOUSE,4,Democrat,Gene Taylor,202
George,Bexley,US HOUSE,4,Libertarian,Kenneth 'Tim' Hampton,1
George,Bexley,US HOUSE,4,Reform,Anna Jewel Revies,1
George,Salem,US HOUSE,4,Republican,Steven Palazzo,37
George,Salem,US HOUSE,4,Democrat,Gene Taylor,41
George,Salem,US HOUSE,4,Libertarian,Kenneth 'Tim' Hampton,0
George,Salem,US HOUSE,4,Reform,Anna Jewel Revies,0
George,Middle School,US HOUSE,4,Republican,Steven Palazzo,168
George,Middle School,US HOUSE,4,Democrat,Gene Taylor,251
George,Middle School,US HOUSE,4,Libertarian,Kenneth 'Tim' Hampton,3
George,Middle School,US HOUSE,4,Reform,Anna Jewel Revies,8
George,Central,US HOUSE,4,Republican,Steven Palazzo,78
George,Central,US HOUSE,4,Democrat,Gene Taylor,68
George,Central,US HOUSE,4,Libertarian,Kenneth 'Tim' Hampton,0
George,Central,US HOUSE,4,Reform,Anna Jewel Revies,0
George,Benndale,US HOUSE,4,Republican,Steven Palazzo,197
George,Benndale,US HOUSE,4,Democrat,Gene Taylor,272
George,Benndale,US HOUSE,4,Libertarian,Kenneth 'Tim' Hampton,5
George,Benndale,US HOUSE,4,Reform,Anna Jewel Revies,4
George,Broome,US HOUSE,4,Republican,Steven Palazzo,80
George,Broome,US HOUSE,4,Democrat,Gene Taylor,54
George,Broome,US HOUSE,4,Libertarian,Kenneth 'Tim' Hampton,0
George,Broome,US HOUSE,4,Reform,Anna Jewel Revies,0
George,Twin Creek,US HOUSE,4,Republican,Steven Palazzo,111
George,Twin Creek,US HOUSE,4,Democrat,Gene Taylor,97
George,Twin Creek,US HOUSE,4,Libertarian,Kenneth 'Tim' Hampton,0
George,Twin Creek,US HOUSE,4,Reform,Anna Jewel Revies,2
George,TOTAL,US HOUSE,4,Republican,Steven Palazzo,4507
George,TOTAL,US HOUSE,4,Democrat,Gene Taylor,3161
George,TOTAL,US HOUSE,4,Libertarian,Kenneth 'Tim' Hampton,42
George,TOTAL,US HOUSE,4,Reform,Anna Jewel Revies,37
Greene,Leakesville,US HOUSE,04,Republican,Steven Palazzo,492
Greene,Leakesville,US HOUSE,04,Democrat,Gene Taylor,250
Greene,Leakesville,US HOUSE,04,Libertarian,Kenneth 'Tim' Hampton,4
Greene,Leakesville,US HOUSE,04,Reform,Anna Jewel Revies,2
Greene,North Leakesville,US HOUSE,04,Republican,Steven Palazzo,53
Greene,North Leakesville,US HOUSE,04,Democrat,Gene Taylor,141
Greene,North Leakesville,US HOUSE,04,Libertarian,Kenneth 'Tim' Hampton,2
Greene,North Leakesville,US HOUSE,04,Reform,Anna Jewel Revies,1
Greene,State Line,US HOUSE,04,Republican,Steven Palazzo,123
Greene,State Line,US HOUSE,04,Democrat,Gene Taylor,259
Greene,State Line,US HOUSE,04,Libertarian,Kenneth 'Tim' Hampton,1
Greene,State Line,US HOUSE,04,Reform,Anna Jewel Revies,0
Greene,Mutual Rights,US HOUSE,04,Republican,Steven Palazzo,73
Greene,Mutual Rights,US HOUSE,04,Democrat,Gene Taylor,61
Greene,Mutual Rights,US HOUSE,04,Libertarian,Kenneth 'Tim' Hampton,2
Greene,Mutual Rights,US HOUSE,04,Reform,Anna Jewel Revies,0
Greene,Wade,US HOUSE,04,Republican,Steven Palazzo,228
Greene,Wade,US HOUSE,04,Democrat,Gene Taylor,86
Greene,Wade,US HOUSE,04,Libertarian,Kenneth 'Tim' Hampton,0
Greene,Wade,US HOUSE,04,Reform,Anna Jewel Revies,0
Greene,Jones,US HOUSE,04,Republican,Steven Palazzo,79
Greene,Jones,US HOUSE,04,Democrat,Gene Taylor,43
Greene,Jones,US HOUSE,04,Libertarian,Kenneth 'Tim' Hampton,1
Greene,Jones,US HOUSE,04,Reform,Anna Jewel Revies,0
Greene,Piave,US HOUSE,04,Republican,Steven Palazzo,150
Greene,Piave,US HOUSE,04,Democrat,Gene Taylor,42
Greene,Piave,US HOUSE,04,Libertarian,Kenneth 'Tim' Hampton,2
Greene,Piave,US HOUSE,04,Reform,Anna Jewel Revies,0
Greene,Maples,US HOUSE,04,Republican,Steven Palazzo,204
Greene,Maples,US HOUSE,04,Democrat,Gene Taylor,107
Greene,Maples,US HOUSE,04,Libertarian,Kenneth 'Tim' Hampton,4
Greene,Maples,US HOUSE,04,Reform,Anna Jewel Revies,2
Greene,Vernal,US HOUSE,04,Republican,Steven Palazzo,208
Greene,Vernal,US HOUSE,04,Democrat,Gene Taylor,143
Greene,Vernal,US HOUSE,04,Libertarian,Kenneth 'Tim' Hampton,3
Greene,Vernal,US HOUSE,04,Reform,Anna Jewel Revies,0
Greene,Washington Neely,US HOUSE,04,Republican,Steven Palazzo,116
Greene,Washington Neely,US HOUSE,04,Democrat,Gene Taylor,88
Greene,Washington Neely,US HOUSE,04,Libertarian,Kenneth 'Tim' Hampton,2
Greene,Washington Neely,US HOUSE,04,Reform,Anna Jewel Revies,0
Greene,Leaf,US HOUSE,04,Republican,Steven Palazzo,38
Greene,Leaf,US HOUSE,04,Democrat,Gene Taylor,47
Greene,Leaf,US HOUSE,04,Libertarian,Kenneth 'Tim' Hampton,1
Greene,Leaf,US HOUSE,04,Reform,Anna Jewel Revies,1
Greene,Mclain,US HOUSE,04,Republican,Steven Palazzo,77
Greene,Mclain,US HOUSE,04,Democrat,Gene Taylor,148
Greene,Mclain,US HOUSE,04,Libertarian,Kenneth 'Tim' Hampton,0
Greene,Mclain,US HOUSE,04,Reform,Anna Jewel Revies,1
Greene,Jonathan,US HOUSE,04,Republican,Steven Palazzo,134
Greene,Jonathan,US HOUSE,04,Democrat,Gene Taylor,59
Greene,Jonathan,US HOUSE,04,Libertarian,Kenneth 'Tim' Hampton,0
Greene,Jonathan,US HOUSE,04,Reform,Anna Jewel Revies,0
Greene,TOTAL,US HOUSE,04,Republican,Steven Palazzo,1975
Greene,TOTAL,US HOUSE,04,Democrat,Gene Taylor,1474
Greene,TOTAL,US HOUSE,04,Libertarian,Kenneth 'Tim' Hampton,22
Greene,TOTAL,US HOUSE,04,Reform,Anna Jewel Revies,7
Grenada,Box 1,US HOUSE,01,Democrat,Travis W. Childers,43
Grenada,Box 1,US HOUSE,01,Republican,Alan Nunnelee,464
Grenada,Box 1,US HOUSE,01,Independent,A G Baddley,1
Grenada,Box 1,US HOUSE,01,Constitution,Gail Giaramita,1
Grenada,Box 1,US HOUSE,01,Independent,Les Green,0
Grenada,Box 1,US HOUSE,01,Independent,Rick 'Rico' Hoskins,0
Grenada,Box 1,US HOUSE,01,Independent,Wally Pang,4
Grenada,Box 1,US HOUSE,01,Libertarian,Harold M Taylor,0
Grenada,Box 1,US HOUSE,01,Reform,Barbara Dale Washer,0
Grenada,Box 2 Grenada Co Office,US HOUSE,01,Democrat,Travis W. Childers,260
Grenada,Box 2 Grenada Co Office,US HOUSE,01,Republican,Alan Nunnelee,202
Grenada,Box 2 Grenada Co Office,US HOUSE,01,Independent,A G Baddley,1
Grenada,Box 2 Grenada Co Office,US HOUSE,01,Constitution,Gail Giaramita,2
Grenada,Box 2 Grenada Co Office,US HOUSE,01,Independent,Les Green,0
Grenada,Box 2 Grenada Co Office,US HOUSE,01,Independent,Rick 'Rico' Hoskins,1
Grenada,Box 2 Grenada Co Office,US HOUSE,01,Independent,Wally Pang,0
Grenada,Box 2 Grenada Co Office,US HOUSE,01,Libertarian,Harold M Taylor,0
Grenada,Box 2 Grenada Co Office,US HOUSE,01,Reform,Barbara Dale Washer,1
Grenada,Box 3 City Auditorium,US HOUSE,01,Democrat,Travis W. Childers,614
Grenada,Box 3 City Auditorium,US HOUSE,01,Republican,Alan Nunnelee,198
Grenada,Box 3 City Auditorium,US HOUSE,01,Independent,A G Baddley,2
Grenada,Box 3 City Auditorium,US HOUSE,01,Constitution,Gail Giaramita,2
Grenada,Box 3 City Auditorium,US HOUSE,01,Independent,Les Green,1
Grenada,Box 3 City Auditorium,US HOUSE,01,Independent,Rick 'Rico' Hoskins,2
Grenada,Box 3 City Auditorium,US HOUSE,01,Independent,Wally Pang,1
Grenada,Box 3 City Auditorium,US HOUSE,01,Libertarian,Harold M Taylor,2
Grenada,Box 3 City Auditorium,US HOUSE,01,Reform,Barbara Dale Washer,0
Grenada,Halcomb Community Center,US HOUSE,01,Democrat,Travis W. Childers,120
Grenada,Halcomb Community Center,US HOUSE,01,Republican,Alan Nunnelee,327
Grenada,Halcomb Community Center,US HOUSE,01,Independent,A G Baddley,2
Grenada,Halcomb Community Center,US HOUSE,01,Constitution,Gail Giaramita,1
Grenada,Halcomb Community Center,US HOUSE,01,Independent,Les Green,1
Grenada,Halcomb Community Center,US HOUSE,01,Independent,Rick 'Rico' Hoskins,2
Grenada,Halcomb Community Center,US HOUSE,01,Independent,Wally Pang,1
Grenada,Halcomb Community Center,US HOUSE,01,Libertarian,Harold M Taylor,2
Grenada,Halcomb Community Center,US HOUSE,01,Reform,Barbara Dale Washer,1
Grenada,Box 4,US HOUSE,01,Democrat,Travis W. Childers,878
Grenada,Box 4,US HOUSE,01,Republican,Alan Nunnelee,153
Grenada,Box 4,US HOUSE,01,Independent,A G Baddley,3
Grenada,Box 4,US HOUSE,01,Constitution,Gail Giaramita,2
Grenada,Box 4,US HOUSE,01,Independent,Les Green,1
Grenada,Box 4,US HOUSE,01,Independent,Rick 'Rico' Hoskins,2
Grenada,Box 4,US HOUSE,01,Independent,Wally Pang,0
Grenada,Box 4,US HOUSE,01,Libertarian,Harold M Taylor,1
Grenada,Box 4,US HOUSE,01,Reform,Barbara Dale Washer,4
Grenada,Box 5,US HOUSE,01,Democrat,Travis W. Childers,163
Grenada,Box 5,US HOUSE,01,Republican,Alan Nunnelee,706
Grenada,Box 5,US HOUSE,01,Independent,A G Baddley,3
Grenada,Box 5,US HOUSE,01,Constitution,Gail Giaramita,1
Grenada,Box 5,US HOUSE,01,Independent,Les Green,2
Grenada,Box 5,US HOUSE,01,Independent,Rick 'Rico' Hoskins,0
Grenada,Box 5,US HOUSE,01,Independent,Wally Pang,5
Grenada,Box 5,US HOUSE,01,Libertarian,Harold M Taylor,0
Grenada,Box 5,US HOUSE,01,Reform,Barbara Dale Washer,0
Grenada,Tie Plant,US HOUSE,01,Democrat,Travis W. Childers,233
Grenada,Tie Plant,US HOUSE,01,Republican,Alan Nunnelee,454
Grenada,Tie Plant,US HOUSE,01,Independent,A G Baddley,2
Grenada,Tie Plant,US HOUSE,01,Constitution,Gail Giaramita,1
Grenada,Tie Plant,US HOUSE,01,Independent,Les Green,0
Grenada,Tie Plant,US HOUSE,01,Independent,Rick 'Rico' Hoskins,1
Grenada,Tie Plant,US HOUSE,01,Independent,Wally Pang,4
Grenada,Tie Plant,US HOUSE,01,Libertarian,Harold M Taylor,1
Grenada,Tie Plant,US HOUSE,01,Reform,Barbara Dale Washer,1
Grenada,Elliot Vol Fire Station,US HOUSE,01,Democrat,Travis W. Childers,48
Grenada,Elliot Vol Fire Station,US HOUSE,01,Republican,Alan Nunnelee,156
Grenada,Elliot Vol Fire Station,US HOUSE,01,Independent,A G Baddley,0
Grenada,Elliot Vol Fire Station,US HOUSE,01,Constitution,Gail Giaramita,0
Grenada,Elliot Vol Fire Station,US HOUSE,01,Independent,Les Green,2
Grenada,Elliot Vol Fire Station,US HOUSE,01,Independent,Rick 'Rico' Hoskins,2
Grenada,Elliot Vol Fire Station,US HOUSE,01,Independent,Wally Pang,3
Grenada,Elliot Vol Fire Station,US HOUSE,01,Libertarian,Harold M Taylor,0
Grenada,Elliot Vol Fire Station,US HOUSE,01,Reform,Barbara Dale Washer,0
Grenada,Sweethome Hol #2 Fire Stat,US HOUSE,01,Democrat,Travis W. Childers,65
Grenada,Sweethome Hol #2 Fire Stat,US HOUSE,01,Republican,Alan Nunnelee,151
Grenada,Sweethome Hol #2 Fire Stat,US HOUSE,01,Independent,A G Baddley,2
Grenada,Sweethome Hol #2 Fire Stat,US HOUSE,01,Constitution,Gail Giaramita,1
Grenada,Sweethome Hol #2 Fire Stat,US HOUSE,01,Independent,Les Green,2
Grenada,Sweethome Hol #2 Fire Stat,US HOUSE,01,Independent,Rick 'Rico' Hoskins,0
Grenada,Sweethome Hol #2 Fire Stat,US HOUSE,01,Independent,Wally Pang,2
Grenada,Sweethome Hol #2 Fire Stat,US HOUSE,01,Libertarian,Harold M Taylor,1
Grenada,Sweethome Hol #2 Fire Stat,US HOUSE,01,Reform,Barbara Dale Washer,1
Grenada,Gore Springs Comm Center,US HOUSE,01,Democrat,Travis W. Childers,81
Grenada,Gore Springs Comm Center,US HOUSE,01,Republican,Alan Nunnelee,235
Grenada,Gore Springs Comm Center,US HOUSE,01,Independent,A G Baddley,2
Grenada,Gore Springs Comm Center,US HOUSE,01,Constitution,Gail Giaramita,0
Grenada,Gore Springs Comm Center,US HOUSE,01,Independent,Les Green,0
Grenada,Gore Springs Comm Center,US HOUSE,01,Independent,Rick 'Rico' Hoskins,1
Grenada,Gore Springs Comm Center,US HOUSE,01,Independent,Wally Pang,0
Grenada,Gore Springs Comm Center,US HOUSE,01,Libertarian,Harold M Taylor,1
Grenada,Gore Springs Comm Center,US HOUSE,01,Reform,Barbara Dale Washer,0
Grenada,Futheyville 1st Pentecost,US HOUSE,01,Democrat,Travis W. Childers,130
Grenada,Futheyville 1st Pentecost,US HOUSE,01,Republican,Alan Nunnelee,295
Grenada,Futheyville 1st Pentecost,US HOUSE,01,Independent,A G Baddley,3
Grenada,Futheyville 1st Pentecost,US HOUSE,01,Constitution,Gail Giaramita,1
Grenada,Futheyville 1st Pentecost,US HOUSE,01,Independent,Les Green,1
Grenada,Futheyville 1st Pentecost,US HOUSE,01,Independent,Rick 'Rico' Hoskins,0
Grenada,Futheyville 1st Pentecost,US HOUSE,01,Independent,Wally Pang,2
Grenada,Futheyville 1st Pentecost,US HOUSE,01,Libertarian,Harold M Taylor,0
Grenada,Futheyville 1st Pentecost,US HOUSE,01,Reform,Barbara Dale Washer,0
Grenada,Providence Gore Spr Comm,US HOUSE,01,Democrat,Travis W. Childers,0
Grenada,Providence Gore Spr Comm,US HOUSE,01,Republican,Alan Nunnelee,0
Grenada,Providence Gore Spr Comm,US HOUSE,01,Independent,A G Baddley,0
Grenada,Providence Gore Spr Comm,US HOUSE,01,Constitution,Gail Giaramita,0
Grenada,Providence Gore Spr Comm,US HOUSE,01,Independent,Les Green,0
Grenada,Providence Gore Spr Comm,US HOUSE,01,Independent,Rick 'Rico' Hoskins,0
Grenada,Providence Gore Spr Comm,US HOUSE,01,Independent,Wally Pang,0
Grenada,Providence Gore Spr Comm,US HOUSE,01,Libertarian,Harold M Taylor,0
Grenada,Providence Gore Spr Comm,US HOUSE,01,Reform,Barbara Dale Washer,0
Grenada,Mt Nebo Parker's Grocery,US HOUSE,01,Democrat,Travis W. Childers,0
Grenada,Mt Nebo Parker's Grocery,US HOUSE,01,Republican,Alan Nunnelee,0
Grenada,Mt Nebo Parker's Grocery,US HOUSE,01,Independent,A G Baddley,0
Grenada,Mt Nebo Parker's Grocery,US HOUSE,01,Constitution,Gail Giaramita,0
Grenada,Mt Nebo Parker's Grocery,US HOUSE,01,Independent,Les Green,0
Grenada,Mt Nebo Parker's Grocery,US HOUSE,01,Independent,Rick 'Rico' Hoskins,0
Grenada,Mt Nebo Parker's Grocery,US HOUSE,01,Independent,Wally Pang,0
Grenada,Mt Nebo Parker's Grocery,US HOUSE,01,Libertarian,Harold M Taylor,0
Grenada,Mt Nebo Parker's Grocery,US HOUSE,01,Reform,Barbara Dale Washer,0
Grenada,Pleasant Grove Commun Cen,US HOUSE,01,Democrat,Travis W. Childers,254
Grenada,Pleasant Grove Commun Cen,US HOUSE,01,Republican,Alan Nunnelee,135
Grenada,Pleasant Grove Commun Cen,US HOUSE,01,Independent,A G Baddley,4
Grenada,Pleasant Grove Commun Cen,US HOUSE,01,Constitution,Gail Giaramita,2
Grenada,Pleasant Grove Commun Cen,US HOUSE,01,Independent,Les Green,1
Grenada,Pleasant Grove Commun Cen,US HOUSE,01,Independent,Rick 'Rico' Hoskins,1
Grenada,Pleasant Grove Commun Cen,US HOUSE,01,Independent,Wally Pang,0
Grenada,Pleasant Grove Commun Cen,US HOUSE,01,Libertarian,Harold M Taylor,0
Grenada,Pleasant Grove Commun Cen,US HOUSE,01,Reform,Barbara Dale Washer,1
Grenada,Geeslin,US HOUSE,01,Democrat,Travis W. Childers,108
Grenada,Geeslin,US HOUSE,01,Republican,Alan Nunnelee,451
Grenada,Geeslin,US HOUSE,01,Independent,A G Baddley,1
Grenada,Geeslin,US HOUSE,01,Constitution,Gail Giaramita,3
Grenada,Geeslin,US HOUSE,01,Independent,Les Green,3
Grenada,Geeslin,US HOUSE,01,Independent,Rick 'Rico' Hoskins,1
Grenada,Geeslin,US HOUSE,01,Independent,Wally Pang,5
Grenada,Geeslin,US HOUSE,01,Libertarian,Harold M Taylor,1
Grenada,Geeslin,US HOUSE,01,Reform,Barbara Dale Washer,2
Grenada,Hardy,US HOUSE,01,Democrat,Travis W. Childers,0
Grenada,Hardy,US HOUSE,01,Republican,Alan Nunnelee,0
Grenada,Hardy,US HOUSE,01,Independent,A G Baddley,0
Grenada,Hardy,US HOUSE,01,Constitution,Gail Giaramita,0
Grenada,Hardy,US HOUSE,01,Independent,Les Green,0
Grenada,Hardy,US HOUSE,01,Independent,Rick 'Rico' Hoskins,0
Grenada,Hardy,US HOUSE,01,Independent,Wally Pang,0
Grenada,Hardy,US HOUSE,01,Libertarian,Harold M Taylor,0
Grenada,Hardy,US HOUSE,01,Reform,Barbara Dale Washer,0
Grenada,TOTAL,US HOUSE,01,Democrat,Travis W. Childers,2997
Grenada,TOTAL,US HOUSE,01,Republican,Alan Nunnelee,3927
Grenada,TOTAL,US HOUSE,01,Independent,A G Baddley,26
Grenada,TOTAL,US HOUSE,01,Constitution,Gail Giaramita,17
Grenada,TOTAL,US HOUSE,01,Independent,Les Green,14
Grenada,TOTAL,US HOUSE,01,Independent,Rick 'Rico' Hoskins,13
Grenada,TOTAL,US HOUSE,01,Independent,Wally Pang,27
Grenada,TOTAL,US HOUSE,01,Libertarian,Harold M Taylor,9
Grenada,TOTAL,US HOUSE,01,Reform,Barbara Dale Washer,11
Hancock,Ansley,US HOUSE,4,Republican,Steven Palazzo,17
Hancock,Ansley,US HOUSE,4,Democrat,Gene Taylor,47
Hancock,Ansley,US HOUSE,4,Libertarian,Kenneth 'Tim' Hampton,0
Hancock,Ansley,US HOUSE,4,Reform,Anna Jewel Revies,0
Hancock,Lakeshore,US HOUSE,4,Republican,Steven Palazzo,97
Hancock,Lakeshore,US HOUSE,4,Democrat,Gene Taylor,238
Hancock,Lakeshore,US HOUSE,4,Libertarian,Kenneth 'Tim' Hampton,1
Hancock,Lakeshore,US HOUSE,4,Reform,Anna Jewel Revies,1
Hancock,Clermont Harbor,US HOUSE,4,Republican,Steven Palazzo,66
Hancock,Clermont Harbor,US HOUSE,4,Democrat,Gene Taylor,116
Hancock,Clermont Harbor,US HOUSE,4,Libertarian,Kenneth 'Tim' Hampton,1
Hancock,Clermont Harbor,US HOUSE,4,Reform,Anna Jewel Revies,1
Hancock,Arlington,US HOUSE,4,Republican,Steven Palazzo,68
Hancock,Arlington,US HOUSE,4,Democrat,Gene Taylor,160
Hancock,Arlington,US HOUSE,4,Libertarian,Kenneth 'Tim' Hampton,0
Hancock,Arlington,US HOUSE,4,Reform,Anna Jewel Revies,0
Hancock,Waveland East,US HOUSE,4,Republican,Steven Palazzo,156
Hancock,Waveland East,US HOUSE,4,Democrat,Gene Taylor,404
Hancock,Waveland East,US HOUSE,4,Libertarian,Kenneth 'Tim' Hampton,4
Hancock,Waveland East,US HOUSE,4,Reform,Anna Jewel Revies,4
Hancock,Lee Town,US HOUSE,4,Republican,Steven Palazzo,266
Hancock,Lee Town,US HOUSE,4,Democrat,Gene Taylor,154
Hancock,Lee Town,US HOUSE,4,Libertarian,Kenneth 'Tim' Hampton,0
Hancock,Lee Town,US HOUSE,4,Reform,Anna Jewel Revies,5
Hancock,Falt Top,US HOUSE,4,Republican,Steven Palazzo,269
Hancock,Falt Top,US HOUSE,4,Democrat,Gene Taylor,127
Hancock,Falt Top,US HOUSE,4,Libertarian,Kenneth 'Tim' Hampton,2
Hancock,Falt Top,US HOUSE,4,Reform,Anna Jewel Revies,3
Hancock,Catahoula,US HOUSE,4,Republican,Steven Palazzo,41
Hancock,Catahoula,US HOUSE,4,Democrat,Gene Taylor,40
Hancock,Catahoula,US HOUSE,4,Libertarian,Kenneth 'Tim' Hampton,3
Hancock,Catahoula,US HOUSE,4,Reform,Anna Jewel Revies,2
Hancock,Pearlington,US HOUSE,4,Republican,Steven Palazzo,152
Hancock,Pearlington,US HOUSE,4,Democrat,Gene Taylor,188
Hancock,Pearlington,US HOUSE,4,Libertarian,Kenneth 'Tim' Hampton,2
Hancock,Pearlington,US HOUSE,4,Reform,Anna Jewel Revies,2
Hancock,Bayou Phillip,US HOUSE,4,Republican,Steven Palazzo,25
Hancock,Bayou Phillip,US HOUSE,4,Democrat,Gene Taylor,63
Hancock,Bayou Phillip,US HOUSE,4,Libertarian,Kenneth 'Tim' Hampton,0
Hancock,Bayou Phillip,US HOUSE,4,Reform,Anna Jewel Revies,0
Hancock,Waveland West,US HOUSE,4,Republican,Steven Palazzo,212
Hancock,Waveland West,US HOUSE,4,Democrat,Gene Taylor,464
Hancock,Waveland West,US HOUSE,4,Libertarian,Kenneth 'Tim' Hampton,11
Hancock,Waveland West,US HOUSE,4,Reform,Anna Jewel Revies,6
Hancock,Crane Creek,US HOUSE,4,Republican,Steven Palazzo,260
Hancock,Crane Creek,US HOUSE,4,Democrat,Gene Taylor,214
Hancock,Crane Creek,US HOUSE,4,Libertarian,Kenneth 'Tim' Hampton,1
Hancock,Crane Creek,US HOUSE,4,Reform,Anna Jewel Revies,0
Hancock,Dedeaux,US HOUSE,4,Republican,Steven Palazzo,149
Hancock,Dedeaux,US HOUSE,4,Democrat,Gene Taylor,238
Hancock,Dedeaux,US HOUSE,4,Libertarian,Kenneth 'Tim' Hampton,2
Hancock,Dedeaux,US HOUSE,4,Reform,Anna Jewel Revies,3
Hancock,North Bay West,US HOUSE,4,Republican,Steven Palazzo,175
Hancock,North Bay West,US HOUSE,4,Democrat,Gene Taylor,437
Hancock,North Bay West,US HOUSE,4,Libertarian,Kenneth 'Tim' Hampton,4
Hancock,North Bay West,US HOUSE,4,Reform,Anna Jewel Revies,1
Hancock,Diamondhead East,US HOUSE,4,Republican,Steven Palazzo,1416
Hancock,Diamondhead East,US HOUSE,4,Democrat,Gene Taylor,873
Hancock,Diamondhead East,US HOUSE,4,Libertarian,Kenneth 'Tim' Hampton,6
Hancock,Diamondhead East,US HOUSE,4,Reform,Anna Jewel Revies,2
Hancock,Courthouse,US HOUSE,4,Republican,Steven Palazzo,60
Hancock,Courthouse,US HOUSE,4,Democrat,Gene Taylor,129
Hancock,Courthouse,US HOUSE,4,Libertarian,Kenneth 'Tim' Hampton,2
Hancock,Courthouse,US HOUSE,4,Reform,Anna Jewel Revies,1
Hancock,Kiln West,US HOUSE,4,Republican,Steven Palazzo,185
Hancock,Kiln West,US HOUSE,4,Democrat,Gene Taylor,206
Hancock,Kiln West,US HOUSE,4,Libertarian,Kenneth 'Tim' Hampton,2
Hancock,Kiln West,US HOUSE,4,Reform,Anna Jewel Revies,6
Hancock,West Shoreline Park,US HOUSE,4,Republican,Steven Palazzo,55
Hancock,West Shoreline Park,US HOUSE,4,Democrat,Gene Taylor,103
Hancock,West Shoreline Park,US HOUSE,4,Libertarian,Kenneth 'Tim' Hampton,3
Hancock,West Shoreline Park,US HOUSE,4,Reform,Anna Jewel Revies,0
Hancock,City Hall,US HOUSE,4,Republican,Steven Palazzo,45
Hancock,City Hall,US HOUSE,4,Democrat,Gene Taylor,272
Hancock,City Hall,US HOUSE,4,Libertarian,Kenneth 'Tim' Hampton,7
Hancock,City Hall,US HOUSE,4,Reform,Anna Jewel Revies,2
Hancock,South Bay,US HOUSE,4,Republican,Steven Palazzo,212
Hancock,South Bay,US HOUSE,4,Democrat,Gene Taylor,530
Hancock,South Bay,US HOUSE,4,Libertarian,Kenneth 'Tim' Hampton,9
Hancock,South Bay,US HOUSE,4,Reform,Anna Jewel Revies,2
Hancock,North Bay East,US HOUSE,4,Republican,Steven Palazzo,87
Hancock,North Bay East,US HOUSE,4,Democrat,Gene Taylor,259
Hancock,North Bay East,US HOUSE,4,Libertarian,Kenneth 'Tim' Hampton,1
Hancock,North Bay East,US HOUSE,4,Reform,Anna Jewel Revies,1
Hancock,Standard,US HOUSE,4,Republican,Steven Palazzo,131
Hancock,Standard,US HOUSE,4,Democrat,Gene Taylor,196
Hancock,Standard,US HOUSE,4,Libertarian,Kenneth 'Tim' Hampton,1
Hancock,Standard,US HOUSE,4,Reform,Anna Jewel Revies,1
Hancock,Edwardsville,US HOUSE,4,Republican,Steven Palazzo,242
Hancock,Edwardsville,US HOUSE,4,Democrat,Gene Taylor,276
Hancock,Edwardsville,US HOUSE,4,Libertarian,Kenneth 'Tim' Hampton,11
Hancock,Edwardsville,US HOUSE,4,Reform,Anna Jewel Revies,3
Hancock,Fenton,US HOUSE,4,Republican,Steven Palazzo,181
Hancock,Fenton,US HOUSE,4,Democrat,Gene Taylor,230
Hancock,Fenton,US HOUSE,4,Libertarian,Kenneth 'Tim' Hampton,2
Hancock,Fenton,US HOUSE,4,Reform,Anna Jewel Revies,0
Hancock,Kiln East,US HOUSE,4,Republican,Steven Palazzo,211
Hancock,Kiln East,US HOUSE,4,Democrat,Gene Taylor,182
Hancock,Kiln East,US HOUSE,4,Libertarian,Kenneth 'Tim' Hampton,1
Hancock,Kiln East,US HOUSE,4,Reform,Anna Jewel Revies,1
Hancock,Diamondhead West,US HOUSE,4,Republican,Steven Palazzo,488
Hancock,Diamondhead West,US HOUSE,4,Democrat,Gene Taylor,341
Hancock,Diamondhead West,US HOUSE,4,Libertarian,Kenneth 'Tim' Hampton,7
Hancock,Diamondhead West,US HOUSE,4,Reform,Anna Jewel Revies,2
Hancock,TOTAL,US HOUSE,4,Republican,Steven Palazzo,5266
Hancock,TOTAL,US HOUSE,4,Democrat,Gene Taylor,6487
Hancock,TOTAL,US HOUSE,4,Libertarian,Kenneth 'Tim' Hampton,83
Hancock,TOTAL,US HOUSE,4,Reform,Anna Jewel Revies,49
Harrison,Biloxi # 1,US HOUSE,4,Republican,Steven Palazzo,25
Harrison,Biloxi # 1,US HOUSE,4,Democrat,Gene Taylor,53
Harrison,Biloxi # 1,US HOUSE,4,Libertarian,Kenneth 'Tim' Hampton,0
Harrison,Biloxi # 1,US HOUSE,4,Reform,Anna Jewel Revies,1
Harrison,Biloxi # 2,US HOUSE,4,Republican,Steven Palazzo,49
Harrison,Biloxi # 2,US HOUSE,4,Democrat,Gene Taylor,107
Harrison,Biloxi # 2,US HOUSE,4,Libertarian,Kenneth 'Tim' Hampton,0
Harrison,Biloxi # 2,US HOUSE,4,Reform,Anna Jewel Revies,0
Harrison,Biloxi # 3,US HOUSE,4,Republican,Steven Palazzo,32
Harrison,Biloxi # 3,US HOUSE,4,Democrat,Gene Taylor,189
Harrison,Biloxi # 3,US HOUSE,4,Libertarian,Kenneth 'Tim' Hampton,2
Harrison,Biloxi # 3,US HOUSE,4,Reform,Anna Jewel Revies,4
Harrison,Biloxi # 4,US HOUSE,4,Republican,Steven Palazzo,20
Harrison,Biloxi # 4,US HOUSE,4,Democrat,Gene Taylor,350
Harrison,Biloxi # 4,US HOUSE,4,Libertarian,Kenneth 'Tim' Hampton,3
Harrison,Biloxi # 4,US HOUSE,4,Reform,Anna Jewel Revies,1
Harrison,Biloxi # 5,US HOUSE,4,Republican,Steven Palazzo,41
Harrison,Biloxi # 5,US HOUSE,4,Democrat,Gene Taylor,130
Harrison,Biloxi # 5,US HOUSE,4,Libertarian,Kenneth 'Tim' Hampton,0
Harrison,Biloxi # 5,US HOUSE,4,Reform,Anna Jewel Revies,1
Harrison,Biloxi # 6,US HOUSE,4,Republican,Steven Palazzo,21
Harrison,Biloxi # 6,US HOUSE,4,Democrat,Gene Taylor,105
Harrison,Biloxi # 6,US HOUSE,4,Libertarian,Kenneth 'Tim' Hampton,0
Harrison,Biloxi # 6,US HOUSE,4,Reform,Anna Jewel Revies,0
Harrison,Biloxi # 7,US HOUSE,4,Republican,Steven Palazzo,82
Harrison,Biloxi # 7,US HOUSE,4,Democrat,Gene Taylor,170
Harrison,Biloxi # 7,US HOUSE,4,Libertarian,Kenneth 'Tim' Hampton,2
Harrison,Biloxi # 7,US HOUSE,4,Reform,Anna Jewel Revies,1
Harrison,Biloxi # 8,US HOUSE,4,Republican,Steven Palazzo,186
Harrison,Biloxi # 8,US HOUSE,4,Democrat,Gene Taylor,269
Harrison,Biloxi # 8,US HOUSE,4,Libertarian,Kenneth 'Tim' Hampton,5
Harrison,Biloxi # 8,US HOUSE,4,Reform,Anna Jewel Revies,2
Harrison,Biloxi Central,US HOUSE,4,Republican,Steven Palazzo,62
Harrison,Biloxi Central,US HOUSE,4,Democrat,Gene Taylor,161
Harrison,Biloxi Central,US HOUSE,4,Libertarian,Kenneth 'Tim' Hampton,0
Harrison,Biloxi Central,US HOUSE,4,Reform,Anna Jewel Revies,1
Harrison,Biloxi Bay,US HOUSE,4,Republican,Steven Palazzo,215
Harrison,Biloxi Bay,US HOUSE,4,Democrat,Gene Taylor,335
Harrison,Biloxi Bay,US HOUSE,4,Libertarian,Kenneth 'Tim' Hampton,5
Harrison,Biloxi Bay,US HOUSE,4,Reform,Anna Jewel Revies,6
Harrison,North Bay,US HOUSE,4,Republican,Steven Palazzo,828
Harrison,North Bay,US HOUSE,4,Democrat,Gene Taylor,1015
Harrison,North Bay,US HOUSE,4,Libertarian,Kenneth 'Tim' Hampton,10
Harrison,North Bay,US HOUSE,4,Reform,Anna Jewel Revies,12
Harrison,White Plains,US HOUSE,4,Republican,Steven Palazzo,215
Harrison,White Plains,US HOUSE,4,Democrat,Gene Taylor,205
Harrison,White Plains,US HOUSE,4,Libertarian,Kenneth 'Tim' Hampton,3
Harrison,White Plains,US HOUSE,4,Reform,Anna Jewel Revies,1
Harrison,Poplar Head,US HOUSE,4,Republican,Steven Palazzo,111
Harrison,Poplar Head,US HOUSE,4,Democrat,Gene Taylor,64
Harrison,Poplar Head,US HOUSE,4,Libertarian,Kenneth 'Tim' Hampton,0
Harrison,Poplar Head,US HOUSE,4,Reform,Anna Jewel Revies,0
Harrison,D'Iberville,US HOUSE,4,Republican,Steven Palazzo,108
Harrison,D'Iberville,US HOUSE,4,Democrat,Gene Taylor,148
Harrison,D'Iberville,US HOUSE,4,Libertarian,Kenneth 'Tim' Hampton,0
Harrison,D'Iberville,US HOUSE,4,Reform,Anna Jewel Revies,1
Harrison,Advance,US HOUSE,4,Republican,Steven Palazzo,269
Harrison,Advance,US HOUSE,4,Democrat,Gene Taylor,280
Harrison,Advance,US HOUSE,4,Libertarian,Kenneth 'Tim' Hampton,1
Harrison,Advance,US HOUSE,4,Reform,Anna Jewel Revies,3
Harrison,East Lizana,US HOUSE,4,Republican,Steven Palazzo,330
Harrison,East Lizana,US HOUSE,4,Democrat,Gene Taylor,284
Harrison,East Lizana,US HOUSE,4,Libertarian,Kenneth 'Tim' Hampton,0
Harrison,East Lizana,US HOUSE,4,Reform,Anna Jewel Revies,2
Harrison,East Lyman,US HOUSE,4,Republican,Steven Palazzo,338
Harrison,East Lyman,US HOUSE,4,Democrat,Gene Taylor,341
Harrison,East Lyman,US HOUSE,4,Libertarian,Kenneth 'Tim' Hampton,3
Harrison,East Lyman,US HOUSE,4,Reform,Anna Jewel Revies,1
Harrison,E Orange Grove,US HOUSE,4,Republican,Steven Palazzo,566
Harrison,E Orange Grove,US HOUSE,4,Democrat,Gene Taylor,771
Harrison,E Orange Grove,US HOUSE,4,Libertarian,Kenneth 'Tim' Hampton,6
Harrison,E Orange Grove,US HOUSE,4,Reform,Anna Jewel Revies,7
Harrison,Gulfport # 4,US HOUSE,4,Republican,Steven Palazzo,111
Harrison,Gulfport # 4,US HOUSE,4,Democrat,Gene Taylor,120
Harrison,Gulfport # 4,US HOUSE,4,Libertarian,Kenneth 'Tim' Hampton,0
Harrison,Gulfport # 4,US HOUSE,4,Reform,Anna Jewel Revies,0
Harrison,Gulfport # 5,US HOUSE,4,Republican,Steven Palazzo,169
Harrison,Gulfport # 5,US HOUSE,4,Democrat,Gene Taylor,327
Harrison,Gulfport # 5,US HOUSE,4,Libertarian,Kenneth 'Tim' Hampton,4
Harrison,Gulfport # 5,US HOUSE,4,Reform,Anna Jewel Revies,3
Harrison,Gulfport # 7,US HOUSE,4,Republican,Steven Palazzo,128
Harrison,Gulfport # 7,US HOUSE,4,Democrat,Gene Taylor,202
Harrison,Gulfport # 7,US HOUSE,4,Libertarian,Kenneth 'Tim' Hampton,2
Harrison,Gulfport # 7,US HOUSE,4,Reform,Anna Jewel Revies,0
Harrison,Gulfport # 11,US HOUSE,4,Republican,Steven Palazzo,220
Harrison,Gulfport # 11,US HOUSE,4,Democrat,Gene Taylor,182
Harrison,Gulfport # 11,US HOUSE,4,Libertarian,Kenneth 'Tim' Hampton,3
Harrison,Gulfport # 11,US HOUSE,4,Reform,Anna Jewel Revies,0
Harrison,Gulfport # 12,US HOUSE,4,Republican,Steven Palazzo,553
Harrison,Gulfport # 12,US HOUSE,4,Democrat,Gene Taylor,398
Harrison,Gulfport # 12,US HOUSE,4,Libertarian,Kenneth 'Tim' Hampton,1
Harrison,Gulfport # 12,US HOUSE,4,Reform,Anna Jewel Revies,0
Harrison,West Lyman,US HOUSE,4,Republican,Steven Palazzo,673
Harrison,West Lyman,US HOUSE,4,Democrat,Gene Taylor,596
Harrison,West Lyman,US HOUSE,4,Libertarian,Kenneth 'Tim' Hampton,7
Harrison,West Lyman,US HOUSE,4,Reform,Anna Jewel Revies,0
Harrison,West Orange Grove,US HOUSE,4,Republican,Steven Palazzo,979
Harrison,West Orange Grove,US HOUSE,4,Democrat,Gene Taylor,936
Harrison,West Orange Grove,US HOUSE,4,Libertarian,Kenneth 'Tim' Hampton,12
Harrison,West Orange Grove,US HOUSE,4,Reform,Anna Jewel Revies,5
Harrison,Riceville,US HOUSE,4,Republican,Steven Palazzo,46
Harrison,Riceville,US HOUSE,4,Democrat,Gene Taylor,60
Harrison,Riceville,US HOUSE,4,Libertarian,Kenneth 'Tim' Hampton,0
Harrison,Riceville,US HOUSE,4,Reform,Anna Jewel Revies,0
Harrison,Stonewall,US HOUSE,4,Republican,Steven Palazzo,485
Harrison,Stonewall,US HOUSE,4,Democrat,Gene Taylor,491
Harrison,Stonewall,US HOUSE,4,Libertarian,Kenneth 'Tim' Hampton,2
Harrison,Stonewall,US HOUSE,4,Reform,Anna Jewel Revies,3
Harrison,West Handsboro,US HOUSE,4,Republican,Steven Palazzo,645
Harrison,West Handsboro,US HOUSE,4,Democrat,Gene Taylor,474
Harrison,West Handsboro,US HOUSE,4,Libertarian,Kenneth 'Tim' Hampton,6
Harrison,West Handsboro,US HOUSE,4,Reform,Anna Jewel Revies,3
Harrison,West Miss City,US HOUSE,4,Republican,Steven Palazzo,114
Harrison,West Miss City,US HOUSE,4,Democrat,Gene Taylor,167
Harrison,West Miss City,US HOUSE,4,Libertarian,Kenneth 'Tim' Hampton,3
Harrison,West Miss City,US HOUSE,4,Reform,Anna Jewel Revies,0
Harrison,Delisle,US HOUSE,4,Republican,Steven Palazzo,241
Harrison,Delisle,US HOUSE,4,Democrat,Gene Taylor,464
Harrison,Delisle,US HOUSE,4,Libertarian,Kenneth 'Tim' Hampton,3
Harrison,Delisle,US HOUSE,4,Reform,Anna Jewel Revies,2
Harrison,E Pass Christian,US HOUSE,4,Republican,Steven Palazzo,298
Harrison,E Pass Christian,US HOUSE,4,Democrat,Gene Taylor,567
Harrison,E Pass Christian,US HOUSE,4,Libertarian,Kenneth 'Tim' Hampton,9
Harrison,E Pass Christian,US HOUSE,4,Reform,Anna Jewel Revies,9
Harrison,Westside,US HOUSE,4,Republican,Steven Palazzo,166
Harrison,Westside,US HOUSE,4,Democrat,Gene Taylor,248
Harrison,Westside,US HOUSE,4,Libertarian,Kenneth 'Tim' Hampton,4
Harrison,Westside,US HOUSE,4,Reform,Anna Jewel Revies,0
Harrison,W Pass Christian,US HOUSE,4,Republican,Steven Palazzo,272
Harrison,W Pass Christian,US HOUSE,4,Democrat,Gene Taylor,375
Harrison,W Pass Christian,US HOUSE,4,Libertarian,Kenneth 'Tim' Hampton,3
Harrison,W Pass Christian,US HOUSE,4,Reform,Anna Jewel Revies,1
Harrison,Ladner,US HOUSE,4,Republican,Steven Palazzo,248
Harrison,Ladner,US HOUSE,4,Democrat,Gene Taylor,319
Harrison,Ladner,US HOUSE,4,Libertarian,Kenneth 'Tim' Hampton,7
Harrison,Ladner,US HOUSE,4,Reform,Anna Jewel Revies,6
Harrison,West Lizana,US HOUSE,4,Republican,Steven Palazzo,157
Harrison,West Lizana,US HOUSE,4,Democrat,Gene Taylor,169
Harrison,West Lizana,US HOUSE,4,Libertarian,Kenneth 'Tim' Hampton,2
Harrison,West Lizana,US HOUSE,4,Reform,Anna Jewel Revies,2
Harrison,Long Beach # 1,US HOUSE,4,Republican,Steven Palazzo,208
Harrison,Long Beach # 1,US HOUSE,4,Democrat,Gene Taylor,242
Harrison,Long Beach # 1,US HOUSE,4,Libertarian,Kenneth 'Tim' Hampton,1
Harrison,Long Beach # 1,US HOUSE,4,Reform,Anna Jewel Revies,1
Harrison,Long Beach # 2,US HOUSE,4,Republican,Steven Palazzo,267
Harrison,Long Beach # 2,US HOUSE,4,Democrat,Gene Taylor,349
Harrison,Long Beach # 2,US HOUSE,4,Libertarian,Kenneth 'Tim' Hampton,2
Harrison,Long Beach # 2,US HOUSE,4,Reform,Anna Jewel Revies,3
Harrison,Long Beach # 3,US HOUSE,4,Republican,Steven Palazzo,245
Harrison,Long Beach # 3,US HOUSE,4,Democrat,Gene Taylor,307
Harrison,Long Beach # 3,US HOUSE,4,Libertarian,Kenneth 'Tim' Hampton,0
Harrison,Long Beach # 3,US HOUSE,4,Reform,Anna Jewel Revies,1
Harrison,Long Beach # 4,US HOUSE,4,Republican,Steven Palazzo,318
Harrison,Long Beach # 4,US HOUSE,4,Democrat,Gene Taylor,417
Harrison,Long Beach # 4,US HOUSE,4,Libertarian,Kenneth 'Tim' Hampton,7
Harrison,Long Beach # 4,US HOUSE,4,Reform,Anna Jewel Revies,1
Harrison,Long Beach # 5,US HOUSE,4,Republican,Steven Palazzo,642
Harrison,Long Beach # 5,US HOUSE,4,Democrat,Gene Taylor,599
Harrison,Long Beach # 5,US HOUSE,4,Libertarian,Kenneth 'Tim' Hampton,4
Harrison,Long Beach # 5,US HOUSE,4,Reform,Anna Jewel Revies,6
Harrison,Long Beach # 6,US HOUSE,4,Republican,Steven Palazzo,294
Harrison,Long Beach # 6,US HOUSE,4,Democrat,Gene Taylor,398
Harrison,Long Beach # 6,US HOUSE,4,Libertarian,Kenneth 'Tim' Hampton,3
Harrison,Long Beach # 6,US HOUSE,4,Reform,Anna Jewel Revies,3
Harrison,Outside Long Beach,US HOUSE,4,Republican,Steven Palazzo,140
Harrison,Outside Long Beach,US HOUSE,4,Democrat,Gene Taylor,121
Harrison,Outside Long Beach,US HOUSE,4,Libertarian,Kenneth 'Tim' Hampton,2
Harrison,Outside Long Beach,US HOUSE,4,Reform,Anna Jewel Revies,1
Harrison,Pineville,US HOUSE,4,Republican,Steven Palazzo,432
Harrison,Pineville,US HOUSE,4,Democrat,Gene Taylor,455
Harrison,Pineville,US HOUSE,4,Libertarian,Kenneth 'Tim' Hampton,3
Harrison,Pineville,US HOUSE,4,Reform,Anna Jewel Revies,2
Harrison,Vidalia,US HOUSE,4,Republican,Steven Palazzo,129
Harrison,Vidalia,US HOUSE,4,Democrat,Gene Taylor,160
Harrison,Vidalia,US HOUSE,4,Libertarian,Kenneth 'Tim' Hampton,0
Harrison,Vidalia,US HOUSE,4,Reform,Anna Jewel Revies,2
Harrison,Gulfport # 3,US HOUSE,4,Republican,Steven Palazzo,36
Harrison,Gulfport # 3,US HOUSE,4,Democrat,Gene Taylor,277
Harrison,Gulfport # 3,US HOUSE,4,Libertarian,Kenneth 'Tim' Hampton,4
Harrison,Gulfport # 3,US HOUSE,4,Reform,Anna Jewel Revies,1
Harrison,Gulfport # 8,US HOUSE,4,Republican,Steven Palazzo,75
Harrison,Gulfport # 8,US HOUSE,4,Democrat,Gene Taylor,348
Harrison,Gulfport # 8,US HOUSE,4,Libertarian,Kenneth 'Tim' Hampton,5
Harrison,Gulfport # 8,US HOUSE,4,Reform,Anna Jewel Revies,2
Harrison,Gulfport # 9,US HOUSE,4,Republican,Steven Palazzo,16
Harrison,Gulfport # 9,US HOUSE,4,Democrat,Gene Taylor,80
Harrison,Gulfport # 9,US HOUSE,4,Libertarian,Kenneth 'Tim' Hampton,1
Harrison,Gulfport # 9,US HOUSE,4,Reform,Anna Jewel Revies,1
Harrison,Gulfport # 13,US HOUSE,4,Republican,Steven Palazzo,50
Harrison,Gulfport # 13,US HOUSE,4,Democrat,Gene Taylor,419
Harrison,Gulfport # 13,US HOUSE,4,Libertarian,Kenneth 'Tim' Hampton,5
Harrison,Gulfport # 13,US HOUSE,4,Reform,Anna Jewel Revies,4
Harrison,Gulfport # 14,US HOUSE,4,Republican,Steven Palazzo,36
Harrison,Gulfport # 14,US HOUSE,4,Democrat,Gene Taylor,653
Harrison,Gulfport # 14,US HOUSE,4,Libertarian,Kenneth 'Tim' Hampton,6
Harrison,Gulfport # 14,US HOUSE,4,Reform,Anna Jewel Revies,4
Harrison,Gulfport # 16,US HOUSE,4,Republican,Steven Palazzo,47
Harrison,Gulfport # 16,US HOUSE,4,Democrat,Gene Taylor,495
Harrison,Gulfport # 16,US HOUSE,4,Libertarian,Kenneth 'Tim' Hampton,8
Harrison,Gulfport # 16,US HOUSE,4,Reform,Anna Jewel Revies,7
Harrison,East North Gulfport,US HOUSE,4,Republican,Steven Palazzo,14
Harrison,East North Gulfport,US HOUSE,4,Democrat,Gene Taylor,464
Harrison,East North Gulfport,US HOUSE,4,Libertarian,Kenneth 'Tim' Hampton,6
Harrison,East North Gulfport,US HOUSE,4,Reform,Anna Jewel Revies,1
Harrison,Gulfport # 15,US HOUSE,4,Republican,Steven Palazzo,41
Harrison,Gulfport # 15,US HOUSE,4,Democrat,Gene Taylor,144
Harrison,Gulfport # 15,US HOUSE,4,Libertarian,Kenneth 'Tim' Hampton,2
Harrison,Gulfport # 15,US HOUSE,4,Reform,Anna Jewel Revies,2
Harrison,North Bel-Aire,US HOUSE,4,Republican,Steven Palazzo,432
Harrison,North Bel-Aire,US HOUSE,4,Democrat,Gene Taylor,975
Harrison,North Bel-Aire,US HOUSE,4,Libertarian,Kenneth 'Tim' Hampton,12
Harrison,North Bel-Aire,US HOUSE,4,Reform,Anna Jewel Revies,8
Harrison,South Bel-Aire,US HOUSE,4,Republican,Steven Palazzo,258
Harrison,South Bel-Aire,US HOUSE,4,Democrat,Gene Taylor,635
Harrison,South Bel-Aire,US HOUSE,4,Libertarian,Kenneth 'Tim' Hampton,9
Harrison,South Bel-Aire,US HOUSE,4,Reform,Anna Jewel Revies,4
Harrison,West North Gpt,US HOUSE,4,Republican,Steven Palazzo,16
Harrison,West North Gpt,US HOUSE,4,Democrat,Gene Taylor,728
Harrison,West North Gpt,US HOUSE,4,Libertarian,Kenneth 'Tim' Hampton,5
Harrison,West North Gpt,US HOUSE,4,Reform,Anna Jewel Revies,7
Harrison,Magnolia Grove,US HOUSE,4,Republican,Steven Palazzo,34
Harrison,Magnolia Grove,US HOUSE,4,Democrat,Gene Taylor,211
Harrison,Magnolia Grove,US HOUSE,4,Libertarian,Kenneth 'Tim' Hampton,6
Harrison,Magnolia Grove,US HOUSE,4,Reform,Anna Jewel Revies,1
Harrison,New Hope,US HOUSE,4,Republican,Steven Palazzo,134
Harrison,New Hope,US HOUSE,4,Democrat,Gene Taylor,181
Harrison,New Hope,US HOUSE,4,Libertarian,Kenneth 'Tim' Hampton,1
Harrison,New Hope,US HOUSE,4,Reform,Anna Jewel Revies,3
Harrison,Biloxi # 10,US HOUSE,4,Republican,Steven Palazzo,473
Harrison,Biloxi # 10,US HOUSE,4,Democrat,Gene Taylor,550
Harrison,Biloxi # 10,US HOUSE,4,Libertarian,Kenneth 'Tim' Hampton,3
Harrison,Biloxi # 10,US HOUSE,4,Reform,Anna Jewel Revies,1
Harrison,Biloxi # 11,US HOUSE,4,Republican,Steven Palazzo,841
Harrison,Biloxi # 11,US HOUSE,4,Democrat,Gene Taylor,807
Harrison,Biloxi # 11,US HOUSE,4,Libertarian,Kenneth 'Tim' Hampton,7
Harrison,Biloxi # 11,US HOUSE,4,Reform,Anna Jewel Revies,2
Harrison,East Handsboro,US HOUSE,4,Republican,Steven Palazzo,383
Harrison,East Handsboro,US HOUSE,4,Democrat,Gene Taylor,437
Harrison,East Handsboro,US HOUSE,4,Libertarian,Kenneth 'Tim' Hampton,1
Harrison,East Handsboro,US HOUSE,4,Reform,Anna Jewel Revies,2
Harrison,East Miss City,US HOUSE,4,Republican,Steven Palazzo,553
Harrison,East Miss City,US HOUSE,4,Democrat,Gene Taylor,616
Harrison,East Miss City,US HOUSE,4,Libertarian,Kenneth 'Tim' Hampton,7
Harrison,East Miss City,US HOUSE,4,Reform,Anna Jewel Revies,4
Harrison,Howard Creek,US HOUSE,4,Republican,Steven Palazzo,627
Harrison,Howard Creek,US HOUSE,4,Democrat,Gene Taylor,591
Harrison,Howard Creek,US HOUSE,4,Libertarian,Kenneth 'Tim' Hampton,11
Harrison,Howard Creek,US HOUSE,4,Reform,Anna Jewel Revies,4
Harrison,Saucier,US HOUSE,4,Republican,Steven Palazzo,330
Harrison,Saucier,US HOUSE,4,Democrat,Gene Taylor,348
Harrison,Saucier,US HOUSE,4,Libertarian,Kenneth 'Tim' Hampton,9
Harrison,Saucier,US HOUSE,4,Reform,Anna Jewel Revies,1
Harrison,Peace,US HOUSE,4,Republican,Steven Palazzo,584
Harrison,Peace,US HOUSE,4,Democrat,Gene Taylor,416
Harrison,Peace,US HOUSE,4,Libertarian,Kenneth 'Tim' Hampton,7
Harrison,Peace,US HOUSE,4,Reform,Anna Jewel Revies,0
Harrison,New Popps Ferry,US HOUSE,4,Republican,Steven Palazzo,536
Harrison,New Popps Ferry,US HOUSE,4,Democrat,Gene Taylor,530
Harrison,New Popps Ferry,US HOUSE,4,Libertarian,Kenneth 'Tim' Hampton,4
Harrison,New Popps Ferry,US HOUSE,4,Reform,Anna Jewel Revies,2
Harrison,Margaret Sherry,US HOUSE,4,Republican,Steven Palazzo,723
Harrison,Margaret Sherry,US HOUSE,4,Democrat,Gene Taylor,820
Harrison,Margaret Sherry,US HOUSE,4,Libertarian,Kenneth 'Tim' Hampton,10
Harrison,Margaret Sherry,US HOUSE,4,Reform,Anna Jewel Revies,3
Harrison,Invalid Addresses 9999,US HOUSE,4,Republican,Steven Palazzo,0
Harrison,Invalid Addresses 9999,US HOUSE,4,Democrat,Gene Taylor,0
Harrison,Invalid Addresses 9999,US HOUSE,4,Libertarian,Kenneth 'Tim' Hampton,0
Harrison,Invalid Addresses 9999,US HOUSE,4,Reform,Anna Jewel Revies,0
Harrison,TOTAL,US HOUSE,4,Republican,Steven Palazzo,17917
Harrison,TOTAL,US HOUSE,4,Democrat,Gene Taylor,24845
Harrison,TOTAL,US HOUSE,4,Libertarian,Kenneth 'Tim' Hampton,259
Harrison,TOTAL,US HOUSE,4,Reform,Anna Jewel Revies,162
Hinds,Precinct 01,US HOUSE,2,Republican,Bill Marcy,85
Hinds,Precinct 01,US HOUSE,2,Democrat,Bennie G. Thompson,195
Hinds,Precinct 01,US HOUSE,2,Reform,Ashley Norwood,3
Hinds,Precinct 02,US HOUSE,2,Republican,Bill Marcy,0
Hinds,Precinct 02,US HOUSE,2,Democrat,Bennie G. Thompson,95
Hinds,Precinct 02,US HOUSE,2,Reform,Ashley Norwood,0
Hinds,Precinct 04,US HOUSE,2,Republican,Bill Marcy,4
Hinds,Precinct 04,US HOUSE,2,Democrat,Bennie G. Thompson,220
Hinds,Precinct 04,US HOUSE,2,Reform,Ashley Norwood,2
Hinds,Precinct 06,US HOUSE,2,Republican,Bill Marcy,24
Hinds,Precinct 06,US HOUSE,2,Democrat,Bennie G. Thompson,181
Hinds,Precinct 06,US HOUSE,2,Reform,Ashley Norwood,1
Hinds,Precinct 08,US HOUSE,3,Democrat,Joel L. Gill,145
Hinds,Precinct 08,US HOUSE,3,Republican,Gregg Harper,213
Hinds,Precinct 08,US HOUSE,3,Reform,Tracella Lou O'Hara Hill,2
Hinds,Precinct 09,US HOUSE,3,Democrat,Joel L. Gill,208
Hinds,Precinct 09,US HOUSE,3,Republican,Gregg Harper,423
Hinds,Precinct 09,US HOUSE,3,Reform,Tracella Lou O'Hara Hill,6
Hinds,Precinct 10,US HOUSE,2,Republican,Bill Marcy,0
Hinds,Precinct 10,US HOUSE,2,Democrat,Bennie G. Thompson,150
Hinds,Precinct 10,US HOUSE,2,Reform,Ashley Norwood,1
Hinds,Precinct 11,US HOUSE,2,Republican,Bill Marcy,2
Hinds,Precinct 11,US HOUSE,2,Democrat,Bennie G. Thompson,216
Hinds,Precinct 11,US HOUSE,2,Reform,Ashley Norwood,3
Hinds,Precinct 12,US HOUSE,2,Republican,Bill Marcy,3
Hinds,Precinct 12,US HOUSE,2,Democrat,Bennie G. Thompson,307
Hinds,Precinct 12,US HOUSE,2,Reform,Ashley Norwood,0
Hinds,Precinct 13,US HOUSE,2,Republican,Bill Marcy,6
Hinds,Precinct 13,US HOUSE,2,Democrat,Bennie G. Thompson,311
Hinds,Precinct 13,US HOUSE,2,Reform,Ashley Norwood,1
Hinds,Precinct 14,US HOUSE,3,Democrat,Joel L. Gill,82
Hinds,Precinct 14,US HOUSE,3,Republican,Gregg Harper,348
Hinds,Precinct 14,US HOUSE,3,Reform,Tracella Lou O'Hara Hill,1
Hinds,Precinct 16,US HOUSE,2,Republican,Bill Marcy,157
Hinds,Precinct 16,US HOUSE,2,Democrat,Bennie G. Thompson,302
Hinds,Precinct 16,US HOUSE,2,Reform,Ashley Norwood,8
Hinds,Precinct 17,US HOUSE,3,Democrat,Joel L. Gill,120
Hinds,Precinct 17,US HOUSE,3,Republican,Gregg Harper,210
Hinds,Precinct 17,US HOUSE,3,Reform,Tracella Lou O'Hara Hill,2
Hinds,Precinct 18,US HOUSE,2,Republican,Bill Marcy,5
Hinds,Precinct 18,US HOUSE,2,Democrat,Bennie G. Thompson,228
Hinds,Precinct 18,US HOUSE,2,Reform,Ashley Norwood,1
Hinds,Precinct 19,US HOUSE,2,Republican,Bill Marcy,5
Hinds,Precinct 19,US HOUSE,2,Democrat,Bennie G. Thompson,229
Hinds,Precinct 19,US HOUSE,2,Reform,Ashley Norwood,0
Hinds,Precinct 20,US HOUSE,2,Republican,Bill Marcy,5
Hinds,Precinct 20,US HOUSE,2,Democrat,Bennie G. Thompson,278
Hinds,Precinct 20,US HOUSE,2,Reform,Ashley Norwood,2
Hinds,Precinct 21,US HOUSE,2,Republican,Bill Marcy,5
Hinds,Precinct 21,US HOUSE,2,Democrat,Bennie G. Thompson,177
Hinds,Precinct 21,US HOUSE,2,Reform,Ashley Norwood,1
Hinds,Precinct 22,US HOUSE,2,Republican,Bill Marcy,10
Hinds,Precinct 22,US HOUSE,2,Democrat,Bennie G. Thompson,664
Hinds,Precinct 22,US HOUSE,2,Reform,Ashley Norwood,3
Hinds,Precinct 23,US HOUSE,2,Republican,Bill Marcy,5
Hinds,Precinct 23,US HOUSE,2,Democrat,Bennie G. Thompson,556
Hinds,Precinct 23,US HOUSE,2,Reform,Ashley Norwood,2
Hinds,Precinct 24,US HOUSE,2,Republican,Bill Marcy,12
Hinds,Precinct 24,US HOUSE,2,Democrat,Bennie G. Thompson,283
Hinds,Precinct 24,US HOUSE,2,Reform,Ashley Norwood,1
Hinds,Precinct 25,US HOUSE,2,Republican,Bill Marcy,22
Hinds,Precinct 25,US HOUSE,2,Democrat,Bennie G. Thompson,511
Hinds,Precinct 25,US HOUSE,2,Reform,Ashley Norwood,4
Hinds,Precinct 26,US HOUSE,2,Republican,Bill Marcy,14
Hinds,Precinct 26,US HOUSE,2,Democrat,Bennie G. Thompson,290
Hinds,Precinct 26,US HOUSE,2,Reform,Ashley Norwood,2
Hinds,Precinct 27,US HOUSE,2,Republican,Bill Marcy,10
Hinds,Precinct 27,US HOUSE,2,Democrat,Bennie G. Thompson,737
Hinds,Precinct 27,US HOUSE,2,Reform,Ashley Norwood,3
Hinds,Precinct 28,US HOUSE,2,Republican,Bill Marcy,7
Hinds,Precinct 28,US HOUSE,2,Democrat,Bennie G. Thompson,586
Hinds,Precinct 28,US HOUSE,2,Reform,Ashley Norwood,1
Hinds,Precinct 29,US HOUSE,2,Republican,Bill Marcy,6
Hinds,Precinct 29,US HOUSE,2,Democrat,Bennie G. Thompson,350
Hinds,Precinct 29,US HOUSE,2,Reform,Ashley Norwood,1
Hinds,Precinct 30,US HOUSE,2,Republican,Bill Marcy,2
Hinds,Precinct 30,US HOUSE,2,Democrat,Bennie G. Thompson,157
Hinds,Precinct 30,US HOUSE,2,Reform,Ashley Norwood,2
Hinds,Precinct 31,US HOUSE,2,Republican,Bill Marcy,2
Hinds,Precinct 31,US HOUSE,2,Democrat,Bennie G. Thompson,503
Hinds,Precinct 31,US HOUSE,2,Reform,Ashley Norwood,3
Hinds,Precinct 32,US HOUSE,3,Democrat,Joel L. Gill,66
Hinds,Precinct 32,US HOUSE,3,Republican,Gregg Harper,366
Hinds,Precinct 32,US HOUSE,3,Reform,Tracella Lou O'Hara Hill,1
Hinds,Precinct 33,US HOUSE,3,Democrat,Joel L. Gill,64
Hinds,Precinct 33,US HOUSE,3,Republican,Gregg Harper,562
Hinds,Precinct 33,US HOUSE,3,Reform,Tracella Lou O'Hara Hill,2
Hinds,Precinct 34,US HOUSE,3,Democrat,Joel L. Gill,119
Hinds,Precinct 34,US HOUSE,3,Republican,Gregg Harper,860
Hinds,Precinct 34,US HOUSE,3,Reform,Tracella Lou O'Hara Hill,2
Hinds,Precinct 35,US HOUSE,3,Democrat,Joel L. Gill,114
Hinds,Precinct 35,US HOUSE,3,Republican,Gregg Harper,792
Hinds,Precinct 35,US HOUSE,3,Reform,Tracella Lou O'Hara Hill,4
Hinds,Precinct 36,US HOUSE,3,Democrat,Joel L. Gill,249
Hinds,Precinct 36,US HOUSE,3,Republican,Gregg Harper,252
Hinds,Precinct 36,US HOUSE,3,Reform,Tracella Lou O'Hara Hill,1
Hinds,Precinct 37,US HOUSE,3,Democrat,Joel L. Gill,221
Hinds,Precinct 37,US HOUSE,3,Republican,Gregg Harper,170
Hinds,Precinct 37,US HOUSE,3,Reform,Tracella Lou O'Hara Hill,0
Hinds,Precinct 38,US HOUSE,2,Republican,Bill Marcy,42
Hinds,Precinct 38,US HOUSE,2,Democrat,Bennie G. Thompson,247
Hinds,Precinct 38,US HOUSE,2,Reform,Ashley Norwood,1
Hinds,Precinct 39,US HOUSE,2,Republican,Bill Marcy,12
Hinds,Precinct 39,US HOUSE,2,Democrat,Bennie G. Thompson,444
Hinds,Precinct 39,US HOUSE,2,Reform,Ashley Norwood,3
Hinds,Precinct 40,US HOUSE,2,Republican,Bill Marcy,8
Hinds,Precinct 40,US HOUSE,2,Democrat,Bennie G. Thompson,588
Hinds,Precinct 40,US HOUSE,2,Reform,Ashley Norwood,2
Hinds,Precinct 41,US HOUSE,2,Republican,Bill Marcy,10
Hinds,Precinct 41,US HOUSE,2,Democrat,Bennie G. Thompson,864
Hinds,Precinct 41,US HOUSE,2,Reform,Ashley Norwood,2
Hinds,Precinct 42,US HOUSE,2,Republican,Bill Marcy,43
Hinds,Precinct 42,US HOUSE,2,Democrat,Bennie G. Thompson,480
Hinds,Precinct 42,US HOUSE,2,Reform,Ashley Norwood,1
Hinds,Precinct 43,US HOUSE,2,Republican,Bill Marcy,46
Hinds,Precinct 43,US HOUSE,2,Democrat,Bennie G. Thompson,531
Hinds,Precinct 43,US HOUSE,2,Reform,Ashley Norwood,6
Hinds,Precinct 44,US HOUSE,3,Democrat,Joel L. Gill,429
Hinds,Precinct 44,US HOUSE,3,Republican,Gregg Harper,417
Hinds,Precinct 44,US HOUSE,3,Reform,Tracella Lou O'Hara Hill,7
Hinds,Precinct 45,US HOUSE,3,Democrat,Joel L. Gill,142
Hinds,Precinct 45,US HOUSE,3,Republican,Gregg Harper,942
Hinds,Precinct 45,US HOUSE,3,Reform,Tracella Lou O'Hara Hill,4
Hinds,Precinct 46,US HOUSE,3,Democrat,Joel L. Gill,487
Hinds,Precinct 46,US HOUSE,3,Republican,Gregg Harper,1053
Hinds,Precinct 46,US HOUSE,3,Reform,Tracella Lou O'Hara Hill,3
Hinds,Precinct 47,US HOUSE,2,Republican,Bill Marcy,19
Hinds,Precinct 47,US HOUSE,2,Democrat,Bennie G. Thompson,221
Hinds,Precinct 47,US HOUSE,2,Reform,Ashley Norwood,0
Hinds,Precinct 49,US HOUSE,2,Republican,Bill Marcy,1
Hinds,Precinct 49,US HOUSE,2,Democrat,Bennie G. Thompson,210
Hinds,Precinct 49,US HOUSE,2,Reform,Ashley Norwood,2
Hinds,Precinct 50,US HOUSE,2,Republican,Bill Marcy,6
Hinds,Precinct 50,US HOUSE,2,Democrat,Bennie G. Thompson,160
Hinds,Precinct 50,US HOUSE,2,Reform,Ashley Norwood,2
Hinds,Precinct 51,US HOUSE,2,Republican,Bill Marcy,5
Hinds,Precinct 51,US HOUSE,2,Democrat,Bennie G. Thompson,226
Hinds,Precinct 51,US HOUSE,2,Reform,Ashley Norwood,1
Hinds,Precinct 52,US HOUSE,2,Republican,Bill Marcy,8
Hinds,Precinct 52,US HOUSE,2,Democrat,Bennie G. Thompson,315
Hinds,Precinct 52,US HOUSE,2,Reform,Ashley Norwood,3
Hinds,Precinct 54,US HOUSE,2,Republican,Bill Marcy,8
Hinds,Precinct 54,US HOUSE,2,Democrat,Bennie G. Thompson,185
Hinds,Precinct 54,US HOUSE,2,Reform,Ashley Norwood,2
Hinds,Precinct 55,US HOUSE,2,Republican,Bill Marcy,3
Hinds,Precinct 55,US HOUSE,2,Democrat,Bennie G. Thompson,293
Hinds,Precinct 55,US HOUSE,2,Reform,Ashley Norwood,3
Hinds,Precinct 56,US HOUSE,2,Republican,Bill Marcy,5
Hinds,Precinct 56,US HOUSE,2,Democrat,Bennie G. Thompson,141
Hinds,Precinct 56,US HOUSE,2,Reform,Ashley Norwood,0
Hinds,Precinct 57,US HOUSE,2,Republican,Bill Marcy,6
Hinds,Precinct 57,US HOUSE,2,Democrat,Bennie G. Thompson,347
Hinds,Precinct 57,US HOUSE,2,Reform,Ashley Norwood,1
Hinds,Precinct 58,US HOUSE,2,Republican,Bill Marcy,8
Hinds,Precinct 58,US HOUSE,2,Democrat,Bennie G. Thompson,580
Hinds,Precinct 58,US HOUSE,2,Reform,Ashley Norwood,4
Hinds,Precinct 59,US HOUSE,2,Republican,Bill Marcy,14
Hinds,Precinct 59,US HOUSE,2,Democrat,Bennie G. Thompson,459
Hinds,Precinct 59,US HOUSE,2,Reform,Ashley Norwood,0
Hinds,Precinct 60,US HOUSE,2,Republican,Bill Marcy,3
Hinds,Precinct 60,US HOUSE,2,Democrat,Bennie G. Thompson,141
Hinds,Precinct 60,US HOUSE,2,Reform,Ashley Norwood,1
Hinds,Precinct 61,US HOUSE,2,Republican,Bill Marcy,4
Hinds,Precinct 61,US HOUSE,2,Democrat,Bennie G. Thompson,311
Hinds,Precinct 61,US HOUSE,2,Reform,Ashley Norwood,0
Hinds,Precinct 62,US HOUSE,2,Republican,Bill Marcy,26
Hinds,Precinct 62,US HOUSE,2,Democrat,Bennie G. Thompson,447
Hinds,Precinct 62,US HOUSE,2,Reform,Ashley Norwood,5
Hinds,Precinct 63,US HOUSE,2,Republican,Bill Marcy,1
Hinds,Precinct 63,US HOUSE,2,Democrat,Bennie G. Thompson,276
Hinds,Precinct 63,US HOUSE,2,Reform,Ashley Norwood,0
Hinds,Precinct 64,US HOUSE,2,Republican,Bill Marcy,5
Hinds,Precinct 64,US HOUSE,2,Democrat,Bennie G. Thompson,242
Hinds,Precinct 64,US HOUSE,2,Reform,Ashley Norwood,0
Hinds,Precinct 67,US HOUSE,2,Republican,Bill Marcy,22
Hinds,Precinct 67,US HOUSE,2,Democrat,Bennie G. Thompson,206
Hinds,Precinct 67,US HOUSE,2,Reform,Ashley Norwood,1
Hinds,Precinct 68,US HOUSE,2,Republican,Bill Marcy,89
Hinds,Precinct 68,US HOUSE,2,Democrat,Bennie G. Thompson,787
Hinds,Precinct 68,US HOUSE,2,Reform,Ashley Norwood,8
Hinds,Precinct 69,US HOUSE,2,Republican,Bill Marcy,40
Hinds,Precinct 69,US HOUSE,2,Democrat,Bennie G. Thompson,242
Hinds,Precinct 69,US HOUSE,2,Reform,Ashley Norwood,1
Hinds,Precinct 70,US HOUSE,2,Republican,Bill Marcy,9
Hinds,Precinct 70,US HOUSE,2,Democrat,Bennie G. Thompson,138
Hinds,Precinct 70,US HOUSE,2,Reform,Ashley Norwood,1
Hinds,Precinct 71,US HOUSE,2,Republican,Bill Marcy,66
Hinds,Precinct 71,US HOUSE,2,Democrat,Bennie G. Thompson,307
Hinds,Precinct 71,US HOUSE,2,Reform,Ashley Norwood,2
Hinds,Precinct 72,US HOUSE,2,Republican,Bill Marcy,24
Hinds,Precinct 72,US HOUSE,2,Democrat,Bennie G. Thompson,186
Hinds,Precinct 72,US HOUSE,2,Reform,Ashley Norwood,1
Hinds,Precinct 73,US HOUSE,2,Republican,Bill Marcy,34
Hinds,Precinct 73,US HOUSE,2,Democrat,Bennie G. Thompson,208
Hinds,Precinct 73,US HOUSE,2,Reform,Ashley Norwood,5
Hinds,Precinct 74,US HOUSE,2,Republican,Bill Marcy,57
Hinds,Precinct 74,US HOUSE,2,Democrat,Bennie G. Thompson,230
Hinds,Precinct 74,US HOUSE,2,Reform,Ashley Norwood,1
Hinds,Precinct 75,US HOUSE,2,Republican,Bill Marcy,34
Hinds,Precinct 75,US HOUSE,2,Democrat,Bennie G. Thompson,189
Hinds,Precinct 75,US HOUSE,2,Reform,Ashley Norwood,2
Hinds,Precinct 76,US HOUSE,2,Republican,Bill Marcy,61
Hinds,Precinct 76,US HOUSE,2,Democrat,Bennie G. Thompson,186
Hinds,Precinct 76,US HOUSE,2,Reform,Ashley Norwood,6
Hinds,Precinct 77,US HOUSE,2,Republican,Bill Marcy,91
Hinds,Precinct 77,US HOUSE,2,Democrat,Bennie G. Thompson,194
Hinds,Precinct 77,US HOUSE,2,Reform,Ashley Norwood,2
Hinds,Precinct 78,US HOUSE,3,Democrat,Joel L. Gill,223
Hinds,Precinct 78,US HOUSE,3,Republican,Gregg Harper,417
Hinds,Precinct 78,US HOUSE,3,Reform,Tracella Lou O'Hara Hill,2
Hinds,Precinct 79,US HOUSE,3,Democrat,Joel L. Gill,496
Hinds,Precinct 79,US HOUSE,3,Republican,Gregg Harper,236
Hinds,Precinct 79,US HOUSE,3,Reform,Tracella Lou O'Hara Hill,3
Hinds,Precinct 80,US HOUSE,2,Republican,Bill Marcy,23
Hinds,Precinct 80,US HOUSE,2,Democrat,Bennie G. Thompson,760
Hinds,Precinct 80,US HOUSE,2,Reform,Ashley Norwood,6
Hinds,Precinct 81,US HOUSE,2,Republican,Bill Marcy,42
Hinds,Precinct 81,US HOUSE,2,Democrat,Bennie G. Thompson,1095
Hinds,Precinct 81,US HOUSE,2,Reform,Ashley Norwood,5
Hinds,Precinct 82,US HOUSE,2,Republican,Bill Marcy,10
Hinds,Precinct 82,US HOUSE,2,Democrat,Bennie G. Thompson,654
Hinds,Precinct 82,US HOUSE,2,Reform,Ashley Norwood,1
Hinds,Precinct 83,US HOUSE,2,Republican,Bill Marcy,25
Hinds,Precinct 83,US HOUSE,2,Democrat,Bennie G. Thompson,1430
Hinds,Precinct 83,US HOUSE,2,Reform,Ashley Norwood,5
Hinds,Precinct 84,US HOUSE,2,Republican,Bill Marcy,3
Hinds,Precinct 84,US HOUSE,2,Democrat,Bennie G. Thompson,141
Hinds,Precinct 84,US HOUSE,2,Reform,Ashley Norwood,1
Hinds,Precinct 85,US HOUSE,2,Republican,Bill Marcy,20
Hinds,Precinct 85,US HOUSE,2,Democrat,Bennie G. Thompson,1199
Hinds,Precinct 85,US HOUSE,2,Reform,Ashley Norwood,3
Hinds,Precinct 86,US HOUSE,2,Republican,Bill Marcy,14
Hinds,Precinct 86,US HOUSE,2,Democrat,Bennie G. Thompson,550
Hinds,Precinct 86,US HOUSE,2,Reform,Ashley Norwood,3
Hinds,Precinct 87,US HOUSE,2,Republican,Bill Marcy,50
Hinds,Precinct 87,US HOUSE,2,Democrat,Bennie G. Thompson,340
Hinds,Precinct 87,US HOUSE,2,Reform,Ashley Norwood,6
Hinds,Precinct 88,US HOUSE,2,Republican,Bill Marcy,39
Hinds,Precinct 88,US HOUSE,2,Democrat,Bennie G. Thompson,657
Hinds,Precinct 88,US HOUSE,2,Reform,Ashley Norwood,7
Hinds,Precinct 89,US HOUSE,2,Republican,Bill Marcy,15
Hinds,Precinct 89,US HOUSE,2,Democrat,Bennie G. Thompson,159
Hinds,Precinct 89,US HOUSE,2,Reform,Ashley Norwood,1
Hinds,Precinct 90,US HOUSE,2,Republican,Bill Marcy,71
Hinds,Precinct 90,US HOUSE,2,Democrat,Bennie G. Thompson,230
Hinds,Precinct 90,US HOUSE,2,Reform,Ashley Norwood,7
Hinds,Precinct 91,US HOUSE,2,Republican,Bill Marcy,79
Hinds,Precinct 91,US HOUSE,2,Democrat,Bennie G. Thompson,894
Hinds,Precinct 91,US HOUSE,2,Reform,Ashley Norwood,7
Hinds,Precinct 92,US HOUSE,2,Republican,Bill Marcy,156
Hinds,Precinct 92,US HOUSE,2,Democrat,Bennie G. Thompson,732
Hinds,Precinct 92,US HOUSE,2,Reform,Ashley Norwood,8
Hinds,Precinct 93,US HOUSE,2,Republican,Bill Marcy,108
Hinds,Precinct 93,US HOUSE,2,Democrat,Bennie G. Thompson,387
Hinds,Precinct 93,US HOUSE,2,Reform,Ashley Norwood,4
Hinds,Precinct 94,US HOUSE,2,Republican,Bill Marcy,83
Hinds,Precinct 94,US HOUSE,2,Democrat,Bennie G. Thompson,1031
Hinds,Precinct 94,US HOUSE,2,Reform,Ashley Norwood,2
Hinds,Precinct 95,US HOUSE,2,Republican,Bill Marcy,107
Hinds,Precinct 95,US HOUSE,2,Democrat,Bennie G. Thompson,168
Hinds,Precinct 95,US HOUSE,2,Reform,Ashley Norwood,2
Hinds,Precinct 96,US HOUSE,2,Republican,Bill Marcy,223
Hinds,Precinct 96,US HOUSE,2,Democrat,Bennie G. Thompson,621
Hinds,Precinct 96,US HOUSE,2,Reform,Ashley Norwood,7
Hinds,Precinct 97,US HOUSE,2,Republican,Bill Marcy,61
Hinds,Precinct 97,US HOUSE,2,Democrat,Bennie G. Thompson,134
Hinds,Precinct 97,US HOUSE,2,Reform,Ashley Norwood,6
Hinds,Byram 1,US HOUSE,2,Republican,Bill Marcy,500
Hinds,Byram 1,US HOUSE,2,Democrat,Bennie G. Thompson,823
Hinds,Byram 1,US HOUSE,2,Reform,Ashley Norwood,16
Hinds,Byram 2,US HOUSE,2,Republican,Bill Marcy,808
Hinds,Byram 2,US HOUSE,2,Democrat,Bennie G. Thompson,374
Hinds,Byram 2,US HOUSE,2,Reform,Ashley Norwood,11
Hinds,Bolton,US HOUSE,2,Republican,Bill Marcy,188
Hinds,Bolton,US HOUSE,2,Democrat,Bennie G. Thompson,608
Hinds,Bolton,US HOUSE,2,Reform,Ashley Norwood,2
Hinds,Brownsville,US HOUSE,2,Republican,Bill Marcy,168
Hinds,Brownsville,US HOUSE,2,Democrat,Bennie G. Thompson,143
Hinds,Brownsville,US HOUSE,2,Reform,Ashley Norwood,4
Hinds,Clinton 1,US HOUSE,2,Republican,Bill Marcy,531
Hinds,Clinton 1,US HOUSE,2,Democrat,Bennie G. Thompson,227
Hinds,Clinton 1,US HOUSE,2,Reform,Ashley Norwood,7
Hinds,Clinton 2,US HOUSE,2,Republican,Bill Marcy,1172
Hinds,Clinton 2,US HOUSE,2,Democrat,Bennie G. Thompson,303
Hinds,Clinton 2,US HOUSE,2,Reform,Ashley Norwood,11
Hinds,Clinton 3,US HOUSE,2,Republican,Bill Marcy,966
Hinds,Clinton 3,US HOUSE,2,Democrat,Bennie G. Thompson,482
Hinds,Clinton 3,US HOUSE,2,Reform,Ashley Norwood,12
Hinds,Clinton 4,US HOUSE,2,Republican,Bill Marcy,391
Hinds,Clinton 4,US HOUSE,2,Democrat,Bennie G. Thompson,245
Hinds,Clinton 4,US HOUSE,2,Reform,Ashley Norwood,6
Hinds,Clinton 5,US HOUSE,2,Republican,Bill Marcy,445
Hinds,Clinton 5,US HOUSE,2,Democrat,Bennie G. Thompson,142
Hinds,Clinton 5,US HOUSE,2,Reform,Ashley Norwood,8
Hinds,Clinton 6,US HOUSE,2,Republican,Bill Marcy,452
Hinds,Clinton 6,US HOUSE,2,Democrat,Bennie G. Thompson,337
Hinds,Clinton 6,US HOUSE,2,Reform,Ashley Norwood,10
Hinds,Cayuga,US HOUSE,2,Republican,Bill Marcy,53
Hinds,Cayuga,US HOUSE,2,Democrat,Bennie G. Thompson,138
Hinds,Cayuga,US HOUSE,2,Reform,Ashley Norwood,0
Hinds,Chapel Hill,US HOUSE,2,Republican,Bill Marcy,225
Hinds,Chapel Hill,US HOUSE,2,Democrat,Bennie G. Thompson,218
Hinds,Chapel Hill,US HOUSE,2,Reform,Ashley Norwood,1
Hinds,Cynthia,US HOUSE,2,Republican,Bill Marcy,34
Hinds,Cynthia,US HOUSE,2,Democrat,Bennie G. Thompson,290
Hinds,Cynthia,US HOUSE,2,Reform,Ashley Norwood,3
Hinds,Dry Grove,US HOUSE,2,Republican,Bill Marcy,404
Hinds,Dry Grove,US HOUSE,2,Democrat,Bennie G. Thompson,162
Hinds,Dry Grove,US HOUSE,2,Reform,Ashley Norwood,9
Hinds,Edwards,US HOUSE,2,Republican,Bill Marcy,243
Hinds,Edwards,US HOUSE,2,Democrat,Bennie G. Thompson,837
Hinds,Edwards,US HOUSE,2,Reform,Ashley Norwood,10
Hinds,Learned,US HOUSE,2,Republican,Bill Marcy,205
Hinds,Learned,US HOUSE,2,Democrat,Bennie G. Thompson,96
Hinds,Learned,US HOUSE,2,Reform,Ashley Norwood,2
Hinds,Old Byram,US HOUSE,2,Republican,Bill Marcy,604
Hinds,Old Byram,US HOUSE,2,Democrat,Bennie G. Thompson,339
Hinds,Old Byram,US HOUSE,2,Reform,Ashley Norwood,10
Hinds,Pinehaven,US HOUSE,2,Republican,Bill Marcy,774
Hinds,Pinehaven,US HOUSE,2,Democrat,Bennie G. Thompson,557
Hinds,Pinehaven,US HOUSE,2,Reform,Ashley Norwood,10
Hinds,Pocahontas,US HOUSE,2,Republican,Bill Marcy,81
Hinds,Pocahontas,US HOUSE,2,Democrat,Bennie G. Thompson,130
Hinds,Pocahontas,US HOUSE,2,Reform,Ashley Norwood,0
Hinds,Raymond 1,US HOUSE,2,Republican,Bill Marcy,733
Hinds,Raymond 1,US HOUSE,2,Democrat,Bennie G. Thompson,392
Hinds,Raymond 1,US HOUSE,2,Reform,Ashley Norwood,9
Hinds,Raymond 2,US HOUSE,2,Republican,Bill Marcy,786
Hinds,Raymond 2,US HOUSE,2,Democrat,Bennie G. Thompson,439
Hinds,Raymond 2,US HOUSE,2,Reform,Ashley Norwood,19
Hinds,Springridge,US HOUSE,2,Republican,Bill Marcy,854
Hinds,Springridge,US HOUSE,2,Democrat,Bennie G. Thompson,846
Hinds,Springridge,US HOUSE,2,Reform,Ashley Norwood,11
Hinds,St Thomas,US HOUSE,2,Republican,Bill Marcy,10
Hinds,St Thomas,US HOUSE,2,Democrat,Bennie G. Thompson,232
Hinds,St Thomas,US HOUSE,2,Reform,Ashley Norwood,1
Hinds,Terry,US HOUSE,2,Republican,Bill Marcy,229
Hinds,Terry,US HOUSE,2,Democrat,Bennie G. Thompson,627
Hinds,Terry,US HOUSE,2,Reform,Ashley Norwood,5
Hinds,Tinnin,US HOUSE,2,Republican,Bill Marcy,382
Hinds,Tinnin,US HOUSE,2,Democrat,Bennie G. Thompson,109
Hinds,Tinnin,US HOUSE,2,Reform,Ashley Norwood,3
Hinds,Utica 1,US HOUSE,2,Republican,Bill Marcy,244
Hinds,Utica 1,US HOUSE,2,Democrat,Bennie G. Thompson,192
Hinds,Utica 1,US HOUSE,2,Reform,Ashley Norwood,5
Hinds,Utica 2,US HOUSE,2,Republican,Bill Marcy,81
Hinds,Utica 2,US HOUSE,2,Democrat,Bennie G. Thompson,338
Hinds,Utica 2,US HOUSE,2,Reform,Ashley Norwood,3
Hinds,Clinton 7,US HOUSE,2,Republican,Bill Marcy,675
Hinds,Clinton 7,US HOUSE,2,Democrat,Bennie G. Thompson,272
Hinds,Clinton 7,US HOUSE,2,Reform,Ashley Norwood,5
Hinds,Wynndale,US HOUSE,2,Republican,Bill Marcy,1049
Hinds,Wynndale,US HOUSE,2,Democrat,Bennie G. Thompson,334
Hinds,Wynndale,US HOUSE,2,Reform,Ashley Norwood,20
Hinds,Byram 3,US HOUSE,2,Republican,Bill Marcy,309
Hinds,Byram 3,US HOUSE,2,Democrat,Bennie G. Thompson,494
Hinds,Byram 3,US HOUSE,2,Reform,Ashley Norwood,5
Hinds,TOTAL,US HOUSE,2,Republican,Bill Marcy,15926
Hinds,TOTAL,US HOUSE,2,Democrat,Bennie G. Thompson,40015
Hinds,TOTAL,US HOUSE,2,Reform,Ashley Norwood,413
Hinds,TOTAL,US HOUSE,3,Democrat,Joel L. Gill,3165
Hinds,TOTAL,US HOUSE,3,Republican,Gregg Harper,7261
Hinds,TOTAL,US HOUSE,3,Reform,Tracella Lou O'Hara Hill,40
Holmes,Beat 3 Coxburg (A-Z),US HOUSE,2,Democrat,Bennie G. Thompson,37
Holmes,Beat 3 Coxburg (A-Z),US HOUSE,2,Republican,Bill Marcy,88
Holmes,Beat 3 Coxburg (A-Z),US HOUSE,2,Reform,Ashley Norwood,2
Holmes,Beat 5 Tchula,US HOUSE,2,Democrat,Bennie G. Thompson,622
Holmes,Beat 5 Tchula,US HOUSE,2,Republican,Bill Marcy,54
Holmes,Beat 5 Tchula,US HOUSE,2,Reform,Ashley Norwood,3
Holmes,Beat 4 Walden Chapel (A-Z),US HOUSE,2,Democrat,Bennie G. Thompson,97
Holmes,Beat 4 Walden Chapel (A-Z),US HOUSE,2,Republican,Bill Marcy,8
Holmes,Beat 4 Walden Chapel (A-Z),US HOUSE,2,Reform,Ashley Norwood,0
Holmes,Beat 2 Durant,US HOUSE,2,Democrat,Bennie G. Thompson,240
Holmes,Beat 2 Durant,US HOUSE,2,Republican,Bill Marcy,130
Holmes,Beat 2 Durant,US HOUSE,2,Reform,Ashley Norwood,6
Holmes,Beat 5 Lexington (A-Z),US HOUSE,2,Democrat,Bennie G. Thompson,98
Holmes,Beat 5 Lexington (A-Z),US HOUSE,2,Republican,Bill Marcy,145
Holmes,Beat 5 Lexington (A-Z),US HOUSE,2,Reform,Ashley Norwood,3
Holmes,Beat 1 Lexington,US HOUSE,2,Democrat,Bennie G. Thompson,612
Holmes,Beat 1 Lexington,US HOUSE,2,Republican,Bill Marcy,63
Holmes,Beat 1 Lexington,US HOUSE,2,Reform,Ashley Norwood,1
Holmes,Beat 5 Cruger (A-Z),US HOUSE,2,Democrat,Bennie G. Thompson,94
Holmes,Beat 5 Cruger (A-Z),US HOUSE,2,Republican,Bill Marcy,53
Holmes,Beat 5 Cruger (A-Z),US HOUSE,2,Reform,Ashley Norwood,1
Holmes,Beat 2 Sub Durant,US HOUSE,2,Democrat,Bennie G. Thompson,281
Holmes,Beat 2 Sub Durant,US HOUSE,2,Republican,Bill Marcy,67
Holmes,Beat 2 Sub Durant,US HOUSE,2,Reform,Ashley Norwood,0
Holmes,Beat 4 Thornton (A-Z),US HOUSE,2,Democrat,Bennie G. Thompson,158
Holmes,Beat 4 Thornton (A-Z),US HOUSE,2,Republican,Bill Marcy,19
Holmes,Beat 4 Thornton (A-Z),US HOUSE,2,Reform,Ashley Norwood,1
Holmes,Beat 3 Ebenezer (A-Z),US HOUSE,2,Democrat,Bennie G. Thompson,152
Holmes,Beat 3 Ebenezer (A-Z),US HOUSE,2,Republican,Bill Marcy,51
Holmes,Beat 3 Ebenezer (A-Z),US HOUSE,2,Reform,Ashley Norwood,3
Holmes,Beat 3 Goodman,US HOUSE,2,Democrat,Bennie G. Thompson,326
Holmes,Beat 3 Goodman,US HOUSE,2,Republican,Bill Marcy,48
Holmes,Beat 3 Goodman,US HOUSE,2,Reform,Ashley Norwood,3
Holmes,1 Acona,US HOUSE,2,Democrat,Bennie G. Thompson,277
Holmes,1 Acona,US HOUSE,2,Republican,Bill Marcy,23
Holmes,1 Acona,US HOUSE,2,Reform,Ashley Norwood,2
Holmes,Beat 3 Pickens,US HOUSE,2,Democrat,Bennie G. Thompson,407
Holmes,Beat 3 Pickens,US HOUSE,2,Republican,Bill Marcy,76
Holmes,Beat 3 Pickens,US HOUSE,2,Reform,Ashley Norwood,1
Holmes,2 Lexington Sandhill,US HOUSE,2,Democrat,Bennie G. Thompson,0
Holmes,2 Lexington Sandhill,US HOUSE,2,Republican,Bill Marcy,0
Holmes,2 Lexington Sandhill,US HOUSE,2,Reform,Ashley Norwood,0
Holmes,Beat 2 West,US HOUSE,2,Democrat,Bennie G. Thompson,210
Holmes,Beat 2 West,US HOUSE,2,Republican,Bill Marcy,100
Holmes,Beat 2 West,US HOUSE,2,Reform,Ashley Norwood,3
Holmes,Beat 4 Lexington,US HOUSE,2,Democrat,Bennie G. Thompson,712
Holmes,Beat 4 Lexington,US HOUSE,2,Republican,Bill Marcy,126
Holmes,Beat 4 Lexington,US HOUSE,2,Reform,Ashley Norwood,6
Holmes,1 Durant St Anderson,US HOUSE,2,Democrat,Bennie G. Thompson,96
Holmes,1 Durant St Anderson,US HOUSE,2,Republican,Bill Marcy,17
Holmes,1 Durant St Anderson,US HOUSE,2,Reform,Ashley Norwood,0
Holmes,TOTAL,US HOUSE,2,Democrat,Bennie G. Thompson,4419
Holmes,TOTAL,US HOUSE,2,Republican,Bill Marcy,1068
Holmes,TOTAL,US HOUSE,2,Reform,Ashley Norwood,35
Humphreys,Fourmile North - 1fn 1010,US HOUSE,2,Republican,Bill Marcy,24
Humphreys,Fourmile North - 1fn 1010,US HOUSE,2,Reform,Ashley Norwood,2
Humphreys,Fourmile North - 1fn 1010,US HOUSE,2,Democrat,Bennie G. Thompson,2
Humphreys,Belzoni North - 1bnh51 1020,US HOUSE,2,Republican,Bill Marcy,50
Humphreys,Belzoni North - 1bnh51 1020,US HOUSE,2,Reform,Ashley Norwood,3
Humphreys,Belzoni North - 1bnh51 1020,US HOUSE,2,Democrat,Bennie G. Thompson,392
Humphreys,Belzoni North - 1bnh34 1021,US HOUSE,2,Republican,Bill Marcy,44
Humphreys,Belzoni North - 1bnh34 1021,US HOUSE,2,Reform,Ashley Norwood,0
Humphreys,Belzoni North - 1bnh34 1021,US HOUSE,2,Democrat,Bennie G. Thompson,6
Humphreys,Isola North - 2in 2010,US HOUSE,2,Republican,Bill Marcy,126
Humphreys,Isola North - 2in 2010,US HOUSE,2,Reform,Ashley Norwood,7
Humphreys,Isola North - 2in 2010,US HOUSE,2,Democrat,Bennie G. Thompson,282
Humphreys,Belzoni North - 2bn 2020,US HOUSE,2,Republican,Bill Marcy,4
Humphreys,Belzoni North - 2bn 2020,US HOUSE,2,Reform,Ashley Norwood,1
Humphreys,Belzoni North - 2bn 2020,US HOUSE,2,Democrat,Bennie G. Thompson,155
Humphreys,Gooden Lake North - 2gn 2030,US HOUSE,2,Republican,Bill Marcy,39
Humphreys,Gooden Lake North - 2gn 2030,US HOUSE,2,Reform,Ashley Norwood,1
Humphreys,Gooden Lake North - 2gn 2030,US HOUSE,2,Democrat,Bennie G. Thompson,6
Humphreys,Belzoni South - 3bs 3010,US HOUSE,2,Republican,Bill Marcy,9
Humphreys,Belzoni South - 3bs 3010,US HOUSE,2,Reform,Ashley Norwood,2
Humphreys,Belzoni South - 3bs 3010,US HOUSE,2,Democrat,Bennie G. Thompson,167
Humphreys,Silver City South - 3ss 3020,US HOUSE,2,Republican,Bill Marcy,89
Humphreys,Silver City South - 3ss 3020,US HOUSE,2,Reform,Ashley Norwood,7
Humphreys,Silver City South - 3ss 3020,US HOUSE,2,Democrat,Bennie G. Thompson,153
Humphreys,Lake City South - 3ls 3030,US HOUSE,2,Republican,Bill Marcy,47
Humphreys,Lake City South - 3ls 3030,US HOUSE,2,Reform,Ashley Norwood,0
Humphreys,Lake City South - 3ls 3030,US HOUSE,2,Democrat,Bennie G. Thompson,11
Humphreys,Belzoni North - 4bn 4010,US HOUSE,2,Republican,Bill Marcy,181
Humphreys,Belzoni North - 4bn 4010,US HOUSE,2,Reform,Ashley Norwood,2
Humphreys,Belzoni North - 4bn 4010,US HOUSE,2,Democrat,Bennie G. Thompson,177
Humphreys,Belzoni South - 4bs 4020,US HOUSE,2,Republican,Bill Marcy,129
Humphreys,Belzoni South - 4bs 4020,US HOUSE,2,Reform,Ashley Norwood,2
Humphreys,Belzoni South - 4bs 4020,US HOUSE,2,Democrat,Bennie G. Thompson,163
Humphreys,Putnam South - 4ps 4030,US HOUSE,2,Republican,Bill Marcy,91
Humphreys,Putnam South - 4ps 4030,US HOUSE,2,Reform,Ashley Norwood,0
Humphreys,Putnam South - 4ps 4030,US HOUSE,2,Democrat,Bennie G. Thompson,29
Humphreys,Belzoni South - 5bs 5010,US HOUSE,2,Republican,Bill Marcy,1
Humphreys,Belzoni South - 5bs 5010,US HOUSE,2,Reform,Ashley Norwood,2
Humphreys,Belzoni South - 5bs 5010,US HOUSE,2,Democrat,Bennie G. Thompson,193
Humphreys,Midnight South - 5ms 5020,US HOUSE,2,Republican,Bill Marcy,51
Humphreys,Midnight South - 5ms 5020,US HOUSE,2,Reform,Ashley Norwood,2
Humphreys,Midnight South - 5ms 5020,US HOUSE,2,Democrat,Bennie G. Thompson,58
Humphreys,Louise South - 5ls 5030,US HOUSE,2,Republican,Bill Marcy,92
Humphreys,Louise South - 5ls 5030,US HOUSE,2,Reform,Ashley Norwood,4
Humphreys,Louise South - 5ls 5030,US HOUSE,2,Democrat,Bennie G. Thompson,251
Humphreys,TOTAL,US HOUSE,2,Republican,Bill Marcy,977
Humphreys,TOTAL,US HOUSE,2,Reform,Ashley Norwood,35
Humphreys,TOTAL,US HOUSE,2,Democrat,Bennie G. Thompson,2045
Issaquena,Valley Park Community Center,US HOUSE,2,Republican,Bill Marcy,65
Issaquena,Valley Park Community Center,US HOUSE,2,Reform,Ashley Norwood,2
Issaquena,Valley Park Community Center,US HOUSE,2,Democrat,Bennie G. Thompson,35
Issaquena,Tallula Community Center,US HOUSE,2,Republican,Bill Marcy,56
Issaquena,Tallula Community Center,US HOUSE,2,Reform,Ashley Norwood,4
Issaquena,Tallula Community Center,US HOUSE,2,Democrat,Bennie G. Thompson,41
Issaquena,Mayersville Courthouse,US HOUSE,2,Republican,Bill Marcy,6
Issaquena,Mayersville Courthouse,US HOUSE,2,Reform,Ashley Norwood,0
Issaquena,Mayersville Courthouse,US HOUSE,2,Democrat,Bennie G. Thompson,80
Issaquena,Addie Voting Precinct,US HOUSE,2,Republican,Bill Marcy,30
Issaquena,Addie Voting Precinct,US HOUSE,2,Reform,Ashley Norwood,2
Issaquena,Addie Voting Precinct,US HOUSE,2,Democrat,Bennie G. Thompson,68
Issaquena,Grace Voting Precinct,US HOUSE,2,Republican,Bill Marcy,68
Issaquena,Grace Voting Precinct,US HOUSE,2,Reform,Ashley Norwood,3
Issaquena,Grace Voting Precinct,US HOUSE,2,Democrat,Bennie G. Thompson,42
Issaquena,TOTAL,US HOUSE,2,Republican,Bill Marcy,225
Issaquena,TOTAL,US HOUSE,2,Reform,Ashley Norwood,11
Issaquena,TOTAL,US HOUSE,2,Democrat,Bennie G. Thompson,266
Itawamba,Courthouse,US HOUSE,01,Independent,A G Baddley,2
Itawamba,Courthouse,US HOUSE,01,Democrat,Travis W. Childers,33
Itawamba,Courthouse,US HOUSE,01,Constitution,Gail Glaramita,0
Itawamba,Courthouse,US HOUSE,01,Independent,Les Green,0
Itawamba,Courthouse,US HOUSE,01,Independent,Rick 'Rico' Hoskins,0
Itawamba,Courthouse,US HOUSE,01,Republican,Alan Nunnelee,102
Itawamba,Courthouse,US HOUSE,01,Independent,Wally Pang,0
Itawamba,Courthouse,US HOUSE,01,Libertarian,Harold M Taylor,0
Itawamba,Courthouse,US HOUSE,01,Reform,Barbara Dale Washer,0
Itawamba,Banner-Pineville,US HOUSE,01,Independent,A G Baddley,6
Itawamba,Banner-Pineville,US HOUSE,01,Democrat,Travis W. Childers,106
Itawamba,Banner-Pineville,US HOUSE,01,Constitution,Gail Glaramita,2
Itawamba,Banner-Pineville,US HOUSE,01,Independent,Les Green,1
Itawamba,Banner-Pineville,US HOUSE,01,Independent,Rick 'Rico' Hoskins,0
Itawamba,Banner-Pineville,US HOUSE,01,Republican,Alan Nunnelee,213
Itawamba,Banner-Pineville,US HOUSE,01,Independent,Wally Pang,0
Itawamba,Banner-Pineville,US HOUSE,01,Libertarian,Harold M Taylor,1
Itawamba,Banner-Pineville,US HOUSE,01,Reform,Barbara Dale Washer,1
Itawamba,Ryan,US HOUSE,01,Independent,A G Baddley,4
Itawamba,Ryan,US HOUSE,01,Democrat,Travis W. Childers,86
Itawamba,Ryan,US HOUSE,01,Constitution,Gail Glaramita,0
Itawamba,Ryan,US HOUSE,01,Independent,Les Green,0
Itawamba,Ryan,US HOUSE,01,Independent,Rick 'Rico' Hoskins,0
Itawamba,Ryan,US HOUSE,01,Republican,Alan Nunnelee,102
Itawamba,Ryan,US HOUSE,01,Independent,Wally Pang,0
Itawamba,Ryan,US HOUSE,01,Libertarian,Harold M Taylor,0
Itawamba,Ryan,US HOUSE,01,Reform,Barbara Dale Washer,1
Itawamba,Salem-Copeland,US HOUSE,01,Independent,A G Baddley,3
Itawamba,Salem-Copeland,US HOUSE,01,Democrat,Travis W. Childers,75
Itawamba,Salem-Copeland,US HOUSE,01,Constitution,Gail Glaramita,1
Itawamba,Salem-Copeland,US HOUSE,01,Independent,Les Green,7
Itawamba,Salem-Copeland,US HOUSE,01,Independent,Rick 'Rico' Hoskins,0
Itawamba,Salem-Copeland,US HOUSE,01,Republican,Alan Nunnelee,196
Itawamba,Salem-Copeland,US HOUSE,01,Independent,Wally Pang,0
Itawamba,Salem-Copeland,US HOUSE,01,Libertarian,Harold M Taylor,5
Itawamba,Salem-Copeland,US HOUSE,01,Reform,Barbara Dale Washer,1
Itawamba,Fairview-Pleasanton,US HOUSE,01,Independent,A G Baddley,1
Itawamba,Fairview-Pleasanton,US HOUSE,01,Democrat,Travis W. Childers,32
Itawamba,Fairview-Pleasanton,US HOUSE,01,Constitution,Gail Glaramita,1
Itawamba,Fairview-Pleasanton,US HOUSE,01,Independent,Les Green,2
Itawamba,Fairview-Pleasanton,US HOUSE,01,Independent,Rick 'Rico' Hoskins,0
Itawamba,Fairview-Pleasanton,US HOUSE,01,Republican,Alan Nunnelee,56
Itawamba,Fairview-Pleasanton,US HOUSE,01,Independent,Wally Pang,1
Itawamba,Fairview-Pleasanton,US HOUSE,01,Libertarian,Harold M Taylor,0
Itawamba,Fairview-Pleasanton,US HOUSE,01,Reform,Barbara Dale Washer,0
Itawamba,Centerville,US HOUSE,01,Independent,A G Baddley,3
Itawamba,Centerville,US HOUSE,01,Democrat,Travis W. Childers,61
Itawamba,Centerville,US HOUSE,01,Constitution,Gail Glaramita,2
Itawamba,Centerville,US HOUSE,01,Independent,Les Green,0
Itawamba,Centerville,US HOUSE,01,Independent,Rick 'Rico' Hoskins,0
Itawamba,Centerville,US HOUSE,01,Republican,Alan Nunnelee,141
Itawamba,Centerville,US HOUSE,01,Independent,Wally Pang,3
Itawamba,Centerville,US HOUSE,01,Libertarian,Harold M Taylor,1
Itawamba,Centerville,US HOUSE,01,Reform,Barbara Dale Washer,0
Itawamba,Ozark,US HOUSE,01,Independent,A G Baddley,0
Itawamba,Ozark,US HOUSE,01,Democrat,Travis W. Childers,32
Itawamba,Ozark,US HOUSE,01,Constitution,Gail Glaramita,1
Itawamba,Ozark,US HOUSE,01,Independent,Les Green,0
Itawamba,Ozark,US HOUSE,01,Independent,Rick 'Rico' Hoskins,0
Itawamba,Ozark,US HOUSE,01,Republican,Alan Nunnelee,27
Itawamba,Ozark,US HOUSE,01,Independent,Wally Pang,0
Itawamba,Ozark,US HOUSE,01,Libertarian,Harold M Taylor,0
Itawamba,Ozark,US HOUSE,01,Reform,Barbara Dale Washer,0
Itawamba,Fawn Grove,US HOUSE,01,Independent,A G Baddley,4
Itawamba,Fawn Grove,US HOUSE,01,Democrat,Travis W. Childers,93
Itawamba,Fawn Grove,US HOUSE,01,Constitution,Gail Glaramita,1
Itawamba,Fawn Grove,US HOUSE,01,Independent,Les Green,0
Itawamba,Fawn Grove,US HOUSE,01,Independent,Rick 'Rico' Hoskins,0
Itawamba,Fawn Grove,US HOUSE,01,Republican,Alan Nunnelee,120
Itawamba,Fawn Grove,US HOUSE,01,Independent,Wally Pang,1
Itawamba,Fawn Grove,US HOUSE,01,Libertarian,Harold M Taylor,0
Itawamba,Fawn Grove,US HOUSE,01,Reform,Barbara Dale Washer,0
Itawamba,Ratliff,US HOUSE,01,Independent,A G Baddley,2
Itawamba,Ratliff,US HOUSE,01,Democrat,Travis W. Childers,32
Itawamba,Ratliff,US HOUSE,01,Constitution,Gail Glaramita,2
Itawamba,Ratliff,US HOUSE,01,Independent,Les Green,2
Itawamba,Ratliff,US HOUSE,01,Independent,Rick 'Rico' Hoskins,0
Itawamba,Ratliff,US HOUSE,01,Republican,Alan Nunnelee,84
Itawamba,Ratliff,US HOUSE,01,Independent,Wally Pang,1
Itawamba,Ratliff,US HOUSE,01,Libertarian,Harold M Taylor,0
Itawamba,Ratliff,US HOUSE,01,Reform,Barbara Dale Washer,1
Itawamba,Kirkville,US HOUSE,01,Independent,A G Baddley,4
Itawamba,Kirkville,US HOUSE,01,Democrat,Travis W. Childers,135
Itawamba,Kirkville,US HOUSE,01,Constitution,Gail Glaramita,4
Itawamba,Kirkville,US HOUSE,01,Independent,Les Green,5
Itawamba,Kirkville,US HOUSE,01,Independent,Rick 'Rico' Hoskins,1
Itawamba,Kirkville,US HOUSE,01,Republican,Alan Nunnelee,186
Itawamba,Kirkville,US HOUSE,01,Independent,Wally Pang,2
Itawamba,Kirkville,US HOUSE,01,Libertarian,Harold M Taylor,4
Itawamba,Kirkville,US HOUSE,01,Reform,Barbara Dale Washer,1
Itawamba,Mantachie,US HOUSE,01,Independent,A G Baddley,6
Itawamba,Mantachie,US HOUSE,01,Democrat,Travis W. Childers,157
Itawamba,Mantachie,US HOUSE,01,Constitution,Gail Glaramita,0
Itawamba,Mantachie,US HOUSE,01,Independent,Les Green,5
Itawamba,Mantachie,US HOUSE,01,Independent,Rick 'Rico' Hoskins,4
Itawamba,Mantachie,US HOUSE,01,Republican,Alan Nunnelee,387
Itawamba,Mantachie,US HOUSE,01,Independent,Wally Pang,9
Itawamba,Mantachie,US HOUSE,01,Libertarian,Harold M Taylor,0
Itawamba,Mantachie,US HOUSE,01,Reform,Barbara Dale Washer,1
Itawamba,Dorsey,US HOUSE,01,Independent,A G Baddley,2
Itawamba,Dorsey,US HOUSE,01,Democrat,Travis W. Childers,67
Itawamba,Dorsey,US HOUSE,01,Constitution,Gail Glaramita,0
Itawamba,Dorsey,US HOUSE,01,Independent,Les Green,4
Itawamba,Dorsey,US HOUSE,01,Independent,Rick 'Rico' Hoskins,0
Itawamba,Dorsey,US HOUSE,01,Republican,Alan Nunnelee,267
Itawamba,Dorsey,US HOUSE,01,Independent,Wally Pang,0
Itawamba,Dorsey,US HOUSE,01,Libertarian,Harold M Taylor,2
Itawamba,Dorsey,US HOUSE,01,Reform,Barbara Dale Washer,1
Itawamba,Friendship,US HOUSE,01,Independent,A G Baddley,2
Itawamba,Friendship,US HOUSE,01,Democrat,Travis W. Childers,76
Itawamba,Friendship,US HOUSE,01,Constitution,Gail Glaramita,3
Itawamba,Friendship,US HOUSE,01,Independent,Les Green,4
Itawamba,Friendship,US HOUSE,01,Independent,Rick 'Rico' Hoskins,1
Itawamba,Friendship,US HOUSE,01,Republican,Alan Nunnelee,151
Itawamba,Friendship,US HOUSE,01,Independent,Wally Pang,3
Itawamba,Friendship,US HOUSE,01,Libertarian,Harold M Taylor,1
Itawamba,Friendship,US HOUSE,01,Reform,Barbara Dale Washer,1
Itawamba,Cardsville,US HOUSE,01,Independent,A G Baddley,1
Itawamba,Cardsville,US HOUSE,01,Democrat,Travis W. Childers,22
Itawamba,Cardsville,US HOUSE,01,Constitution,Gail Glaramita,1
Itawamba,Cardsville,US HOUSE,01,Independent,Les Green,0
Itawamba,Cardsville,US HOUSE,01,Independent,Rick 'Rico' Hoskins,1
Itawamba,Cardsville,US HOUSE,01,Republican,Alan Nunnelee,67
Itawamba,Cardsville,US HOUSE,01,Independent,Wally Pang,0
Itawamba,Cardsville,US HOUSE,01,Libertarian,Harold M Taylor,0
Itawamba,Cardsville,US HOUSE,01,Reform,Barbara Dale Washer,0
Itawamba,Greenwood,US HOUSE,01,Independent,A G Baddley,1
Itawamba,Greenwood,US HOUSE,01,Democrat,Travis W. Childers,122
Itawamba,Greenwood,US HOUSE,01,Constitution,Gail Glaramita,2
Itawamba,Greenwood,US HOUSE,01,Independent,Les Green,1
Itawamba,Greenwood,US HOUSE,01,Independent,Rick 'Rico' Hoskins,0
Itawamba,Greenwood,US HOUSE,01,Republican,Alan Nunnelee,114
Itawamba,Greenwood,US HOUSE,01,Independent,Wally Pang,0
Itawamba,Greenwood,US HOUSE,01,Libertarian,Harold M Taylor,1
Itawamba,Greenwood,US HOUSE,01,Reform,Barbara Dale Washer,0
Itawamba,Carolina,US HOUSE,01,Independent,A G Baddley,2
Itawamba,Carolina,US HOUSE,01,Democrat,Travis W. Childers,71
Itawamba,Carolina,US HOUSE,01,Constitution,Gail Glaramita,0
Itawamba,Carolina,US HOUSE,01,Independent,Les Green,1
Itawamba,Carolina,US HOUSE,01,Independent,Rick 'Rico' Hoskins,0
Itawamba,Carolina,US HOUSE,01,Republican,Alan Nunnelee,88
Itawamba,Carolina,US HOUSE,01,Independent,Wally Pang,0
Itawamba,Carolina,US HOUSE,01,Libertarian,Harold M Taylor,1
Itawamba,Carolina,US HOUSE,01,Reform,Barbara Dale Washer,2
Itawamba,Evergreen,US HOUSE,01,Independent,A G Baddley,3
Itawamba,Evergreen,US HOUSE,01,Democrat,Travis W. Childers,125
Itawamba,Evergreen,US HOUSE,01,Constitution,Gail Glaramita,1
Itawamba,Evergreen,US HOUSE,01,Independent,Les Green,2
Itawamba,Evergreen,US HOUSE,01,Independent,Rick 'Rico' Hoskins,1
Itawamba,Evergreen,US HOUSE,01,Republican,Alan Nunnelee,119
Itawamba,Evergreen,US HOUSE,01,Independent,Wally Pang,0
Itawamba,Evergreen,US HOUSE,01,Libertarian,Harold M Taylor,0
Itawamba,Evergreen,US HOUSE,01,Reform,Barbara Dale Washer,0
Itawamba,American Legion,US HOUSE,01,Independent,A G Baddley,2
Itawamba,American Legion,US HOUSE,01,Democrat,Travis W. Childers,192
Itawamba,American Legion,US HOUSE,01,Constitution,Gail Glaramita,11
Itawamba,American Legion,US HOUSE,01,Independent,Les Green,5
Itawamba,American Legion,US HOUSE,01,Independent,Rick 'Rico' Hoskins,0
Itawamba,American Legion,US HOUSE,01,Republican,Alan Nunnelee,491
Itawamba,American Legion,US HOUSE,01,Independent,Wally Pang,6
Itawamba,American Legion,US HOUSE,01,Libertarian,Harold M Taylor,2
Itawamba,American Legion,US HOUSE,01,Reform,Barbara Dale Washer,2
Itawamba,Tremont,US HOUSE,01,Independent,A G Baddley,3
Itawamba,Tremont,US HOUSE,01,Democrat,Travis W. Childers,63
Itawamba,Tremont,US HOUSE,01,Constitution,Gail Glaramita,5
Itawamba,Tremont,US HOUSE,01,Independent,Les Green,1
Itawamba,Tremont,US HOUSE,01,Independent,Rick 'Rico' Hoskins,0
Itawamba,Tremont,US HOUSE,01,Republican,Alan Nunnelee,150
Itawamba,Tremont,US HOUSE,01,Independent,Wally Pang,0
Itawamba,Tremont,US HOUSE,01,Libertarian,Harold M Taylor,0
Itawamba,Tremont,US HOUSE,01,Reform,Barbara Dale Washer,0
Itawamba,James Creek,US HOUSE,01,Independent,A G Baddley,0
Itawamba,James Creek,US HOUSE,01,Democrat,Travis W. Childers,26
Itawamba,James Creek,US HOUSE,01,Constitution,Gail Glaramita,0
Itawamba,James Creek,US HOUSE,01,Independent,Les Green,1
Itawamba,James Creek,US HOUSE,01,Independent,Rick 'Rico' Hoskins,0
Itawamba,James Creek,US HOUSE,01,Republican,Alan Nunnelee,73
Itawamba,James Creek,US HOUSE,01,Independent,Wally Pang,1
Itawamba,James Creek,US HOUSE,01,Libertarian,Harold M Taylor,0
Itawamba,James Creek,US HOUSE,01,Reform,Barbara Dale Washer,1
Itawamba,Tilden,US HOUSE,01,Independent,A G Baddley,4
Itawamba,Tilden,US HOUSE,01,Democrat,Travis W. Childers,65
Itawamba,Tilden,US HOUSE,01,Constitution,Gail Glaramita,2
Itawamba,Tilden,US HOUSE,01,Independent,Les Green,2
Itawamba,Tilden,US HOUSE,01,Independent,Rick 'Rico' Hoskins,1
Itawamba,Tilden,US HOUSE,01,Republican,Alan Nunnelee,135
Itawamba,Tilden,US HOUSE,01,Independent,Wally Pang,1
Itawamba,Tilden,US HOUSE,01,Libertarian,Harold M Taylor,0
Itawamba,Tilden,US HOUSE,01,Reform,Barbara Dale Washer,0
Itawamba,Clay,US HOUSE,01,Independent,A G Baddley,8
Itawamba,Clay,US HOUSE,01,Democrat,Travis W. Childers,94
Itawamba,Clay,US HOUSE,01,Constitution,Gail Glaramita,1
Itawamba,Clay,US HOUSE,01,Independent,Les Green,5
Itawamba,Clay,US HOUSE,01,Independent,Rick 'Rico' Hoskins,2
Itawamba,Clay,US HOUSE,01,Republican,Alan Nunnelee,271
Itawamba,Clay,US HOUSE,01,Independent,Wally Pang,0
Itawamba,Clay,US HOUSE,01,Libertarian,Harold M Taylor,0
Itawamba,Clay,US HOUSE,01,Reform,Barbara Dale Washer,0
Itawamba,Icdc,US HOUSE,01,Independent,A G Baddley,5
Itawamba,Icdc,US HOUSE,01,Democrat,Travis W. Childers,165
Itawamba,Icdc,US HOUSE,01,Constitution,Gail Glaramita,2
Itawamba,Icdc,US HOUSE,01,Independent,Les Green,0
Itawamba,Icdc,US HOUSE,01,Independent,Rick 'Rico' Hoskins,0
Itawamba,Icdc,US HOUSE,01,Republican,Alan Nunnelee,243
Itawamba,Icdc,US HOUSE,01,Independent,Wally Pang,4
Itawamba,Icdc,US HOUSE,01,Libertarian,Harold M Taylor,2
Itawamba,Icdc,US HOUSE,01,Reform,Barbara Dale Washer,0
Itawamba,Mt. Gilead,US HOUSE,01,Independent,A G Baddley,2
Itawamba,Mt. Gilead,US HOUSE,01,Democrat,Travis W. Childers,27
Itawamba,Mt. Gilead,US HOUSE,01,Constitution,Gail Glaramita,0
Itawamba,Mt. Gilead,US HOUSE,01,Independent,Les Green,0
Itawamba,Mt. Gilead,US HOUSE,01,Independent,Rick 'Rico' Hoskins,2
Itawamba,Mt. Gilead,US HOUSE,01,Republican,Alan Nunnelee,43
Itawamba,Mt. Gilead,US HOUSE,01,Independent,Wally Pang,0
Itawamba,Mt. Gilead,US HOUSE,01,Libertarian,Harold M Taylor,1
Itawamba,Mt. Gilead,US HOUSE,01,Reform,Barbara Dale Washer,0
Itawamba,Armory,US HOUSE,01,Independent,A G Baddley,3
Itawamba,Armory,US HOUSE,01,Democrat,Travis W. Childers,93
Itawamba,Armory,US HOUSE,01,Constitution,Gail Glaramita,2
Itawamba,Armory,US HOUSE,01,Independent,Les Green,2
Itawamba,Armory,US HOUSE,01,Independent,Rick 'Rico' Hoskins,1
Itawamba,Armory,US HOUSE,01,Republican,Alan Nunnelee,141
Itawamba,Armory,US HOUSE,01,Independent,Wally Pang,3
Itawamba,Armory,US HOUSE,01,Libertarian,Harold M Taylor,1
Itawamba,Armory,US HOUSE,01,Reform,Barbara Dale Washer,1
Itawamba,Bounds,US HOUSE,01,Independent,A G Baddley,2
Itawamba,Bounds,US HOUSE,01,Democrat,Travis W. Childers,11
Itawamba,Bounds,US HOUSE,01,Constitution,Gail Glaramita,0
Itawamba,Bounds,US HOUSE,01,Independent,Les Green,0
Itawamba,Bounds,US HOUSE,01,Independent,Rick 'Rico' Hoskins,0
Itawamba,Bounds,US HOUSE,01,Republican,Alan Nunnelee,18
Itawamba,Bounds,US HOUSE,01,Independent,Wally Pang,0
Itawamba,Bounds,US HOUSE,01,Libertarian,Harold M Taylor,0
Itawamba,Bounds,US HOUSE,01,Reform,Barbara Dale Washer,2
Itawamba,TOTAL,US HOUSE,01,Independent,A G Baddley,75
Itawamba,TOTAL,US HOUSE,01,Democrat,Travis W. Childers,2061
Itawamba,TOTAL,US HOUSE,01,Constitution,Gail Glaramita,44
Itawamba,TOTAL,US HOUSE,01,Independent,Les Green,50
Itawamba,TOTAL,US HOUSE,01,Independent,Rick 'Rico' Hoskins,14
Itawamba,TOTAL,US HOUSE,01,Republican,Alan Nunnelee,3985
Itawamba,TOTAL,US HOUSE,01,Independent,Wally Pang,35
Itawamba,TOTAL,US HOUSE,01,Libertarian,Harold M Taylor,22
Itawamba,TOTAL,US HOUSE,01,Reform,Barbara Dale Washer,16
Jackson,Hwy 57,US HOUSE,4,Republican,Steven Palazzo,154
Jackson,Hwy 57,US HOUSE,4,Democrat,Gene Taylor,89
Jackson,Hwy 57,US HOUSE,4,Libertarian,Kenneth 'Tim' Hampton,0
Jackson,Hwy 57,US HOUSE,4,Reform,Anna Jewel Revies,0
Jackson,North Vancleave,US HOUSE,4,Republican,Steven Palazzo,701
Jackson,North Vancleave,US HOUSE,4,Democrat,Gene Taylor,402
Jackson,North Vancleave,US HOUSE,4,Libertarian,Kenneth 'Tim' Hampton,6
Jackson,North Vancleave,US HOUSE,4,Reform,Anna Jewel Revies,5
Jackson,East Central,US HOUSE,4,Republican,Steven Palazzo,2052
Jackson,East Central,US HOUSE,4,Democrat,Gene Taylor,839
Jackson,East Central,US HOUSE,4,Libertarian,Kenneth 'Tim' Hampton,22
Jackson,East Central,US HOUSE,4,Reform,Anna Jewel Revies,8
Jackson,Big Point,US HOUSE,4,Republican,Steven Palazzo,699
Jackson,Big Point,US HOUSE,4,Democrat,Gene Taylor,349
Jackson,Big Point,US HOUSE,4,Libertarian,Kenneth 'Tim' Hampton,6
Jackson,Big Point,US HOUSE,4,Reform,Anna Jewel Revies,1
Jackson,Escatawpa,US HOUSE,4,Republican,Steven Palazzo,892
Jackson,Escatawpa,US HOUSE,4,Democrat,Gene Taylor,814
Jackson,Escatawpa,US HOUSE,4,Libertarian,Kenneth 'Tim' Hampton,7
Jackson,Escatawpa,US HOUSE,4,Reform,Anna Jewel Revies,0
Jackson,Orange Grove,US HOUSE,4,Republican,Steven Palazzo,420
Jackson,Orange Grove,US HOUSE,4,Democrat,Gene Taylor,293
Jackson,Orange Grove,US HOUSE,4,Libertarian,Kenneth 'Tim' Hampton,4
Jackson,Orange Grove,US HOUSE,4,Reform,Anna Jewel Revies,0
Jackson,Rec Center,US HOUSE,4,Republican,Steven Palazzo,156
Jackson,Rec Center,US HOUSE,4,Democrat,Gene Taylor,1837
Jackson,Rec Center,US HOUSE,4,Libertarian,Kenneth 'Tim' Hampton,14
Jackson,Rec Center,US HOUSE,4,Reform,Anna Jewel Revies,9
Jackson,Ymbc-Dantzler,US HOUSE,4,Republican,Steven Palazzo,294
Jackson,Ymbc-Dantzler,US HOUSE,4,Democrat,Gene Taylor,680
Jackson,Ymbc-Dantzler,US HOUSE,4,Libertarian,Kenneth 'Tim' Hampton,10
Jackson,Ymbc-Dantzler,US HOUSE,4,Reform,Anna Jewel Revies,3
Jackson,Jefferson Street,US HOUSE,4,Republican,Steven Palazzo,227
Jackson,Jefferson Street,US HOUSE,4,Democrat,Gene Taylor,982
Jackson,Jefferson Street,US HOUSE,4,Libertarian,Kenneth 'Tim' Hampton,10
Jackson,Jefferson Street,US HOUSE,4,Reform,Anna Jewel Revies,8
Jackson,Fair,US HOUSE,4,Republican,Steven Palazzo,426
Jackson,Fair,US HOUSE,4,Democrat,Gene Taylor,1147
Jackson,Fair,US HOUSE,4,Libertarian,Kenneth 'Tim' Hampton,12
Jackson,Fair,US HOUSE,4,Reform,Anna Jewel Revies,4
Jackson,Pinecrest,US HOUSE,4,Republican,Steven Palazzo,376
Jackson,Pinecrest,US HOUSE,4,Democrat,Gene Taylor,322
Jackson,Pinecrest,US HOUSE,4,Libertarian,Kenneth 'Tim' Hampton,5
Jackson,Pinecrest,US HOUSE,4,Reform,Anna Jewel Revies,0
Jackson,Nazarene,US HOUSE,4,Republican,Steven Palazzo,172
Jackson,Nazarene,US HOUSE,4,Democrat,Gene Taylor,222
Jackson,Nazarene,US HOUSE,4,Libertarian,Kenneth 'Tim' Hampton,2
Jackson,Nazarene,US HOUSE,4,Reform,Anna Jewel Revies,0
Jackson,Sacred Heart,US HOUSE,4,Republican,Steven Palazzo,437
Jackson,Sacred Heart,US HOUSE,4,Democrat,Gene Taylor,358
Jackson,Sacred Heart,US HOUSE,4,Libertarian,Kenneth 'Tim' Hampton,6
Jackson,Sacred Heart,US HOUSE,4,Reform,Anna Jewel Revies,1
Jackson,Eastlawn,US HOUSE,4,Republican,Steven Palazzo,470
Jackson,Eastlawn,US HOUSE,4,Democrat,Gene Taylor,321
Jackson,Eastlawn,US HOUSE,4,Libertarian,Kenneth 'Tim' Hampton,2
Jackson,Eastlawn,US HOUSE,4,Reform,Anna Jewel Revies,2
Jackson,American Legion,US HOUSE,4,Republican,Steven Palazzo,136
Jackson,American Legion,US HOUSE,4,Democrat,Gene Taylor,118
Jackson,American Legion,US HOUSE,4,Libertarian,Kenneth 'Tim' Hampton,1
Jackson,American Legion,US HOUSE,4,Reform,Anna Jewel Revies,0
Jackson,Presbyterian,US HOUSE,4,Republican,Steven Palazzo,272
Jackson,Presbyterian,US HOUSE,4,Democrat,Gene Taylor,235
Jackson,Presbyterian,US HOUSE,4,Libertarian,Kenneth 'Tim' Hampton,1
Jackson,Presbyterian,US HOUSE,4,Reform,Anna Jewel Revies,1
Jackson,North Pascagoula,US HOUSE,4,Republican,Steven Palazzo,158
Jackson,North Pascagoula,US HOUSE,4,Democrat,Gene Taylor,154
Jackson,North Pascagoula,US HOUSE,4,Libertarian,Kenneth 'Tim' Hampton,1
Jackson,North Pascagoula,US HOUSE,4,Reform,Anna Jewel Revies,0
Jackson,Gautier,US HOUSE,4,Republican,Steven Palazzo,1389
Jackson,Gautier,US HOUSE,4,Democrat,Gene Taylor,1729
Jackson,Gautier,US HOUSE,4,Libertarian,Kenneth 'Tim' Hampton,23
Jackson,Gautier,US HOUSE,4,Reform,Anna Jewel Revies,18
Jackson,Villa Maria,US HOUSE,4,Republican,Steven Palazzo,176
Jackson,Villa Maria,US HOUSE,4,Democrat,Gene Taylor,176
Jackson,Villa Maria,US HOUSE,4,Libertarian,Kenneth 'Tim' Hampton,0
Jackson,Villa Maria,US HOUSE,4,Reform,Anna Jewel Revies,2
Jackson,Os Community Ctr,US HOUSE,4,Republican,Steven Palazzo,77
Jackson,Os Community Ctr,US HOUSE,4,Democrat,Gene Taylor,109
Jackson,Os Community Ctr,US HOUSE,4,Libertarian,Kenneth 'Tim' Hampton,3
Jackson,Os Community Ctr,US HOUSE,4,Reform,Anna Jewel Revies,1
Jackson,Os Armory,US HOUSE,4,Republican,Steven Palazzo,844
Jackson,Os Armory,US HOUSE,4,Democrat,Gene Taylor,993
Jackson,Os Armory,US HOUSE,4,Libertarian,Kenneth 'Tim' Hampton,10
Jackson,Os Armory,US HOUSE,4,Reform,Anna Jewel Revies,4
Jackson,St Martin,US HOUSE,4,Republican,Steven Palazzo,1302
Jackson,St Martin,US HOUSE,4,Democrat,Gene Taylor,1627
Jackson,St Martin,US HOUSE,4,Libertarian,Kenneth 'Tim' Hampton,21
Jackson,St Martin,US HOUSE,4,Reform,Anna Jewel Revies,9
Jackson,Latimer,US HOUSE,4,Republican,Steven Palazzo,662
Jackson,Latimer,US HOUSE,4,Democrat,Gene Taylor,654
Jackson,Latimer,US HOUSE,4,Libertarian,Kenneth 'Tim' Hampton,11
Jackson,Latimer,US HOUSE,4,Reform,Anna Jewel Revies,7
Jackson,Larue,US HOUSE,4,Republican,Steven Palazzo,68
Jackson,Larue,US HOUSE,4,Democrat,Gene Taylor,59
Jackson,Larue,US HOUSE,4,Libertarian,Kenneth 'Tim' Hampton,0
Jackson,Larue,US HOUSE,4,Reform,Anna Jewel Revies,0
Jackson,Hickory Hills,US HOUSE,4,Republican,Steven Palazzo,675
Jackson,Hickory Hills,US HOUSE,4,Democrat,Gene Taylor,461
Jackson,Hickory Hills,US HOUSE,4,Libertarian,Kenneth 'Tim' Hampton,10
Jackson,Hickory Hills,US HOUSE,4,Reform,Anna Jewel Revies,3
Jackson,Fontainebleau,US HOUSE,4,Republican,Steven Palazzo,850
Jackson,Fontainebleau,US HOUSE,4,Democrat,Gene Taylor,691
Jackson,Fontainebleau,US HOUSE,4,Libertarian,Kenneth 'Tim' Hampton,6
Jackson,Fontainebleau,US HOUSE,4,Reform,Anna Jewel Revies,3
Jackson,Gulf Park Estates,US HOUSE,4,Republican,Steven Palazzo,745
Jackson,Gulf Park Estates,US HOUSE,4,Democrat,Gene Taylor,601
Jackson,Gulf Park Estates,US HOUSE,4,Libertarian,Kenneth 'Tim' Hampton,12
Jackson,Gulf Park Estates,US HOUSE,4,Reform,Anna Jewel Revies,6
Jackson,Os Civic Ctr,US HOUSE,4,Republican,Steven Palazzo,1583
Jackson,Os Civic Ctr,US HOUSE,4,Democrat,Gene Taylor,1580
Jackson,Os Civic Ctr,US HOUSE,4,Libertarian,Kenneth 'Tim' Hampton,25
Jackson,Os Civic Ctr,US HOUSE,4,Reform,Anna Jewel Revies,7
Jackson,South Vancleave,US HOUSE,4,Republican,Steven Palazzo,993
Jackson,South Vancleave,US HOUSE,4,Democrat,Gene Taylor,554
Jackson,South Vancleave,US HOUSE,4,Libertarian,Kenneth 'Tim' Hampton,11
Jackson,South Vancleave,US HOUSE,4,Reform,Anna Jewel Revies,3
Jackson,Red Hill,US HOUSE,4,Republican,Steven Palazzo,136
Jackson,Red Hill,US HOUSE,4,Democrat,Gene Taylor,42
Jackson,Red Hill,US HOUSE,4,Libertarian,Kenneth 'Tim' Hampton,2
Jackson,Red Hill,US HOUSE,4,Reform,Anna Jewel Revies,1
Jackson,Carterville,US HOUSE,4,Republican,Steven Palazzo,46
Jackson,Carterville,US HOUSE,4,Democrat,Gene Taylor,25
Jackson,Carterville,US HOUSE,4,Libertarian,Kenneth 'Tim' Hampton,1
Jackson,Carterville,US HOUSE,4,Reform,Anna Jewel Revies,0
Jackson,TOTAL,US HOUSE,4,Republican,Steven Palazzo,17588
Jackson,TOTAL,US HOUSE,4,Democrat,Gene Taylor,18463
Jackson,TOTAL,US HOUSE,4,Libertarian,Kenneth 'Tim' Hampton,244
Jackson,TOTAL,US HOUSE,4,Reform,Anna Jewel Revies,106
Jasper,Beat 1 Antioch 2 Judicial,US HOUSE,4,Republican,Steven Palazzo,144
Jasper,Beat 1 Antioch 2 Judicial,US HOUSE,4,Democrat,Gene Taylor,63
Jasper,Beat 1 Antioch 2 Judicial,US HOUSE,4,Libertarian,Kenneth 'Tim' Hampton,2
Jasper,Beat 1 Antioch 2 Judicial,US HOUSE,4,Reform,Anna Jewel Revies,0
Jasper,Beat 1 Holders - Waldrup 1,US HOUSE,3,Democrat,Joel L. Gill,98
Jasper,Beat 1 Holders - Waldrup 1,US HOUSE,3,Republican,Gregg Harper,20
Jasper,Beat 1 Holders - Waldrup 1,US HOUSE,3,Reform,Tracella Lou O'Hara Hill,0
Jasper,Beat 1 Holders - Waldrup 2,US HOUSE,3,Democrat,Joel L. Gill,110
Jasper,Beat 1 Holders - Waldrup 2,US HOUSE,3,Republican,Gregg Harper,149
Jasper,Beat 1 Holders - Waldrup 2,US HOUSE,3,Reform,Tracella Lou O'Hara Hill,0
Jasper,Moss First,US HOUSE,4,Republican,Steven Palazzo,19
Jasper,Moss First,US HOUSE,4,Democrat,Gene Taylor,7
Jasper,Moss First,US HOUSE,4,Libertarian,Kenneth 'Tim' Hampton,0
Jasper,Moss First,US HOUSE,4,Reform,Anna Jewel Revies,0
Jasper,Moss Second,US HOUSE,4,Republican,Steven Palazzo,299
Jasper,Moss Second,US HOUSE,4,Democrat,Gene Taylor,169
Jasper,Moss Second,US HOUSE,4,Libertarian,Kenneth 'Tim' Hampton,3
Jasper,Moss Second,US HOUSE,4,Reform,Anna Jewel Revies,1
Jasper,Palestine,US HOUSE,4,Republican,Steven Palazzo,8
Jasper,Palestine,US HOUSE,4,Democrat,Gene Taylor,44
Jasper,Palestine,US HOUSE,4,Libertarian,Kenneth 'Tim' Hampton,0
Jasper,Palestine,US HOUSE,4,Reform,Anna Jewel Revies,1
Jasper,Paulding,US HOUSE,4,Republican,Steven Palazzo,119
Jasper,Paulding,US HOUSE,4,Democrat,Gene Taylor,325
Jasper,Paulding,US HOUSE,4,Libertarian,Kenneth 'Tim' Hampton,4
Jasper,Paulding,US HOUSE,4,Reform,Anna Jewel Revies,1
Jasper,Fellowship,US HOUSE,4,Republican,Steven Palazzo,52
Jasper,Fellowship,US HOUSE,4,Democrat,Gene Taylor,13
Jasper,Fellowship,US HOUSE,4,Libertarian,Kenneth 'Tim' Hampton,0
Jasper,Fellowship,US HOUSE,4,Reform,Anna Jewel Revies,0
Jasper,Midway,US HOUSE,4,Republican,Steven Palazzo,57
Jasper,Midway,US HOUSE,4,Democrat,Gene Taylor,129
Jasper,Midway,US HOUSE,4,Libertarian,Kenneth 'Tim' Hampton,3
Jasper,Midway,US HOUSE,4,Reform,Anna Jewel Revies,1
Jasper,Rose Hill,US HOUSE,4,Republican,Steven Palazzo,115
Jasper,Rose Hill,US HOUSE,4,Democrat,Gene Taylor,140
Jasper,Rose Hill,US HOUSE,4,Libertarian,Kenneth 'Tim' Hampton,1
Jasper,Rose Hill,US HOUSE,4,Reform,Anna Jewel Revies,2
Jasper,Vossburg,US HOUSE,4,Republican,Steven Palazzo,23
Jasper,Vossburg,US HOUSE,4,Democrat,Gene Taylor,204
Jasper,Vossburg,US HOUSE,4,Libertarian,Kenneth 'Tim' Hampton,2
Jasper,Vossburg,US HOUSE,4,Reform,Anna Jewel Revies,1
Jasper,Bay Springs Beat 3,US HOUSE,3,Democrat,Joel L. Gill,218
Jasper,Bay Springs Beat 3,US HOUSE,3,Republican,Gregg Harper,254
Jasper,Bay Springs Beat 3,US HOUSE,3,Reform,Tracella Lou O'Hara Hill,4
Jasper,Louin,US HOUSE,3,Democrat,Joel L. Gill,184
Jasper,Louin,US HOUSE,3,Republican,Gregg Harper,175
Jasper,Louin,US HOUSE,3,Reform,Tracella Lou O'Hara Hill,7
Jasper,Montrose,US HOUSE,3,Democrat,Joel L. Gill,84
Jasper,Montrose,US HOUSE,3,Republican,Gregg Harper,101
Jasper,Montrose,US HOUSE,3,Reform,Tracella Lou O'Hara Hill,0
Jasper,Bay Springs Beat 4,US HOUSE,3,Democrat,Joel L. Gill,275
Jasper,Bay Springs Beat 4,US HOUSE,3,Republican,Gregg Harper,246
Jasper,Bay Springs Beat 4,US HOUSE,3,Reform,Tracella Lou O'Hara Hill,5
Jasper,Stringer,US HOUSE,4,Republican,Steven Palazzo,469
Jasper,Stringer,US HOUSE,4,Democrat,Gene Taylor,187
Jasper,Stringer,US HOUSE,4,Libertarian,Kenneth 'Tim' Hampton,4
Jasper,Stringer,US HOUSE,4,Reform,Anna Jewel Revies,1
Jasper,Heidelberg Beat 5,US HOUSE,4,Republican,Steven Palazzo,106
Jasper,Heidelberg Beat 5,US HOUSE,4,Democrat,Gene Taylor,582
Jasper,Heidelberg Beat 5,US HOUSE,4,Libertarian,Kenneth 'Tim' Hampton,9
Jasper,Heidelberg Beat 5,US HOUSE,4,Reform,Anna Jewel Revies,3
Jasper,Claiborne,US HOUSE,4,Republican,Steven Palazzo,78
Jasper,Claiborne,US HOUSE,4,Democrat,Gene Taylor,138
Jasper,Claiborne,US HOUSE,4,Libertarian,Kenneth 'Tim' Hampton,1
Jasper,Claiborne,US HOUSE,4,Reform,Anna Jewel Revies,2
Jasper,Philadelphia,US HOUSE,4,Republican,Steven Palazzo,49
Jasper,Philadelphia,US HOUSE,4,Democrat,Gene Taylor,140
Jasper,Philadelphia,US HOUSE,4,Libertarian,Kenneth 'Tim' Hampton,3
Jasper,Philadelphia,US HOUSE,4,Reform,Anna Jewel Revies,0
Jasper,TOTAL,US HOUSE,3,Democrat,Joel L. Gill,969
Jasper,TOTAL,US HOUSE,3,Republican,Gregg Harper,945
Jasper,TOTAL,US HOUSE,3,Reform,Tracella Lou O'Hara Hill,16
Jasper,TOTAL,US HOUSE,4,Republican,Steven Palazzo,1538
Jasper,TOTAL,US HOUSE,4,Democrat,Gene Taylor,2141
Jasper,TOTAL,US HOUSE,4,Libertarian,Kenneth 'Tim' Hampton,32
Jasper,TOTAL,US HOUSE,4,Reform,Anna Jewel Revies,13
Jefferson,Union Church 1010,US HOUSE,2,Republican,Bill Marcy,89
Jefferson,Union Church 1010,US HOUSE,2,Reform,Ashley Norwood,2
Jefferson,Union Church 1010,US HOUSE,2,Democrat,Bennie G. Thompson,109
Jefferson,Greenleaf Church 1020,US HOUSE,2,Republican,Bill Marcy,11
Jefferson,Greenleaf Church 1020,US HOUSE,2,Reform,Ashley Norwood,3
Jefferson,Greenleaf Church 1020,US HOUSE,2,Democrat,Bennie G. Thompson,118
Jefferson,Red Lick 1030,US HOUSE,2,Republican,Bill Marcy,27
Jefferson,Red Lick 1030,US HOUSE,2,Reform,Ashley Norwood,1
Jefferson,Red Lick 1030,US HOUSE,2,Democrat,Bennie G. Thompson,197
Jefferson,Stampley 2010,US HOUSE,2,Republican,Bill Marcy,2
Jefferson,Stampley 2010,US HOUSE,2,Reform,Ashley Norwood,0
Jefferson,Stampley 2010,US HOUSE,2,Democrat,Bennie G. Thompson,154
Jefferson,Superintendent Office 2020,US HOUSE,2,Republican,Bill Marcy,3
Jefferson,Superintendent Office 2020,US HOUSE,2,Reform,Ashley Norwood,0
Jefferson,Superintendent Office 2020,US HOUSE,2,Democrat,Bennie G. Thompson,163
Jefferson,Mcnair 2030,US HOUSE,2,Republican,Bill Marcy,25
Jefferson,Mcnair 2030,US HOUSE,2,Reform,Ashley Norwood,2
Jefferson,Mcnair 2030,US HOUSE,2,Democrat,Bennie G. Thompson,85
Jefferson,Chancery Clerk 3010,US HOUSE,2,Republican,Bill Marcy,0
Jefferson,Chancery Clerk 3010,US HOUSE,2,Reform,Ashley Norwood,0
Jefferson,Chancery Clerk 3010,US HOUSE,2,Democrat,Bennie G. Thompson,133
Jefferson,City Hall 3020,US HOUSE,2,Republican,Bill Marcy,4
Jefferson,City Hall 3020,US HOUSE,2,Reform,Ashley Norwood,2
Jefferson,City Hall 3020,US HOUSE,2,Democrat,Bennie G. Thompson,161
Jefferson,Cannonsburg 4010,US HOUSE,2,Republican,Bill Marcy,7
Jefferson,Cannonsburg 4010,US HOUSE,2,Reform,Ashley Norwood,1
Jefferson,Cannonsburg 4010,US HOUSE,2,Democrat,Bennie G. Thompson,130
Jefferson,Church Hill 4020,US HOUSE,2,Republican,Bill Marcy,62
Jefferson,Church Hill 4020,US HOUSE,2,Reform,Ashley Norwood,1
Jefferson,Church Hill 4020,US HOUSE,2,Democrat,Bennie G. Thompson,43
Jefferson,Old Hollywood Church 4030,US HOUSE,2,Republican,Bill Marcy,34
Jefferson,Old Hollywood Church 4030,US HOUSE,2,Reform,Ashley Norwood,2
Jefferson,Old Hollywood Church 4030,US HOUSE,2,Democrat,Bennie G. Thompson,274
Jefferson,Lorman 5010,US HOUSE,2,Republican,Bill Marcy,37
Jefferson,Lorman 5010,US HOUSE,2,Reform,Ashley Norwood,1
Jefferson,Lorman 5010,US HOUSE,2,Democrat,Bennie G. Thompson,148
Jefferson,Fayette Manor 5020,US HOUSE,2,Republican,Bill Marcy,3
Jefferson,Fayette Manor 5020,US HOUSE,2,Reform,Ashley Norwood,0
Jefferson,Fayette Manor 5020,US HOUSE,2,Democrat,Bennie G. Thompson,175
Jefferson,Highway 33 2040,US HOUSE,2,Republican,Bill Marcy,0
Jefferson,Highway 33 2040,US HOUSE,2,Reform,Ashley Norwood,0
Jefferson,Highway 33 2040,US HOUSE,2,Democrat,Bennie G. Thompson,75
Jefferson,Chambliss's Restaurant 5030,US HOUSE,2,Republican,Bill Marcy,8
Jefferson,Chambliss's Restaurant 5030,US HOUSE,2,Reform,Ashley Norwood,1
Jefferson,Chambliss's Restaurant 5030,US HOUSE,2,Democrat,Bennie G. Thompson,180
Jefferson,TOTAL,US HOUSE,2,Republican,Bill Marcy,312
Jefferson,TOTAL,US HOUSE,2,Reform,Ashley Norwood,16
Jefferson,TOTAL,US HOUSE,2,Democrat,Bennie G. Thompson,2145
Jefferson Davis,Granby 11,US HOUSE,3,Democrat,Joel L. Gill,50
Jefferson Davis,Granby 11,US HOUSE,3,Republican,Gregg Harper,53
Jefferson Davis,Granby 11,US HOUSE,3,Reform,Tracella Lou O'Hara Hill,0
Jefferson Davis,South Prentiss 12,US HOUSE,3,Democrat,Joel L. Gill,145
Jefferson Davis,South Prentiss 12,US HOUSE,3,Republican,Gregg Harper,338
Jefferson Davis,South Prentiss 12,US HOUSE,3,Reform,Tracella Lou O'Hara Hill,6
Jefferson Davis,South Prentiss 13,US HOUSE,3,Democrat,Joel L. Gill,189
Jefferson Davis,South Prentiss 13,US HOUSE,3,Republican,Gregg Harper,124
Jefferson Davis,South Prentiss 13,US HOUSE,3,Reform,Tracella Lou O'Hara Hill,3
Jefferson Davis,Bournham 21,US HOUSE,3,Democrat,Joel L. Gill,0
Jefferson Davis,Bournham 21,US HOUSE,3,Republican,Gregg Harper,0
Jefferson Davis,Bournham 21,US HOUSE,3,Reform,Tracella Lou O'Hara Hill,0
Jefferson Davis,Carson 22,US HOUSE,3,Democrat,Joel L. Gill,48
Jefferson Davis,Carson 22,US HOUSE,3,Republican,Gregg Harper,139
Jefferson Davis,Carson 22,US HOUSE,3,Reform,Tracella Lou O'Hara Hill,2
Jefferson Davis,Green's Creek 23,US HOUSE,3,Democrat,Joel L. Gill,70
Jefferson Davis,Green's Creek 23,US HOUSE,3,Republican,Gregg Harper,163
Jefferson Davis,Green's Creek 23,US HOUSE,3,Reform,Tracella Lou O'Hara Hill,1
Jefferson Davis,Hathorn 24,US HOUSE,3,Democrat,Joel L. Gill,47
Jefferson Davis,Hathorn 24,US HOUSE,3,Republican,Gregg Harper,90
Jefferson Davis,Hathorn 24,US HOUSE,3,Reform,Tracella Lou O'Hara Hill,0
Jefferson Davis,Son's Academy 25,US HOUSE,3,Democrat,Joel L. Gill,103
Jefferson Davis,Son's Academy 25,US HOUSE,3,Republican,Gregg Harper,45
Jefferson Davis,Son's Academy 25,US HOUSE,3,Reform,Tracella Lou O'Hara Hill,1
Jefferson Davis,Bassfield 25,US HOUSE,3,Democrat,Joel L. Gill,134
Jefferson Davis,Bassfield 25,US HOUSE,3,Republican,Gregg Harper,137
Jefferson Davis,Bassfield 25,US HOUSE,3,Reform,Tracella Lou O'Hara Hill,4
Jefferson Davis,Bassfield 31,US HOUSE,3,Democrat,Joel L. Gill,267
Jefferson Davis,Bassfield 31,US HOUSE,3,Republican,Gregg Harper,108
Jefferson Davis,Bassfield 31,US HOUSE,3,Reform,Tracella Lou O'Hara Hill,2
Jefferson Davis,Bassfield 32,US HOUSE,3,Democrat,Joel L. Gill,264
Jefferson Davis,Bassfield 32,US HOUSE,3,Republican,Gregg Harper,110
Jefferson Davis,Bassfield 32,US HOUSE,3,Reform,Tracella Lou O'Hara Hill,3
Jefferson Davis,Good Hope 33,US HOUSE,3,Democrat,Joel L. Gill,60
Jefferson Davis,Good Hope 33,US HOUSE,3,Republican,Gregg Harper,96
Jefferson Davis,Good Hope 33,US HOUSE,3,Reform,Tracella Lou O'Hara Hill,1
Jefferson Davis,Melba 34,US HOUSE,3,Democrat,Joel L. Gill,19
Jefferson Davis,Melba 34,US HOUSE,3,Republican,Gregg Harper,36
Jefferson Davis,Melba 34,US HOUSE,3,Reform,Tracella Lou O'Hara Hill,0
Jefferson Davis,Clern 41,US HOUSE,3,Democrat,Joel L. Gill,62
Jefferson Davis,Clern 41,US HOUSE,3,Republican,Gregg Harper,69
Jefferson Davis,Clern 41,US HOUSE,3,Reform,Tracella Lou O'Hara Hill,0
Jefferson Davis,Mt Carmel 42,US HOUSE,3,Democrat,Joel L. Gill,114
Jefferson Davis,Mt Carmel 42,US HOUSE,3,Republican,Gregg Harper,10
Jefferson Davis,Mt Carmel 42,US HOUSE,3,Reform,Tracella Lou O'Hara Hill,1
Jefferson Davis,North East Prentiss 43,US HOUSE,3,Democrat,Joel L. Gill,279
Jefferson Davis,North East Prentiss 43,US HOUSE,3,Republican,Gregg Harper,112
Jefferson Davis,North East Prentiss 43,US HOUSE,3,Reform,Tracella Lou O'Hara Hill,3
Jefferson Davis,Williamson Mill 44,US HOUSE,3,Democrat,Joel L. Gill,70
Jefferson Davis,Williamson Mill 44,US HOUSE,3,Republican,Gregg Harper,124
Jefferson Davis,Williamson Mill 44,US HOUSE,3,Reform,Tracella Lou O'Hara Hill,0
Jefferson Davis,Gwinville 51,US HOUSE,3,Democrat,Joel L. Gill,61
Jefferson Davis,Gwinville 51,US HOUSE,3,Republican,Gregg Harper,26
Jefferson Davis,Gwinville 51,US HOUSE,3,Reform,Tracella Lou O'Hara Hill,0
Jefferson Davis,Hebron 52,US HOUSE,3,Democrat,Joel L. Gill,36
Jefferson Davis,Hebron 52,US HOUSE,3,Republican,Gregg Harper,44
Jefferson Davis,Hebron 52,US HOUSE,3,Reform,Tracella Lou O'Hara Hill,0
Jefferson Davis,North West Prentiss 53,US HOUSE,3,Democrat,Joel L. Gill,124
Jefferson Davis,North West Prentiss 53,US HOUSE,3,Republican,Gregg Harper,55
Jefferson Davis,North West Prentiss 53,US HOUSE,3,Reform,Tracella Lou O'Hara Hill,3
Jefferson Davis,Red House 55,US HOUSE,3,Democrat,Joel L. Gill,107
Jefferson Davis,Red House 55,US HOUSE,3,Republican,Gregg Harper,71
Jefferson Davis,Red House 55,US HOUSE,3,Reform,Tracella Lou O'Hara Hill,0
Jefferson Davis,Whiting 56,US HOUSE,3,Democrat,Joel L. Gill,163
Jefferson Davis,Whiting 56,US HOUSE,3,Republican,Gregg Harper,34
Jefferson Davis,Whiting 56,US HOUSE,3,Reform,Tracella Lou O'Hara Hill,1
Jefferson Davis,City of Prentiss,US HOUSE,3,Democrat,Joel L. Gill,0
Jefferson Davis,City of Prentiss,US HOUSE,3,Republican,Gregg Harper,0
Jefferson Davis,City of Prentiss,US HOUSE,3,Reform,Tracella Lou O'Hara Hill,0
Jefferson Davis,TOTAL,US HOUSE,3,Democrat,Joel L. Gill,2412
Jefferson Davis,TOTAL,US HOUSE,3,Republican,Gregg Harper,1964
Jefferson Davis,TOTAL,US HOUSE,3,Reform,Tracella Lou O'Hara Hill,31
Jones,Lamar School,US HOUSE,4,Democrat,Gene Taylor,198
Jones,Lamar School,US HOUSE,4,Republican,Steven Palazzo,308
Jones,Lamar School,US HOUSE,4,Libertarian,Kenneth 'Tim' Hampton,4
Jones,Lamar School,US HOUSE,4,Reform,Anna Jewel Revies,0
Jones,Mason School,US HOUSE,4,Democrat,Gene Taylor,397
Jones,Mason School,US HOUSE,4,Republican,Steven Palazzo,761
Jones,Mason School,US HOUSE,4,Libertarian,Kenneth 'Tim' Hampton,7
Jones,Mason School,US HOUSE,4,Reform,Anna Jewel Revies,3
Jones,Shady Grove,US HOUSE,4,Democrat,Gene Taylor,504
Jones,Shady Grove,US HOUSE,4,Republican,Steven Palazzo,902
Jones,Shady Grove,US HOUSE,4,Libertarian,Kenneth 'Tim' Hampton,10
Jones,Shady Grove,US HOUSE,4,Reform,Anna Jewel Revies,5
Jones,Sharon,US HOUSE,4,Democrat,Gene Taylor,207
Jones,Sharon,US HOUSE,4,Republican,Steven Palazzo,553
Jones,Sharon,US HOUSE,4,Libertarian,Kenneth 'Tim' Hampton,13
Jones,Sharon,US HOUSE,4,Reform,Anna Jewel Revies,2
Jones,Bruce,US HOUSE,3,Democrat,Joel L. Gill,19
Jones,Bruce,US HOUSE,3,Republican,Gregg Harper,249
Jones,Bruce,US HOUSE,3,Reform,Tracella Lou O'Hara Hill,8
Jones,Calhoun,US HOUSE,4,Democrat,Gene Taylor,219
Jones,Calhoun,US HOUSE,4,Republican,Steven Palazzo,868
Jones,Calhoun,US HOUSE,4,Libertarian,Kenneth 'Tim' Hampton,11
Jones,Calhoun,US HOUSE,4,Reform,Anna Jewel Revies,1
Jones,Centerville,US HOUSE,3,Democrat,Joel L. Gill,12
Jones,Centerville,US HOUSE,3,Republican,Gregg Harper,88
Jones,Centerville,US HOUSE,3,Reform,Tracella Lou O'Hara Hill,1
Jones,Laurel Courthouse,US HOUSE,4,Democrat,Gene Taylor,178
Jones,Laurel Courthouse,US HOUSE,4,Republican,Steven Palazzo,194
Jones,Laurel Courthouse,US HOUSE,4,Libertarian,Kenneth 'Tim' Hampton,2
Jones,Laurel Courthouse,US HOUSE,4,Reform,Anna Jewel Revies,0
Jones,Gitano,US HOUSE,4,Democrat,Gene Taylor,74
Jones,Gitano,US HOUSE,4,Republican,Steven Palazzo,95
Jones,Gitano,US HOUSE,4,Libertarian,Kenneth 'Tim' Hampton,2
Jones,Gitano,US HOUSE,4,Reform,Anna Jewel Revies,0
Jones,Hebron,US HOUSE,3,Democrat,Joel L. Gill,256
Jones,Hebron,US HOUSE,3,Republican,Gregg Harper,166
Jones,Hebron,US HOUSE,3,Reform,Tracella Lou O'Hara Hill,4
Jones,Matthews,US HOUSE,4,Democrat,Gene Taylor,92
Jones,Matthews,US HOUSE,4,Republican,Steven Palazzo,290
Jones,Matthews,US HOUSE,4,Libertarian,Kenneth 'Tim' Hampton,2
Jones,Matthews,US HOUSE,4,Reform,Anna Jewel Revies,0
Jones,Pleasant Ridge,US HOUSE,4,Democrat,Gene Taylor,90
Jones,Pleasant Ridge,US HOUSE,4,Republican,Steven Palazzo,296
Jones,Pleasant Ridge,US HOUSE,4,Libertarian,Kenneth 'Tim' Hampton,4
Jones,Pleasant Ridge,US HOUSE,4,Reform,Anna Jewel Revies,1
Jones,Cameron Center,US HOUSE,4,Democrat,Gene Taylor,85
Jones,Cameron Center,US HOUSE,4,Republican,Steven Palazzo,142
Jones,Cameron Center,US HOUSE,4,Libertarian,Kenneth 'Tim' Hampton,0
Jones,Cameron Center,US HOUSE,4,Reform,Anna Jewel Revies,0
Jones,Soso,US HOUSE,4,Democrat,Gene Taylor,285
Jones,Soso,US HOUSE,4,Republican,Steven Palazzo,276
Jones,Soso,US HOUSE,4,Libertarian,Kenneth 'Tim' Hampton,7
Jones,Soso,US HOUSE,4,Reform,Anna Jewel Revies,3
Jones,Mauldin Community Center,US HOUSE,4,Democrat,Gene Taylor,237
Jones,Mauldin Community Center,US HOUSE,4,Republican,Steven Palazzo,556
Jones,Mauldin Community Center,US HOUSE,4,Libertarian,Kenneth 'Tim' Hampton,9
Jones,Mauldin Community Center,US HOUSE,4,Reform,Anna Jewel Revies,1
Jones,Kingston Church,US HOUSE,4,Democrat,Gene Taylor,105
Jones,Kingston Church,US HOUSE,4,Republican,Steven Palazzo,10
Jones,Kingston Church,US HOUSE,4,Libertarian,Kenneth 'Tim' Hampton,2
Jones,Kingston Church,US HOUSE,4,Reform,Anna Jewel Revies,0
Jones,Erata,US HOUSE,4,Democrat,Gene Taylor,145
Jones,Erata,US HOUSE,4,Republican,Steven Palazzo,93
Jones,Erata,US HOUSE,4,Libertarian,Kenneth 'Tim' Hampton,5
Jones,Erata,US HOUSE,4,Reform,Anna Jewel Revies,0
Jones,Glade,US HOUSE,4,Democrat,Gene Taylor,137
Jones,Glade,US HOUSE,4,Republican,Steven Palazzo,478
Jones,Glade,US HOUSE,4,Libertarian,Kenneth 'Tim' Hampton,8
Jones,Glade,US HOUSE,4,Reform,Anna Jewel Revies,1
Jones,Myrick,US HOUSE,4,Democrat,Gene Taylor,142
Jones,Myrick,US HOUSE,4,Republican,Steven Palazzo,519
Jones,Myrick,US HOUSE,4,Libertarian,Kenneth 'Tim' Hampton,10
Jones,Myrick,US HOUSE,4,Reform,Anna Jewel Revies,3
Jones,Powers Community Center,US HOUSE,4,Democrat,Gene Taylor,168
Jones,Powers Community Center,US HOUSE,4,Republican,Steven Palazzo,430
Jones,Powers Community Center,US HOUSE,4,Libertarian,Kenneth 'Tim' Hampton,9
Jones,Powers Community Center,US HOUSE,4,Reform,Anna Jewel Revies,1
Jones,Ovett,US HOUSE,4,Democrat,Gene Taylor,172
Jones,Ovett,US HOUSE,4,Republican,Steven Palazzo,221
Jones,Ovett,US HOUSE,4,Libertarian,Kenneth 'Tim' Hampton,4
Jones,Ovett,US HOUSE,4,Reform,Anna Jewel Revies,0
Jones,Rustin,US HOUSE,4,Democrat,Gene Taylor,73
Jones,Rustin,US HOUSE,4,Republican,Steven Palazzo,286
Jones,Rustin,US HOUSE,4,Libertarian,Kenneth 'Tim' Hampton,1
Jones,Rustin,US HOUSE,4,Reform,Anna Jewel Revies,0
Jones,Sandersville Civic Center,US HOUSE,4,Democrat,Gene Taylor,158
Jones,Sandersville Civic Center,US HOUSE,4,Republican,Steven Palazzo,313
Jones,Sandersville Civic Center,US HOUSE,4,Libertarian,Kenneth 'Tim' Hampton,5
Jones,Sandersville Civic Center,US HOUSE,4,Reform,Anna Jewel Revies,2
Jones,Tuckers,US HOUSE,4,Democrat,Gene Taylor,112
Jones,Tuckers,US HOUSE,4,Republican,Steven Palazzo,341
Jones,Tuckers,US HOUSE,4,Libertarian,Kenneth 'Tim' Hampton,7
Jones,Tuckers,US HOUSE,4,Reform,Anna Jewel Revies,1
Jones,Antioch,US HOUSE,4,Democrat,Gene Taylor,71
Jones,Antioch,US HOUSE,4,Republican,Steven Palazzo,183
Jones,Antioch,US HOUSE,4,Libertarian,Kenneth 'Tim' Hampton,9
Jones,Antioch,US HOUSE,4,Reform,Anna Jewel Revies,1
Jones,Blackwell,US HOUSE,4,Democrat,Gene Taylor,13
Jones,Blackwell,US HOUSE,4,Republican,Steven Palazzo,30
Jones,Blackwell,US HOUSE,4,Libertarian,Kenneth 'Tim' Hampton,2
Jones,Blackwell,US HOUSE,4,Reform,Anna Jewel Revies,0
Jones,County Barn,US HOUSE,4,Democrat,Gene Taylor,164
Jones,County Barn,US HOUSE,4,Republican,Steven Palazzo,277
Jones,County Barn,US HOUSE,4,Libertarian,Kenneth 'Tim' Hampton,7
Jones,County Barn,US HOUSE,4,Reform,Anna Jewel Revies,3
Jones,Johnson,US HOUSE,4,Democrat,Gene Taylor,60
Jones,Johnson,US HOUSE,4,Republican,Steven Palazzo,265
Jones,Johnson,US HOUSE,4,Libertarian,Kenneth 'Tim' Hampton,7
Jones,Johnson,US HOUSE,4,Reform,Anna Jewel Revies,1
Jones,Ellisville Courthouse,US HOUSE,4,Democrat,Gene Taylor,221
Jones,Ellisville Courthouse,US HOUSE,4,Republican,Steven Palazzo,264
Jones,Ellisville Courthouse,US HOUSE,4,Libertarian,Kenneth 'Tim' Hampton,9
Jones,Ellisville Courthouse,US HOUSE,4,Reform,Anna Jewel Revies,2
Jones,Landrum,US HOUSE,4,Democrat,Gene Taylor,54
Jones,Landrum,US HOUSE,4,Republican,Steven Palazzo,171
Jones,Landrum,US HOUSE,4,Libertarian,Kenneth 'Tim' Hampton,5
Jones,Landrum,US HOUSE,4,Reform,Anna Jewel Revies,2
Jones,Moselle,US HOUSE,4,Democrat,Gene Taylor,200
Jones,Moselle,US HOUSE,4,Republican,Steven Palazzo,366
Jones,Moselle,US HOUSE,4,Libertarian,Kenneth 'Tim' Hampton,9
Jones,Moselle,US HOUSE,4,Reform,Anna Jewel Revies,1
Jones,Pine Grove,US HOUSE,4,Democrat,Gene Taylor,96
Jones,Pine Grove,US HOUSE,4,Republican,Steven Palazzo,396
Jones,Pine Grove,US HOUSE,4,Libertarian,Kenneth 'Tim' Hampton,5
Jones,Pine Grove,US HOUSE,4,Reform,Anna Jewel Revies,0
Jones,Rainey,US HOUSE,4,Democrat,Gene Taylor,165
Jones,Rainey,US HOUSE,4,Republican,Steven Palazzo,474
Jones,Rainey,US HOUSE,4,Libertarian,Kenneth 'Tim' Hampton,6
Jones,Rainey,US HOUSE,4,Reform,Anna Jewel Revies,0
Jones,Sand Hill,US HOUSE,4,Democrat,Gene Taylor,129
Jones,Sand Hill,US HOUSE,4,Republican,Steven Palazzo,504
Jones,Sand Hill,US HOUSE,4,Libertarian,Kenneth 'Tim' Hampton,14
Jones,Sand Hill,US HOUSE,4,Reform,Anna Jewel Revies,1
Jones,Shelton,US HOUSE,4,Democrat,Gene Taylor,181
Jones,Shelton,US HOUSE,4,Republican,Steven Palazzo,178
Jones,Shelton,US HOUSE,4,Libertarian,Kenneth 'Tim' Hampton,0
Jones,Shelton,US HOUSE,4,Reform,Anna Jewel Revies,1
Jones,Union,US HOUSE,4,Democrat,Gene Taylor,115
Jones,Union,US HOUSE,4,Republican,Steven Palazzo,322
Jones,Union,US HOUSE,4,Libertarian,Kenneth 'Tim' Hampton,3
Jones,Union,US HOUSE,4,Reform,Anna Jewel Revies,1
Jones,South Jones,US HOUSE,4,Democrat,Gene Taylor,60
Jones,South Jones,US HOUSE,4,Republican,Steven Palazzo,119
Jones,South Jones,US HOUSE,4,Libertarian,Kenneth 'Tim' Hampton,2
Jones,South Jones,US HOUSE,4,Reform,Anna Jewel Revies,2
Jones,Cooks Ave. Comm. Center,US HOUSE,4,Democrat,Gene Taylor,288
Jones,Cooks Ave. Comm. Center,US HOUSE,4,Republican,Steven Palazzo,4
Jones,Cooks Ave. Comm. Center,US HOUSE,4,Libertarian,Kenneth 'Tim' Hampton,3
Jones,Cooks Ave. Comm. Center,US HOUSE,4,Reform,Anna Jewel Revies,2
Jones,Magnolia Center,US HOUSE,4,Democrat,Gene Taylor,684
Jones,Magnolia Center,US HOUSE,4,Republican,Steven Palazzo,247
Jones,Magnolia Center,US HOUSE,4,Libertarian,Kenneth 'Tim' Hampton,6
Jones,Magnolia Center,US HOUSE,4,Reform,Anna Jewel Revies,0
Jones,Nora Davis School,US HOUSE,4,Democrat,Gene Taylor,425
Jones,Nora Davis School,US HOUSE,4,Republican,Steven Palazzo,10
Jones,Nora Davis School,US HOUSE,4,Libertarian,Kenneth 'Tim' Hampton,2
Jones,Nora Davis School,US HOUSE,4,Reform,Anna Jewel Revies,2
Jones,Roosevelt,US HOUSE,4,Democrat,Gene Taylor,161
Jones,Roosevelt,US HOUSE,4,Republican,Steven Palazzo,8
Jones,Roosevelt,US HOUSE,4,Libertarian,Kenneth 'Tim' Hampton,0
Jones,Roosevelt,US HOUSE,4,Reform,Anna Jewel Revies,1
Jones,Oak Park School,US HOUSE,4,Democrat,Gene Taylor,454
Jones,Oak Park School,US HOUSE,4,Republican,Steven Palazzo,3
Jones,Oak Park School,US HOUSE,4,Libertarian,Kenneth 'Tim' Hampton,2
Jones,Oak Park School,US HOUSE,4,Reform,Anna Jewel Revies,3
Jones,Pendorff,US HOUSE,4,Democrat,Gene Taylor,62
Jones,Pendorff,US HOUSE,4,Republican,Steven Palazzo,79
Jones,Pendorff,US HOUSE,4,Libertarian,Kenneth 'Tim' Hampton,3
Jones,Pendorff,US HOUSE,4,Reform,Anna Jewel Revies,0
Jones,Currie,US HOUSE,4,Democrat,Gene Taylor,132
Jones,Currie,US HOUSE,4,Republican,Steven Palazzo,2
Jones,Currie,US HOUSE,4,Libertarian,Kenneth 'Tim' Hampton,0
Jones,Currie,US HOUSE,4,Reform,Anna Jewel Revies,0
Jones,TOTAL,US HOUSE,3,Democrat,Joel L. Gill,287
Jones,TOTAL,US HOUSE,3,Republican,Gregg Harper,503
Jones,TOTAL,US HOUSE,3,Reform,Tracella Lou O'Hara Hill,13
Jones,TOTAL,US HOUSE,4,Democrat,Gene Taylor,7513
Jones,TOTAL,US HOUSE,4,Republican,Steven Palazzo,11834
Jones,TOTAL,US HOUSE,4,Libertarian,Kenneth 'Tim' Hampton,216
Jones,TOTAL,US HOUSE,4,Reform,Anna Jewel Revies,47
Kemper,Scooba A-L,US HOUSE,3,Democrat,Joel L. Gill,158
Kemper,Scooba A-L,US HOUSE,3,Republican,Gregg Harper,91
Kemper,Scooba A-L,US HOUSE,3,Reform,Tracella Lou O'Hara Hill,1
Kemper,Scooba M-Z,US HOUSE,3,Democrat,Joel L. Gill,104
Kemper,Scooba M-Z,US HOUSE,3,Republican,Gregg Harper,78
Kemper,Scooba M-Z,US HOUSE,3,Reform,Tracella Lou O'Hara Hill,2
Kemper,Farmers Market,US HOUSE,3,Democrat,Joel L. Gill,7
Kemper,Farmers Market,US HOUSE,3,Republican,Gregg Harper,14
Kemper,Farmers Market,US HOUSE,3,Reform,Tracella Lou O'Hara Hill,0
Kemper,Band Building,US HOUSE,3,Democrat,Joel L. Gill,136
Kemper,Band Building,US HOUSE,3,Republican,Gregg Harper,117
Kemper,Band Building,US HOUSE,3,Reform,Tracella Lou O'Hara Hill,2
Kemper,Porterville,US HOUSE,3,Democrat,Joel L. Gill,258
Kemper,Porterville,US HOUSE,3,Republican,Gregg Harper,80
Kemper,Porterville,US HOUSE,3,Reform,Tracella Lou O'Hara Hill,5
Kemper,Kemper Springs,US HOUSE,3,Democrat,Joel L. Gill,86
Kemper,Kemper Springs,US HOUSE,3,Republican,Gregg Harper,12
Kemper,Kemper Springs,US HOUSE,3,Reform,Tracella Lou O'Hara Hill,0
Kemper,Fort Stevens,US HOUSE,3,Democrat,Joel L. Gill,17
Kemper,Fort Stevens,US HOUSE,3,Republican,Gregg Harper,92
Kemper,Fort Stevens,US HOUSE,3,Reform,Tracella Lou O'Hara Hill,0
Kemper,Lynwood,US HOUSE,3,Democrat,Joel L. Gill,48
Kemper,Lynwood,US HOUSE,3,Republican,Gregg Harper,135
Kemper,Lynwood,US HOUSE,3,Reform,Tracella Lou O'Hara Hill,0
Kemper,Lynville,US HOUSE,3,Democrat,Joel L. Gill,43
Kemper,Lynville,US HOUSE,3,Republican,Gregg Harper,109
Kemper,Lynville,US HOUSE,3,Reform,Tracella Lou O'Hara Hill,0
Kemper,Preston,US HOUSE,3,Democrat,Joel L. Gill,124
Kemper,Preston,US HOUSE,3,Republican,Gregg Harper,97
Kemper,Preston,US HOUSE,3,Reform,Tracella Lou O'Hara Hill,1
Kemper,Kellis Store,US HOUSE,3,Democrat,Joel L. Gill,92
Kemper,Kellis Store,US HOUSE,3,Republican,Gregg Harper,24
Kemper,Kellis Store,US HOUSE,3,Reform,Tracella Lou O'Hara Hill,2
Kemper,Courthouse,US HOUSE,3,Democrat,Joel L. Gill,167
Kemper,Courthouse,US HOUSE,3,Republican,Gregg Harper,127
Kemper,Courthouse,US HOUSE,3,Reform,Tracella Lou O'Hara Hill,3
Kemper,Mount Nebo,US HOUSE,3,Democrat,Joel L. Gill,96
Kemper,Mount Nebo,US HOUSE,3,Republican,Gregg Harper,74
Kemper,Mount Nebo,US HOUSE,3,Reform,Tracella Lou O'Hara Hill,0
Kemper,Satellite,US HOUSE,3,Democrat,Joel L. Gill,195
Kemper,Satellite,US HOUSE,3,Republican,Gregg Harper,118
Kemper,Satellite,US HOUSE,3,Reform,Tracella Lou O'Hara Hill,0
Kemper,TOTAL,US HOUSE,3,Democrat,Joel L. Gill,1531
Kemper,TOTAL,US HOUSE,3,Republican,Gregg Harper,1168
Kemper,TOTAL,US HOUSE,3,Reform,Tracella Lou O'Hara Hill,16
Lafayette,Oxford 1,US HOUSE,1,Democrat,Travis W. Childers,555
Lafayette,Oxford 1,US HOUSE,1,Republican,Alan Nunnelee,896
Lafayette,Oxford 1,US HOUSE,1,Independent,A G Baddley,5
Lafayette,Oxford 1,US HOUSE,1,Constitution,Gail Giaramita,7
Lafayette,Oxford 1,US HOUSE,1,Independent,Les Green,5
Lafayette,Oxford 1,US HOUSE,1,Independent,Rick 'Rico' Hoskins,5
Lafayette,Oxford 1,US HOUSE,1,Independent,Wally Pang,15
Lafayette,Oxford 1,US HOUSE,1,Libertarian,Harold M. Taylor,6
Lafayette,Oxford 1,US HOUSE,1,Reform,Barbara Dale Washer,0
Lafayette,Denmark-Laf Springs - Pine Bluff,US HOUSE,1,Democrat,Travis W. Childers,60
Lafayette,Denmark-Laf Springs - Pine Bluff,US HOUSE,1,Republican,Alan Nunnelee,245
Lafayette,Denmark-Laf Springs - Pine Bluff,US HOUSE,1,Independent,A G Baddley,2
Lafayette,Denmark-Laf Springs - Pine Bluff,US HOUSE,1,Constitution,Gail Giaramita,0
Lafayette,Denmark-Laf Springs - Pine Bluff,US HOUSE,1,Independent,Les Green,0
Lafayette,Denmark-Laf Springs - Pine Bluff,US HOUSE,1,Independent,Rick 'Rico' Hoskins,1
Lafayette,Denmark-Laf Springs - Pine Bluff,US HOUSE,1,Independent,Wally Pang,2
Lafayette,Denmark-Laf Springs - Pine Bluff,US HOUSE,1,Libertarian,Harold M. Taylor,1
Lafayette,Denmark-Laf Springs - Pine Bluff,US HOUSE,1,Reform,Barbara Dale Washer,0
Lafayette,Tokona Community Center,US HOUSE,1,Democrat,Travis W. Childers,82
Lafayette,Tokona Community Center,US HOUSE,1,Republican,Alan Nunnelee,245
Lafayette,Tokona Community Center,US HOUSE,1,Independent,A G Baddley,3
Lafayette,Tokona Community Center,US HOUSE,1,Constitution,Gail Giaramita,0
Lafayette,Tokona Community Center,US HOUSE,1,Independent,Les Green,2
Lafayette,Tokona Community Center,US HOUSE,1,Independent,Rick 'Rico' Hoskins,0
Lafayette,Tokona Community Center,US HOUSE,1,Independent,Wally Pang,2
Lafayette,Tokona Community Center,US HOUSE,1,Libertarian,Harold M. Taylor,0
Lafayette,Tokona Community Center,US HOUSE,1,Reform,Barbara Dale Washer,0
Lafayette,Oxford 2,US HOUSE,1,Democrat,Travis W. Childers,993
Lafayette,Oxford 2,US HOUSE,1,Republican,Alan Nunnelee,1269
Lafayette,Oxford 2,US HOUSE,1,Independent,A G Baddley,12
Lafayette,Oxford 2,US HOUSE,1,Constitution,Gail Giaramita,2
Lafayette,Oxford 2,US HOUSE,1,Independent,Les Green,5
Lafayette,Oxford 2,US HOUSE,1,Independent,Rick 'Rico' Hoskins,1
Lafayette,Oxford 2,US HOUSE,1,Independent,Wally Pang,21
Lafayette,Oxford 2,US HOUSE,1,Libertarian,Harold M. Taylor,13
Lafayette,Oxford 2,US HOUSE,1,Reform,Barbara Dale Washer,4
Lafayette,Philadelphia,US HOUSE,1,Democrat,Travis W. Childers,66
Lafayette,Philadelphia,US HOUSE,1,Republican,Alan Nunnelee,77
Lafayette,Philadelphia,US HOUSE,1,Independent,A G Baddley,1
Lafayette,Philadelphia,US HOUSE,1,Constitution,Gail Giaramita,0
Lafayette,Philadelphia,US HOUSE,1,Independent,Les Green,0
Lafayette,Philadelphia,US HOUSE,1,Independent,Rick 'Rico' Hoskins,0
Lafayette,Philadelphia,US HOUSE,1,Independent,Wally Pang,2
Lafayette,Philadelphia,US HOUSE,1,Libertarian,Harold M. Taylor,0
Lafayette,Philadelphia,US HOUSE,1,Reform,Barbara Dale Washer,0
Lafayette,Oxford 3,US HOUSE,1,Democrat,Travis W. Childers,556
Lafayette,Oxford 3,US HOUSE,1,Republican,Alan Nunnelee,463
Lafayette,Oxford 3,US HOUSE,1,Independent,A G Baddley,1
Lafayette,Oxford 3,US HOUSE,1,Constitution,Gail Giaramita,2
Lafayette,Oxford 3,US HOUSE,1,Independent,Les Green,1
Lafayette,Oxford 3,US HOUSE,1,Independent,Rick 'Rico' Hoskins,5
Lafayette,Oxford 3,US HOUSE,1,Independent,Wally Pang,5
Lafayette,Oxford 3,US HOUSE,1,Libertarian,Harold M. Taylor,1
Lafayette,Oxford 3,US HOUSE,1,Reform,Barbara Dale Washer,1
Lafayette,Abbeville,US HOUSE,1,Democrat,Travis W. Childers,368
Lafayette,Abbeville,US HOUSE,1,Republican,Alan Nunnelee,240
Lafayette,Abbeville,US HOUSE,1,Independent,A G Baddley,4
Lafayette,Abbeville,US HOUSE,1,Constitution,Gail Giaramita,5
Lafayette,Abbeville,US HOUSE,1,Independent,Les Green,5
Lafayette,Abbeville,US HOUSE,1,Independent,Rick 'Rico' Hoskins,2
Lafayette,Abbeville,US HOUSE,1,Independent,Wally Pang,4
Lafayette,Abbeville,US HOUSE,1,Libertarian,Harold M. Taylor,3
Lafayette,Abbeville,US HOUSE,1,Reform,Barbara Dale Washer,3
Lafayette,College Hill,US HOUSE,1,Democrat,Travis W. Childers,363
Lafayette,College Hill,US HOUSE,1,Republican,Alan Nunnelee,575
Lafayette,College Hill,US HOUSE,1,Independent,A G Baddley,6
Lafayette,College Hill,US HOUSE,1,Constitution,Gail Giaramita,0
Lafayette,College Hill,US HOUSE,1,Independent,Les Green,7
Lafayette,College Hill,US HOUSE,1,Independent,Rick 'Rico' Hoskins,1
Lafayette,College Hill,US HOUSE,1,Independent,Wally Pang,7
Lafayette,College Hill,US HOUSE,1,Libertarian,Harold M. Taylor,0
Lafayette,College Hill,US HOUSE,1,Reform,Barbara Dale Washer,0
Lafayette,Taylor 3,US HOUSE,1,Democrat,Travis W. Childers,216
Lafayette,Taylor 3,US HOUSE,1,Republican,Alan Nunnelee,67
Lafayette,Taylor 3,US HOUSE,1,Independent,A G Baddley,2
Lafayette,Taylor 3,US HOUSE,1,Constitution,Gail Giaramita,3
Lafayette,Taylor 3,US HOUSE,1,Independent,Les Green,1
Lafayette,Taylor 3,US HOUSE,1,Independent,Rick 'Rico' Hoskins,2
Lafayette,Taylor 3,US HOUSE,1,Independent,Wally Pang,1
Lafayette,Taylor 3,US HOUSE,1,Libertarian,Harold M. Taylor,2
Lafayette,Taylor 3,US HOUSE,1,Reform,Barbara Dale Washer,0
Lafayette,Oxford 4,US HOUSE,1,Democrat,Travis W. Childers,640
Lafayette,Oxford 4,US HOUSE,1,Republican,Alan Nunnelee,994
Lafayette,Oxford 4,US HOUSE,1,Independent,A G Baddley,8
Lafayette,Oxford 4,US HOUSE,1,Constitution,Gail Giaramita,3
Lafayette,Oxford 4,US HOUSE,1,Independent,Les Green,5
Lafayette,Oxford 4,US HOUSE,1,Independent,Rick 'Rico' Hoskins,2
Lafayette,Oxford 4,US HOUSE,1,Independent,Wally Pang,8
Lafayette,Oxford 4,US HOUSE,1,Libertarian,Harold M. Taylor,2
Lafayette,Oxford 4,US HOUSE,1,Reform,Barbara Dale Washer,3
Lafayette,Burgess,US HOUSE,1,Democrat,Travis W. Childers,67
Lafayette,Burgess,US HOUSE,1,Republican,Alan Nunnelee,160
Lafayette,Burgess,US HOUSE,1,Independent,A G Baddley,0
Lafayette,Burgess,US HOUSE,1,Constitution,Gail Giaramita,0
Lafayette,Burgess,US HOUSE,1,Independent,Les Green,1
Lafayette,Burgess,US HOUSE,1,Independent,Rick 'Rico' Hoskins,1
Lafayette,Burgess,US HOUSE,1,Independent,Wally Pang,3
Lafayette,Burgess,US HOUSE,1,Libertarian,Harold M. Taylor,0
Lafayette,Burgess,US HOUSE,1,Reform,Barbara Dale Washer,0
Lafayette,Anchor-Taylor 4,US HOUSE,1,Democrat,Travis W. Childers,49
Lafayette,Anchor-Taylor 4,US HOUSE,1,Republican,Alan Nunnelee,222
Lafayette,Anchor-Taylor 4,US HOUSE,1,Independent,A G Baddley,1
Lafayette,Anchor-Taylor 4,US HOUSE,1,Constitution,Gail Giaramita,0
Lafayette,Anchor-Taylor 4,US HOUSE,1,Independent,Les Green,0
Lafayette,Anchor-Taylor 4,US HOUSE,1,Independent,Rick 'Rico' Hoskins,0
Lafayette,Anchor-Taylor 4,US HOUSE,1,Independent,Wally Pang,1
Lafayette,Anchor-Taylor 4,US HOUSE,1,Libertarian,Harold M. Taylor,3
Lafayette,Anchor-Taylor 4,US HOUSE,1,Reform,Barbara Dale Washer,0
Lafayette,Harmontown,US HOUSE,1,Democrat,Travis W. Childers,66
Lafayette,Harmontown,US HOUSE,1,Republican,Alan Nunnelee,154
Lafayette,Harmontown,US HOUSE,1,Independent,A G Baddley,3
Lafayette,Harmontown,US HOUSE,1,Constitution,Gail Giaramita,5
Lafayette,Harmontown,US HOUSE,1,Independent,Les Green,0
Lafayette,Harmontown,US HOUSE,1,Independent,Rick 'Rico' Hoskins,1
Lafayette,Harmontown,US HOUSE,1,Independent,Wally Pang,1
Lafayette,Harmontown,US HOUSE,1,Libertarian,Harold M. Taylor,2
Lafayette,Harmontown,US HOUSE,1,Reform,Barbara Dale Washer,0
Lafayette,Union West 4,US HOUSE,1,Democrat,Travis W. Childers,78
Lafayette,Union West 4,US HOUSE,1,Republican,Alan Nunnelee,104
Lafayette,Union West 4,US HOUSE,1,Independent,A G Baddley,0
Lafayette,Union West 4,US HOUSE,1,Constitution,Gail Giaramita,0
Lafayette,Union West 4,US HOUSE,1,Independent,Les Green,2
Lafayette,Union West 4,US HOUSE,1,Independent,Rick 'Rico' Hoskins,1
Lafayette,Union West 4,US HOUSE,1,Independent,Wally Pang,0
Lafayette,Union West 4,US HOUSE,1,Libertarian,Harold M. Taylor,1
Lafayette,Union West 4,US HOUSE,1,Reform,Barbara Dale Washer,0
Lafayette,Oxford 5,US HOUSE,1,Democrat,Travis W. Childers,297
Lafayette,Oxford 5,US HOUSE,1,Republican,Alan Nunnelee,391
Lafayette,Oxford 5,US HOUSE,1,Independent,A G Baddley,2
Lafayette,Oxford 5,US HOUSE,1,Constitution,Gail Giaramita,1
Lafayette,Oxford 5,US HOUSE,1,Independent,Les Green,3
Lafayette,Oxford 5,US HOUSE,1,Independent,Rick 'Rico' Hoskins,0
Lafayette,Oxford 5,US HOUSE,1,Independent,Wally Pang,7
Lafayette,Oxford 5,US HOUSE,1,Libertarian,Harold M. Taylor,4
Lafayette,Oxford 5,US HOUSE,1,Reform,Barbara Dale Washer,0
Lafayette,Paris,US HOUSE,1,Democrat,Travis W. Childers,12
Lafayette,Paris,US HOUSE,1,Republican,Alan Nunnelee,152
Lafayette,Paris,US HOUSE,1,Independent,A G Baddley,3
Lafayette,Paris,US HOUSE,1,Constitution,Gail Giaramita,2
Lafayette,Paris,US HOUSE,1,Independent,Les Green,0
Lafayette,Paris,US HOUSE,1,Independent,Rick 'Rico' Hoskins,0
Lafayette,Paris,US HOUSE,1,Independent,Wally Pang,0
Lafayette,Paris,US HOUSE,1,Libertarian,Harold M. Taylor,0
Lafayette,Paris,US HOUSE,1,Reform,Barbara Dale Washer,0
Lafayette,Tula,US HOUSE,1,Democrat,Travis W. Childers,44
Lafayette,Tula,US HOUSE,1,Republican,Alan Nunnelee,148
Lafayette,Tula,US HOUSE,1,Independent,A G Baddley,3
Lafayette,Tula,US HOUSE,1,Constitution,Gail Giaramita,0
Lafayette,Tula,US HOUSE,1,Independent,Les Green,3
Lafayette,Tula,US HOUSE,1,Independent,Rick 'Rico' Hoskins,2
Lafayette,Tula,US HOUSE,1,Independent,Wally Pang,0
Lafayette,Tula,US HOUSE,1,Libertarian,Harold M. Taylor,0
Lafayette,Tula,US HOUSE,1,Reform,Barbara Dale Washer,1
Lafayette,Airport Grocery,US HOUSE,1,Democrat,Travis W. Childers,47
Lafayette,Airport Grocery,US HOUSE,1,Republican,Alan Nunnelee,209
Lafayette,Airport Grocery,US HOUSE,1,Independent,A G Baddley,0
Lafayette,Airport Grocery,US HOUSE,1,Constitution,Gail Giaramita,3
Lafayette,Airport Grocery,US HOUSE,1,Independent,Les Green,2
Lafayette,Airport Grocery,US HOUSE,1,Independent,Rick 'Rico' Hoskins,0
Lafayette,Airport Grocery,US HOUSE,1,Independent,Wally Pang,7
Lafayette,Airport Grocery,US HOUSE,1,Libertarian,Harold M. Taylor,2
Lafayette,Airport Grocery,US HOUSE,1,Reform,Barbara Dale Washer,0
Lafayette,TOTAL,US HOUSE,1,Democrat,Travis W. Childers,4559
Lafayette,TOTAL,US HOUSE,1,Republican,Alan Nunnelee,6611
Lafayette,TOTAL,US HOUSE,1,Independent,A G Baddley,56
Lafayette,TOTAL,US HOUSE,1,Constitution,Gail Giaramita,33
Lafayette,TOTAL,US HOUSE,1,Independent,Les Green,42
Lafayette,TOTAL,US HOUSE,1,Independent,Rick 'Rico' Hoskins,24
Lafayette,TOTAL,US HOUSE,1,Independent,Wally Pang,86
Lafayette,TOTAL,US HOUSE,1,Libertarian,Harold M. Taylor,40
Lafayette,TOTAL,US HOUSE,1,Reform,Barbara Dale Washer,12
Lamar,Lamar Park,US HOUSE,4,Libertarian,Kenneth 'Tim' Hampton,7
Lamar,Lamar Park,US HOUSE,4,Republican,Steven Palazzo,489
Lamar,Lamar Park,US HOUSE,4,Reform,Anna Jewel Revies,1
Lamar,Lamar Park,US HOUSE,4,Democrat,Gene Taylor,377
Lamar,Okahola,US HOUSE,4,Libertarian,Kenneth 'Tim' Hampton,9
Lamar,Okahola,US HOUSE,4,Republican,Steven Palazzo,253
Lamar,Okahola,US HOUSE,4,Reform,Anna Jewel Revies,0
Lamar,Okahola,US HOUSE,4,Democrat,Gene Taylor,86
Lamar,Richburg,US HOUSE,4,Libertarian,Kenneth 'Tim' Hampton,6
Lamar,Richburg,US HOUSE,4,Republican,Steven Palazzo,669
Lamar,Richburg,US HOUSE,4,Reform,Anna Jewel Revies,4
Lamar,Richburg,US HOUSE,4,Democrat,Gene Taylor,330
Lamar,Northeast Lamar,US HOUSE,4,Libertarian,Kenneth 'Tim' Hampton,15
Lamar,Northeast Lamar,US HOUSE,4,Republican,Steven Palazzo,372
Lamar,Northeast Lamar,US HOUSE,4,Reform,Anna Jewel Revies,6
Lamar,Northeast Lamar,US HOUSE,4,Democrat,Gene Taylor,274
Lamar,Lumberton,US HOUSE,4,Libertarian,Kenneth 'Tim' Hampton,8
Lamar,Lumberton,US HOUSE,4,Republican,Steven Palazzo,338
Lamar,Lumberton,US HOUSE,4,Reform,Anna Jewel Revies,5
Lamar,Lumberton,US HOUSE,4,Democrat,Gene Taylor,447
Lamar,South Purvis,US HOUSE,4,Libertarian,Kenneth 'Tim' Hampton,9
Lamar,South Purvis,US HOUSE,4,Republican,Steven Palazzo,801
Lamar,South Purvis,US HOUSE,4,Reform,Anna Jewel Revies,10
Lamar,South Purvis,US HOUSE,4,Democrat,Gene Taylor,304
Lamar,Yawn,US HOUSE,4,Libertarian,Kenneth 'Tim' Hampton,1
Lamar,Yawn,US HOUSE,4,Republican,Steven Palazzo,91
Lamar,Yawn,US HOUSE,4,Reform,Anna Jewel Revies,0
Lamar,Yawn,US HOUSE,4,Democrat,Gene Taylor,91
Lamar,Wesley Manor,US HOUSE,4,Libertarian,Kenneth 'Tim' Hampton,6
Lamar,Wesley Manor,US HOUSE,4,Republican,Steven Palazzo,248
Lamar,Wesley Manor,US HOUSE,4,Reform,Anna Jewel Revies,3
Lamar,Wesley Manor,US HOUSE,4,Democrat,Gene Taylor,347
Lamar,Pine Grove,US HOUSE,4,Libertarian,Kenneth 'Tim' Hampton,2
Lamar,Pine Grove,US HOUSE,4,Republican,Steven Palazzo,246
Lamar,Pine Grove,US HOUSE,4,Reform,Anna Jewel Revies,1
Lamar,Pine Grove,US HOUSE,4,Democrat,Gene Taylor,76
Lamar,Baxterville,US HOUSE,4,Libertarian,Kenneth 'Tim' Hampton,6
Lamar,Baxterville,US HOUSE,4,Republican,Steven Palazzo,160
Lamar,Baxterville,US HOUSE,4,Reform,Anna Jewel Revies,2
Lamar,Baxterville,US HOUSE,4,Democrat,Gene Taylor,77
Lamar,Greenville,US HOUSE,4,Libertarian,Kenneth 'Tim' Hampton,8
Lamar,Greenville,US HOUSE,4,Republican,Steven Palazzo,361
Lamar,Greenville,US HOUSE,4,Reform,Anna Jewel Revies,1
Lamar,Greenville,US HOUSE,4,Democrat,Gene Taylor,112
Lamar,Purvis,US HOUSE,4,Libertarian,Kenneth 'Tim' Hampton,11
Lamar,Purvis,US HOUSE,4,Republican,Steven Palazzo,781
Lamar,Purvis,US HOUSE,4,Reform,Anna Jewel Revies,7
Lamar,Purvis,US HOUSE,4,Democrat,Gene Taylor,462
Lamar,Arnold Line,US HOUSE,4,Libertarian,Kenneth 'Tim' Hampton,15
Lamar,Arnold Line,US HOUSE,4,Republican,Steven Palazzo,473
Lamar,Arnold Line,US HOUSE,4,Reform,Anna Jewel Revies,1
Lamar,Arnold Line,US HOUSE,4,Democrat,Gene Taylor,256
Lamar,Midway,US HOUSE,4,Libertarian,Kenneth 'Tim' Hampton,12
Lamar,Midway,US HOUSE,4,Republican,Steven Palazzo,598
Lamar,Midway,US HOUSE,4,Reform,Anna Jewel Revies,3
Lamar,Midway,US HOUSE,4,Democrat,Gene Taylor,214
Lamar,Oak Grove,US HOUSE,4,Libertarian,Kenneth 'Tim' Hampton,17
Lamar,Oak Grove,US HOUSE,4,Republican,Steven Palazzo,893
Lamar,Oak Grove,US HOUSE,4,Reform,Anna Jewel Revies,3
Lamar,Oak Grove,US HOUSE,4,Democrat,Gene Taylor,351
Lamar,Lake Serene,US HOUSE,4,Libertarian,Kenneth 'Tim' Hampton,10
Lamar,Lake Serene,US HOUSE,4,Republican,Steven Palazzo,1277
Lamar,Lake Serene,US HOUSE,4,Reform,Anna Jewel Revies,3
Lamar,Lake Serene,US HOUSE,4,Democrat,Gene Taylor,400
Lamar,Bellevue,US HOUSE,4,Libertarian,Kenneth 'Tim' Hampton,7
Lamar,Bellevue,US HOUSE,4,Republican,Steven Palazzo,815
Lamar,Bellevue,US HOUSE,4,Reform,Anna Jewel Revies,2
Lamar,Bellevue,US HOUSE,4,Democrat,Gene Taylor,225
Lamar,Breland,US HOUSE,4,Libertarian,Kenneth 'Tim' Hampton,20
Lamar,Breland,US HOUSE,4,Republican,Steven Palazzo,1005
Lamar,Breland,US HOUSE,4,Reform,Anna Jewel Revies,4
Lamar,Breland,US HOUSE,4,Democrat,Gene Taylor,490
Lamar,Oloh,US HOUSE,4,Libertarian,Kenneth 'Tim' Hampton,6
Lamar,Oloh,US HOUSE,4,Republican,Steven Palazzo,289
Lamar,Oloh,US HOUSE,4,Reform,Anna Jewel Revies,2
Lamar,Oloh,US HOUSE,4,Democrat,Gene Taylor,108
Lamar,Rocky Branch,US HOUSE,4,Libertarian,Kenneth 'Tim' Hampton,4
Lamar,Rocky Branch,US HOUSE,4,Republican,Steven Palazzo,245
Lamar,Rocky Branch,US HOUSE,4,Reform,Anna Jewel Revies,2
Lamar,Rocky Branch,US HOUSE,4,Democrat,Gene Taylor,138
Lamar,Sumrall,US HOUSE,4,Libertarian,Kenneth 'Tim' Hampton,21
Lamar,Sumrall,US HOUSE,4,Republican,Steven Palazzo,1080
Lamar,Sumrall,US HOUSE,4,Reform,Anna Jewel Revies,5
Lamar,Sumrall,US HOUSE,4,Democrat,Gene Taylor,381
Lamar,TOTAL,US HOUSE,4,Libertarian,Kenneth 'Tim' Hampton,200
Lamar,TOTAL,US HOUSE,4,Republican,Steven Palazzo,11484
Lamar,TOTAL,US HOUSE,4,Reform,Anna Jewel Revies,65
Lamar,TOTAL,US HOUSE,4,Democrat,Gene Taylor,5546
Lauderdale,101 - One,US HOUSE,3,Democrat,Joel L. Gill,152
Lauderdale,101 - One,US HOUSE,3,Republican,Gregg Harper,728
Lauderdale,101 - One,US HOUSE,3,Reform,Tracella Lou O'Hara Hill,4
Lauderdale,105 - Five,US HOUSE,3,Democrat,Joel L. Gill,258
Lauderdale,105 - Five,US HOUSE,3,Republican,Gregg Harper,603
Lauderdale,105 - Five,US HOUSE,3,Reform,Tracella Lou O'Hara Hill,1
Lauderdale,126 - Andrews Chapel,US HOUSE,3,Democrat,Joel L. Gill,77
Lauderdale,126 - Andrews Chapel,US HOUSE,3,Republican,Gregg Harper,321
Lauderdale,126 - Andrews Chapel,US HOUSE,3,Reform,Tracella Lou O'Hara Hill,3
Lauderdale,127 - Bailey,US HOUSE,3,Democrat,Joel L. Gill,118
Lauderdale,127 - Bailey,US HOUSE,3,Republican,Gregg Harper,464
Lauderdale,127 - Bailey,US HOUSE,3,Reform,Tracella Lou O'Hara Hill,1
Lauderdale,142 - Marion,US HOUSE,3,Democrat,Joel L. Gill,119
Lauderdale,142 - Marion,US HOUSE,3,Republican,Gregg Harper,104
Lauderdale,142 - Marion,US HOUSE,3,Reform,Tracella Lou O'Hara Hill,0
Lauderdale,146 - New Lauderdale,US HOUSE,3,Democrat,Joel L. Gill,79
Lauderdale,146 - New Lauderdale,US HOUSE,3,Republican,Gregg Harper,604
Lauderdale,146 - New Lauderdale,US HOUSE,3,Reform,Tracella Lou O'Hara Hill,1
Lauderdale,153 - Prospect,US HOUSE,3,Democrat,Joel L. Gill,21
Lauderdale,153 - Prospect,US HOUSE,3,Republican,Gregg Harper,196
Lauderdale,153 - Prospect,US HOUSE,3,Reform,Tracella Lou O'Hara Hill,0
Lauderdale,175 - West Dalewood,US HOUSE,3,Democrat,Joel L. Gill,5
Lauderdale,175 - West Dalewood,US HOUSE,3,Republican,Gregg Harper,85
Lauderdale,175 - West Dalewood,US HOUSE,3,Reform,Tracella Lou O'Hara Hill,1
Lauderdale,202 - Two,US HOUSE,3,Democrat,Joel L. Gill,26
Lauderdale,202 - Two,US HOUSE,3,Republican,Gregg Harper,87
Lauderdale,202 - Two,US HOUSE,3,Reform,Tracella Lou O'Hara Hill,0
Lauderdale,204 - Four,US HOUSE,3,Democrat,Joel L. Gill,213
Lauderdale,204 - Four,US HOUSE,3,Republican,Gregg Harper,54
Lauderdale,204 - Four,US HOUSE,3,Reform,Tracella Lou O'Hara Hill,1
Lauderdale,206 - Six,US HOUSE,3,Democrat,Joel L. Gill,511
Lauderdale,206 - Six,US HOUSE,3,Republican,Gregg Harper,120
Lauderdale,206 - Six,US HOUSE,3,Reform,Tracella Lou O'Hara Hill,3
Lauderdale,214 - Fourteen,US HOUSE,3,Democrat,Joel L. Gill,169
Lauderdale,214 - Fourteen,US HOUSE,3,Republican,Gregg Harper,24
Lauderdale,214 - Fourteen,US HOUSE,3,Reform,Tracella Lou O'Hara Hill,2
Lauderdale,235 - Daleville,US HOUSE,3,Democrat,Joel L. Gill,101
Lauderdale,235 - Daleville,US HOUSE,3,Republican,Gregg Harper,50
Lauderdale,235 - Daleville,US HOUSE,3,Reform,Tracella Lou O'Hara Hill,3
Lauderdale,237 - East Lauderdale,US HOUSE,3,Democrat,Joel L. Gill,96
Lauderdale,237 - East Lauderdale,US HOUSE,3,Republican,Gregg Harper,352
Lauderdale,237 - East Lauderdale,US HOUSE,3,Reform,Tracella Lou O'Hara Hill,6
Lauderdale,238 - East Marion,US HOUSE,3,Democrat,Joel L. Gill,22
Lauderdale,238 - East Marion,US HOUSE,3,Republican,Gregg Harper,87
Lauderdale,238 - East Marion,US HOUSE,3,Reform,Tracella Lou O'Hara Hill,1
Lauderdale,240 - Kewanee,US HOUSE,3,Democrat,Joel L. Gill,50
Lauderdale,240 - Kewanee,US HOUSE,3,Republican,Gregg Harper,57
Lauderdale,240 - Kewanee,US HOUSE,3,Reform,Tracella Lou O'Hara Hill,0
Lauderdale,254 - Russell,US HOUSE,3,Democrat,Joel L. Gill,106
Lauderdale,254 - Russell,US HOUSE,3,Republican,Gregg Harper,243
Lauderdale,254 - Russell,US HOUSE,3,Reform,Tracella Lou O'Hara Hill,2
Lauderdale,262 - Toomsuba,US HOUSE,3,Democrat,Joel L. Gill,71
Lauderdale,262 - Toomsuba,US HOUSE,3,Republican,Gregg Harper,110
Lauderdale,262 - Toomsuba,US HOUSE,3,Reform,Tracella Lou O'Hara Hill,1
Lauderdale,282 - Center Ridge,US HOUSE,3,Democrat,Joel L. Gill,84
Lauderdale,282 - Center Ridge,US HOUSE,3,Republican,Gregg Harper,14
Lauderdale,282 - Center Ridge,US HOUSE,3,Reform,Tracella Lou O'Hara Hill,1
Lauderdale,303 - Three,US HOUSE,3,Democrat,Joel L. Gill,456
Lauderdale,303 - Three,US HOUSE,3,Republican,Gregg Harper,368
Lauderdale,303 - Three,US HOUSE,3,Reform,Tracella Lou O'Hara Hill,2
Lauderdale,313 - Thirteen,US HOUSE,3,Democrat,Joel L. Gill,227
Lauderdale,313 - Thirteen,US HOUSE,3,Republican,Gregg Harper,563
Lauderdale,313 - Thirteen,US HOUSE,3,Reform,Tracella Lou O'Hara Hill,5
Lauderdale,329 - Center Hill,US HOUSE,3,Democrat,Joel L. Gill,48
Lauderdale,329 - Center Hill,US HOUSE,3,Republican,Gregg Harper,348
Lauderdale,329 - Center Hill,US HOUSE,3,Reform,Tracella Lou O'Hara Hill,1
Lauderdale,331 - Collinsville,US HOUSE,3,Democrat,Joel L. Gill,94
Lauderdale,331 - Collinsville,US HOUSE,3,Republican,Gregg Harper,583
Lauderdale,331 - Collinsville,US HOUSE,3,Reform,Tracella Lou O'Hara Hill,2
Lauderdale,343 - Martin,US HOUSE,3,Democrat,Joel L. Gill,18
Lauderdale,343 - Martin,US HOUSE,3,Republican,Gregg Harper,360
Lauderdale,343 - Martin,US HOUSE,3,Reform,Tracella Lou O'Hara Hill,1
Lauderdale,348 - Obadiah,US HOUSE,3,Democrat,Joel L. Gill,10
Lauderdale,348 - Obadiah,US HOUSE,3,Republican,Gregg Harper,204
Lauderdale,348 - Obadiah,US HOUSE,3,Reform,Tracella Lou O'Hara Hill,1
Lauderdale,361- Suqualena,US HOUSE,3,Democrat,Joel L. Gill,132
Lauderdale,361- Suqualena,US HOUSE,3,Republican,Gregg Harper,643
Lauderdale,361- Suqualena,US HOUSE,3,Reform,Tracella Lou O'Hara Hill,1
Lauderdale,366 - West Lauderdale,US HOUSE,3,Democrat,Joel L. Gill,13
Lauderdale,366 - West Lauderdale,US HOUSE,3,Republican,Gregg Harper,94
Lauderdale,366 - West Lauderdale,US HOUSE,3,Reform,Tracella Lou O'Hara Hill,0
Lauderdale,407 - Seven,US HOUSE,3,Democrat,Joel L. Gill,109
Lauderdale,407 - Seven,US HOUSE,3,Republican,Gregg Harper,65
Lauderdale,407 - Seven,US HOUSE,3,Reform,Tracella Lou O'Hara Hill,3
Lauderdale,408 - Eight,US HOUSE,3,Democrat,Joel L. Gill,249
Lauderdale,408 - Eight,US HOUSE,3,Republican,Gregg Harper,153
Lauderdale,408 - Eight,US HOUSE,3,Reform,Tracella Lou O'Hara Hill,2
Lauderdale,409 - Nine,US HOUSE,3,Democrat,Joel L. Gill,267
Lauderdale,409 - Nine,US HOUSE,3,Republican,Gregg Harper,68
Lauderdale,409 - Nine,US HOUSE,3,Reform,Tracella Lou O'Hara Hill,3
Lauderdale,410 - Ten,US HOUSE,3,Democrat,Joel L. Gill,67
Lauderdale,410 - Ten,US HOUSE,3,Republican,Gregg Harper,30
Lauderdale,410 - Ten,US HOUSE,3,Reform,Tracella Lou O'Hara Hill,1
Lauderdale,411 - Eleven,US HOUSE,3,Democrat,Joel L. Gill,175
Lauderdale,411 - Eleven,US HOUSE,3,Republican,Gregg Harper,15
Lauderdale,411 - Eleven,US HOUSE,3,Reform,Tracella Lou O'Hara Hill,3
Lauderdale,412 - Twelve,US HOUSE,3,Democrat,Joel L. Gill,390
Lauderdale,412 - Twelve,US HOUSE,3,Republican,Gregg Harper,33
Lauderdale,412 - Twelve,US HOUSE,3,Reform,Tracella Lou O'Hara Hill,1
Lauderdale,415- Fifteen,US HOUSE,3,Democrat,Joel L. Gill,32
Lauderdale,415- Fifteen,US HOUSE,3,Republican,Gregg Harper,10
Lauderdale,415- Fifteen,US HOUSE,3,Reform,Tracella Lou O'Hara Hill,0
Lauderdale,420 - Twenty,US HOUSE,3,Democrat,Joel L. Gill,171
Lauderdale,420 - Twenty,US HOUSE,3,Republican,Gregg Harper,19
Lauderdale,420 - Twenty,US HOUSE,3,Reform,Tracella Lou O'Hara Hill,0
Lauderdale,450 - Pickard,US HOUSE,3,Democrat,Joel L. Gill,31
Lauderdale,450 - Pickard,US HOUSE,3,Republican,Gregg Harper,157
Lauderdale,450 - Pickard,US HOUSE,3,Reform,Tracella Lou O'Hara Hill,0
Lauderdale,455 - Sageville,US HOUSE,3,Democrat,Joel L. Gill,29
Lauderdale,455 - Sageville,US HOUSE,3,Republican,Gregg Harper,43
Lauderdale,455 - Sageville,US HOUSE,3,Reform,Tracella Lou O'Hara Hill,0
Lauderdale,516 - Sixteen,US HOUSE,3,Democrat,Joel L. Gill,23
Lauderdale,516 - Sixteen,US HOUSE,3,Republican,Gregg Harper,72
Lauderdale,516 - Sixteen,US HOUSE,3,Reform,Tracella Lou O'Hara Hill,1
Lauderdale,517 - Seventeen,US HOUSE,3,Democrat,Joel L. Gill,5
Lauderdale,517 - Seventeen,US HOUSE,3,Republican,Gregg Harper,27
Lauderdale,517 - Seventeen,US HOUSE,3,Reform,Tracella Lou O'Hara Hill,0
Lauderdale,518 - Eighteen,US HOUSE,3,Democrat,Joel L. Gill,10
Lauderdale,518 - Eighteen,US HOUSE,3,Republican,Gregg Harper,26
Lauderdale,518 - Eighteen,US HOUSE,3,Reform,Tracella Lou O'Hara Hill,0
Lauderdale,519 - Nineteen,US HOUSE,3,Democrat,Joel L. Gill,40
Lauderdale,519 - Nineteen,US HOUSE,3,Republican,Gregg Harper,83
Lauderdale,519 - Nineteen,US HOUSE,3,Reform,Tracella Lou O'Hara Hill,1
Lauderdale,525 - Alamucha,US HOUSE,3,Democrat,Joel L. Gill,42
Lauderdale,525 - Alamucha,US HOUSE,3,Republican,Gregg Harper,63
Lauderdale,525 - Alamucha,US HOUSE,3,Reform,Tracella Lou O'Hara Hill,0
Lauderdale,528 -Causeyville,US HOUSE,3,Democrat,Joel L. Gill,8
Lauderdale,528 -Causeyville,US HOUSE,3,Republican,Gregg Harper,173
Lauderdale,528 -Causeyville,US HOUSE,3,Reform,Tracella Lou O'Hara Hill,0
Lauderdale,530 - Clarkdale,US HOUSE,3,Democrat,Joel L. Gill,10
Lauderdale,530 - Clarkdale,US HOUSE,3,Republican,Gregg Harper,308
Lauderdale,530 - Clarkdale,US HOUSE,3,Reform,Tracella Lou O'Hara Hill,2
Lauderdale,533 - Culpepper,US HOUSE,3,Democrat,Joel L. Gill,5
Lauderdale,533 - Culpepper,US HOUSE,3,Republican,Gregg Harper,211
Lauderdale,533 - Culpepper,US HOUSE,3,Reform,Tracella Lou O'Hara Hill,0
Lauderdale,544 - Meehan,US HOUSE,3,Democrat,Joel L. Gill,56
Lauderdale,544 - Meehan,US HOUSE,3,Republican,Gregg Harper,204
Lauderdale,544 - Meehan,US HOUSE,3,Reform,Tracella Lou O'Hara Hill,2
Lauderdale,549 - Odom,US HOUSE,3,Democrat,Joel L. Gill,75
Lauderdale,549 - Odom,US HOUSE,3,Republican,Gregg Harper,90
Lauderdale,549 - Odom,US HOUSE,3,Reform,Tracella Lou O'Hara Hill,1
Lauderdale,560 - South Neilleburg,US HOUSE,3,Democrat,Joel L. Gill,40
Lauderdale,560 - South Neilleburg,US HOUSE,3,Republican,Gregg Harper,188
Lauderdale,560 - South Neilleburg,US HOUSE,3,Reform,Tracella Lou O'Hara Hill,2
Lauderdale,563 - Valley,US HOUSE,3,Democrat,Joel L. Gill,18
Lauderdale,563 - Valley,US HOUSE,3,Republican,Gregg Harper,50
Lauderdale,563 - Valley,US HOUSE,3,Reform,Tracella Lou O'Hara Hill,0
Lauderdale,564 - Vimville,US HOUSE,3,Democrat,Joel L. Gill,143
Lauderdale,564 - Vimville,US HOUSE,3,Republican,Gregg Harper,395
Lauderdale,564 - Vimville,US HOUSE,3,Reform,Tracella Lou O'Hara Hill,1
Lauderdale,565 - Whynot,US HOUSE,3,Democrat,Joel L. Gill,30
Lauderdale,565 - Whynot,US HOUSE,3,Republican,Gregg Harper,184
Lauderdale,565 - Whynot,US HOUSE,3,Reform,Tracella Lou O'Hara Hill,1
Lauderdale,567 - Zero,US HOUSE,3,Democrat,Joel L. Gill,61
Lauderdale,567 - Zero,US HOUSE,3,Republican,Gregg Harper,383
Lauderdale,567 - Zero,US HOUSE,3,Reform,Tracella Lou O'Hara Hill,4
Lauderdale,581 - South Russell,US HOUSE,3,Democrat,Joel L. Gill,17
Lauderdale,581 - South Russell,US HOUSE,3,Republican,Gregg Harper,46
Lauderdale,581 - South Russell,US HOUSE,3,Reform,Tracella Lou O'Hara Hill,0
Lauderdale,583 - Mt. Gilead,US HOUSE,3,Democrat,Joel L. Gill,45
Lauderdale,583 - Mt. Gilead,US HOUSE,3,Republican,Gregg Harper,188
Lauderdale,583 - Mt. Gilead,US HOUSE,3,Reform,Tracella Lou O'Hara Hill,1
Lauderdale,TOTAL,US HOUSE,3,Democrat,Joel L. Gill,5424
Lauderdale,TOTAL,US HOUSE,3,Republican,Gregg Harper,10750
Lauderdale,TOTAL,US HOUSE,3,Reform,Tracella Lou O'Hara Hill,73
Lawrence,Courthouse A-Z,US HOUSE,3,Democrat,Joel L. Gill,130
Lawrence,Courthouse A-Z,US HOUSE,3,Republican,Gregg Harper,602
Lawrence,Courthouse A-Z,US HOUSE,3,Reform,Tracella Lou O'Hara Hill,5
Lawrence,Tilton,US HOUSE,3,Democrat,Joel L. Gill,11
Lawrence,Tilton,US HOUSE,3,Republican,Gregg Harper,63
Lawrence,Tilton,US HOUSE,3,Reform,Tracella Lou O'Hara Hill,0
Lawrence,Topeka,US HOUSE,3,Democrat,Joel L. Gill,12
Lawrence,Topeka,US HOUSE,3,Republican,Gregg Harper,151
Lawrence,Topeka,US HOUSE,3,Reform,Tracella Lou O'Hara Hill,2
Lawrence,Armory,US HOUSE,3,Democrat,Joel L. Gill,13
Lawrence,Armory,US HOUSE,3,Republican,Gregg Harper,66
Lawrence,Armory,US HOUSE,3,Reform,Tracella Lou O'Hara Hill,0
Lawrence,Grange,US HOUSE,3,Democrat,Joel L. Gill,19
Lawrence,Grange,US HOUSE,3,Republican,Gregg Harper,82
Lawrence,Grange,US HOUSE,3,Reform,Tracella Lou O'Hara Hill,0
Lawrence,Hooker,US HOUSE,3,Democrat,Joel L. Gill,68
Lawrence,Hooker,US HOUSE,3,Republican,Gregg Harper,43
Lawrence,Hooker,US HOUSE,3,Reform,Tracella Lou O'Hara Hill,1
Lawrence,New Hebron,US HOUSE,3,Democrat,Joel L. Gill,46
Lawrence,New Hebron,US HOUSE,3,Republican,Gregg Harper,233
Lawrence,New Hebron,US HOUSE,3,Reform,Tracella Lou O'Hara Hill,3
Lawrence,Stringer,US HOUSE,3,Democrat,Joel L. Gill,104
Lawrence,Stringer,US HOUSE,3,Republican,Gregg Harper,70
Lawrence,Stringer,US HOUSE,3,Reform,Tracella Lou O'Hara Hill,3
Lawrence,East Arm,US HOUSE,3,Democrat,Joel L. Gill,53
Lawrence,East Arm,US HOUSE,3,Republican,Gregg Harper,66
Lawrence,East Arm,US HOUSE,3,Reform,Tracella Lou O'Hara Hill,1
Lawrence,Monticello-Beat 5,US HOUSE,3,Democrat,Joel L. Gill,47
Lawrence,Monticello-Beat 5,US HOUSE,3,Republican,Gregg Harper,7
Lawrence,Monticello-Beat 5,US HOUSE,3,Reform,Tracella Lou O'Hara Hill,1
Lawrence,North Silver Creek,US HOUSE,3,Democrat,Joel L. Gill,37
Lawrence,North Silver Creek,US HOUSE,3,Republican,Gregg Harper,37
Lawrence,North Silver Creek,US HOUSE,3,Reform,Tracella Lou O'Hara Hill,0
Lawrence,Nola,US HOUSE,3,Democrat,Joel L. Gill,34
Lawrence,Nola,US HOUSE,3,Republican,Gregg Harper,51
Lawrence,Nola,US HOUSE,3,Reform,Tracella Lou O'Hara Hill,1
Lawrence,Oakvale,US HOUSE,3,Democrat,Joel L. Gill,12
Lawrence,Oakvale,US HOUSE,3,Republican,Gregg Harper,57
Lawrence,Oakvale,US HOUSE,3,Reform,Tracella Lou O'Hara Hill,0
Lawrence,Peyton Town,US HOUSE,3,Democrat,Joel L. Gill,96
Lawrence,Peyton Town,US HOUSE,3,Republican,Gregg Harper,12
Lawrence,Peyton Town,US HOUSE,3,Reform,Tracella Lou O'Hara Hill,1
Lawrence,South Silver Creek,US HOUSE,3,Democrat,Joel L. Gill,97
Lawrence,South Silver Creek,US HOUSE,3,Republican,Gregg Harper,71
Lawrence,South Silver Creek,US HOUSE,3,Reform,Tracella Lou O'Hara Hill,2
Lawrence,West Arm,US HOUSE,3,Democrat,Joel L. Gill,64
Lawrence,West Arm,US HOUSE,3,Republican,Gregg Harper,50
Lawrence,West Arm,US HOUSE,3,Reform,Tracella Lou O'Hara Hill,0
Lawrence,West Monticello - 53,US HOUSE,3,Democrat,Joel L. Gill,2
Lawrence,West Monticello - 53,US HOUSE,3,Republican,Gregg Harper,11
Lawrence,West Monticello - 53,US HOUSE,3,Reform,Tracella Lou O'Hara Hill,0
Lawrence,Oakvale - 91,US HOUSE,3,Democrat,Joel L. Gill,0
Lawrence,Oakvale - 91,US HOUSE,3,Republican,Gregg Harper,12
Lawrence,Oakvale - 91,US HOUSE,3,Reform,Tracella Lou O'Hara Hill,0
Lawrence,Oma,US HOUSE,3,Democrat,Joel L. Gill,169
Lawrence,Oma,US HOUSE,3,Republican,Gregg Harper,38
Lawrence,Oma,US HOUSE,3,Reform,Tracella Lou O'Hara Hill,3
Lawrence,Sontag,US HOUSE,3,Democrat,Joel L. Gill,65
Lawrence,Sontag,US HOUSE,3,Republican,Gregg Harper,140
Lawrence,Sontag,US HOUSE,3,Reform,Tracella Lou O'Hara Hill,1
Lawrence,Wanilla,US HOUSE,3,Democrat,Joel L. Gill,31
Lawrence,Wanilla,US HOUSE,3,Republican,Gregg Harper,49
Lawrence,Wanilla,US HOUSE,3,Reform,Tracella Lou O'Hara Hill,1
Lawrence,Precinct 53,US HOUSE,3,Democrat,Joel L. Gill,6
Lawrence,Precinct 53,US HOUSE,3,Republican,Gregg Harper,97
Lawrence,Precinct 53,US HOUSE,3,Reform,Tracella Lou O'Hara Hill,2
Lawrence,West Monticello - (A-Z),US HOUSE,3,Democrat,Joel L. Gill,149
Lawrence,West Monticello - (A-Z),US HOUSE,3,Republican,Gregg Harper,168
Lawrence,West Monticello - (A-Z),US HOUSE,3,Reform,Tracella Lou O'Hara Hill,6
Lawrence,Center,US HOUSE,3,Democrat,Joel L. Gill,9
Lawrence,Center,US HOUSE,3,Republican,Gregg Harper,73
Lawrence,Center,US HOUSE,3,Reform,Tracella Lou O'Hara Hill,1
Lawrence,Coopers Creek (A-Z),US HOUSE,3,Democrat,Joel L. Gill,27
Lawrence,Coopers Creek (A-Z),US HOUSE,3,Republican,Gregg Harper,265
Lawrence,Coopers Creek (A-Z),US HOUSE,3,Reform,Tracella Lou O'Hara Hill,1
Lawrence,Jayess,US HOUSE,3,Democrat,Joel L. Gill,21
Lawrence,Jayess,US HOUSE,3,Republican,Gregg Harper,182
Lawrence,Jayess,US HOUSE,3,Reform,Tracella Lou O'Hara Hill,0
Lawrence,TOTAL,US HOUSE,3,Democrat,Joel L. Gill,1322
Lawrence,TOTAL,US HOUSE,3,Republican,Gregg Harper,2696
Lawrence,TOTAL,US HOUSE,3,Reform,Tracella Lou O'Hara Hill,35
Leake,Conway,US HOUSE,2,Republican,Bill Marcy,57
Leake,Conway,US HOUSE,2,Democrat,Bennie G. Thompson,134
Leake,Conway,US HOUSE,2,Reform,Ashley Norwood,1
Leake,East Carthage,US HOUSE,2,Republican,Bill Marcy,356
Leake,East Carthage,US HOUSE,2,Democrat,Bennie G. Thompson,97
Leake,East Carthage,US HOUSE,2,Reform,Ashley Norwood,8
Leake,Ebenezer,US HOUSE,3,Democrat,Joel L. Gill,141
Leake,Ebenezer,US HOUSE,3,Republican,Gregg Harper,59
Leake,Ebenezer,US HOUSE,3,Reform,Tracella Lou O'Hara Hill,0
Leake,Edinburg,US HOUSE,3,Democrat,Joel L. Gill,14
Leake,Edinburg,US HOUSE,3,Republican,Gregg Harper,293
Leake,Edinburg,US HOUSE,3,Reform,Tracella Lou O'Hara Hill,1
Leake,Freeny,US HOUSE,3,Democrat,Joel L. Gill,60
Leake,Freeny,US HOUSE,3,Republican,Gregg Harper,153
Leake,Freeny,US HOUSE,3,Reform,Tracella Lou O'Hara Hill,3
Leake,Good Hope,US HOUSE,3,Democrat,Joel L. Gill,62
Leake,Good Hope,US HOUSE,3,Republican,Gregg Harper,225
Leake,Good Hope,US HOUSE,3,Reform,Tracella Lou O'Hara Hill,1
Leake,Lena,US HOUSE,3,Democrat,Joel L. Gill,139
Leake,Lena,US HOUSE,3,Republican,Gregg Harper,100
Leake,Lena,US HOUSE,3,Reform,Tracella Lou O'Hara Hill,1
Leake,Madden,US HOUSE,3,Democrat,Joel L. Gill,42
Leake,Madden,US HOUSE,3,Republican,Gregg Harper,235
Leake,Madden,US HOUSE,3,Reform,Tracella Lou O'Hara Hill,0
Leake,North Carthage,US HOUSE,2,Republican,Bill Marcy,325
Leake,North Carthage,US HOUSE,2,Democrat,Bennie G. Thompson,183
Leake,North Carthage,US HOUSE,2,Reform,Ashley Norwood,10
Leake,Ofahoma,US HOUSE,2,Republican,Bill Marcy,32
Leake,Ofahoma,US HOUSE,2,Democrat,Bennie G. Thompson,188
Leake,Ofahoma,US HOUSE,2,Reform,Ashley Norwood,3
Leake,Renfroe,US HOUSE,2,Republican,Bill Marcy,21
Leake,Renfroe,US HOUSE,2,Democrat,Bennie G. Thompson,1
Leake,Renfroe,US HOUSE,2,Reform,Ashley Norwood,0
Leake,Renfroe,US HOUSE,3,Democrat,Joel L. Gill,35
Leake,Renfroe,US HOUSE,3,Republican,Gregg Harper,154
Leake,Renfroe,US HOUSE,3,Reform,Tracella Lou O'Hara Hill,2
Leake,South Carthage,US HOUSE,2,Republican,Bill Marcy,130
Leake,South Carthage,US HOUSE,2,Democrat,Bennie G. Thompson,61
Leake,South Carthage,US HOUSE,2,Reform,Ashley Norwood,1
Leake,Salem,US HOUSE,3,Democrat,Joel L. Gill,9
Leake,Salem,US HOUSE,3,Republican,Gregg Harper,132
Leake,Salem,US HOUSE,3,Reform,Tracella Lou O'Hara Hill,1
Leake,Singleton,US HOUSE,2,Republican,Bill Marcy,261
Leake,Singleton,US HOUSE,2,Democrat,Bennie G. Thompson,129
Leake,Singleton,US HOUSE,2,Reform,Ashley Norwood,7
Leake,Sunrise,US HOUSE,3,Democrat,Joel L. Gill,22
Leake,Sunrise,US HOUSE,3,Republican,Gregg Harper,191
Leake,Sunrise,US HOUSE,3,Reform,Tracella Lou O'Hara Hill,0
Leake,Thomastown,US HOUSE,2,Republican,Bill Marcy,112
Leake,Thomastown,US HOUSE,2,Democrat,Bennie G. Thompson,137
Leake,Thomastown,US HOUSE,2,Reform,Ashley Norwood,0
Leake,West Carthage,US HOUSE,2,Republican,Bill Marcy,100
Leake,West Carthage,US HOUSE,2,Democrat,Bennie G. Thompson,475
Leake,West Carthage,US HOUSE,2,Reform,Ashley Norwood,5
Leake,Walnut Grove,US HOUSE,2,Republican,Bill Marcy,1
Leake,Walnut Grove,US HOUSE,2,Democrat,Bennie G. Thompson,6
Leake,Walnut Grove,US HOUSE,2,Reform,Ashley Norwood,0
Leake,Walnut Grove,US HOUSE,3,Democrat,Joel L. Gill,275
Leake,Walnut Grove,US HOUSE,3,Republican,Gregg Harper,139
Leake,Walnut Grove,US HOUSE,3,Reform,Tracella Lou O'Hara Hill,4
Leake,Wiggins,US HOUSE,2,Republican,Bill Marcy,55
Leake,Wiggins,US HOUSE,2,Democrat,Bennie G. Thompson,131
Leake,Wiggins,US HOUSE,2,Reform,Ashley Norwood,2
Leake,TOTAL,US HOUSE,2,Republican,Bill Marcy,1450
Leake,TOTAL,US HOUSE,2,Democrat,Bennie G. Thompson,1542
Leake,TOTAL,US HOUSE,2,Reform,Ashley Norwood,37
Leake,TOTAL,US HOUSE,3,Democrat,Joel L. Gill,799
Leake,TOTAL,US HOUSE,3,Republican,Gregg Harper,1681
Leake,TOTAL,US HOUSE,3,Reform,Tracella Lou O'Hara Hill,13
Lee,Pratts,US HOUSE,1,Democrat,Travis W. Childers,67
Lee,Pratts,US HOUSE,1,Republican,Alan Nunnelee,140
Lee,Pratts,US HOUSE,1,Independent,A G Baddley,2
Lee,Pratts,US HOUSE,1,Constitution,Gail Giaramita,1
Lee,Pratts,US HOUSE,1,Independent,Les Green,1
Lee,Pratts,US HOUSE,1,Independent,Rick 'Rico' Hoskins,0
Lee,Pratts,US HOUSE,1,Independent,Wally Pang,2
Lee,Pratts,US HOUSE,1,Libertarian,Harold M. Taylor,2
Lee,Pratts,US HOUSE,1,Reform,Barbara Dale Washer,1
Lee,Baldwyn,US HOUSE,1,Democrat,Travis W. Childers,302
Lee,Baldwyn,US HOUSE,1,Republican,Alan Nunnelee,204
Lee,Baldwyn,US HOUSE,1,Independent,A G Baddley,1
Lee,Baldwyn,US HOUSE,1,Constitution,Gail Giaramita,2
Lee,Baldwyn,US HOUSE,1,Independent,Les Green,2
Lee,Baldwyn,US HOUSE,1,Independent,Rick 'Rico' Hoskins,0
Lee,Baldwyn,US HOUSE,1,Independent,Wally Pang,1
Lee,Baldwyn,US HOUSE,1,Libertarian,Harold M. Taylor,1
Lee,Baldwyn,US HOUSE,1,Reform,Barbara Dale Washer,0
Lee,Guntown,US HOUSE,1,Democrat,Travis W. Childers,174
Lee,Guntown,US HOUSE,1,Republican,Alan Nunnelee,247
Lee,Guntown,US HOUSE,1,Independent,A G Baddley,3
Lee,Guntown,US HOUSE,1,Constitution,Gail Giaramita,2
Lee,Guntown,US HOUSE,1,Independent,Les Green,4
Lee,Guntown,US HOUSE,1,Independent,Rick 'Rico' Hoskins,0
Lee,Guntown,US HOUSE,1,Independent,Wally Pang,0
Lee,Guntown,US HOUSE,1,Libertarian,Harold M. Taylor,2
Lee,Guntown,US HOUSE,1,Reform,Barbara Dale Washer,2
Lee,Friendship,US HOUSE,1,Democrat,Travis W. Childers,37
Lee,Friendship,US HOUSE,1,Republican,Alan Nunnelee,78
Lee,Friendship,US HOUSE,1,Independent,A G Baddley,1
Lee,Friendship,US HOUSE,1,Constitution,Gail Giaramita,1
Lee,Friendship,US HOUSE,1,Independent,Les Green,2
Lee,Friendship,US HOUSE,1,Independent,Rick 'Rico' Hoskins,0
Lee,Friendship,US HOUSE,1,Independent,Wally Pang,0
Lee,Friendship,US HOUSE,1,Libertarian,Harold M. Taylor,0
Lee,Friendship,US HOUSE,1,Reform,Barbara Dale Washer,0
Lee,Unity,US HOUSE,1,Democrat,Travis W. Childers,58
Lee,Unity,US HOUSE,1,Republican,Alan Nunnelee,180
Lee,Unity,US HOUSE,1,Independent,A G Baddley,0
Lee,Unity,US HOUSE,1,Constitution,Gail Giaramita,0
Lee,Unity,US HOUSE,1,Independent,Les Green,2
Lee,Unity,US HOUSE,1,Independent,Rick 'Rico' Hoskins,0
Lee,Unity,US HOUSE,1,Independent,Wally Pang,1
Lee,Unity,US HOUSE,1,Libertarian,Harold M. Taylor,0
Lee,Unity,US HOUSE,1,Reform,Barbara Dale Washer,1
Lee,Hebron,US HOUSE,1,Democrat,Travis W. Childers,52
Lee,Hebron,US HOUSE,1,Republican,Alan Nunnelee,170
Lee,Hebron,US HOUSE,1,Independent,A G Baddley,2
Lee,Hebron,US HOUSE,1,Constitution,Gail Giaramita,2
Lee,Hebron,US HOUSE,1,Independent,Les Green,1
Lee,Hebron,US HOUSE,1,Independent,Rick 'Rico' Hoskins,0
Lee,Hebron,US HOUSE,1,Independent,Wally Pang,2
Lee,Hebron,US HOUSE,1,Libertarian,Harold M. Taylor,0
Lee,Hebron,US HOUSE,1,Reform,Barbara Dale Washer,4
Lee,Fellowship,US HOUSE,1,Democrat,Travis W. Childers,80
Lee,Fellowship,US HOUSE,1,Republican,Alan Nunnelee,237
Lee,Fellowship,US HOUSE,1,Independent,A G Baddley,1
Lee,Fellowship,US HOUSE,1,Constitution,Gail Giaramita,3
Lee,Fellowship,US HOUSE,1,Independent,Les Green,2
Lee,Fellowship,US HOUSE,1,Independent,Rick 'Rico' Hoskins,2
Lee,Fellowship,US HOUSE,1,Independent,Wally Pang,0
Lee,Fellowship,US HOUSE,1,Libertarian,Harold M. Taylor,2
Lee,Fellowship,US HOUSE,1,Reform,Barbara Dale Washer,0
Lee,Oak Hill,US HOUSE,1,Democrat,Travis W. Childers,192
Lee,Oak Hill,US HOUSE,1,Republican,Alan Nunnelee,569
Lee,Oak Hill,US HOUSE,1,Independent,A G Baddley,7
Lee,Oak Hill,US HOUSE,1,Constitution,Gail Giaramita,4
Lee,Oak Hill,US HOUSE,1,Independent,Les Green,2
Lee,Oak Hill,US HOUSE,1,Independent,Rick 'Rico' Hoskins,1
Lee,Oak Hill,US HOUSE,1,Independent,Wally Pang,1
Lee,Oak Hill,US HOUSE,1,Libertarian,Harold M. Taylor,2
Lee,Oak Hill,US HOUSE,1,Reform,Barbara Dale Washer,1
Lee,Tupelo 1,US HOUSE,1,Democrat,Travis W. Childers,92
Lee,Tupelo 1,US HOUSE,1,Republican,Alan Nunnelee,352
Lee,Tupelo 1,US HOUSE,1,Independent,A G Baddley,1
Lee,Tupelo 1,US HOUSE,1,Constitution,Gail Giaramita,0
Lee,Tupelo 1,US HOUSE,1,Independent,Les Green,0
Lee,Tupelo 1,US HOUSE,1,Independent,Rick 'Rico' Hoskins,0
Lee,Tupelo 1,US HOUSE,1,Independent,Wally Pang,1
Lee,Tupelo 1,US HOUSE,1,Libertarian,Harold M. Taylor,0
Lee,Tupelo 1,US HOUSE,1,Reform,Barbara Dale Washer,0
Lee,Eggville,US HOUSE,1,Democrat,Travis W. Childers,55
Lee,Eggville,US HOUSE,1,Republican,Alan Nunnelee,151
Lee,Eggville,US HOUSE,1,Independent,A G Baddley,2
Lee,Eggville,US HOUSE,1,Constitution,Gail Giaramita,0
Lee,Eggville,US HOUSE,1,Independent,Les Green,1
Lee,Eggville,US HOUSE,1,Independent,Rick 'Rico' Hoskins,1
Lee,Eggville,US HOUSE,1,Independent,Wally Pang,2
Lee,Eggville,US HOUSE,1,Libertarian,Harold M. Taylor,0
Lee,Eggville,US HOUSE,1,Reform,Barbara Dale Washer,2
Lee,Gilvo - 1,US HOUSE,1,Democrat,Travis W. Childers,30
Lee,Gilvo - 1,US HOUSE,1,Republican,Alan Nunnelee,36
Lee,Gilvo - 1,US HOUSE,1,Independent,A G Baddley,2
Lee,Gilvo - 1,US HOUSE,1,Constitution,Gail Giaramita,0
Lee,Gilvo - 1,US HOUSE,1,Independent,Les Green,0
Lee,Gilvo - 1,US HOUSE,1,Independent,Rick 'Rico' Hoskins,0
Lee,Gilvo - 1,US HOUSE,1,Independent,Wally Pang,0
Lee,Gilvo - 1,US HOUSE,1,Libertarian,Harold M. Taylor,0
Lee,Gilvo - 1,US HOUSE,1,Reform,Barbara Dale Washer,0
Lee,Mooreville - 1,US HOUSE,1,Democrat,Travis W. Childers,78
Lee,Mooreville - 1,US HOUSE,1,Republican,Alan Nunnelee,255
Lee,Mooreville - 1,US HOUSE,1,Independent,A G Baddley,1
Lee,Mooreville - 1,US HOUSE,1,Constitution,Gail Giaramita,1
Lee,Mooreville - 1,US HOUSE,1,Independent,Les Green,3
Lee,Mooreville - 1,US HOUSE,1,Independent,Rick 'Rico' Hoskins,1
Lee,Mooreville - 1,US HOUSE,1,Independent,Wally Pang,2
Lee,Mooreville - 1,US HOUSE,1,Libertarian,Harold M. Taylor,1
Lee,Mooreville - 1,US HOUSE,1,Reform,Barbara Dale Washer,2
Lee,Auburn,US HOUSE,1,Democrat,Travis W. Childers,126
Lee,Auburn,US HOUSE,1,Republican,Alan Nunnelee,454
Lee,Auburn,US HOUSE,1,Independent,A G Baddley,1
Lee,Auburn,US HOUSE,1,Constitution,Gail Giaramita,2
Lee,Auburn,US HOUSE,1,Independent,Les Green,5
Lee,Auburn,US HOUSE,1,Independent,Rick 'Rico' Hoskins,1
Lee,Auburn,US HOUSE,1,Independent,Wally Pang,2
Lee,Auburn,US HOUSE,1,Libertarian,Harold M. Taylor,3
Lee,Auburn,US HOUSE,1,Reform,Barbara Dale Washer,1
Lee,East Heights,US HOUSE,1,Democrat,Travis W. Childers,71
Lee,East Heights,US HOUSE,1,Republican,Alan Nunnelee,204
Lee,East Heights,US HOUSE,1,Independent,A G Baddley,1
Lee,East Heights,US HOUSE,1,Constitution,Gail Giaramita,2
Lee,East Heights,US HOUSE,1,Independent,Les Green,3
Lee,East Heights,US HOUSE,1,Independent,Rick 'Rico' Hoskins,0
Lee,East Heights,US HOUSE,1,Independent,Wally Pang,2
Lee,East Heights,US HOUSE,1,Libertarian,Harold M. Taylor,0
Lee,East Heights,US HOUSE,1,Reform,Barbara Dale Washer,0
Lee,Corrona,US HOUSE,1,Democrat,Travis W. Childers,37
Lee,Corrona,US HOUSE,1,Republican,Alan Nunnelee,120
Lee,Corrona,US HOUSE,1,Independent,A G Baddley,0
Lee,Corrona,US HOUSE,1,Constitution,Gail Giaramita,1
Lee,Corrona,US HOUSE,1,Independent,Les Green,2
Lee,Corrona,US HOUSE,1,Independent,Rick 'Rico' Hoskins,0
Lee,Corrona,US HOUSE,1,Independent,Wally Pang,3
Lee,Corrona,US HOUSE,1,Libertarian,Harold M. Taylor,0
Lee,Corrona,US HOUSE,1,Reform,Barbara Dale Washer,0
Lee,Blair,US HOUSE,1,Democrat,Travis W. Childers,186
Lee,Blair,US HOUSE,1,Republican,Alan Nunnelee,390
Lee,Blair,US HOUSE,1,Independent,A G Baddley,4
Lee,Blair,US HOUSE,1,Constitution,Gail Giaramita,1
Lee,Blair,US HOUSE,1,Independent,Les Green,2
Lee,Blair,US HOUSE,1,Independent,Rick 'Rico' Hoskins,0
Lee,Blair,US HOUSE,1,Independent,Wally Pang,2
Lee,Blair,US HOUSE,1,Libertarian,Harold M. Taylor,0
Lee,Blair,US HOUSE,1,Reform,Barbara Dale Washer,1
Lee,Davis Box,US HOUSE,1,Democrat,Travis W. Childers,57
Lee,Davis Box,US HOUSE,1,Republican,Alan Nunnelee,50
Lee,Davis Box,US HOUSE,1,Independent,A G Baddley,0
Lee,Davis Box,US HOUSE,1,Constitution,Gail Giaramita,0
Lee,Davis Box,US HOUSE,1,Independent,Les Green,0
Lee,Davis Box,US HOUSE,1,Independent,Rick 'Rico' Hoskins,0
Lee,Davis Box,US HOUSE,1,Independent,Wally Pang,0
Lee,Davis Box,US HOUSE,1,Libertarian,Harold M. Taylor,0
Lee,Davis Box,US HOUSE,1,Reform,Barbara Dale Washer,1
Lee,Birmingham Ridge,US HOUSE,1,Democrat,Travis W. Childers,119
Lee,Birmingham Ridge,US HOUSE,1,Republican,Alan Nunnelee,407
Lee,Birmingham Ridge,US HOUSE,1,Independent,A G Baddley,1
Lee,Birmingham Ridge,US HOUSE,1,Constitution,Gail Giaramita,2
Lee,Birmingham Ridge,US HOUSE,1,Independent,Les Green,4
Lee,Birmingham Ridge,US HOUSE,1,Independent,Rick 'Rico' Hoskins,0
Lee,Birmingham Ridge,US HOUSE,1,Independent,Wally Pang,0
Lee,Birmingham Ridge,US HOUSE,1,Libertarian,Harold M. Taylor,3
Lee,Birmingham Ridge,US HOUSE,1,Reform,Barbara Dale Washer,1
Lee,Euclatubba,US HOUSE,1,Democrat,Travis W. Childers,47
Lee,Euclatubba,US HOUSE,1,Republican,Alan Nunnelee,126
Lee,Euclatubba,US HOUSE,1,Independent,A G Baddley,1
Lee,Euclatubba,US HOUSE,1,Constitution,Gail Giaramita,0
Lee,Euclatubba,US HOUSE,1,Independent,Les Green,3
Lee,Euclatubba,US HOUSE,1,Independent,Rick 'Rico' Hoskins,0
Lee,Euclatubba,US HOUSE,1,Independent,Wally Pang,2
Lee,Euclatubba,US HOUSE,1,Libertarian,Harold M. Taylor,0
Lee,Euclatubba,US HOUSE,1,Reform,Barbara Dale Washer,0
Lee,Saltillo,US HOUSE,1,Democrat,Travis W. Childers,324
Lee,Saltillo,US HOUSE,1,Republican,Alan Nunnelee,1045
Lee,Saltillo,US HOUSE,1,Independent,A G Baddley,8
Lee,Saltillo,US HOUSE,1,Constitution,Gail Giaramita,4
Lee,Saltillo,US HOUSE,1,Independent,Les Green,4
Lee,Saltillo,US HOUSE,1,Independent,Rick 'Rico' Hoskins,0
Lee,Saltillo,US HOUSE,1,Independent,Wally Pang,7
Lee,Saltillo,US HOUSE,1,Libertarian,Harold M. Taylor,2
Lee,Saltillo,US HOUSE,1,Reform,Barbara Dale Washer,4
Lee,Beech Springs,US HOUSE,1,Democrat,Travis W. Childers,124
Lee,Beech Springs,US HOUSE,1,Republican,Alan Nunnelee,234
Lee,Beech Springs,US HOUSE,1,Independent,A G Baddley,0
Lee,Beech Springs,US HOUSE,1,Constitution,Gail Giaramita,1
Lee,Beech Springs,US HOUSE,1,Independent,Les Green,3
Lee,Beech Springs,US HOUSE,1,Independent,Rick 'Rico' Hoskins,0
Lee,Beech Springs,US HOUSE,1,Independent,Wally Pang,1
Lee,Beech Springs,US HOUSE,1,Libertarian,Harold M. Taylor,0
Lee,Beech Springs,US HOUSE,1,Reform,Barbara Dale Washer,1
Lee,Flowerdale,US HOUSE,1,Democrat,Travis W. Childers,60
Lee,Flowerdale,US HOUSE,1,Republican,Alan Nunnelee,330
Lee,Flowerdale,US HOUSE,1,Independent,A G Baddley,1
Lee,Flowerdale,US HOUSE,1,Constitution,Gail Giaramita,1
Lee,Flowerdale,US HOUSE,1,Independent,Les Green,1
Lee,Flowerdale,US HOUSE,1,Independent,Rick 'Rico' Hoskins,1
Lee,Flowerdale,US HOUSE,1,Independent,Wally Pang,0
Lee,Flowerdale,US HOUSE,1,Libertarian,Harold M. Taylor,0
Lee,Flowerdale,US HOUSE,1,Reform,Barbara Dale Washer,0
Lee,Tupelo 2,US HOUSE,1,Democrat,Travis W. Childers,597
Lee,Tupelo 2,US HOUSE,1,Republican,Alan Nunnelee,1140
Lee,Tupelo 2,US HOUSE,1,Independent,A G Baddley,5
Lee,Tupelo 2,US HOUSE,1,Constitution,Gail Giaramita,12
Lee,Tupelo 2,US HOUSE,1,Independent,Les Green,4
Lee,Tupelo 2,US HOUSE,1,Independent,Rick 'Rico' Hoskins,1
Lee,Tupelo 2,US HOUSE,1,Independent,Wally Pang,2
Lee,Tupelo 2,US HOUSE,1,Libertarian,Harold M. Taylor,4
Lee,Tupelo 2,US HOUSE,1,Reform,Barbara Dale Washer,2
Lee,Belden,US HOUSE,1,Democrat,Travis W. Childers,359
Lee,Belden,US HOUSE,1,Republican,Alan Nunnelee,722
Lee,Belden,US HOUSE,1,Independent,A G Baddley,3
Lee,Belden,US HOUSE,1,Constitution,Gail Giaramita,7
Lee,Belden,US HOUSE,1,Independent,Les Green,7
Lee,Belden,US HOUSE,1,Independent,Rick 'Rico' Hoskins,0
Lee,Belden,US HOUSE,1,Independent,Wally Pang,4
Lee,Belden,US HOUSE,1,Libertarian,Harold M. Taylor,4
Lee,Belden,US HOUSE,1,Reform,Barbara Dale Washer,2
Lee,Bissell,US HOUSE,1,Democrat,Travis W. Childers,414
Lee,Bissell,US HOUSE,1,Republican,Alan Nunnelee,1649
Lee,Bissell,US HOUSE,1,Independent,A G Baddley,5
Lee,Bissell,US HOUSE,1,Constitution,Gail Giaramita,3
Lee,Bissell,US HOUSE,1,Independent,Les Green,6
Lee,Bissell,US HOUSE,1,Independent,Rick 'Rico' Hoskins,0
Lee,Bissell,US HOUSE,1,Independent,Wally Pang,7
Lee,Bissell,US HOUSE,1,Libertarian,Harold M. Taylor,3
Lee,Bissell,US HOUSE,1,Reform,Barbara Dale Washer,1
Lee,Tupelo 3,US HOUSE,1,Democrat,Travis W. Childers,955
Lee,Tupelo 3,US HOUSE,1,Republican,Alan Nunnelee,1624
Lee,Tupelo 3,US HOUSE,1,Independent,A G Baddley,11
Lee,Tupelo 3,US HOUSE,1,Constitution,Gail Giaramita,6
Lee,Tupelo 3,US HOUSE,1,Independent,Les Green,5
Lee,Tupelo 3,US HOUSE,1,Independent,Rick 'Rico' Hoskins,1
Lee,Tupelo 3,US HOUSE,1,Independent,Wally Pang,7
Lee,Tupelo 3,US HOUSE,1,Libertarian,Harold M. Taylor,3
Lee,Tupelo 3,US HOUSE,1,Reform,Barbara Dale Washer,0
Lee,Palmetto,US HOUSE,1,Democrat,Travis W. Childers,268
Lee,Palmetto,US HOUSE,1,Republican,Alan Nunnelee,504
Lee,Palmetto,US HOUSE,1,Independent,A G Baddley,1
Lee,Palmetto,US HOUSE,1,Constitution,Gail Giaramita,3
Lee,Palmetto,US HOUSE,1,Independent,Les Green,0
Lee,Palmetto,US HOUSE,1,Independent,Rick 'Rico' Hoskins,0
Lee,Palmetto,US HOUSE,1,Independent,Wally Pang,5
Lee,Palmetto,US HOUSE,1,Libertarian,Harold M. Taylor,0
Lee,Palmetto,US HOUSE,1,Reform,Barbara Dale Washer,0
Lee,Pleasant Grove,US HOUSE,1,Democrat,Travis W. Childers,402
Lee,Pleasant Grove,US HOUSE,1,Republican,Alan Nunnelee,171
Lee,Pleasant Grove,US HOUSE,1,Independent,A G Baddley,1
Lee,Pleasant Grove,US HOUSE,1,Constitution,Gail Giaramita,4
Lee,Pleasant Grove,US HOUSE,1,Independent,Les Green,1
Lee,Pleasant Grove,US HOUSE,1,Independent,Rick 'Rico' Hoskins,0
Lee,Pleasant Grove,US HOUSE,1,Independent,Wally Pang,1
Lee,Pleasant Grove,US HOUSE,1,Libertarian,Harold M. Taylor,0
Lee,Pleasant Grove,US HOUSE,1,Reform,Barbara Dale Washer,2
Lee,Old Union,US HOUSE,1,Democrat,Travis W. Childers,115
Lee,Old Union,US HOUSE,1,Republican,Alan Nunnelee,132
Lee,Old Union,US HOUSE,1,Independent,A G Baddley,3
Lee,Old Union,US HOUSE,1,Constitution,Gail Giaramita,1
Lee,Old Union,US HOUSE,1,Independent,Les Green,0
Lee,Old Union,US HOUSE,1,Independent,Rick 'Rico' Hoskins,1
Lee,Old Union,US HOUSE,1,Independent,Wally Pang,0
Lee,Old Union,US HOUSE,1,Libertarian,Harold M. Taylor,0
Lee,Old Union,US HOUSE,1,Reform,Barbara Dale Washer,0
Lee,Tupelo 4 North,US HOUSE,1,Democrat,Travis W. Childers,671
Lee,Tupelo 4 North,US HOUSE,1,Republican,Alan Nunnelee,182
Lee,Tupelo 4 North,US HOUSE,1,Independent,A G Baddley,0
Lee,Tupelo 4 North,US HOUSE,1,Constitution,Gail Giaramita,1
Lee,Tupelo 4 North,US HOUSE,1,Independent,Les Green,0
Lee,Tupelo 4 North,US HOUSE,1,Independent,Rick 'Rico' Hoskins,0
Lee,Tupelo 4 North,US HOUSE,1,Independent,Wally Pang,1
Lee,Tupelo 4 North,US HOUSE,1,Libertarian,Harold M. Taylor,1
Lee,Tupelo 4 North,US HOUSE,1,Reform,Barbara Dale Washer,1
Lee,Tupelo 4 South,US HOUSE,1,Democrat,Travis W. Childers,848
Lee,Tupelo 4 South,US HOUSE,1,Republican,Alan Nunnelee,83
Lee,Tupelo 4 South,US HOUSE,1,Independent,A G Baddley,3
Lee,Tupelo 4 South,US HOUSE,1,Constitution,Gail Giaramita,1
Lee,Tupelo 4 South,US HOUSE,1,Independent,Les Green,2
Lee,Tupelo 4 South,US HOUSE,1,Independent,Rick 'Rico' Hoskins,1
Lee,Tupelo 4 South,US HOUSE,1,Independent,Wally Pang,0
Lee,Tupelo 4 South,US HOUSE,1,Libertarian,Harold M. Taylor,0
Lee,Tupelo 4 South,US HOUSE,1,Reform,Barbara Dale Washer,2
Lee,Brewer,US HOUSE,1,Democrat,Travis W. Childers,66
Lee,Brewer,US HOUSE,1,Republican,Alan Nunnelee,201
Lee,Brewer,US HOUSE,1,Independent,A G Baddley,1
Lee,Brewer,US HOUSE,1,Constitution,Gail Giaramita,0
Lee,Brewer,US HOUSE,1,Independent,Les Green,4
Lee,Brewer,US HOUSE,1,Independent,Rick 'Rico' Hoskins,0
Lee,Brewer,US HOUSE,1,Independent,Wally Pang,1
Lee,Brewer,US HOUSE,1,Libertarian,Harold M. Taylor,0
Lee,Brewer,US HOUSE,1,Reform,Barbara Dale Washer,0
Lee,Shannon,US HOUSE,1,Democrat,Travis W. Childers,238
Lee,Shannon,US HOUSE,1,Republican,Alan Nunnelee,154
Lee,Shannon,US HOUSE,1,Independent,A G Baddley,5
Lee,Shannon,US HOUSE,1,Constitution,Gail Giaramita,0
Lee,Shannon,US HOUSE,1,Independent,Les Green,2
Lee,Shannon,US HOUSE,1,Independent,Rick 'Rico' Hoskins,2
Lee,Shannon,US HOUSE,1,Independent,Wally Pang,2
Lee,Shannon,US HOUSE,1,Libertarian,Harold M. Taylor,1
Lee,Shannon,US HOUSE,1,Reform,Barbara Dale Washer,3
Lee,Richmond,US HOUSE,1,Democrat,Travis W. Childers,92
Lee,Richmond,US HOUSE,1,Republican,Alan Nunnelee,166
Lee,Richmond,US HOUSE,1,Independent,A G Baddley,0
Lee,Richmond,US HOUSE,1,Constitution,Gail Giaramita,0
Lee,Richmond,US HOUSE,1,Independent,Les Green,5
Lee,Richmond,US HOUSE,1,Independent,Rick 'Rico' Hoskins,0
Lee,Richmond,US HOUSE,1,Independent,Wally Pang,1
Lee,Richmond,US HOUSE,1,Libertarian,Harold M. Taylor,0
Lee,Richmond,US HOUSE,1,Reform,Barbara Dale Washer,2
Lee,Plantersville,US HOUSE,1,Democrat,Travis W. Childers,338
Lee,Plantersville,US HOUSE,1,Republican,Alan Nunnelee,215
Lee,Plantersville,US HOUSE,1,Independent,A G Baddley,3
Lee,Plantersville,US HOUSE,1,Constitution,Gail Giaramita,0
Lee,Plantersville,US HOUSE,1,Independent,Les Green,6
Lee,Plantersville,US HOUSE,1,Independent,Rick 'Rico' Hoskins,0
Lee,Plantersville,US HOUSE,1,Independent,Wally Pang,0
Lee,Plantersville,US HOUSE,1,Libertarian,Harold M. Taylor,2
Lee,Plantersville,US HOUSE,1,Reform,Barbara Dale Washer,3
Lee,Tupelo 5,US HOUSE,1,Democrat,Travis W. Childers,234
Lee,Tupelo 5,US HOUSE,1,Republican,Alan Nunnelee,221
Lee,Tupelo 5,US HOUSE,1,Independent,A G Baddley,2
Lee,Tupelo 5,US HOUSE,1,Constitution,Gail Giaramita,2
Lee,Tupelo 5,US HOUSE,1,Independent,Les Green,0
Lee,Tupelo 5,US HOUSE,1,Independent,Rick 'Rico' Hoskins,0
Lee,Tupelo 5,US HOUSE,1,Independent,Wally Pang,1
Lee,Tupelo 5,US HOUSE,1,Libertarian,Harold M. Taylor,1
Lee,Tupelo 5,US HOUSE,1,Reform,Barbara Dale Washer,1
Lee,Petersburg,US HOUSE,1,Democrat,Travis W. Childers,32
Lee,Petersburg,US HOUSE,1,Republican,Alan Nunnelee,130
Lee,Petersburg,US HOUSE,1,Independent,A G Baddley,1
Lee,Petersburg,US HOUSE,1,Constitution,Gail Giaramita,0
Lee,Petersburg,US HOUSE,1,Independent,Les Green,2
Lee,Petersburg,US HOUSE,1,Independent,Rick 'Rico' Hoskins,0
Lee,Petersburg,US HOUSE,1,Independent,Wally Pang,0
Lee,Petersburg,US HOUSE,1,Libertarian,Harold M. Taylor,0
Lee,Petersburg,US HOUSE,1,Reform,Barbara Dale Washer,0
Lee,Nettleton,US HOUSE,1,Democrat,Travis W. Childers,156
Lee,Nettleton,US HOUSE,1,Republican,Alan Nunnelee,255
Lee,Nettleton,US HOUSE,1,Independent,A G Baddley,3
Lee,Nettleton,US HOUSE,1,Constitution,Gail Giaramita,1
Lee,Nettleton,US HOUSE,1,Independent,Les Green,4
Lee,Nettleton,US HOUSE,1,Independent,Rick 'Rico' Hoskins,2
Lee,Nettleton,US HOUSE,1,Independent,Wally Pang,0
Lee,Nettleton,US HOUSE,1,Libertarian,Harold M. Taylor,0
Lee,Nettleton,US HOUSE,1,Reform,Barbara Dale Washer,1
Lee,Kedron,US HOUSE,1,Democrat,Travis W. Childers,123
Lee,Kedron,US HOUSE,1,Republican,Alan Nunnelee,147
Lee,Kedron,US HOUSE,1,Independent,A G Baddley,1
Lee,Kedron,US HOUSE,1,Constitution,Gail Giaramita,0
Lee,Kedron,US HOUSE,1,Independent,Les Green,3
Lee,Kedron,US HOUSE,1,Independent,Rick 'Rico' Hoskins,1
Lee,Kedron,US HOUSE,1,Independent,Wally Pang,2
Lee,Kedron,US HOUSE,1,Libertarian,Harold M. Taylor,0
Lee,Kedron,US HOUSE,1,Reform,Barbara Dale Washer,0
Lee,Gilvo - 5,US HOUSE,1,Democrat,Travis W. Childers,19
Lee,Gilvo - 5,US HOUSE,1,Republican,Alan Nunnelee,55
Lee,Gilvo - 5,US HOUSE,1,Independent,A G Baddley,2
Lee,Gilvo - 5,US HOUSE,1,Constitution,Gail Giaramita,0
Lee,Gilvo - 5,US HOUSE,1,Independent,Les Green,1
Lee,Gilvo - 5,US HOUSE,1,Independent,Rick 'Rico' Hoskins,0
Lee,Gilvo - 5,US HOUSE,1,Independent,Wally Pang,2
Lee,Gilvo - 5,US HOUSE,1,Libertarian,Harold M. Taylor,0
Lee,Gilvo - 5,US HOUSE,1,Reform,Barbara Dale Washer,1
Lee,Mooreville - 5,US HOUSE,1,Democrat,Travis W. Childers,53
Lee,Mooreville - 5,US HOUSE,1,Republican,Alan Nunnelee,158
Lee,Mooreville - 5,US HOUSE,1,Independent,A G Baddley,2
Lee,Mooreville - 5,US HOUSE,1,Constitution,Gail Giaramita,1
Lee,Mooreville - 5,US HOUSE,1,Independent,Les Green,2
Lee,Mooreville - 5,US HOUSE,1,Independent,Rick 'Rico' Hoskins,0
Lee,Mooreville - 5,US HOUSE,1,Independent,Wally Pang,0
Lee,Mooreville - 5,US HOUSE,1,Libertarian,Harold M. Taylor,0
Lee,Mooreville - 5,US HOUSE,1,Reform,Barbara Dale Washer,0
Lee,Verona,US HOUSE,1,Democrat,Travis W. Childers,392
Lee,Verona,US HOUSE,1,Republican,Alan Nunnelee,269
Lee,Verona,US HOUSE,1,Independent,A G Baddley,2
Lee,Verona,US HOUSE,1,Constitution,Gail Giaramita,1
Lee,Verona,US HOUSE,1,Independent,Les Green,3
Lee,Verona,US HOUSE,1,Independent,Rick 'Rico' Hoskins,1
Lee,Verona,US HOUSE,1,Independent,Wally Pang,0
Lee,Verona,US HOUSE,1,Libertarian,Harold M. Taylor,0
Lee,Verona,US HOUSE,1,Reform,Barbara Dale Washer,0
Lee,TOTAL,US HOUSE,1,Democrat,Travis W. Childers,8740
Lee,TOTAL,US HOUSE,1,Republican,Alan Nunnelee,14157
Lee,TOTAL,US HOUSE,1,Independent,A G Baddley,94
Lee,TOTAL,US HOUSE,1,Constitution,Gail Giaramita,73
Lee,TOTAL,US HOUSE,1,Independent,Les Green,104
Lee,TOTAL,US HOUSE,1,Independent,Rick 'Rico' Hoskins,17
Lee,TOTAL,US HOUSE,1,Independent,Wally Pang,67
Lee,TOTAL,US HOUSE,1,Libertarian,Harold M. Taylor,37
Lee,TOTAL,US HOUSE,1,Reform,Barbara Dale Washer,43
Leflore,Minter City,US HOUSE,2,Democrat,Bennie G. Thompson,62
Leflore,Minter City,US HOUSE,2,Republican,Bill Marcy,88
Leflore,Minter City,US HOUSE,2,Reform,Ashley Norwood,5
Leflore,North Gwd,US HOUSE,2,Democrat,Bennie G. Thompson,335
Leflore,North Gwd,US HOUSE,2,Republican,Bill Marcy,1953
Leflore,North Gwd,US HOUSE,2,Reform,Ashley Norwood,12
Leflore,Money,US HOUSE,2,Democrat,Bennie G. Thompson,31
Leflore,Money,US HOUSE,2,Republican,Bill Marcy,71
Leflore,Money,US HOUSE,2,Reform,Ashley Norwood,1
Leflore,Central Gwd,US HOUSE,2,Democrat,Bennie G. Thompson,167
Leflore,Central Gwd,US HOUSE,2,Republican,Bill Marcy,12
Leflore,Central Gwd,US HOUSE,2,Reform,Ashley Norwood,1
Leflore,West Gwd,US HOUSE,2,Democrat,Bennie G. Thompson,435
Leflore,West Gwd,US HOUSE,2,Republican,Bill Marcy,70
Leflore,West Gwd,US HOUSE,2,Reform,Ashley Norwood,1
Leflore,Mvsu,US HOUSE,2,Democrat,Bennie G. Thompson,124
Leflore,Mvsu,US HOUSE,2,Republican,Bill Marcy,4
Leflore,Mvsu,US HOUSE,2,Reform,Ashley Norwood,1
Leflore,Schlater,US HOUSE,2,Democrat,Bennie G. Thompson,79
Leflore,Schlater,US HOUSE,2,Republican,Bill Marcy,81
Leflore,Schlater,US HOUSE,2,Reform,Ashley Norwood,0
Leflore,Southwest Gwd,US HOUSE,2,Democrat,Bennie G. Thompson,241
Leflore,Southwest Gwd,US HOUSE,2,Republican,Bill Marcy,3
Leflore,Southwest Gwd,US HOUSE,2,Reform,Ashley Norwood,0
Leflore,North Itta Bena,US HOUSE,2,Democrat,Bennie G. Thompson,472
Leflore,North Itta Bena,US HOUSE,2,Republican,Bill Marcy,92
Leflore,North Itta Bena,US HOUSE,2,Reform,Ashley Norwood,2
Leflore,South Itta Bena,US HOUSE,2,Democrat,Bennie G. Thompson,130
Leflore,South Itta Bena,US HOUSE,2,Republican,Bill Marcy,39
Leflore,South Itta Bena,US HOUSE,2,Reform,Ashley Norwood,0
Leflore,Rising Sun,US HOUSE,2,Democrat,Bennie G. Thompson,318
Leflore,Rising Sun,US HOUSE,2,Republican,Bill Marcy,10
Leflore,Rising Sun,US HOUSE,2,Reform,Ashley Norwood,2
Leflore,Sidon,US HOUSE,2,Democrat,Bennie G. Thompson,149
Leflore,Sidon,US HOUSE,2,Republican,Bill Marcy,62
Leflore,Sidon,US HOUSE,2,Reform,Ashley Norwood,0
Leflore,Morgan City,US HOUSE,2,Democrat,Bennie G. Thompson,76
Leflore,Morgan City,US HOUSE,2,Republican,Bill Marcy,46
Leflore,Morgan City,US HOUSE,2,Reform,Ashley Norwood,0
Leflore,Swiftown,US HOUSE,2,Democrat,Bennie G. Thompson,25
Leflore,Swiftown,US HOUSE,2,Republican,Bill Marcy,8
Leflore,Swiftown,US HOUSE,2,Reform,Ashley Norwood,1
Leflore,South Gwd,US HOUSE,2,Democrat,Bennie G. Thompson,335
Leflore,South Gwd,US HOUSE,2,Republican,Bill Marcy,3
Leflore,South Gwd,US HOUSE,2,Reform,Ashley Norwood,4
Leflore,Southeast Gwd,US HOUSE,2,Democrat,Bennie G. Thompson,581
Leflore,Southeast Gwd,US HOUSE,2,Republican,Bill Marcy,167
Leflore,Southeast Gwd,US HOUSE,2,Reform,Ashley Norwood,5
Leflore,Ne Gwd,US HOUSE,2,Democrat,Bennie G. Thompson,398
Leflore,Ne Gwd,US HOUSE,2,Republican,Bill Marcy,128
Leflore,Ne Gwd,US HOUSE,2,Reform,Ashley Norwood,5
Leflore,Precinct 65,US HOUSE,2,Democrat,Bennie G. Thompson,0
Leflore,Precinct 65,US HOUSE,2,Republican,Bill Marcy,0
Leflore,Precinct 65,US HOUSE,2,Reform,Ashley Norwood,0
Leflore,East Gwd,US HOUSE,2,Democrat,Bennie G. Thompson,632
Leflore,East Gwd,US HOUSE,2,Republican,Bill Marcy,13
Leflore,East Gwd,US HOUSE,2,Reform,Ashley Norwood,2
Leflore,TOTAL,US HOUSE,2,Democrat,Bennie G. Thompson,4590
Leflore,TOTAL,US HOUSE,2,Republican,Bill Marcy,2850
Leflore,TOTAL,US HOUSE,2,Reform,Ashley Norwood,42
Lincoln,Alexander Jr High,US HOUSE,3,Democrat,Joel L. Gill,260
Lincoln,Alexander Jr High,US HOUSE,3,Republican,Gregg Harper,11
Lincoln,Alexander Jr High,US HOUSE,3,Reform,Tracella Lou O'Hara Hill,4
Lincoln,East Lincoln,US HOUSE,3,Democrat,Joel L. Gill,13
Lincoln,East Lincoln,US HOUSE,3,Republican,Gregg Harper,172
Lincoln,East Lincoln,US HOUSE,3,Reform,Tracella Lou O'Hara Hill,2
Lincoln,Fair River,US HOUSE,3,Democrat,Joel L. Gill,5
Lincoln,Fair River,US HOUSE,3,Republican,Gregg Harper,84
Lincoln,Fair River,US HOUSE,3,Reform,Tracella Lou O'Hara Hill,1
Lincoln,Forrestry,US HOUSE,3,Democrat,Joel L. Gill,95
Lincoln,Forrestry,US HOUSE,3,Republican,Gregg Harper,220
Lincoln,Forrestry,US HOUSE,3,Reform,Tracella Lou O'Hara Hill,0
Lincoln,Governmental Complex,US HOUSE,3,Democrat,Joel L. Gill,200
Lincoln,Governmental Complex,US HOUSE,3,Republican,Gregg Harper,8
Lincoln,Governmental Complex,US HOUSE,3,Reform,Tracella Lou O'Hara Hill,2
Lincoln,High School,US HOUSE,3,Democrat,Joel L. Gill,210
Lincoln,High School,US HOUSE,3,Republican,Gregg Harper,10
Lincoln,High School,US HOUSE,3,Reform,Tracella Lou O'Hara Hill,0
Lincoln,Big Springs,US HOUSE,3,Democrat,Joel L. Gill,21
Lincoln,Big Springs,US HOUSE,3,Republican,Gregg Harper,64
Lincoln,Big Springs,US HOUSE,3,Reform,Tracella Lou O'Hara Hill,1
Lincoln,Brignal,US HOUSE,3,Democrat,Joel L. Gill,169
Lincoln,Brignal,US HOUSE,3,Republican,Gregg Harper,5
Lincoln,Brignal,US HOUSE,3,Reform,Tracella Lou O'Hara Hill,1
Lincoln,Heucks Retreat,US HOUSE,3,Democrat,Joel L. Gill,31
Lincoln,Heucks Retreat,US HOUSE,3,Republican,Gregg Harper,222
Lincoln,Heucks Retreat,US HOUSE,3,Reform,Tracella Lou O'Hara Hill,0
Lincoln,Little Bahala,US HOUSE,3,Democrat,Joel L. Gill,47
Lincoln,Little Bahala,US HOUSE,3,Republican,Gregg Harper,96
Lincoln,Little Bahala,US HOUSE,3,Reform,Tracella Lou O'Hara Hill,2
Lincoln,Montgomery,US HOUSE,3,Democrat,Joel L. Gill,59
Lincoln,Montgomery,US HOUSE,3,Republican,Gregg Harper,99
Lincoln,Montgomery,US HOUSE,3,Reform,Tracella Lou O'Hara Hill,1
Lincoln,New Sight,US HOUSE,3,Democrat,Joel L. Gill,135
Lincoln,New Sight,US HOUSE,3,Republican,Gregg Harper,291
Lincoln,New Sight,US HOUSE,3,Reform,Tracella Lou O'Hara Hill,0
Lincoln,Pearlhaven,US HOUSE,3,Democrat,Joel L. Gill,99
Lincoln,Pearlhaven,US HOUSE,3,Republican,Gregg Harper,51
Lincoln,Pearlhaven,US HOUSE,3,Reform,Tracella Lou O'Hara Hill,0
Lincoln,Rogers Circle,US HOUSE,3,Democrat,Joel L. Gill,104
Lincoln,Rogers Circle,US HOUSE,3,Republican,Gregg Harper,79
Lincoln,Rogers Circle,US HOUSE,3,Reform,Tracella Lou O'Hara Hill,0
Lincoln,Bogue Chitto,US HOUSE,3,Democrat,Joel L. Gill,105
Lincoln,Bogue Chitto,US HOUSE,3,Republican,Gregg Harper,109
Lincoln,Bogue Chitto,US HOUSE,3,Reform,Tracella Lou O'Hara Hill,0
Lincoln,City Hall,US HOUSE,3,Democrat,Joel L. Gill,51
Lincoln,City Hall,US HOUSE,3,Republican,Gregg Harper,229
Lincoln,City Hall,US HOUSE,3,Reform,Tracella Lou O'Hara Hill,0
Lincoln,Enterprise,US HOUSE,3,Democrat,Joel L. Gill,42
Lincoln,Enterprise,US HOUSE,3,Republican,Gregg Harper,413
Lincoln,Enterprise,US HOUSE,3,Reform,Tracella Lou O'Hara Hill,3
Lincoln,Norfield,US HOUSE,3,Democrat,Joel L. Gill,25
Lincoln,Norfield,US HOUSE,3,Republican,Gregg Harper,97
Lincoln,Norfield,US HOUSE,3,Reform,Tracella Lou O'Hara Hill,1
Lincoln,Old Brook,US HOUSE,3,Democrat,Joel L. Gill,67
Lincoln,Old Brook,US HOUSE,3,Republican,Gregg Harper,526
Lincoln,Old Brook,US HOUSE,3,Reform,Tracella Lou O'Hara Hill,1
Lincoln,Ruth,US HOUSE,3,Democrat,Joel L. Gill,13
Lincoln,Ruth,US HOUSE,3,Republican,Gregg Harper,183
Lincoln,Ruth,US HOUSE,3,Reform,Tracella Lou O'Hara Hill,0
Lincoln,Arlington,US HOUSE,3,Democrat,Joel L. Gill,64
Lincoln,Arlington,US HOUSE,3,Republican,Gregg Harper,214
Lincoln,Arlington,US HOUSE,3,Reform,Tracella Lou O'Hara Hill,2
Lincoln,Halbert Heights,US HOUSE,3,Democrat,Joel L. Gill,63
Lincoln,Halbert Heights,US HOUSE,3,Republican,Gregg Harper,461
Lincoln,Halbert Heights,US HOUSE,3,Reform,Tracella Lou O'Hara Hill,1
Lincoln,Johnson,US HOUSE,3,Democrat,Joel L. Gill,40
Lincoln,Johnson,US HOUSE,3,Republican,Gregg Harper,211
Lincoln,Johnson,US HOUSE,3,Reform,Tracella Lou O'Hara Hill,1
Lincoln,Johnson Grove,US HOUSE,3,Democrat,Joel L. Gill,57
Lincoln,Johnson Grove,US HOUSE,3,Republican,Gregg Harper,270
Lincoln,Johnson Grove,US HOUSE,3,Reform,Tracella Lou O'Hara Hill,2
Lincoln,Northwest Brookhaven,US HOUSE,3,Democrat,Joel L. Gill,41
Lincoln,Northwest Brookhaven,US HOUSE,3,Republican,Gregg Harper,141
Lincoln,Northwest Brookhaven,US HOUSE,3,Reform,Tracella Lou O'Hara Hill,2
Lincoln,West Lincoln,US HOUSE,3,Democrat,Joel L. Gill,29
Lincoln,West Lincoln,US HOUSE,3,Republican,Gregg Harper,304
Lincoln,West Lincoln,US HOUSE,3,Reform,Tracella Lou O'Hara Hill,1
Lincoln,Caseyville,US HOUSE,3,Democrat,Joel L. Gill,51
Lincoln,Caseyville,US HOUSE,3,Republican,Gregg Harper,149
Lincoln,Caseyville,US HOUSE,3,Reform,Tracella Lou O'Hara Hill,1
Lincoln,Lipsey,US HOUSE,3,Democrat,Joel L. Gill,106
Lincoln,Lipsey,US HOUSE,3,Republican,Gregg Harper,252
Lincoln,Lipsey,US HOUSE,3,Reform,Tracella Lou O'Hara Hill,1
Lincoln,Loyd Start,US HOUSE,3,Democrat,Joel L. Gill,79
Lincoln,Loyd Start,US HOUSE,3,Republican,Gregg Harper,335
Lincoln,Loyd Start,US HOUSE,3,Reform,Tracella Lou O'Hara Hill,1
Lincoln,Old Red Star,US HOUSE,3,Democrat,Joel L. Gill,12
Lincoln,Old Red Star,US HOUSE,3,Republican,Gregg Harper,174
Lincoln,Old Red Star,US HOUSE,3,Reform,Tracella Lou O'Hara Hill,1
Lincoln,Vaughn,US HOUSE,3,Democrat,Joel L. Gill,45
Lincoln,Vaughn,US HOUSE,3,Republican,Gregg Harper,164
Lincoln,Vaughn,US HOUSE,3,Reform,Tracella Lou O'Hara Hill,0
Lincoln,Zetus,US HOUSE,3,Democrat,Joel L. Gill,29
Lincoln,Zetus,US HOUSE,3,Republican,Gregg Harper,228
Lincoln,Zetus,US HOUSE,3,Reform,Tracella Lou O'Hara Hill,1
Lincoln,TOTAL,US HOUSE,3,Democrat,Joel L. Gill,2367
Lincoln,TOTAL,US HOUSE,3,Republican,Gregg Harper,5872
Lincoln,TOTAL,US HOUSE,3,Reform,Tracella Lou O'Hara Hill,33
Lowndes,Caledonia,US HOUSE,1,Independent,A G Baddley,25
Lowndes,Caledonia,US HOUSE,1,Democrat,Travis W. Childers,324
Lowndes,Caledonia,US HOUSE,1,Constitution,Gail Giaramita,6
Lowndes,Caledonia,US HOUSE,1,Independent,Les Green,4
Lowndes,Caledonia,US HOUSE,1,Independent,Rick 'Rico' Hoskins,2
Lowndes,Caledonia,US HOUSE,1,Republican,Alan Nunnelee,1316
Lowndes,Caledonia,US HOUSE,1,Independent,Wally Pang,7
Lowndes,Caledonia,US HOUSE,1,Libertarian,Harold M. Taylor,4
Lowndes,Caledonia,US HOUSE,1,Reform,Barbara Dale Washer,1
Lowndes,Columbus High School,US HOUSE,1,Independent,A G Baddley,6
Lowndes,Columbus High School,US HOUSE,1,Democrat,Travis W. Childers,598
Lowndes,Columbus High School,US HOUSE,1,Constitution,Gail Giaramita,3
Lowndes,Columbus High School,US HOUSE,1,Independent,Les Green,1
Lowndes,Columbus High School,US HOUSE,1,Independent,Rick 'Rico' Hoskins,3
Lowndes,Columbus High School,US HOUSE,1,Republican,Alan Nunnelee,484
Lowndes,Columbus High School,US HOUSE,1,Independent,Wally Pang,0
Lowndes,Columbus High School,US HOUSE,1,Libertarian,Harold M. Taylor,0
Lowndes,Columbus High School,US HOUSE,1,Reform,Barbara Dale Washer,0
Lowndes,Steens,US HOUSE,1,Independent,A G Baddley,4
Lowndes,Steens,US HOUSE,1,Democrat,Travis W. Childers,76
Lowndes,Steens,US HOUSE,1,Constitution,Gail Giaramita,0
Lowndes,Steens,US HOUSE,1,Independent,Les Green,0
Lowndes,Steens,US HOUSE,1,Independent,Rick 'Rico' Hoskins,0
Lowndes,Steens,US HOUSE,1,Republican,Alan Nunnelee,270
Lowndes,Steens,US HOUSE,1,Independent,Wally Pang,0
Lowndes,Steens,US HOUSE,1,Libertarian,Harold M. Taylor,1
Lowndes,Steens,US HOUSE,1,Reform,Barbara Dale Washer,0
Lowndes,Trinity,US HOUSE,1,Independent,A G Baddley,9
Lowndes,Trinity,US HOUSE,1,Democrat,Travis W. Childers,367
Lowndes,Trinity,US HOUSE,1,Constitution,Gail Giaramita,3
Lowndes,Trinity,US HOUSE,1,Independent,Les Green,2
Lowndes,Trinity,US HOUSE,1,Independent,Rick 'Rico' Hoskins,3
Lowndes,Trinity,US HOUSE,1,Republican,Alan Nunnelee,250
Lowndes,Trinity,US HOUSE,1,Independent,Wally Pang,0
Lowndes,Trinity,US HOUSE,1,Libertarian,Harold M. Taylor,5
Lowndes,Trinity,US HOUSE,1,Reform,Barbara Dale Washer,4
Lowndes,Immanuel School,US HOUSE,1,Independent,A G Baddley,2
Lowndes,Immanuel School,US HOUSE,1,Democrat,Travis W. Childers,186
Lowndes,Immanuel School,US HOUSE,1,Constitution,Gail Giaramita,1
Lowndes,Immanuel School,US HOUSE,1,Independent,Les Green,2
Lowndes,Immanuel School,US HOUSE,1,Independent,Rick 'Rico' Hoskins,0
Lowndes,Immanuel School,US HOUSE,1,Republican,Alan Nunnelee,308
Lowndes,Immanuel School,US HOUSE,1,Independent,Wally Pang,0
Lowndes,Immanuel School,US HOUSE,1,Libertarian,Harold M. Taylor,2
Lowndes,Immanuel School,US HOUSE,1,Reform,Barbara Dale Washer,1
Lowndes,Airbase,US HOUSE,1,Independent,A G Baddley,10
Lowndes,Airbase,US HOUSE,1,Democrat,Travis W. Childers,317
Lowndes,Airbase,US HOUSE,1,Constitution,Gail Giaramita,3
Lowndes,Airbase,US HOUSE,1,Independent,Les Green,0
Lowndes,Airbase,US HOUSE,1,Independent,Rick 'Rico' Hoskins,0
Lowndes,Airbase,US HOUSE,1,Republican,Alan Nunnelee,269
Lowndes,Airbase,US HOUSE,1,Independent,Wally Pang,2
Lowndes,Airbase,US HOUSE,1,Libertarian,Harold M. Taylor,0
Lowndes,Airbase,US HOUSE,1,Reform,Barbara Dale Washer,0
Lowndes,Brandon,US HOUSE,1,Independent,A G Baddley,6
Lowndes,Brandon,US HOUSE,1,Democrat,Travis W. Childers,429
Lowndes,Brandon,US HOUSE,1,Constitution,Gail Giaramita,1
Lowndes,Brandon,US HOUSE,1,Independent,Les Green,1
Lowndes,Brandon,US HOUSE,1,Independent,Rick 'Rico' Hoskins,1
Lowndes,Brandon,US HOUSE,1,Republican,Alan Nunnelee,641
Lowndes,Brandon,US HOUSE,1,Independent,Wally Pang,5
Lowndes,Brandon,US HOUSE,1,Libertarian,Harold M. Taylor,0
Lowndes,Brandon,US HOUSE,1,Reform,Barbara Dale Washer,2
Lowndes,Lee Middle,US HOUSE,1,Independent,A G Baddley,14
Lowndes,Lee Middle,US HOUSE,1,Democrat,Travis W. Childers,502
Lowndes,Lee Middle,US HOUSE,1,Constitution,Gail Giaramita,3
Lowndes,Lee Middle,US HOUSE,1,Independent,Les Green,3
Lowndes,Lee Middle,US HOUSE,1,Independent,Rick 'Rico' Hoskins,1
Lowndes,Lee Middle,US HOUSE,1,Republican,Alan Nunnelee,1549
Lowndes,Lee Middle,US HOUSE,1,Independent,Wally Pang,10
Lowndes,Lee Middle,US HOUSE,1,Libertarian,Harold M. Taylor,13
Lowndes,Lee Middle,US HOUSE,1,Reform,Barbara Dale Washer,1
Lowndes,New Hope,US HOUSE,1,Independent,A G Baddley,9
Lowndes,New Hope,US HOUSE,1,Democrat,Travis W. Childers,441
Lowndes,New Hope,US HOUSE,1,Constitution,Gail Giaramita,10
Lowndes,New Hope,US HOUSE,1,Independent,Les Green,7
Lowndes,New Hope,US HOUSE,1,Independent,Rick 'Rico' Hoskins,0
Lowndes,New Hope,US HOUSE,1,Republican,Alan Nunnelee,2166
Lowndes,New Hope,US HOUSE,1,Independent,Wally Pang,7
Lowndes,New Hope,US HOUSE,1,Libertarian,Harold M. Taylor,1
Lowndes,New Hope,US HOUSE,1,Reform,Barbara Dale Washer,2
Lowndes,Rural Hill,US HOUSE,1,Independent,A G Baddley,5
Lowndes,Rural Hill,US HOUSE,1,Democrat,Travis W. Childers,291
Lowndes,Rural Hill,US HOUSE,1,Constitution,Gail Giaramita,3
Lowndes,Rural Hill,US HOUSE,1,Independent,Les Green,3
Lowndes,Rural Hill,US HOUSE,1,Independent,Rick 'Rico' Hoskins,2
Lowndes,Rural Hill,US HOUSE,1,Republican,Alan Nunnelee,828
Lowndes,Rural Hill,US HOUSE,1,Independent,Wally Pang,7
Lowndes,Rural Hill,US HOUSE,1,Libertarian,Harold M. Taylor,1
Lowndes,Rural Hill,US HOUSE,1,Reform,Barbara Dale Washer,1
Lowndes,Sale,US HOUSE,1,Independent,A G Baddley,7
Lowndes,Sale,US HOUSE,1,Democrat,Travis W. Childers,217
Lowndes,Sale,US HOUSE,1,Constitution,Gail Giaramita,0
Lowndes,Sale,US HOUSE,1,Independent,Les Green,2
Lowndes,Sale,US HOUSE,1,Independent,Rick 'Rico' Hoskins,0
Lowndes,Sale,US HOUSE,1,Republican,Alan Nunnelee,190
Lowndes,Sale,US HOUSE,1,Independent,Wally Pang,0
Lowndes,Sale,US HOUSE,1,Libertarian,Harold M. Taylor,0
Lowndes,Sale,US HOUSE,1,Reform,Barbara Dale Washer,0
Lowndes,Coleman,US HOUSE,1,Independent,A G Baddley,0
Lowndes,Coleman,US HOUSE,1,Democrat,Travis W. Childers,207
Lowndes,Coleman,US HOUSE,1,Constitution,Gail Giaramita,0
Lowndes,Coleman,US HOUSE,1,Independent,Les Green,0
Lowndes,Coleman,US HOUSE,1,Independent,Rick 'Rico' Hoskins,0
Lowndes,Coleman,US HOUSE,1,Republican,Alan Nunnelee,3
Lowndes,Coleman,US HOUSE,1,Independent,Wally Pang,0
Lowndes,Coleman,US HOUSE,1,Libertarian,Harold M. Taylor,0
Lowndes,Coleman,US HOUSE,1,Reform,Barbara Dale Washer,0
Lowndes,Crawford,US HOUSE,1,Independent,A G Baddley,1
Lowndes,Crawford,US HOUSE,1,Democrat,Travis W. Childers,527
Lowndes,Crawford,US HOUSE,1,Constitution,Gail Giaramita,0
Lowndes,Crawford,US HOUSE,1,Independent,Les Green,3
Lowndes,Crawford,US HOUSE,1,Independent,Rick 'Rico' Hoskins,1
Lowndes,Crawford,US HOUSE,1,Republican,Alan Nunnelee,88
Lowndes,Crawford,US HOUSE,1,Independent,Wally Pang,1
Lowndes,Crawford,US HOUSE,1,Libertarian,Harold M. Taylor,1
Lowndes,Crawford,US HOUSE,1,Reform,Barbara Dale Washer,0
Lowndes,National Guard Armory,US HOUSE,1,Independent,A G Baddley,13
Lowndes,National Guard Armory,US HOUSE,1,Democrat,Travis W. Childers,1219
Lowndes,National Guard Armory,US HOUSE,1,Constitution,Gail Giaramita,4
Lowndes,National Guard Armory,US HOUSE,1,Independent,Les Green,1
Lowndes,National Guard Armory,US HOUSE,1,Independent,Rick 'Rico' Hoskins,2
Lowndes,National Guard Armory,US HOUSE,1,Republican,Alan Nunnelee,266
Lowndes,National Guard Armory,US HOUSE,1,Independent,Wally Pang,0
Lowndes,National Guard Armory,US HOUSE,1,Libertarian,Harold M. Taylor,1
Lowndes,National Guard Armory,US HOUSE,1,Reform,Barbara Dale Washer,1
Lowndes,Mitchell,US HOUSE,1,Independent,A G Baddley,6
Lowndes,Mitchell,US HOUSE,1,Democrat,Travis W. Childers,705
Lowndes,Mitchell,US HOUSE,1,Constitution,Gail Giaramita,1
Lowndes,Mitchell,US HOUSE,1,Independent,Les Green,1
Lowndes,Mitchell,US HOUSE,1,Independent,Rick 'Rico' Hoskins,3
Lowndes,Mitchell,US HOUSE,1,Republican,Alan Nunnelee,59
Lowndes,Mitchell,US HOUSE,1,Independent,Wally Pang,0
Lowndes,Mitchell,US HOUSE,1,Libertarian,Harold M. Taylor,3
Lowndes,Mitchell,US HOUSE,1,Reform,Barbara Dale Washer,0
Lowndes,Plum Grove,US HOUSE,1,Independent,A G Baddley,2
Lowndes,Plum Grove,US HOUSE,1,Democrat,Travis W. Childers,254
Lowndes,Plum Grove,US HOUSE,1,Constitution,Gail Giaramita,2
Lowndes,Plum Grove,US HOUSE,1,Independent,Les Green,1
Lowndes,Plum Grove,US HOUSE,1,Independent,Rick 'Rico' Hoskins,1
Lowndes,Plum Grove,US HOUSE,1,Republican,Alan Nunnelee,9
Lowndes,Plum Grove,US HOUSE,1,Independent,Wally Pang,1
Lowndes,Plum Grove,US HOUSE,1,Libertarian,Harold M. Taylor,0
Lowndes,Plum Grove,US HOUSE,1,Reform,Barbara Dale Washer,0
Lowndes,Artesia,US HOUSE,1,Independent,A G Baddley,2
Lowndes,Artesia,US HOUSE,1,Democrat,Travis W. Childers,204
Lowndes,Artesia,US HOUSE,1,Constitution,Gail Giaramita,0
Lowndes,Artesia,US HOUSE,1,Independent,Les Green,1
Lowndes,Artesia,US HOUSE,1,Independent,Rick 'Rico' Hoskins,2
Lowndes,Artesia,US HOUSE,1,Republican,Alan Nunnelee,39
Lowndes,Artesia,US HOUSE,1,Independent,Wally Pang,0
Lowndes,Artesia,US HOUSE,1,Libertarian,Harold M. Taylor,0
Lowndes,Artesia,US HOUSE,1,Reform,Barbara Dale Washer,0
Lowndes,Hunt,US HOUSE,1,Independent,A G Baddley,1
Lowndes,Hunt,US HOUSE,1,Democrat,Travis W. Childers,933
Lowndes,Hunt,US HOUSE,1,Constitution,Gail Giaramita,6
Lowndes,Hunt,US HOUSE,1,Independent,Les Green,5
Lowndes,Hunt,US HOUSE,1,Independent,Rick 'Rico' Hoskins,1
Lowndes,Hunt,US HOUSE,1,Republican,Alan Nunnelee,14
Lowndes,Hunt,US HOUSE,1,Independent,Wally Pang,0
Lowndes,Hunt,US HOUSE,1,Libertarian,Harold M. Taylor,0
Lowndes,Hunt,US HOUSE,1,Reform,Barbara Dale Washer,3
Lowndes,Propst Park Community Hut,US HOUSE,1,Independent,A G Baddley,1
Lowndes,Propst Park Community Hut,US HOUSE,1,Democrat,Travis W. Childers,224
Lowndes,Propst Park Community Hut,US HOUSE,1,Constitution,Gail Giaramita,1
Lowndes,Propst Park Community Hut,US HOUSE,1,Independent,Les Green,0
Lowndes,Propst Park Community Hut,US HOUSE,1,Independent,Rick 'Rico' Hoskins,0
Lowndes,Propst Park Community Hut,US HOUSE,1,Republican,Alan Nunnelee,5
Lowndes,Propst Park Community Hut,US HOUSE,1,Independent,Wally Pang,0
Lowndes,Propst Park Community Hut,US HOUSE,1,Libertarian,Harold M. Taylor,0
Lowndes,Propst Park Community Hut,US HOUSE,1,Reform,Barbara Dale Washer,0
Lowndes,Union Academy,US HOUSE,1,Independent,A G Baddley,5
Lowndes,Union Academy,US HOUSE,1,Democrat,Travis W. Childers,476
Lowndes,Union Academy,US HOUSE,1,Constitution,Gail Giaramita,3
Lowndes,Union Academy,US HOUSE,1,Independent,Les Green,0
Lowndes,Union Academy,US HOUSE,1,Independent,Rick 'Rico' Hoskins,0
Lowndes,Union Academy,US HOUSE,1,Republican,Alan Nunnelee,156
Lowndes,Union Academy,US HOUSE,1,Independent,Wally Pang,2
Lowndes,Union Academy,US HOUSE,1,Libertarian,Harold M. Taylor,3
Lowndes,Union Academy,US HOUSE,1,Reform,Barbara Dale Washer,0
Lowndes,University,US HOUSE,1,Independent,A G Baddley,2
Lowndes,University,US HOUSE,1,Democrat,Travis W. Childers,201
Lowndes,University,US HOUSE,1,Constitution,Gail Giaramita,0
Lowndes,University,US HOUSE,1,Independent,Les Green,4
Lowndes,University,US HOUSE,1,Independent,Rick 'Rico' Hoskins,0
Lowndes,University,US HOUSE,1,Republican,Alan Nunnelee,272
Lowndes,University,US HOUSE,1,Independent,Wally Pang,3
Lowndes,University,US HOUSE,1,Libertarian,Harold M. Taylor,0
Lowndes,University,US HOUSE,1,Reform,Barbara Dale Washer,1
Lowndes,West Lowndes,US HOUSE,1,Independent,A G Baddley,2
Lowndes,West Lowndes,US HOUSE,1,Democrat,Travis W. Childers,192
Lowndes,West Lowndes,US HOUSE,1,Constitution,Gail Giaramita,0
Lowndes,West Lowndes,US HOUSE,1,Independent,Les Green,3
Lowndes,West Lowndes,US HOUSE,1,Independent,Rick 'Rico' Hoskins,0
Lowndes,West Lowndes,US HOUSE,1,Republican,Alan Nunnelee,478
Lowndes,West Lowndes,US HOUSE,1,Independent,Wally Pang,1
Lowndes,West Lowndes,US HOUSE,1,Libertarian,Harold M. Taylor,1
Lowndes,West Lowndes,US HOUSE,1,Reform,Barbara Dale Washer,3
Lowndes,TOTAL,US HOUSE,1,Independent,A G Baddley,132
Lowndes,TOTAL,US HOUSE,1,Democrat,Travis W. Childers,8890
Lowndes,TOTAL,US HOUSE,1,Constitution,Gail Giaramita,50
Lowndes,TOTAL,US HOUSE,1,Independent,Les Green,44
Lowndes,TOTAL,US HOUSE,1,Independent,Rick 'Rico' Hoskins,22
Lowndes,TOTAL,US HOUSE,1,Republican,Alan Nunnelee,9660
Lowndes,TOTAL,US HOUSE,1,Independent,Wally Pang,46
Lowndes,TOTAL,US HOUSE,1,Libertarian,Harold M. Taylor,36
Lowndes,TOTAL,US HOUSE,1,Reform,Barbara Dale Washer,20
Madison,New Life,US HOUSE,3,Democrat,Joel L. Gill,56
Madison,New Life,US HOUSE,3,Republican,Gregg Harper,698
Madison,New Life,US HOUSE,3,Reform,Tracella Lou O'Hara Hill,5
Madison,Ridgeland Recreation Center,US HOUSE,3,Democrat,Joel L. Gill,406
Madison,Ridgeland Recreation Center,US HOUSE,3,Republican,Gregg Harper,671
Madison,Ridgeland Recreation Center,US HOUSE,3,Reform,Tracella Lou O'Hara Hill,5
Madison,Victory Baptist,US HOUSE,3,Democrat,Joel L. Gill,60
Madison,Victory Baptist,US HOUSE,3,Republican,Gregg Harper,686
Madison,Victory Baptist,US HOUSE,3,Reform,Tracella Lou O'Hara Hill,4
Madison,Ridgeland Precinct 4,US HOUSE,3,Democrat,Joel L. Gill,172
Madison,Ridgeland Precinct 4,US HOUSE,3,Republican,Gregg Harper,170
Madison,Ridgeland Precinct 4,US HOUSE,3,Reform,Tracella Lou O'Hara Hill,0
Madison,FBC Madison Campus,US HOUSE,3,Democrat,Joel L. Gill,162
Madison,FBC Madison Campus,US HOUSE,3,Republican,Gregg Harper,907
Madison,FBC Madison Campus,US HOUSE,3,Reform,Tracella Lou O'Hara Hill,3
Madison,Sunnybrook,US HOUSE,3,Democrat,Joel L. Gill,51
Madison,Sunnybrook,US HOUSE,3,Republican,Gregg Harper,264
Madison,Sunnybrook,US HOUSE,3,Reform,Tracella Lou O'Hara Hill,2
Madison,Madison Methodist,US HOUSE,3,Democrat,Joel L. Gill,201
Madison,Madison Methodist,US HOUSE,3,Republican,Gregg Harper,1264
Madison,Madison Methodist,US HOUSE,3,Reform,Tracella Lou O'Hara Hill,9
Madison,Trace Ridge Baptist Church,US HOUSE,3,Democrat,Joel L. Gill,327
Madison,Trace Ridge Baptist Church,US HOUSE,3,Republican,Gregg Harper,1096
Madison,Trace Ridge Baptist Church,US HOUSE,3,Reform,Tracella Lou O'Hara Hill,10
Madison,First Presbyterian Madison,US HOUSE,3,Democrat,Joel L. Gill,134
Madison,First Presbyterian Madison,US HOUSE,3,Republican,Gregg Harper,899
Madison,First Presbyterian Madison,US HOUSE,3,Reform,Tracella Lou O'Hara Hill,2
Madison,Madison Community Center,US HOUSE,3,Democrat,Joel L. Gill,115
Madison,Madison Community Center,US HOUSE,3,Republican,Gregg Harper,1168
Madison,Madison Community Center,US HOUSE,3,Reform,Tracella Lou O'Hara Hill,4
Madison,Victory Christian Comm. Church,US HOUSE,3,Democrat,Joel L. Gill,144
Madison,Victory Christian Comm. Church,US HOUSE,3,Republican,Gregg Harper,709
Madison,Victory Christian Comm. Church,US HOUSE,3,Reform,Tracella Lou O'Hara Hill,5
Madison,Ridgel'D 1st Methodist Church,US HOUSE,3,Democrat,Joel L. Gill,348
Madison,Ridgel'D 1st Methodist Church,US HOUSE,3,Republican,Gregg Harper,823
Madison,Ridgel'D 1st Methodist Church,US HOUSE,3,Reform,Tracella Lou O'Hara Hill,4
Madison,Twin Lakes Baptist Church,US HOUSE,3,Democrat,Joel L. Gill,249
Madison,Twin Lakes Baptist Church,US HOUSE,3,Republican,Gregg Harper,442
Madison,Twin Lakes Baptist Church,US HOUSE,3,Reform,Tracella Lou O'Hara Hill,4
Madison,Colonial Heights,US HOUSE,3,Democrat,Joel L. Gill,240
Madison,Colonial Heights,US HOUSE,3,Republican,Gregg Harper,389
Madison,Colonial Heights,US HOUSE,3,Reform,Tracella Lou O'Hara Hill,9
Madison,Tougaloo,US HOUSE,2,Republican,Bill Marcy,0
Madison,Tougaloo,US HOUSE,2,Democrat,Bennie G. Thompson,176
Madison,Tougaloo,US HOUSE,2,Reform,Ashley Norwood,2
Madison,Highland Colony Baptist,US HOUSE,3,Democrat,Joel L. Gill,272
Madison,Highland Colony Baptist,US HOUSE,3,Republican,Gregg Harper,1184
Madison,Highland Colony Baptist,US HOUSE,3,Reform,Tracella Lou O'Hara Hill,10
Madison,Parkway,US HOUSE,2,Republican,Bill Marcy,1463
Madison,Parkway,US HOUSE,2,Democrat,Bennie G. Thompson,376
Madison,Parkway,US HOUSE,2,Reform,Ashley Norwood,15
Madison,Whisper Lake,US HOUSE,3,Democrat,Joel L. Gill,132
Madison,Whisper Lake,US HOUSE,3,Republican,Gregg Harper,819
Madison,Whisper Lake,US HOUSE,3,Reform,Tracella Lou O'Hara Hill,5
Madison,Greater Mt Levi Full Gospel,US HOUSE,2,Republican,Bill Marcy,7
Madison,Greater Mt Levi Full Gospel,US HOUSE,2,Democrat,Bennie G. Thompson,371
Madison,Greater Mt Levi Full Gospel,US HOUSE,2,Reform,Ashley Norwood,0
Madison,Canton Precinct 7,US HOUSE,2,Republican,Bill Marcy,6
Madison,Canton Precinct 7,US HOUSE,2,Democrat,Bennie G. Thompson,147
Madison,Canton Precinct 7,US HOUSE,2,Reform,Ashley Norwood,0
Madison,Bear Creek,US HOUSE,3,Democrat,Joel L. Gill,302
Madison,Bear Creek,US HOUSE,3,Republican,Gregg Harper,338
Madison,Bear Creek,US HOUSE,3,Reform,Tracella Lou O'Hara Hill,7
Madison,Gluckstadt,US HOUSE,2,Republican,Bill Marcy,1106
Madison,Gluckstadt,US HOUSE,2,Democrat,Bennie G. Thompson,195
Madison,Gluckstadt,US HOUSE,2,Reform,Ashley Norwood,3
Madison,Flora,US HOUSE,3,Democrat,Joel L. Gill,210
Madison,Flora,US HOUSE,3,Republican,Gregg Harper,556
Madison,Flora,US HOUSE,3,Reform,Tracella Lou O'Hara Hill,6
Madison,Smith-School,US HOUSE,3,Democrat,Joel L. Gill,15
Madison,Smith-School,US HOUSE,3,Republican,Gregg Harper,206
Madison,Smith-School,US HOUSE,3,Reform,Tracella Lou O'Hara Hill,0
Madison,Magnolia Heights,US HOUSE,2,Republican,Bill Marcy,137
Madison,Magnolia Heights,US HOUSE,2,Democrat,Bennie G. Thompson,461
Madison,Magnolia Heights,US HOUSE,2,Reform,Ashley Norwood,5
Madison,Virlilia,US HOUSE,2,Republican,Bill Marcy,131
Madison,Virlilia,US HOUSE,2,Democrat,Bennie G. Thompson,52
Madison,Virlilia,US HOUSE,2,Reform,Ashley Norwood,2
Madison,Canton Precinct 5,US HOUSE,2,Republican,Bill Marcy,2
Madison,Canton Precinct 5,US HOUSE,2,Democrat,Bennie G. Thompson,451
Madison,Canton Precinct 5,US HOUSE,2,Reform,Ashley Norwood,2
Madison,New Industrial Park,US HOUSE,2,Republican,Bill Marcy,49
Madison,New Industrial Park,US HOUSE,2,Democrat,Bennie G. Thompson,163
Madison,New Industrial Park,US HOUSE,2,Reform,Ashley Norwood,1
Madison,Mad. Co. Baptist Family Life Ct,US HOUSE,2,Republican,Bill Marcy,9
Madison,Mad. Co. Baptist Family Life Ct,US HOUSE,2,Democrat,Bennie G. Thompson,405
Madison,Mad. Co. Baptist Family Life Ct,US HOUSE,2,Reform,Ashley Norwood,0
Madison,Canton Precinct 3,US HOUSE,2,Republican,Bill Marcy,94
Madison,Canton Precinct 3,US HOUSE,2,Democrat,Bennie G. Thompson,66
Madison,Canton Precinct 3,US HOUSE,2,Reform,Ashley Norwood,1
Madison,Camden,US HOUSE,2,Republican,Bill Marcy,58
Madison,Camden,US HOUSE,2,Democrat,Bennie G. Thompson,386
Madison,Camden,US HOUSE,2,Reform,Ashley Norwood,3
Madison,Cameron,US HOUSE,2,Republican,Bill Marcy,67
Madison,Cameron,US HOUSE,2,Democrat,Bennie G. Thompson,50
Madison,Cameron,US HOUSE,2,Reform,Ashley Norwood,0
Madison,Couparle,US HOUSE,2,Republican,Bill Marcy,10
Madison,Couparle,US HOUSE,2,Democrat,Bennie G. Thompson,16
Madison,Couparle,US HOUSE,2,Reform,Ashley Norwood,0
Madison,Sharon,US HOUSE,2,Republican,Bill Marcy,44
Madison,Sharon,US HOUSE,2,Democrat,Bennie G. Thompson,314
Madison,Sharon,US HOUSE,2,Reform,Ashley Norwood,1
Madison,Canton Precinct 1,US HOUSE,2,Republican,Bill Marcy,230
Madison,Canton Precinct 1,US HOUSE,2,Democrat,Bennie G. Thompson,470
Madison,Canton Precinct 1,US HOUSE,2,Reform,Ashley Norwood,4
Madison,Canton Precinct 4,US HOUSE,2,Republican,Bill Marcy,107
Madison,Canton Precinct 4,US HOUSE,2,Democrat,Bennie G. Thompson,691
Madison,Canton Precinct 4,US HOUSE,2,Reform,Ashley Norwood,5
Madison,Luther Branson,US HOUSE,2,Republican,Bill Marcy,68
Madison,Luther Branson,US HOUSE,2,Democrat,Bennie G. Thompson,390
Madison,Luther Branson,US HOUSE,2,Reform,Ashley Norwood,1
Madison,Bible Church,US HOUSE,2,Republican,Bill Marcy,3
Madison,Bible Church,US HOUSE,2,Democrat,Bennie G. Thompson,198
Madison,Bible Church,US HOUSE,2,Reform,Ashley Norwood,1
Madison,Cedar Grove Baptist,US HOUSE,3,Democrat,Joel L. Gill,10
Madison,Cedar Grove Baptist,US HOUSE,3,Republican,Gregg Harper,86
Madison,Cedar Grove Baptist,US HOUSE,3,Reform,Tracella Lou O'Hara Hill,0
Madison,Pleasant Gift Baptist,US HOUSE,3,Democrat,Joel L. Gill,212
Madison,Pleasant Gift Baptist,US HOUSE,3,Republican,Gregg Harper,203
Madison,Pleasant Gift Baptist,US HOUSE,3,Reform,Tracella Lou O'Hara Hill,2
Madison,Canton Precinct 2,US HOUSE,2,Republican,Bill Marcy,499
Madison,Canton Precinct 2,US HOUSE,2,Democrat,Bennie G. Thompson,464
Madison,Canton Precinct 2,US HOUSE,2,Reform,Ashley Norwood,6
Madison,Northbay,US HOUSE,3,Democrat,Joel L. Gill,62
Madison,Northbay,US HOUSE,3,Republican,Gregg Harper,505
Madison,Northbay,US HOUSE,3,Reform,Tracella Lou O'Hara Hill,4
Madison,TOTAL,US HOUSE,2,Republican,Bill Marcy,4090
Madison,TOTAL,US HOUSE,2,Democrat,Bennie G. Thompson,5842
Madison,TOTAL,US HOUSE,2,Reform,Ashley Norwood,52
Madison,TOTAL,US HOUSE,3,Democrat,Joel L. Gill,3880
Madison,TOTAL,US HOUSE,3,Republican,Gregg Harper,14083
Madison,TOTAL,US HOUSE,3,Reform,Tracella Lou O'Hara Hill,100
Marion,National Guard,US HOUSE,4,Libertarian,Kenneth 'Tim' Hampton,5
Marion,National Guard,US HOUSE,4,Republican,Steven Palazzo,849
Marion,National Guard,US HOUSE,4,Reform,Anna Jewel Revies,3
Marion,National Guard,US HOUSE,4,Democrat,Gene Taylor,212
Marion,Morris,US HOUSE,3,Democrat,Joel L. Gill,82
Marion,Morris,US HOUSE,3,Republican,Gregg Harper,187
Marion,Morris,US HOUSE,3,Reform,Tracella Lou O'Hara Hill,1
Marion,Morris,US HOUSE,4,Libertarian,Kenneth 'Tim' Hampton,7
Marion,Morris,US HOUSE,4,Republican,Steven Palazzo,373
Marion,Morris,US HOUSE,4,Reform,Anna Jewel Revies,2
Marion,Morris,US HOUSE,4,Democrat,Gene Taylor,235
Marion,Union,US HOUSE,4,Libertarian,Kenneth 'Tim' Hampton,1
Marion,Union,US HOUSE,4,Republican,Steven Palazzo,181
Marion,Union,US HOUSE,4,Reform,Anna Jewel Revies,0
Marion,Union,US HOUSE,4,Democrat,Gene Taylor,36
Marion,Popetown,US HOUSE,4,Libertarian,Kenneth 'Tim' Hampton,8
Marion,Popetown,US HOUSE,4,Republican,Steven Palazzo,245
Marion,Popetown,US HOUSE,4,Reform,Anna Jewel Revies,5
Marion,Popetown,US HOUSE,4,Democrat,Gene Taylor,235
Marion,Carley,US HOUSE,3,Democrat,Joel L. Gill,40
Marion,Carley,US HOUSE,3,Republican,Gregg Harper,497
Marion,Carley,US HOUSE,3,Reform,Tracella Lou O'Hara Hill,4
Marion,Cedar Grove,US HOUSE,3,Democrat,Joel L. Gill,67
Marion,Cedar Grove,US HOUSE,3,Republican,Gregg Harper,198
Marion,Cedar Grove,US HOUSE,3,Reform,Tracella Lou O'Hara Hill,2
Marion,Goss,US HOUSE,3,Democrat,Joel L. Gill,52
Marion,Goss,US HOUSE,3,Republican,Gregg Harper,231
Marion,Goss,US HOUSE,3,Reform,Tracella Lou O'Hara Hill,1
Marion,Foxworth,US HOUSE,3,Democrat,Joel L. Gill,172
Marion,Foxworth,US HOUSE,3,Republican,Gregg Harper,344
Marion,Foxworth,US HOUSE,3,Reform,Tracella Lou O'Hara Hill,10
Marion,Morgantown,US HOUSE,3,Democrat,Joel L. Gill,12
Marion,Morgantown,US HOUSE,3,Republican,Gregg Harper,212
Marion,Morgantown,US HOUSE,3,Reform,Tracella Lou O'Hara Hill,2
Marion,Stovall,US HOUSE,3,Democrat,Joel L. Gill,154
Marion,Stovall,US HOUSE,3,Republican,Gregg Harper,109
Marion,Stovall,US HOUSE,3,Reform,Tracella Lou O'Hara Hill,1
Marion,City Hall,US HOUSE,4,Libertarian,Kenneth 'Tim' Hampton,1
Marion,City Hall,US HOUSE,4,Republican,Steven Palazzo,93
Marion,City Hall,US HOUSE,4,Reform,Anna Jewel Revies,2
Marion,City Hall,US HOUSE,4,Democrat,Gene Taylor,75
Marion,White Bluff,US HOUSE,3,Democrat,Joel L. Gill,4
Marion,White Bluff,US HOUSE,3,Republican,Gregg Harper,33
Marion,White Bluff,US HOUSE,3,Reform,Tracella Lou O'Hara Hill,1
Marion,Darbun,US HOUSE,3,Democrat,Joel L. Gill,33
Marion,Darbun,US HOUSE,3,Republican,Gregg Harper,115
Marion,Darbun,US HOUSE,3,Reform,Tracella Lou O'Hara Hill,0
Marion,Court House,US HOUSE,4,Libertarian,Kenneth 'Tim' Hampton,6
Marion,Court House,US HOUSE,4,Republican,Steven Palazzo,222
Marion,Court House,US HOUSE,4,Reform,Anna Jewel Revies,0
Marion,Court House,US HOUSE,4,Democrat,Gene Taylor,124
Marion,Balls Mill,US HOUSE,4,Libertarian,Kenneth 'Tim' Hampton,4
Marion,Balls Mill,US HOUSE,4,Republican,Steven Palazzo,243
Marion,Balls Mill,US HOUSE,4,Reform,Anna Jewel Revies,0
Marion,Balls Mill,US HOUSE,4,Democrat,Gene Taylor,125
Marion,Kokomo,US HOUSE,3,Democrat,Joel L. Gill,109
Marion,Kokomo,US HOUSE,3,Republican,Gregg Harper,206
Marion,Kokomo,US HOUSE,3,Reform,Tracella Lou O'Hara Hill,2
Marion,Pittman,US HOUSE,3,Democrat,Joel L. Gill,24
Marion,Pittman,US HOUSE,3,Republican,Gregg Harper,258
Marion,Pittman,US HOUSE,3,Reform,Tracella Lou O'Hara Hill,1
Marion,Sandy Hook,US HOUSE,4,Libertarian,Kenneth 'Tim' Hampton,4
Marion,Sandy Hook,US HOUSE,4,Republican,Steven Palazzo,151
Marion,Sandy Hook,US HOUSE,4,Reform,Anna Jewel Revies,2
Marion,Sandy Hook,US HOUSE,4,Democrat,Gene Taylor,87
Marion,South Columbia,US HOUSE,4,Libertarian,Kenneth 'Tim' Hampton,0
Marion,South Columbia,US HOUSE,4,Republican,Steven Palazzo,4
Marion,South Columbia,US HOUSE,4,Reform,Anna Jewel Revies,0
Marion,South Columbia,US HOUSE,4,Democrat,Gene Taylor,74
Marion,Jefferson School,US HOUSE,4,Libertarian,Kenneth 'Tim' Hampton,1
Marion,Jefferson School,US HOUSE,4,Republican,Steven Palazzo,2
Marion,Jefferson School,US HOUSE,4,Reform,Anna Jewel Revies,1
Marion,Jefferson School,US HOUSE,4,Democrat,Gene Taylor,128
Marion,East Columbia,US HOUSE,4,Libertarian,Kenneth 'Tim' Hampton,6
Marion,East Columbia,US HOUSE,4,Republican,Steven Palazzo,154
Marion,East Columbia,US HOUSE,4,Reform,Anna Jewel Revies,2
Marion,East Columbia,US HOUSE,4,Democrat,Gene Taylor,415
Marion,Hub,US HOUSE,4,Libertarian,Kenneth 'Tim' Hampton,5
Marion,Hub,US HOUSE,4,Republican,Steven Palazzo,112
Marion,Hub,US HOUSE,4,Reform,Anna Jewel Revies,2
Marion,Hub,US HOUSE,4,Democrat,Gene Taylor,200
Marion,Pine Burr,US HOUSE,4,Libertarian,Kenneth 'Tim' Hampton,5
Marion,Pine Burr,US HOUSE,4,Republican,Steven Palazzo,161
Marion,Pine Burr,US HOUSE,4,Reform,Anna Jewel Revies,2
Marion,Pine Burr,US HOUSE,4,Democrat,Gene Taylor,105
Marion,TOTAL,US HOUSE,3,Democrat,Joel L. Gill,749
Marion,TOTAL,US HOUSE,3,Republican,Gregg Harper,2390
Marion,TOTAL,US HOUSE,3,Reform,Tracella Lou O'Hara Hill,25
Marion,TOTAL,US HOUSE,4,Libertarian,Kenneth 'Tim' Hampton,53
Marion,TOTAL,US HOUSE,4,Republican,Steven Palazzo,2790
Marion,TOTAL,US HOUSE,4,Reform,Anna Jewel Revies,21
Marion,TOTAL,US HOUSE,4,Democrat,Gene Taylor,2051
Marshall,1 North Holly Springs,US HOUSE,1,Democrat,Travis W. Childers,593
Marshall,1 North Holly Springs,US HOUSE,1,Republican,Alan Nunnelee,79
Marshall,1 North Holly Springs,US HOUSE,1,Independent,A G Baddley,6
Marshall,1 North Holly Springs,US HOUSE,1,Constitution,Gail Giaramita,1
Marshall,1 North Holly Springs,US HOUSE,1,Independent,Les Green,1
Marshall,1 North Holly Springs,US HOUSE,1,Independent,Rick 'Rico' Hoskins,4
Marshall,1 North Holly Springs,US HOUSE,1,Independent,Wally Pang,1
Marshall,1 North Holly Springs,US HOUSE,1,Libertarian,Harold M. Taylor,3
Marshall,1 North Holly Springs,US HOUSE,1,Reform,Barbara Dale Washer,2
Marshall,1 Red Banks,US HOUSE,1,Democrat,Travis W. Childers,176
Marshall,1 Red Banks,US HOUSE,1,Republican,Alan Nunnelee,189
Marshall,1 Red Banks,US HOUSE,1,Independent,A G Baddley,3
Marshall,1 Red Banks,US HOUSE,1,Constitution,Gail Giaramita,5
Marshall,1 Red Banks,US HOUSE,1,Independent,Les Green,1
Marshall,1 Red Banks,US HOUSE,1,Independent,Rick 'Rico' Hoskins,0
Marshall,1 Red Banks,US HOUSE,1,Independent,Wally Pang,0
Marshall,1 Red Banks,US HOUSE,1,Libertarian,Harold M. Taylor,1
Marshall,1 Red Banks,US HOUSE,1,Reform,Barbara Dale Washer,2
Marshall,1 West Holly Springs,US HOUSE,1,Democrat,Travis W. Childers,650
Marshall,1 West Holly Springs,US HOUSE,1,Republican,Alan Nunnelee,84
Marshall,1 West Holly Springs,US HOUSE,1,Independent,A G Baddley,2
Marshall,1 West Holly Springs,US HOUSE,1,Constitution,Gail Giaramita,1
Marshall,1 West Holly Springs,US HOUSE,1,Independent,Les Green,10
Marshall,1 West Holly Springs,US HOUSE,1,Independent,Rick 'Rico' Hoskins,0
Marshall,1 West Holly Springs,US HOUSE,1,Independent,Wally Pang,0
Marshall,1 West Holly Springs,US HOUSE,1,Libertarian,Harold M. Taylor,2
Marshall,1 West Holly Springs,US HOUSE,1,Reform,Barbara Dale Washer,2
Marshall,2 North Cayce,US HOUSE,1,Democrat,Travis W. Childers,142
Marshall,2 North Cayce,US HOUSE,1,Republican,Alan Nunnelee,122
Marshall,2 North Cayce,US HOUSE,1,Independent,A G Baddley,4
Marshall,2 North Cayce,US HOUSE,1,Constitution,Gail Giaramita,1
Marshall,2 North Cayce,US HOUSE,1,Independent,Les Green,1
Marshall,2 North Cayce,US HOUSE,1,Independent,Rick 'Rico' Hoskins,2
Marshall,2 North Cayce,US HOUSE,1,Independent,Wally Pang,0
Marshall,2 North Cayce,US HOUSE,1,Libertarian,Harold M. Taylor,1
Marshall,2 North Cayce,US HOUSE,1,Reform,Barbara Dale Washer,0
Marshall,2 Early Grove,US HOUSE,1,Democrat,Travis W. Childers,97
Marshall,2 Early Grove,US HOUSE,1,Republican,Alan Nunnelee,50
Marshall,2 Early Grove,US HOUSE,1,Independent,A G Baddley,2
Marshall,2 Early Grove,US HOUSE,1,Constitution,Gail Giaramita,1
Marshall,2 Early Grove,US HOUSE,1,Independent,Les Green,0
Marshall,2 Early Grove,US HOUSE,1,Independent,Rick 'Rico' Hoskins,0
Marshall,2 Early Grove,US HOUSE,1,Independent,Wally Pang,0
Marshall,2 Early Grove,US HOUSE,1,Libertarian,Harold M. Taylor,0
Marshall,2 Early Grove,US HOUSE,1,Reform,Barbara Dale Washer,1
Marshall,2 Hudsonville,US HOUSE,1,Democrat,Travis W. Childers,179
Marshall,2 Hudsonville,US HOUSE,1,Republican,Alan Nunnelee,50
Marshall,2 Hudsonville,US HOUSE,1,Independent,A G Baddley,0
Marshall,2 Hudsonville,US HOUSE,1,Constitution,Gail Giaramita,0
Marshall,2 Hudsonville,US HOUSE,1,Independent,Les Green,5
Marshall,2 Hudsonville,US HOUSE,1,Independent,Rick 'Rico' Hoskins,1
Marshall,2 Hudsonville,US HOUSE,1,Independent,Wally Pang,3
Marshall,2 Hudsonville,US HOUSE,1,Libertarian,Harold M. Taylor,0
Marshall,2 Hudsonville,US HOUSE,1,Reform,Barbara Dale Washer,1
Marshall,2 Mt Pleasant,US HOUSE,1,Democrat,Travis W. Childers,210
Marshall,2 Mt Pleasant,US HOUSE,1,Republican,Alan Nunnelee,315
Marshall,2 Mt Pleasant,US HOUSE,1,Independent,A G Baddley,2
Marshall,2 Mt Pleasant,US HOUSE,1,Constitution,Gail Giaramita,5
Marshall,2 Mt Pleasant,US HOUSE,1,Independent,Les Green,1
Marshall,2 Mt Pleasant,US HOUSE,1,Independent,Rick 'Rico' Hoskins,1
Marshall,2 Mt Pleasant,US HOUSE,1,Independent,Wally Pang,0
Marshall,2 Mt Pleasant,US HOUSE,1,Libertarian,Harold M. Taylor,2
Marshall,2 Mt Pleasant,US HOUSE,1,Reform,Barbara Dale Washer,2
Marshall,2 North Holly Springs,US HOUSE,1,Democrat,Travis W. Childers,322
Marshall,2 North Holly Springs,US HOUSE,1,Republican,Alan Nunnelee,86
Marshall,2 North Holly Springs,US HOUSE,1,Independent,A G Baddley,1
Marshall,2 North Holly Springs,US HOUSE,1,Constitution,Gail Giaramita,1
Marshall,2 North Holly Springs,US HOUSE,1,Independent,Les Green,1
Marshall,2 North Holly Springs,US HOUSE,1,Independent,Rick 'Rico' Hoskins,1
Marshall,2 North Holly Springs,US HOUSE,1,Independent,Wally Pang,0
Marshall,2 North Holly Springs,US HOUSE,1,Libertarian,Harold M. Taylor,1
Marshall,2 North Holly Springs,US HOUSE,1,Reform,Barbara Dale Washer,0
Marshall,2 Slayden,US HOUSE,1,Democrat,Travis W. Childers,193
Marshall,2 Slayden,US HOUSE,1,Republican,Alan Nunnelee,177
Marshall,2 Slayden,US HOUSE,1,Independent,A G Baddley,1
Marshall,2 Slayden,US HOUSE,1,Constitution,Gail Giaramita,0
Marshall,2 Slayden,US HOUSE,1,Independent,Les Green,0
Marshall,2 Slayden,US HOUSE,1,Independent,Rick 'Rico' Hoskins,1
Marshall,2 Slayden,US HOUSE,1,Independent,Wally Pang,1
Marshall,2 Slayden,US HOUSE,1,Libertarian,Harold M. Taylor,1
Marshall,2 Slayden,US HOUSE,1,Reform,Barbara Dale Washer,1
Marshall,3 Barton,US HOUSE,1,Democrat,Travis W. Childers,101
Marshall,3 Barton,US HOUSE,1,Republican,Alan Nunnelee,461
Marshall,3 Barton,US HOUSE,1,Independent,A G Baddley,3
Marshall,3 Barton,US HOUSE,1,Constitution,Gail Giaramita,9
Marshall,3 Barton,US HOUSE,1,Independent,Les Green,0
Marshall,3 Barton,US HOUSE,1,Independent,Rick 'Rico' Hoskins,2
Marshall,3 Barton,US HOUSE,1,Independent,Wally Pang,0
Marshall,3 Barton,US HOUSE,1,Libertarian,Harold M. Taylor,2
Marshall,3 Barton,US HOUSE,1,Reform,Barbara Dale Washer,1
Marshall,3 Byhalia,US HOUSE,1,Democrat,Travis W. Childers,414
Marshall,3 Byhalia,US HOUSE,1,Republican,Alan Nunnelee,445
Marshall,3 Byhalia,US HOUSE,1,Independent,A G Baddley,8
Marshall,3 Byhalia,US HOUSE,1,Constitution,Gail Giaramita,4
Marshall,3 Byhalia,US HOUSE,1,Independent,Les Green,4
Marshall,3 Byhalia,US HOUSE,1,Independent,Rick 'Rico' Hoskins,2
Marshall,3 Byhalia,US HOUSE,1,Independent,Wally Pang,1
Marshall,3 Byhalia,US HOUSE,1,Libertarian,Harold M. Taylor,2
Marshall,3 Byhalia,US HOUSE,1,Reform,Barbara Dale Washer,3
Marshall,3 Cayce,US HOUSE,1,Democrat,Travis W. Childers,290
Marshall,3 Cayce,US HOUSE,1,Republican,Alan Nunnelee,123
Marshall,3 Cayce,US HOUSE,1,Independent,A G Baddley,5
Marshall,3 Cayce,US HOUSE,1,Constitution,Gail Giaramita,2
Marshall,3 Cayce,US HOUSE,1,Independent,Les Green,0
Marshall,3 Cayce,US HOUSE,1,Independent,Rick 'Rico' Hoskins,1
Marshall,3 Cayce,US HOUSE,1,Independent,Wally Pang,2
Marshall,3 Cayce,US HOUSE,1,Libertarian,Harold M. Taylor,0
Marshall,3 Cayce,US HOUSE,1,Reform,Barbara Dale Washer,1
Marshall,4 Chulahoma,US HOUSE,1,Democrat,Travis W. Childers,313
Marshall,4 Chulahoma,US HOUSE,1,Republican,Alan Nunnelee,25
Marshall,4 Chulahoma,US HOUSE,1,Independent,A G Baddley,3
Marshall,4 Chulahoma,US HOUSE,1,Constitution,Gail Giaramita,4
Marshall,4 Chulahoma,US HOUSE,1,Independent,Les Green,5
Marshall,4 Chulahoma,US HOUSE,1,Independent,Rick 'Rico' Hoskins,0
Marshall,4 Chulahoma,US HOUSE,1,Independent,Wally Pang,0
Marshall,4 Chulahoma,US HOUSE,1,Libertarian,Harold M. Taylor,0
Marshall,4 Chulahoma,US HOUSE,1,Reform,Barbara Dale Washer,0
Marshall,4 Laws Hill,US HOUSE,1,Democrat,Travis W. Childers,99
Marshall,4 Laws Hill,US HOUSE,1,Republican,Alan Nunnelee,52
Marshall,4 Laws Hill,US HOUSE,1,Independent,A G Baddley,0
Marshall,4 Laws Hill,US HOUSE,1,Constitution,Gail Giaramita,1
Marshall,4 Laws Hill,US HOUSE,1,Independent,Les Green,0
Marshall,4 Laws Hill,US HOUSE,1,Independent,Rick 'Rico' Hoskins,0
Marshall,4 Laws Hill,US HOUSE,1,Independent,Wally Pang,0
Marshall,4 Laws Hill,US HOUSE,1,Libertarian,Harold M. Taylor,0
Marshall,4 Laws Hill,US HOUSE,1,Reform,Barbara Dale Washer,0
Marshall,4 Marianna,US HOUSE,1,Democrat,Travis W. Childers,224
Marshall,4 Marianna,US HOUSE,1,Republican,Alan Nunnelee,97
Marshall,4 Marianna,US HOUSE,1,Independent,A G Baddley,3
Marshall,4 Marianna,US HOUSE,1,Constitution,Gail Giaramita,2
Marshall,4 Marianna,US HOUSE,1,Independent,Les Green,1
Marshall,4 Marianna,US HOUSE,1,Independent,Rick 'Rico' Hoskins,0
Marshall,4 Marianna,US HOUSE,1,Independent,Wally Pang,0
Marshall,4 Marianna,US HOUSE,1,Libertarian,Harold M. Taylor,1
Marshall,4 Marianna,US HOUSE,1,Reform,Barbara Dale Washer,0
Marshall,4 Victoria,US HOUSE,1,Democrat,Travis W. Childers,213
Marshall,4 Victoria,US HOUSE,1,Republican,Alan Nunnelee,61
Marshall,4 Victoria,US HOUSE,1,Independent,A G Baddley,1
Marshall,4 Victoria,US HOUSE,1,Constitution,Gail Giaramita,1
Marshall,4 Victoria,US HOUSE,1,Independent,Les Green,1
Marshall,4 Victoria,US HOUSE,1,Independent,Rick 'Rico' Hoskins,0
Marshall,4 Victoria,US HOUSE,1,Independent,Wally Pang,1
Marshall,4 Victoria,US HOUSE,1,Libertarian,Harold M. Taylor,1
Marshall,4 Victoria,US HOUSE,1,Reform,Barbara Dale Washer,0
Marshall,4 Warsaw,US HOUSE,1,Democrat,Travis W. Childers,178
Marshall,4 Warsaw,US HOUSE,1,Republican,Alan Nunnelee,89
Marshall,4 Warsaw,US HOUSE,1,Independent,A G Baddley,2
Marshall,4 Warsaw,US HOUSE,1,Constitution,Gail Giaramita,2
Marshall,4 Warsaw,US HOUSE,1,Independent,Les Green,1
Marshall,4 Warsaw,US HOUSE,1,Independent,Rick 'Rico' Hoskins,2
Marshall,4 Warsaw,US HOUSE,1,Independent,Wally Pang,1
Marshall,4 Warsaw,US HOUSE,1,Libertarian,Harold M. Taylor,2
Marshall,4 Warsaw,US HOUSE,1,Reform,Barbara Dale Washer,2
Marshall,4 Watson,US HOUSE,1,Democrat,Travis W. Childers,128
Marshall,4 Watson,US HOUSE,1,Republican,Alan Nunnelee,131
Marshall,4 Watson,US HOUSE,1,Independent,A G Baddley,0
Marshall,4 Watson,US HOUSE,1,Constitution,Gail Giaramita,1
Marshall,4 Watson,US HOUSE,1,Independent,Les Green,0
Marshall,4 Watson,US HOUSE,1,Independent,Rick 'Rico' Hoskins,0
Marshall,4 Watson,US HOUSE,1,Independent,Wally Pang,2
Marshall,4 Watson,US HOUSE,1,Libertarian,Harold M. Taylor,1
Marshall,4 Watson,US HOUSE,1,Reform,Barbara Dale Washer,1
Marshall,4 Wall Hill,US HOUSE,1,Democrat,Travis W. Childers,300
Marshall,4 Wall Hill,US HOUSE,1,Republican,Alan Nunnelee,47
Marshall,4 Wall Hill,US HOUSE,1,Independent,A G Baddley,2
Marshall,4 Wall Hill,US HOUSE,1,Constitution,Gail Giaramita,1
Marshall,4 Wall Hill,US HOUSE,1,Independent,Les Green,3
Marshall,4 Wall Hill,US HOUSE,1,Independent,Rick 'Rico' Hoskins,1
Marshall,4 Wall Hill,US HOUSE,1,Independent,Wally Pang,0
Marshall,4 Wall Hill,US HOUSE,1,Libertarian,Harold M. Taylor,2
Marshall,4 Wall Hill,US HOUSE,1,Reform,Barbara Dale Washer,0
Marshall,5 Bethlehem,US HOUSE,1,Democrat,Travis W. Childers,59
Marshall,5 Bethlehem,US HOUSE,1,Republican,Alan Nunnelee,133
Marshall,5 Bethlehem,US HOUSE,1,Independent,A G Baddley,1
Marshall,5 Bethlehem,US HOUSE,1,Constitution,Gail Giaramita,0
Marshall,5 Bethlehem,US HOUSE,1,Independent,Les Green,0
Marshall,5 Bethlehem,US HOUSE,1,Independent,Rick 'Rico' Hoskins,0
Marshall,5 Bethlehem,US HOUSE,1,Independent,Wally Pang,0
Marshall,5 Bethlehem,US HOUSE,1,Libertarian,Harold M. Taylor,0
Marshall,5 Bethlehem,US HOUSE,1,Reform,Barbara Dale Washer,0
Marshall,5 Cornersville,US HOUSE,1,Democrat,Travis W. Childers,18
Marshall,5 Cornersville,US HOUSE,1,Republican,Alan Nunnelee,59
Marshall,5 Cornersville,US HOUSE,1,Independent,A G Baddley,1
Marshall,5 Cornersville,US HOUSE,1,Constitution,Gail Giaramita,0
Marshall,5 Cornersville,US HOUSE,1,Independent,Les Green,0
Marshall,5 Cornersville,US HOUSE,1,Independent,Rick 'Rico' Hoskins,0
Marshall,5 Cornersville,US HOUSE,1,Independent,Wally Pang,1
Marshall,5 Cornersville,US HOUSE,1,Libertarian,Harold M. Taylor,1
Marshall,5 Cornersville,US HOUSE,1,Reform,Barbara Dale Washer,0
Marshall,5 Potts Camp,US HOUSE,1,Democrat,Travis W. Childers,256
Marshall,5 Potts Camp,US HOUSE,1,Republican,Alan Nunnelee,229
Marshall,5 Potts Camp,US HOUSE,1,Independent,A G Baddley,2
Marshall,5 Potts Camp,US HOUSE,1,Constitution,Gail Giaramita,2
Marshall,5 Potts Camp,US HOUSE,1,Independent,Les Green,0
Marshall,5 Potts Camp,US HOUSE,1,Independent,Rick 'Rico' Hoskins,0
Marshall,5 Potts Camp,US HOUSE,1,Independent,Wally Pang,0
Marshall,5 Potts Camp,US HOUSE,1,Libertarian,Harold M. Taylor,0
Marshall,5 Potts Camp,US HOUSE,1,Reform,Barbara Dale Washer,1
Marshall,5 South Holly Springs,US HOUSE,1,Democrat,Travis W. Childers,651
Marshall,5 South Holly Springs,US HOUSE,1,Republican,Alan Nunnelee,380
Marshall,5 South Holly Springs,US HOUSE,1,Independent,A G Baddley,2
Marshall,5 South Holly Springs,US HOUSE,1,Constitution,Gail Giaramita,0
Marshall,5 South Holly Springs,US HOUSE,1,Independent,Les Green,5
Marshall,5 South Holly Springs,US HOUSE,1,Independent,Rick 'Rico' Hoskins,1
Marshall,5 South Holly Springs,US HOUSE,1,Independent,Wally Pang,0
Marshall,5 South Holly Springs,US HOUSE,1,Libertarian,Harold M. Taylor,2
Marshall,5 South Holly Springs,US HOUSE,1,Reform,Barbara Dale Washer,2
Marshall,5 Waterford,US HOUSE,1,Democrat,Travis W. Childers,175
Marshall,5 Waterford,US HOUSE,1,Republican,Alan Nunnelee,177
Marshall,5 Waterford,US HOUSE,1,Independent,A G Baddley,1
Marshall,5 Waterford,US HOUSE,1,Constitution,Gail Giaramita,0
Marshall,5 Waterford,US HOUSE,1,Independent,Les Green,2
Marshall,5 Waterford,US HOUSE,1,Independent,Rick 'Rico' Hoskins,2
Marshall,5 Waterford,US HOUSE,1,Independent,Wally Pang,0
Marshall,5 Waterford,US HOUSE,1,Libertarian,Harold M. Taylor,0
Marshall,5 Waterford,US HOUSE,1,Reform,Barbara Dale Washer,0
Marshall,TOTAL,US HOUSE,1,Democrat,Travis W. Childers,5981
Marshall,TOTAL,US HOUSE,1,Republican,Alan Nunnelee,3661
Marshall,TOTAL,US HOUSE,1,Independent,A G Baddley,55
Marshall,TOTAL,US HOUSE,1,Constitution,Gail Giaramita,44
Marshall,TOTAL,US HOUSE,1,Independent,Les Green,42
Marshall,TOTAL,US HOUSE,1,Independent,Rick 'Rico' Hoskins,21
Marshall,TOTAL,US HOUSE,1,Independent,Wally Pang,13
Marshall,TOTAL,US HOUSE,1,Libertarian,Harold M. Taylor,25
Marshall,TOTAL,US HOUSE,1,Reform,Barbara Dale Washer,22
Monroe,Amory First 1f1,US HOUSE,1,Democrat,Travis W. Childers,101
Monroe,Amory First 1f1,US HOUSE,1,Republican,Alan Nunnelee,432
Monroe,Amory First 1f1,US HOUSE,1,Independent,A G Baddley,1
Monroe,Amory First 1f1,US HOUSE,1,Constitution,Gail Giaramita,2
Monroe,Amory First 1f1,US HOUSE,1,Independent,Les Green,2
Monroe,Amory First 1f1,US HOUSE,1,Independent,Rick 'Rico' Hoskins,2
Monroe,Amory First 1f1,US HOUSE,1,Independent,Wally Pang,0
Monroe,Amory First 1f1,US HOUSE,1,Libertarian,Harold M. Taylor,3
Monroe,Amory First 1f1,US HOUSE,1,Reform,Barbara Dale Washer,0
Monroe,Parham 1f5,US HOUSE,1,Democrat,Travis W. Childers,41
Monroe,Parham 1f5,US HOUSE,1,Republican,Alan Nunnelee,95
Monroe,Parham 1f5,US HOUSE,1,Independent,A G Baddley,1
Monroe,Parham 1f5,US HOUSE,1,Constitution,Gail Giaramita,0
Monroe,Parham 1f5,US HOUSE,1,Independent,Les Green,2
Monroe,Parham 1f5,US HOUSE,1,Independent,Rick 'Rico' Hoskins,1
Monroe,Parham 1f5,US HOUSE,1,Independent,Wally Pang,1
Monroe,Parham 1f5,US HOUSE,1,Libertarian,Harold M. Taylor,0
Monroe,Parham 1f5,US HOUSE,1,Reform,Barbara Dale Washer,0
Monroe,Smithville 1f6,US HOUSE,1,Democrat,Travis W. Childers,140
Monroe,Smithville 1f6,US HOUSE,1,Republican,Alan Nunnelee,335
Monroe,Smithville 1f6,US HOUSE,1,Independent,A G Baddley,5
Monroe,Smithville 1f6,US HOUSE,1,Constitution,Gail Giaramita,3
Monroe,Smithville 1f6,US HOUSE,1,Independent,Les Green,2
Monroe,Smithville 1f6,US HOUSE,1,Independent,Rick 'Rico' Hoskins,0
Monroe,Smithville 1f6,US HOUSE,1,Independent,Wally Pang,2
Monroe,Smithville 1f6,US HOUSE,1,Libertarian,Harold M. Taylor,2
Monroe,Smithville 1f6,US HOUSE,1,Reform,Barbara Dale Washer,1
Monroe,Bigbee 1f2,US HOUSE,1,Democrat,Travis W. Childers,12
Monroe,Bigbee 1f2,US HOUSE,1,Republican,Alan Nunnelee,68
Monroe,Bigbee 1f2,US HOUSE,1,Independent,A G Baddley,0
Monroe,Bigbee 1f2,US HOUSE,1,Constitution,Gail Giaramita,0
Monroe,Bigbee 1f2,US HOUSE,1,Independent,Les Green,0
Monroe,Bigbee 1f2,US HOUSE,1,Independent,Rick 'Rico' Hoskins,0
Monroe,Bigbee 1f2,US HOUSE,1,Independent,Wally Pang,0
Monroe,Bigbee 1f2,US HOUSE,1,Libertarian,Harold M. Taylor,0
Monroe,Bigbee 1f2,US HOUSE,1,Reform,Barbara Dale Washer,0
Monroe,Boyds 1f3,US HOUSE,1,Democrat,Travis W. Childers,52
Monroe,Boyds 1f3,US HOUSE,1,Republican,Alan Nunnelee,123
Monroe,Boyds 1f3,US HOUSE,1,Independent,A G Baddley,3
Monroe,Boyds 1f3,US HOUSE,1,Constitution,Gail Giaramita,3
Monroe,Boyds 1f3,US HOUSE,1,Independent,Les Green,2
Monroe,Boyds 1f3,US HOUSE,1,Independent,Rick 'Rico' Hoskins,1
Monroe,Boyds 1f3,US HOUSE,1,Independent,Wally Pang,2
Monroe,Boyds 1f3,US HOUSE,1,Libertarian,Harold M. Taylor,0
Monroe,Boyds 1f3,US HOUSE,1,Reform,Barbara Dale Washer,2
Monroe,Hatley 1f4,US HOUSE,1,Democrat,Travis W. Childers,158
Monroe,Hatley 1f4,US HOUSE,1,Republican,Alan Nunnelee,586
Monroe,Hatley 1f4,US HOUSE,1,Independent,A G Baddley,4
Monroe,Hatley 1f4,US HOUSE,1,Constitution,Gail Giaramita,5
Monroe,Hatley 1f4,US HOUSE,1,Independent,Les Green,0
Monroe,Hatley 1f4,US HOUSE,1,Independent,Rick 'Rico' Hoskins,0
Monroe,Hatley 1f4,US HOUSE,1,Independent,Wally Pang,2
Monroe,Hatley 1f4,US HOUSE,1,Libertarian,Harold M. Taylor,1
Monroe,Hatley 1f4,US HOUSE,1,Reform,Barbara Dale Washer,0
Monroe,Amory Second 2f1,US HOUSE,1,Democrat,Travis W. Childers,299
Monroe,Amory Second 2f1,US HOUSE,1,Republican,Alan Nunnelee,588
Monroe,Amory Second 2f1,US HOUSE,1,Independent,A G Baddley,10
Monroe,Amory Second 2f1,US HOUSE,1,Constitution,Gail Giaramita,7
Monroe,Amory Second 2f1,US HOUSE,1,Independent,Les Green,4
Monroe,Amory Second 2f1,US HOUSE,1,Independent,Rick 'Rico' Hoskins,3
Monroe,Amory Second 2f1,US HOUSE,1,Independent,Wally Pang,2
Monroe,Amory Second 2f1,US HOUSE,1,Libertarian,Harold M. Taylor,3
Monroe,Amory Second 2f1,US HOUSE,1,Reform,Barbara Dale Washer,3
Monroe,Becker 2f2,US HOUSE,1,Democrat,Travis W. Childers,136
Monroe,Becker 2f2,US HOUSE,1,Republican,Alan Nunnelee,452
Monroe,Becker 2f2,US HOUSE,1,Independent,A G Baddley,5
Monroe,Becker 2f2,US HOUSE,1,Constitution,Gail Giaramita,4
Monroe,Becker 2f2,US HOUSE,1,Independent,Les Green,3
Monroe,Becker 2f2,US HOUSE,1,Independent,Rick 'Rico' Hoskins,1
Monroe,Becker 2f2,US HOUSE,1,Independent,Wally Pang,1
Monroe,Becker 2f2,US HOUSE,1,Libertarian,Harold M. Taylor,1
Monroe,Becker 2f2,US HOUSE,1,Reform,Barbara Dale Washer,2
Monroe,Greenwood Springs 2f3,US HOUSE,1,Democrat,Travis W. Childers,50
Monroe,Greenwood Springs 2f3,US HOUSE,1,Republican,Alan Nunnelee,177
Monroe,Greenwood Springs 2f3,US HOUSE,1,Independent,A G Baddley,2
Monroe,Greenwood Springs 2f3,US HOUSE,1,Constitution,Gail Giaramita,2
Monroe,Greenwood Springs 2f3,US HOUSE,1,Independent,Les Green,0
Monroe,Greenwood Springs 2f3,US HOUSE,1,Independent,Rick 'Rico' Hoskins,2
Monroe,Greenwood Springs 2f3,US HOUSE,1,Independent,Wally Pang,2
Monroe,Greenwood Springs 2f3,US HOUSE,1,Libertarian,Harold M. Taylor,0
Monroe,Greenwood Springs 2f3,US HOUSE,1,Reform,Barbara Dale Washer,0
Monroe,Williams 2f4,US HOUSE,1,Democrat,Travis W. Childers,21
Monroe,Williams 2f4,US HOUSE,1,Republican,Alan Nunnelee,27
Monroe,Williams 2f4,US HOUSE,1,Independent,A G Baddley,1
Monroe,Williams 2f4,US HOUSE,1,Constitution,Gail Giaramita,0
Monroe,Williams 2f4,US HOUSE,1,Independent,Les Green,1
Monroe,Williams 2f4,US HOUSE,1,Independent,Rick 'Rico' Hoskins,0
Monroe,Williams 2f4,US HOUSE,1,Independent,Wally Pang,0
Monroe,Williams 2f4,US HOUSE,1,Libertarian,Harold M. Taylor,0
Monroe,Williams 2f4,US HOUSE,1,Reform,Barbara Dale Washer,0
Monroe,Lackey 3f5,US HOUSE,1,Democrat,Travis W. Childers,115
Monroe,Lackey 3f5,US HOUSE,1,Republican,Alan Nunnelee,374
Monroe,Lackey 3f5,US HOUSE,1,Independent,A G Baddley,2
Monroe,Lackey 3f5,US HOUSE,1,Constitution,Gail Giaramita,2
Monroe,Lackey 3f5,US HOUSE,1,Independent,Les Green,2
Monroe,Lackey 3f5,US HOUSE,1,Independent,Rick 'Rico' Hoskins,0
Monroe,Lackey 3f5,US HOUSE,1,Independent,Wally Pang,0
Monroe,Lackey 3f5,US HOUSE,1,Libertarian,Harold M. Taylor,0
Monroe,Lackey 3f5,US HOUSE,1,Reform,Barbara Dale Washer,0
Monroe,Aberdeen Third 3f1,US HOUSE,1,Democrat,Travis W. Childers,204
Monroe,Aberdeen Third 3f1,US HOUSE,1,Republican,Alan Nunnelee,316
Monroe,Aberdeen Third 3f1,US HOUSE,1,Independent,A G Baddley,0
Monroe,Aberdeen Third 3f1,US HOUSE,1,Constitution,Gail Giaramita,2
Monroe,Aberdeen Third 3f1,US HOUSE,1,Independent,Les Green,0
Monroe,Aberdeen Third 3f1,US HOUSE,1,Independent,Rick 'Rico' Hoskins,0
Monroe,Aberdeen Third 3f1,US HOUSE,1,Independent,Wally Pang,1
Monroe,Aberdeen Third 3f1,US HOUSE,1,Libertarian,Harold M. Taylor,1
Monroe,Aberdeen Third 3f1,US HOUSE,1,Reform,Barbara Dale Washer,0
Monroe,Athens 3f2,US HOUSE,1,Democrat,Travis W. Childers,44
Monroe,Athens 3f2,US HOUSE,1,Republican,Alan Nunnelee,107
Monroe,Athens 3f2,US HOUSE,1,Independent,A G Baddley,6
Monroe,Athens 3f2,US HOUSE,1,Constitution,Gail Giaramita,1
Monroe,Athens 3f2,US HOUSE,1,Independent,Les Green,1
Monroe,Athens 3f2,US HOUSE,1,Independent,Rick 'Rico' Hoskins,0
Monroe,Athens 3f2,US HOUSE,1,Independent,Wally Pang,2
Monroe,Athens 3f2,US HOUSE,1,Libertarian,Harold M. Taylor,1
Monroe,Athens 3f2,US HOUSE,1,Reform,Barbara Dale Washer,0
Monroe,Bartahatchie 3f3,US HOUSE,1,Democrat,Travis W. Childers,49
Monroe,Bartahatchie 3f3,US HOUSE,1,Republican,Alan Nunnelee,101
Monroe,Bartahatchie 3f3,US HOUSE,1,Independent,A G Baddley,0
Monroe,Bartahatchie 3f3,US HOUSE,1,Constitution,Gail Giaramita,0
Monroe,Bartahatchie 3f3,US HOUSE,1,Independent,Les Green,1
Monroe,Bartahatchie 3f3,US HOUSE,1,Independent,Rick 'Rico' Hoskins,0
Monroe,Bartahatchie 3f3,US HOUSE,1,Independent,Wally Pang,0
Monroe,Bartahatchie 3f3,US HOUSE,1,Libertarian,Harold M. Taylor,1
Monroe,Bartahatchie 3f3,US HOUSE,1,Reform,Barbara Dale Washer,0
Monroe,Hamilton 3f4,US HOUSE,1,Democrat,Travis W. Childers,249
Monroe,Hamilton 3f4,US HOUSE,1,Republican,Alan Nunnelee,585
Monroe,Hamilton 3f4,US HOUSE,1,Independent,A G Baddley,7
Monroe,Hamilton 3f4,US HOUSE,1,Constitution,Gail Giaramita,0
Monroe,Hamilton 3f4,US HOUSE,1,Independent,Les Green,2
Monroe,Hamilton 3f4,US HOUSE,1,Independent,Rick 'Rico' Hoskins,1
Monroe,Hamilton 3f4,US HOUSE,1,Independent,Wally Pang,1
Monroe,Hamilton 3f4,US HOUSE,1,Libertarian,Harold M. Taylor,1
Monroe,Hamilton 3f4,US HOUSE,1,Reform,Barbara Dale Washer,0
Monroe,North Aberdeen 4f1,US HOUSE,1,Democrat,Travis W. Childers,463
Monroe,North Aberdeen 4f1,US HOUSE,1,Republican,Alan Nunnelee,237
Monroe,North Aberdeen 4f1,US HOUSE,1,Independent,A G Baddley,3
Monroe,North Aberdeen 4f1,US HOUSE,1,Constitution,Gail Giaramita,2
Monroe,North Aberdeen 4f1,US HOUSE,1,Independent,Les Green,1
Monroe,North Aberdeen 4f1,US HOUSE,1,Independent,Rick 'Rico' Hoskins,1
Monroe,North Aberdeen 4f1,US HOUSE,1,Independent,Wally Pang,1
Monroe,North Aberdeen 4f1,US HOUSE,1,Libertarian,Harold M. Taylor,1
Monroe,North Aberdeen 4f1,US HOUSE,1,Reform,Barbara Dale Washer,0
Monroe,South Aberseen 4f2,US HOUSE,1,Democrat,Travis W. Childers,663
Monroe,South Aberseen 4f2,US HOUSE,1,Republican,Alan Nunnelee,112
Monroe,South Aberseen 4f2,US HOUSE,1,Independent,A G Baddley,1
Monroe,South Aberseen 4f2,US HOUSE,1,Constitution,Gail Giaramita,0
Monroe,South Aberseen 4f2,US HOUSE,1,Independent,Les Green,2
Monroe,South Aberseen 4f2,US HOUSE,1,Independent,Rick 'Rico' Hoskins,0
Monroe,South Aberseen 4f2,US HOUSE,1,Independent,Wally Pang,0
Monroe,South Aberseen 4f2,US HOUSE,1,Libertarian,Harold M. Taylor,2
Monroe,South Aberseen 4f2,US HOUSE,1,Reform,Barbara Dale Washer,1
Monroe,Darracott 4f3,US HOUSE,1,Democrat,Travis W. Childers,37
Monroe,Darracott 4f3,US HOUSE,1,Republican,Alan Nunnelee,73
Monroe,Darracott 4f3,US HOUSE,1,Independent,A G Baddley,1
Monroe,Darracott 4f3,US HOUSE,1,Constitution,Gail Giaramita,0
Monroe,Darracott 4f3,US HOUSE,1,Independent,Les Green,0
Monroe,Darracott 4f3,US HOUSE,1,Independent,Rick 'Rico' Hoskins,0
Monroe,Darracott 4f3,US HOUSE,1,Independent,Wally Pang,0
Monroe,Darracott 4f3,US HOUSE,1,Libertarian,Harold M. Taylor,0
Monroe,Darracott 4f3,US HOUSE,1,Reform,Barbara Dale Washer,0
Monroe,Gibson 4f4,US HOUSE,1,Democrat,Travis W. Childers,242
Monroe,Gibson 4f4,US HOUSE,1,Republican,Alan Nunnelee,55
Monroe,Gibson 4f4,US HOUSE,1,Independent,A G Baddley,1
Monroe,Gibson 4f4,US HOUSE,1,Constitution,Gail Giaramita,2
Monroe,Gibson 4f4,US HOUSE,1,Independent,Les Green,0
Monroe,Gibson 4f4,US HOUSE,1,Independent,Rick 'Rico' Hoskins,1
Monroe,Gibson 4f4,US HOUSE,1,Independent,Wally Pang,0
Monroe,Gibson 4f4,US HOUSE,1,Libertarian,Harold M. Taylor,0
Monroe,Gibson 4f4,US HOUSE,1,Reform,Barbara Dale Washer,0
Monroe,Prairie 4f5,US HOUSE,1,Democrat,Travis W. Childers,382
Monroe,Prairie 4f5,US HOUSE,1,Republican,Alan Nunnelee,41
Monroe,Prairie 4f5,US HOUSE,1,Independent,A G Baddley,1
Monroe,Prairie 4f5,US HOUSE,1,Constitution,Gail Giaramita,1
Monroe,Prairie 4f5,US HOUSE,1,Independent,Les Green,0
Monroe,Prairie 4f5,US HOUSE,1,Independent,Rick 'Rico' Hoskins,0
Monroe,Prairie 4f5,US HOUSE,1,Independent,Wally Pang,0
Monroe,Prairie 4f5,US HOUSE,1,Libertarian,Harold M. Taylor,0
Monroe,Prairie 4f5,US HOUSE,1,Reform,Barbara Dale Washer,0
Monroe,Amory Fifth 5f1,US HOUSE,1,Democrat,Travis W. Childers,507
Monroe,Amory Fifth 5f1,US HOUSE,1,Republican,Alan Nunnelee,3
Monroe,Amory Fifth 5f1,US HOUSE,1,Independent,A G Baddley,0
Monroe,Amory Fifth 5f1,US HOUSE,1,Constitution,Gail Giaramita,1
Monroe,Amory Fifth 5f1,US HOUSE,1,Independent,Les Green,3
Monroe,Amory Fifth 5f1,US HOUSE,1,Independent,Rick 'Rico' Hoskins,1
Monroe,Amory Fifth 5f1,US HOUSE,1,Independent,Wally Pang,0
Monroe,Amory Fifth 5f1,US HOUSE,1,Libertarian,Harold M. Taylor,2
Monroe,Amory Fifth 5f1,US HOUSE,1,Reform,Barbara Dale Washer,0
Monroe,Willis 5f4,US HOUSE,1,Democrat,Travis W. Childers,403
Monroe,Willis 5f4,US HOUSE,1,Republican,Alan Nunnelee,94
Monroe,Willis 5f4,US HOUSE,1,Independent,A G Baddley,0
Monroe,Willis 5f4,US HOUSE,1,Constitution,Gail Giaramita,2
Monroe,Willis 5f4,US HOUSE,1,Independent,Les Green,1
Monroe,Willis 5f4,US HOUSE,1,Independent,Rick 'Rico' Hoskins,0
Monroe,Willis 5f4,US HOUSE,1,Independent,Wally Pang,0
Monroe,Willis 5f4,US HOUSE,1,Libertarian,Harold M. Taylor,1
Monroe,Willis 5f4,US HOUSE,1,Reform,Barbara Dale Washer,0
Monroe,Wren 5f5,US HOUSE,1,Democrat,Travis W. Childers,161
Monroe,Wren 5f5,US HOUSE,1,Republican,Alan Nunnelee,411
Monroe,Wren 5f5,US HOUSE,1,Independent,A G Baddley,2
Monroe,Wren 5f5,US HOUSE,1,Constitution,Gail Giaramita,0
Monroe,Wren 5f5,US HOUSE,1,Independent,Les Green,1
Monroe,Wren 5f5,US HOUSE,1,Independent,Rick 'Rico' Hoskins,1
Monroe,Wren 5f5,US HOUSE,1,Independent,Wally Pang,1
Monroe,Wren 5f5,US HOUSE,1,Libertarian,Harold M. Taylor,0
Monroe,Wren 5f5,US HOUSE,1,Reform,Barbara Dale Washer,0
Monroe,Central Grove 5f2,US HOUSE,1,Democrat,Travis W. Childers,193
Monroe,Central Grove 5f2,US HOUSE,1,Republican,Alan Nunnelee,107
Monroe,Central Grove 5f2,US HOUSE,1,Independent,A G Baddley,2
Monroe,Central Grove 5f2,US HOUSE,1,Constitution,Gail Giaramita,0
Monroe,Central Grove 5f2,US HOUSE,1,Independent,Les Green,1
Monroe,Central Grove 5f2,US HOUSE,1,Independent,Rick 'Rico' Hoskins,1
Monroe,Central Grove 5f2,US HOUSE,1,Independent,Wally Pang,0
Monroe,Central Grove 5f2,US HOUSE,1,Libertarian,Harold M. Taylor,0
Monroe,Central Grove 5f2,US HOUSE,1,Reform,Barbara Dale Washer,0
Monroe,Nettleton 5f3,US HOUSE,1,Democrat,Travis W. Childers,318
Monroe,Nettleton 5f3,US HOUSE,1,Republican,Alan Nunnelee,210
Monroe,Nettleton 5f3,US HOUSE,1,Independent,A G Baddley,2
Monroe,Nettleton 5f3,US HOUSE,1,Constitution,Gail Giaramita,0
Monroe,Nettleton 5f3,US HOUSE,1,Independent,Les Green,3
Monroe,Nettleton 5f3,US HOUSE,1,Independent,Rick 'Rico' Hoskins,1
Monroe,Nettleton 5f3,US HOUSE,1,Independent,Wally Pang,1
Monroe,Nettleton 5f3,US HOUSE,1,Libertarian,Harold M. Taylor,0
Monroe,Nettleton 5f3,US HOUSE,1,Reform,Barbara Dale Washer,0
Monroe,TOTAL,US HOUSE,1,Democrat,Travis W. Childers,5040
Monroe,TOTAL,US HOUSE,1,Republican,Alan Nunnelee,5709
Monroe,TOTAL,US HOUSE,1,Independent,A G Baddley,60
Monroe,TOTAL,US HOUSE,1,Constitution,Gail Giaramita,39
Monroe,TOTAL,US HOUSE,1,Independent,Les Green,34
Monroe,TOTAL,US HOUSE,1,Independent,Rick 'Rico' Hoskins,17
Monroe,TOTAL,US HOUSE,1,Independent,Wally Pang,19
Monroe,TOTAL,US HOUSE,1,Libertarian,Harold M. Taylor,20
Monroe,TOTAL,US HOUSE,1,Reform,Barbara Dale Washer,9
Montgomery,Alva,US HOUSE,2,Republican,Bill Marcy,15
Montgomery,Alva,US HOUSE,2,Democrat,Bennie G. Thompson,16
Montgomery,Alva,US HOUSE,2,Reform,Ashley Norwood,0
Montgomery,Lodi,US HOUSE,2,Republican,Bill Marcy,21
Montgomery,Lodi,US HOUSE,2,Democrat,Bennie G. Thompson,98
Montgomery,Lodi,US HOUSE,2,Reform,Ashley Norwood,0
Montgomery,Mt. Pisgah,US HOUSE,2,Republican,Bill Marcy,90
Montgomery,Mt. Pisgah,US HOUSE,2,Democrat,Bennie G. Thompson,10
Montgomery,Mt. Pisgah,US HOUSE,2,Reform,Ashley Norwood,5
Montgomery,Nations,US HOUSE,2,Republican,Bill Marcy,123
Montgomery,Nations,US HOUSE,2,Democrat,Bennie G. Thompson,24
Montgomery,Nations,US HOUSE,2,Reform,Ashley Norwood,2
Montgomery,Poplar Creek,US HOUSE,2,Republican,Bill Marcy,51
Montgomery,Poplar Creek,US HOUSE,2,Democrat,Bennie G. Thompson,10
Montgomery,Poplar Creek,US HOUSE,2,Reform,Ashley Norwood,3
Montgomery,Stewart,US HOUSE,2,Republican,Bill Marcy,50
Montgomery,Stewart,US HOUSE,2,Democrat,Bennie G. Thompson,4
Montgomery,Stewart,US HOUSE,2,Reform,Ashley Norwood,1
Montgomery,West Winona,US HOUSE,2,Republican,Bill Marcy,282
Montgomery,West Winona,US HOUSE,2,Democrat,Bennie G. Thompson,75
Montgomery,West Winona,US HOUSE,2,Reform,Ashley Norwood,4
Montgomery,Duck Hill,US HOUSE,2,Republican,Bill Marcy,187
Montgomery,Duck Hill,US HOUSE,2,Democrat,Bennie G. Thompson,133
Montgomery,Duck Hill,US HOUSE,2,Reform,Ashley Norwood,3
Montgomery,East Winona,US HOUSE,2,Republican,Bill Marcy,114
Montgomery,East Winona,US HOUSE,2,Democrat,Bennie G. Thompson,178
Montgomery,East Winona,US HOUSE,2,Reform,Ashley Norwood,5
Montgomery,Kilmichael,US HOUSE,2,Republican,Bill Marcy,166
Montgomery,Kilmichael,US HOUSE,2,Democrat,Bennie G. Thompson,162
Montgomery,Kilmichael,US HOUSE,2,Reform,Ashley Norwood,1
Montgomery,North Duck Hill,US HOUSE,2,Republican,Bill Marcy,57
Montgomery,North Duck Hill,US HOUSE,2,Democrat,Bennie G. Thompson,85
Montgomery,North Duck Hill,US HOUSE,2,Reform,Ashley Norwood,5
Montgomery,North Kilmichael,US HOUSE,2,Republican,Bill Marcy,10
Montgomery,North Kilmichael,US HOUSE,2,Democrat,Bennie G. Thompson,73
Montgomery,North Kilmichael,US HOUSE,2,Reform,Ashley Norwood,0
Montgomery,North Mt Pisgah Sweethome,US HOUSE,2,Republican,Bill Marcy,29
Montgomery,North Mt Pisgah Sweethome,US HOUSE,2,Democrat,Bennie G. Thompson,29
Montgomery,North Mt Pisgah Sweethome,US HOUSE,2,Reform,Ashley Norwood,0
Montgomery,North Winona,US HOUSE,2,Republican,Bill Marcy,417
Montgomery,North Winona,US HOUSE,2,Democrat,Bennie G. Thompson,80
Montgomery,North Winona,US HOUSE,2,Reform,Ashley Norwood,7
Montgomery,South Winona,US HOUSE,2,Republican,Bill Marcy,150
Montgomery,South Winona,US HOUSE,2,Democrat,Bennie G. Thompson,421
Montgomery,South Winona,US HOUSE,2,Reform,Ashley Norwood,3
Montgomery,Southeast Winona,US HOUSE,2,Republican,Bill Marcy,60
Montgomery,Southeast Winona,US HOUSE,2,Democrat,Bennie G. Thompson,45
Montgomery,Southeast Winona,US HOUSE,2,Reform,Ashley Norwood,3
Montgomery,TOTAL,US HOUSE,2,Republican,Bill Marcy,1824
Montgomery,TOTAL,US HOUSE,2,Democrat,Bennie G. Thompson,1443
Montgomery,TOTAL,US HOUSE,2,Reform,Ashley Norwood,42
Neshoba,Arlington,US HOUSE,3,Democrat,Joel L. Gill,13
Neshoba,Arlington,US HOUSE,3,Republican,Gregg Harper,204
Neshoba,Arlington,US HOUSE,3,Reform,Tracella Lou O'Hara Hill,1
Neshoba,Central Philadelphia,US HOUSE,3,Democrat,Joel L. Gill,1
Neshoba,Central Philadelphia,US HOUSE,3,Republican,Gregg Harper,48
Neshoba,Central Philadelphia,US HOUSE,3,Reform,Tracella Lou O'Hara Hill,0
Neshoba,Fairview,US HOUSE,3,Democrat,Joel L. Gill,12
Neshoba,Fairview,US HOUSE,3,Republican,Gregg Harper,57
Neshoba,Fairview,US HOUSE,3,Reform,Tracella Lou O'Hara Hill,2
Neshoba,Fork,US HOUSE,3,Democrat,Joel L. Gill,10
Neshoba,Fork,US HOUSE,3,Republican,Gregg Harper,123
Neshoba,Fork,US HOUSE,3,Reform,Tracella Lou O'Hara Hill,0
Neshoba,Pearl River,US HOUSE,3,Democrat,Joel L. Gill,52
Neshoba,Pearl River,US HOUSE,3,Republican,Gregg Harper,53
Neshoba,Pearl River,US HOUSE,3,Reform,Tracella Lou O'Hara Hill,6
Neshoba,Tucker -District One,US HOUSE,3,Democrat,Joel L. Gill,15
Neshoba,Tucker -District One,US HOUSE,3,Republican,Gregg Harper,14
Neshoba,Tucker -District One,US HOUSE,3,Reform,Tracella Lou O'Hara Hill,1
Neshoba,Zephyrhill,US HOUSE,3,Democrat,Joel L. Gill,28
Neshoba,Zephyrhill,US HOUSE,3,Republican,Gregg Harper,122
Neshoba,Zephyrhill,US HOUSE,3,Reform,Tracella Lou O'Hara Hill,6
Neshoba,Bogue Chitto,US HOUSE,3,Democrat,Joel L. Gill,14
Neshoba,Bogue Chitto,US HOUSE,3,Republican,Gregg Harper,22
Neshoba,Bogue Chitto,US HOUSE,3,Reform,Tracella Lou O'Hara Hill,0
Neshoba,Center,US HOUSE,3,Democrat,Joel L. Gill,19
Neshoba,Center,US HOUSE,3,Republican,Gregg Harper,164
Neshoba,Center,US HOUSE,3,Reform,Tracella Lou O'Hara Hill,3
Neshoba,Forestdale,US HOUSE,3,Democrat,Joel L. Gill,41
Neshoba,Forestdale,US HOUSE,3,Republican,Gregg Harper,129
Neshoba,Forestdale,US HOUSE,3,Reform,Tracella Lou O'Hara Hill,0
Neshoba,North Bend,US HOUSE,3,Democrat,Joel L. Gill,20
Neshoba,North Bend,US HOUSE,3,Republican,Gregg Harper,206
Neshoba,North Bend,US HOUSE,3,Reform,Tracella Lou O'Hara Hill,2
Neshoba,Northeast Philadelphia,US HOUSE,3,Democrat,Joel L. Gill,102
Neshoba,Northeast Philadelphia,US HOUSE,3,Republican,Gregg Harper,664
Neshoba,Northeast Philadelphia,US HOUSE,3,Reform,Tracella Lou O'Hara Hill,2
Neshoba,County Line,US HOUSE,3,Democrat,Joel L. Gill,14
Neshoba,County Line,US HOUSE,3,Republican,Gregg Harper,179
Neshoba,County Line,US HOUSE,3,Reform,Tracella Lou O'Hara Hill,0
Neshoba,Herbert,US HOUSE,3,Democrat,Joel L. Gill,12
Neshoba,Herbert,US HOUSE,3,Republican,Gregg Harper,151
Neshoba,Herbert,US HOUSE,3,Reform,Tracella Lou O'Hara Hill,0
Neshoba,House,US HOUSE,3,Democrat,Joel L. Gill,19
Neshoba,House,US HOUSE,3,Republican,Gregg Harper,227
Neshoba,House,US HOUSE,3,Reform,Tracella Lou O'Hara Hill,0
Neshoba,Southeast Philadelphia,US HOUSE,3,Democrat,Joel L. Gill,80
Neshoba,Southeast Philadelphia,US HOUSE,3,Republican,Gregg Harper,530
Neshoba,Southeast Philadelphia,US HOUSE,3,Reform,Tracella Lou O'Hara Hill,4
Neshoba,Tucker -District Three,US HOUSE,3,Democrat,Joel L. Gill,18
Neshoba,Tucker -District Three,US HOUSE,3,Republican,Gregg Harper,252
Neshoba,Tucker -District Three,US HOUSE,3,Reform,Tracella Lou O'Hara Hill,1
Neshoba,Deemer,US HOUSE,3,Democrat,Joel L. Gill,10
Neshoba,Deemer,US HOUSE,3,Republican,Gregg Harper,130
Neshoba,Deemer,US HOUSE,3,Reform,Tracella Lou O'Hara Hill,0
Neshoba,Dixon,US HOUSE,3,Democrat,Joel L. Gill,85
Neshoba,Dixon,US HOUSE,3,Republican,Gregg Harper,132
Neshoba,Dixon,US HOUSE,3,Reform,Tracella Lou O'Hara Hill,3
Neshoba,Hays,US HOUSE,3,Democrat,Joel L. Gill,34
Neshoba,Hays,US HOUSE,3,Republican,Gregg Harper,111
Neshoba,Hays,US HOUSE,3,Reform,Tracella Lou O'Hara Hill,0
Neshoba,Hope,US HOUSE,3,Democrat,Joel L. Gill,32
Neshoba,Hope,US HOUSE,3,Republican,Gregg Harper,90
Neshoba,Hope,US HOUSE,3,Reform,Tracella Lou O'Hara Hill,2
Neshoba,Mcdonald,US HOUSE,3,Democrat,Joel L. Gill,19
Neshoba,Mcdonald,US HOUSE,3,Republican,Gregg Harper,256
Neshoba,Mcdonald,US HOUSE,3,Reform,Tracella Lou O'Hara Hill,1
Neshoba,Neshoba,US HOUSE,3,Democrat,Joel L. Gill,19
Neshoba,Neshoba,US HOUSE,3,Republican,Gregg Harper,160
Neshoba,Neshoba,US HOUSE,3,Reform,Tracella Lou O'Hara Hill,0
Neshoba,Burnside,US HOUSE,3,Democrat,Joel L. Gill,126
Neshoba,Burnside,US HOUSE,3,Republican,Gregg Harper,132
Neshoba,Burnside,US HOUSE,3,Reform,Tracella Lou O'Hara Hill,1
Neshoba,East Neshoba,US HOUSE,3,Democrat,Joel L. Gill,103
Neshoba,East Neshoba,US HOUSE,3,Republican,Gregg Harper,59
Neshoba,East Neshoba,US HOUSE,3,Reform,Tracella Lou O'Hara Hill,2
Neshoba,Fusky,US HOUSE,3,Democrat,Joel L. Gill,8
Neshoba,Fusky,US HOUSE,3,Republican,Gregg Harper,151
Neshoba,Fusky,US HOUSE,3,Reform,Tracella Lou O'Hara Hill,1
Neshoba,Northwest Philadelphia,US HOUSE,3,Democrat,Joel L. Gill,467
Neshoba,Northwest Philadelphia,US HOUSE,3,Republican,Gregg Harper,58
Neshoba,Northwest Philadelphia,US HOUSE,3,Reform,Tracella Lou O'Hara Hill,5
Neshoba,TOTAL,US HOUSE,3,Democrat,Joel L. Gill,1373
Neshoba,TOTAL,US HOUSE,3,Republican,Gregg Harper,4424
Neshoba,TOTAL,US HOUSE,3,Reform,Tracella Lou O'Hara Hill,43
Newton,Chapel Hill,US HOUSE,3,Democrat,Joel L. Gill,21
Newton,Chapel Hill,US HOUSE,3,Republican,Gregg Harper,209
Newton,Chapel Hill,US HOUSE,3,Reform,Tracella Lou O'Hara Hill,1
Newton,Duffee,US HOUSE,3,Democrat,Joel L. Gill,28
Newton,Duffee,US HOUSE,3,Republican,Gregg Harper,216
Newton,Duffee,US HOUSE,3,Reform,Tracella Lou O'Hara Hill,1
Newton,Hazel,US HOUSE,3,Democrat,Joel L. Gill,2
Newton,Hazel,US HOUSE,3,Republican,Gregg Harper,163
Newton,Hazel,US HOUSE,3,Reform,Tracella Lou O'Hara Hill,2
Newton,Chunky,US HOUSE,3,Democrat,Joel L. Gill,19
Newton,Chunky,US HOUSE,3,Republican,Gregg Harper,229
Newton,Chunky,US HOUSE,3,Reform,Tracella Lou O'Hara Hill,3
Newton,Lawrence,US HOUSE,3,Democrat,Joel L. Gill,182
Newton,Lawrence,US HOUSE,3,Republican,Gregg Harper,188
Newton,Lawrence,US HOUSE,3,Reform,Tracella Lou O'Hara Hill,5
Newton,Newton # 1,US HOUSE,3,Democrat,Joel L. Gill,397
Newton,Newton # 1,US HOUSE,3,Republican,Gregg Harper,48
Newton,Newton # 1,US HOUSE,3,Reform,Tracella Lou O'Hara Hill,1
Newton,Newton # 5,US HOUSE,3,Democrat,Joel L. Gill,87
Newton,Newton # 5,US HOUSE,3,Republican,Gregg Harper,243
Newton,Newton # 5,US HOUSE,3,Reform,Tracella Lou O'Hara Hill,1
Newton,Prospect,US HOUSE,3,Democrat,Joel L. Gill,8
Newton,Prospect,US HOUSE,3,Republican,Gregg Harper,168
Newton,Prospect,US HOUSE,3,Reform,Tracella Lou O'Hara Hill,2
Newton,Scanlan,US HOUSE,3,Democrat,Joel L. Gill,94
Newton,Scanlan,US HOUSE,3,Republican,Gregg Harper,292
Newton,Scanlan,US HOUSE,3,Reform,Tracella Lou O'Hara Hill,3
Newton,Union #1,US HOUSE,3,Democrat,Joel L. Gill,113
Newton,Union #1,US HOUSE,3,Republican,Gregg Harper,57
Newton,Union #1,US HOUSE,3,Reform,Tracella Lou O'Hara Hill,1
Newton,Union #2,US HOUSE,3,Democrat,Joel L. Gill,26
Newton,Union #2,US HOUSE,3,Republican,Gregg Harper,235
Newton,Union #2,US HOUSE,3,Reform,Tracella Lou O'Hara Hill,0
Newton,Union #3,US HOUSE,3,Democrat,Joel L. Gill,34
Newton,Union #3,US HOUSE,3,Republican,Gregg Harper,164
Newton,Union #3,US HOUSE,3,Reform,Tracella Lou O'Hara Hill,2
Newton,Conehatta,US HOUSE,3,Democrat,Joel L. Gill,47
Newton,Conehatta,US HOUSE,3,Republican,Gregg Harper,149
Newton,Conehatta,US HOUSE,3,Reform,Tracella Lou O'Hara Hill,5
Newton,Decatur # 1,US HOUSE,3,Democrat,Joel L. Gill,47
Newton,Decatur # 1,US HOUSE,3,Republican,Gregg Harper,195
Newton,Decatur # 1,US HOUSE,3,Reform,Tracella Lou O'Hara Hill,2
Newton,Decatur # 1a,US HOUSE,3,Democrat,Joel L. Gill,61
Newton,Decatur # 1a,US HOUSE,3,Republican,Gregg Harper,156
Newton,Decatur # 1a,US HOUSE,3,Reform,Tracella Lou O'Hara Hill,2
Newton,Little Rock,US HOUSE,3,Democrat,Joel L. Gill,33
Newton,Little Rock,US HOUSE,3,Republican,Gregg Harper,361
Newton,Little Rock,US HOUSE,3,Reform,Tracella Lou O'Hara Hill,2
Newton,Hickory,US HOUSE,3,Democrat,Joel L. Gill,146
Newton,Hickory,US HOUSE,3,Republican,Gregg Harper,465
Newton,Hickory,US HOUSE,3,Reform,Tracella Lou O'Hara Hill,2
Newton,Liberty,US HOUSE,3,Democrat,Joel L. Gill,32
Newton,Liberty,US HOUSE,3,Republican,Gregg Harper,59
Newton,Liberty,US HOUSE,3,Reform,Tracella Lou O'Hara Hill,0
Newton,Newton # 4,US HOUSE,3,Democrat,Joel L. Gill,192
Newton,Newton # 4,US HOUSE,3,Republican,Gregg Harper,306
Newton,Newton # 4,US HOUSE,3,Reform,Tracella Lou O'Hara Hill,2
Newton,TOTAL,US HOUSE,3,Democrat,Joel L. Gill,1569
Newton,TOTAL,US HOUSE,3,Republican,Gregg Harper,3903
Newton,TOTAL,US HOUSE,3,Reform,Tracella Lou O'Hara Hill,37
Noxubee,Brookville,US HOUSE,3,Democrat,Joel L. Gill,478
Noxubee,Brookville,US HOUSE,3,Republican,Gregg Harper,241
Noxubee,Brookville,US HOUSE,3,Reform,Tracella Lou O'Hara Hill,5
Noxubee,Mashulaville,US HOUSE,3,Democrat,Joel L. Gill,137
Noxubee,Mashulaville,US HOUSE,3,Republican,Gregg Harper,80
Noxubee,Mashulaville,US HOUSE,3,Reform,Tracella Lou O'Hara Hill,1
Noxubee,Prairie Point,US HOUSE,3,Democrat,Joel L. Gill,195
Noxubee,Prairie Point,US HOUSE,3,Republican,Gregg Harper,38
Noxubee,Prairie Point,US HOUSE,3,Reform,Tracella Lou O'Hara Hill,2
Noxubee,Shuqualak,US HOUSE,3,Democrat,Joel L. Gill,279
Noxubee,Shuqualak,US HOUSE,3,Republican,Gregg Harper,115
Noxubee,Shuqualak,US HOUSE,3,Reform,Tracella Lou O'Hara Hill,1
Noxubee,Summerville,US HOUSE,3,Democrat,Joel L. Gill,8
Noxubee,Summerville,US HOUSE,3,Republican,Gregg Harper,52
Noxubee,Summerville,US HOUSE,3,Reform,Tracella Lou O'Hara Hill,0
Noxubee,Earl Nash Gym,US HOUSE,3,Democrat,Joel L. Gill,386
Noxubee,Earl Nash Gym,US HOUSE,3,Republican,Gregg Harper,198
Noxubee,Earl Nash Gym,US HOUSE,3,Reform,Tracella Lou O'Hara Hill,6
Noxubee,Vo-Tech,US HOUSE,3,Democrat,Joel L. Gill,76
Noxubee,Vo-Tech,US HOUSE,3,Republican,Gregg Harper,30
Noxubee,Vo-Tech,US HOUSE,3,Reform,Tracella Lou O'Hara Hill,1
Noxubee,Savannah,US HOUSE,3,Democrat,Joel L. Gill,52
Noxubee,Savannah,US HOUSE,3,Republican,Gregg Harper,41
Noxubee,Savannah,US HOUSE,3,Reform,Tracella Lou O'Hara Hill,0
Noxubee,Cliftonville,US HOUSE,3,Democrat,Joel L. Gill,240
Noxubee,Cliftonville,US HOUSE,3,Republican,Gregg Harper,23
Noxubee,Cliftonville,US HOUSE,3,Reform,Tracella Lou O'Hara Hill,1
Noxubee,District 3 Central,US HOUSE,3,Democrat,Joel L. Gill,543
Noxubee,District 3 Central,US HOUSE,3,Republican,Gregg Harper,208
Noxubee,District 3 Central,US HOUSE,3,Reform,Tracella Lou O'Hara Hill,8
Noxubee,TOTAL,US HOUSE,3,Democrat,Joel L. Gill,2394
Noxubee,TOTAL,US HOUSE,3,Republican,Gregg Harper,1026
Noxubee,TOTAL,US HOUSE,3,Reform,Tracella Lou O'Hara Hill,25
Oktibbeha,Bell Schoolhouse,US HOUSE,3,Democrat,Joel L.Gill,155
Oktibbeha,Bell Schoolhouse,US HOUSE,3,Republican,Gregg Harper,86
Oktibbeha,Bell Schoolhouse,US HOUSE,3,Reform,Tracella Lou O'Hara Hill,2
Oktibbeha,Central Starkville,US HOUSE,3,Democrat,Joel L.Gill,398
Oktibbeha,Central Starkville,US HOUSE,3,Republican,Gregg Harper,152
Oktibbeha,Central Starkville,US HOUSE,3,Reform,Tracella Lou O'Hara Hill,8
Oktibbeha,East Starkville,US HOUSE,3,Democrat,Joel L.Gill,45
Oktibbeha,East Starkville,US HOUSE,3,Republican,Gregg Harper,65
Oktibbeha,East Starkville,US HOUSE,3,Reform,Tracella Lou O'Hara Hill,1
Oktibbeha,Gillespie,US HOUSE,3,Democrat,Joel L.Gill,331
Oktibbeha,Gillespie,US HOUSE,3,Republican,Gregg Harper,334
Oktibbeha,Gillespie,US HOUSE,3,Reform,Tracella Lou O'Hara Hill,2
Oktibbeha,Maben,US HOUSE,3,Democrat,Joel L.Gill,77
Oktibbeha,Maben,US HOUSE,3,Republican,Gregg Harper,73
Oktibbeha,Maben,US HOUSE,3,Reform,Tracella Lou O'Hara Hill,3
Oktibbeha,North Starkville District 2,US HOUSE,3,Democrat,Joel L.Gill,370
Oktibbeha,North Starkville District 2,US HOUSE,3,Republican,Gregg Harper,123
Oktibbeha,North Starkville District 2,US HOUSE,3,Reform,Tracella Lou O'Hara Hill,2
Oktibbeha,North Starkville District 3,US HOUSE,3,Democrat,Joel L.Gill,303
Oktibbeha,North Starkville District 3,US HOUSE,3,Republican,Gregg Harper,595
Oktibbeha,North Starkville District 3,US HOUSE,3,Reform,Tracella Lou O'Hara Hill,13
Oktibbeha,Northeast Starkville,US HOUSE,3,Democrat,Joel L.Gill,61
Oktibbeha,Northeast Starkville,US HOUSE,3,Republican,Gregg Harper,136
Oktibbeha,Northeast Starkville,US HOUSE,3,Reform,Tracella Lou O'Hara Hill,0
Oktibbeha,North Longview,US HOUSE,3,Democrat,Joel L.Gill,107
Oktibbeha,North Longview,US HOUSE,3,Republican,Gregg Harper,311
Oktibbeha,North Longview,US HOUSE,3,Reform,Tracella Lou O'Hara Hill,0
Oktibbeha,Oktoc,US HOUSE,3,Democrat,Joel L.Gill,227
Oktibbeha,Oktoc,US HOUSE,3,Republican,Gregg Harper,148
Oktibbeha,Oktoc,US HOUSE,3,Reform,Tracella Lou O'Hara Hill,0
Oktibbeha,Osborn,US HOUSE,3,Democrat,Joel L.Gill,341
Oktibbeha,Osborn,US HOUSE,3,Republican,Gregg Harper,179
Oktibbeha,Osborn,US HOUSE,3,Reform,Tracella Lou O'Hara Hill,7
Oktibbeha,South Adaton,US HOUSE,3,Democrat,Joel L.Gill,70
Oktibbeha,South Adaton,US HOUSE,3,Republican,Gregg Harper,150
Oktibbeha,South Adaton,US HOUSE,3,Reform,Tracella Lou O'Hara Hill,2
Oktibbeha,South Longview,US HOUSE,3,Democrat,Joel L.Gill,41
Oktibbeha,South Longview,US HOUSE,3,Republican,Gregg Harper,86
Oktibbeha,South Longview,US HOUSE,3,Reform,Tracella Lou O'Hara Hill,1
Oktibbeha,Sessums,US HOUSE,3,Democrat,Joel L.Gill,289
Oktibbeha,Sessums,US HOUSE,3,Republican,Gregg Harper,155
Oktibbeha,Sessums,US HOUSE,3,Reform,Tracella Lou O'Hara Hill,8
Oktibbeha,South Starkville,US HOUSE,3,Democrat,Joel L.Gill,482
Oktibbeha,South Starkville,US HOUSE,3,Republican,Gregg Harper,1353
Oktibbeha,South Starkville,US HOUSE,3,Reform,Tracella Lou O'Hara Hill,7
Oktibbeha,West Starkville,US HOUSE,3,Democrat,Joel L.Gill,549
Oktibbeha,West Starkville,US HOUSE,3,Republican,Gregg Harper,879
Oktibbeha,West Starkville,US HOUSE,3,Reform,Tracella Lou O'Hara Hill,7
Oktibbeha,Sturgis/North Bradley,US HOUSE,3,Democrat,Joel L.Gill,124
Oktibbeha,Sturgis/North Bradley,US HOUSE,3,Republican,Gregg Harper,334
Oktibbeha,Sturgis/North Bradley,US HOUSE,3,Reform,Tracella Lou O'Hara Hill,5
Oktibbeha,Self Creek/Double Springs,US HOUSE,3,Democrat,Joel L.Gill,45
Oktibbeha,Self Creek/Double Springs,US HOUSE,3,Republican,Gregg Harper,235
Oktibbeha,Self Creek/Double Springs,US HOUSE,3,Reform,Tracella Lou O'Hara Hill,1
Oktibbeha,Hickory Grove/Southeast,US HOUSE,3,Democrat,Joel L.Gill,381
Oktibbeha,Hickory Grove/Southeast,US HOUSE,3,Republican,Gregg Harper,334
Oktibbeha,Hickory Grove/Southeast,US HOUSE,3,Reform,Tracella Lou O'Hara Hill,10
Oktibbeha,Center Grove / North Adaton,US HOUSE,3,Democrat,Joel L.Gill,178
Oktibbeha,Center Grove / North Adaton,US HOUSE,3,Republican,Gregg Harper,170
Oktibbeha,Center Grove / North Adaton,US HOUSE,3,Reform,Tracella Lou O'Hara Hill,4
Oktibbeha,Craig Springs /South Bradley,US HOUSE,3,Democrat,Joel L.Gill,7
Oktibbeha,Craig Springs /South Bradley,US HOUSE,3,Republican,Gregg Harper,125
Oktibbeha,Craig Springs /South Bradley,US HOUSE,3,Reform,Tracella Lou O'Hara Hill,0
Oktibbeha,TOTAL,US HOUSE,3,Democrat,Joel L.Gill,4581
Oktibbeha,TOTAL,US HOUSE,3,Republican,Gregg Harper,6023
Oktibbeha,TOTAL,US HOUSE,3,Reform,Tracella Lou O'Hara Hill,83
Panola,Pleasant Mount,US HOUSE,1,Independent,A G Baddley,5
Panola,Pleasant Mount,US HOUSE,1,Democrat,Travis W. Childers,170
Panola,Pleasant Mount,US HOUSE,1,Constitution,Gail Giaramita,6
Panola,Pleasant Mount,US HOUSE,1,Independent,Les Green,2
Panola,Pleasant Mount,US HOUSE,1,Independent,Rick 'Rico' Hoskins,1
Panola,Pleasant Mount,US HOUSE,1,Republican,Alan Nunnelee,110
Panola,Pleasant Mount,US HOUSE,1,Independent,Wally Pang,17
Panola,Pleasant Mount,US HOUSE,1,Libertarian,Harold M. Taylor,0
Panola,Pleasant Mount,US HOUSE,1,Reform,Barbara Dale Washer,1
Panola,East Sardis,US HOUSE,1,Independent,A G Baddley,5
Panola,East Sardis,US HOUSE,1,Democrat,Travis W. Childers,87
Panola,East Sardis,US HOUSE,1,Constitution,Gail Giaramita,2
Panola,East Sardis,US HOUSE,1,Independent,Les Green,4
Panola,East Sardis,US HOUSE,1,Independent,Rick 'Rico' Hoskins,3
Panola,East Sardis,US HOUSE,1,Republican,Alan Nunnelee,213
Panola,East Sardis,US HOUSE,1,Independent,Wally Pang,18
Panola,East Sardis,US HOUSE,1,Libertarian,Harold M. Taylor,2
Panola,East Sardis,US HOUSE,1,Reform,Barbara Dale Washer,2
Panola,West Sardis,US HOUSE,1,Independent,A G Baddley,4
Panola,West Sardis,US HOUSE,1,Democrat,Travis W. Childers,473
Panola,West Sardis,US HOUSE,1,Constitution,Gail Giaramita,4
Panola,West Sardis,US HOUSE,1,Independent,Les Green,2
Panola,West Sardis,US HOUSE,1,Independent,Rick 'Rico' Hoskins,4
Panola,West Sardis,US HOUSE,1,Republican,Alan Nunnelee,49
Panola,West Sardis,US HOUSE,1,Independent,Wally Pang,14
Panola,West Sardis,US HOUSE,1,Libertarian,Harold M. Taylor,2
Panola,West Sardis,US HOUSE,1,Reform,Barbara Dale Washer,1
Panola,Cold Springs,US HOUSE,1,Independent,A G Baddley,2
Panola,Cold Springs,US HOUSE,1,Democrat,Travis W. Childers,133
Panola,Cold Springs,US HOUSE,1,Constitution,Gail Giaramita,1
Panola,Cold Springs,US HOUSE,1,Independent,Les Green,0
Panola,Cold Springs,US HOUSE,1,Independent,Rick 'Rico' Hoskins,2
Panola,Cold Springs,US HOUSE,1,Republican,Alan Nunnelee,11
Panola,Cold Springs,US HOUSE,1,Independent,Wally Pang,8
Panola,Cold Springs,US HOUSE,1,Libertarian,Harold M. Taylor,0
Panola,Cold Springs,US HOUSE,1,Reform,Barbara Dale Washer,0
Panola,South Sardis,US HOUSE,1,Independent,A G Baddley,15
Panola,South Sardis,US HOUSE,1,Democrat,Travis W. Childers,590
Panola,South Sardis,US HOUSE,1,Constitution,Gail Giaramita,5
Panola,South Sardis,US HOUSE,1,Independent,Les Green,9
Panola,South Sardis,US HOUSE,1,Independent,Rick 'Rico' Hoskins,15
Panola,South Sardis,US HOUSE,1,Republican,Alan Nunnelee,177
Panola,South Sardis,US HOUSE,1,Independent,Wally Pang,40
Panola,South Sardis,US HOUSE,1,Libertarian,Harold M. Taylor,3
Panola,South Sardis,US HOUSE,1,Reform,Barbara Dale Washer,8
Panola,Pleasant Grove,US HOUSE,1,Independent,A G Baddley,4
Panola,Pleasant Grove,US HOUSE,1,Democrat,Travis W. Childers,68
Panola,Pleasant Grove,US HOUSE,1,Constitution,Gail Giaramita,2
Panola,Pleasant Grove,US HOUSE,1,Independent,Les Green,1
Panola,Pleasant Grove,US HOUSE,1,Independent,Rick 'Rico' Hoskins,3
Panola,Pleasant Grove,US HOUSE,1,Republican,Alan Nunnelee,120
Panola,Pleasant Grove,US HOUSE,1,Independent,Wally Pang,14
Panola,Pleasant Grove,US HOUSE,1,Libertarian,Harold M. Taylor,0
Panola,Pleasant Grove,US HOUSE,1,Reform,Barbara Dale Washer,0
Panola,Longtown,US HOUSE,1,Independent,A G Baddley,4
Panola,Longtown,US HOUSE,1,Democrat,Travis W. Childers,121
Panola,Longtown,US HOUSE,1,Constitution,Gail Giaramita,1
Panola,Longtown,US HOUSE,1,Independent,Les Green,0
Panola,Longtown,US HOUSE,1,Independent,Rick 'Rico' Hoskins,1
Panola,Longtown,US HOUSE,1,Republican,Alan Nunnelee,59
Panola,Longtown,US HOUSE,1,Independent,Wally Pang,4
Panola,Longtown,US HOUSE,1,Libertarian,Harold M. Taylor,0
Panola,Longtown,US HOUSE,1,Reform,Barbara Dale Washer,1
Panola,Crenshaw,US HOUSE,1,Independent,A G Baddley,6
Panola,Crenshaw,US HOUSE,1,Democrat,Travis W. Childers,186
Panola,Crenshaw,US HOUSE,1,Constitution,Gail Giaramita,3
Panola,Crenshaw,US HOUSE,1,Independent,Les Green,1
Panola,Crenshaw,US HOUSE,1,Independent,Rick 'Rico' Hoskins,1
Panola,Crenshaw,US HOUSE,1,Republican,Alan Nunnelee,95
Panola,Crenshaw,US HOUSE,1,Independent,Wally Pang,2
Panola,Crenshaw,US HOUSE,1,Libertarian,Harold M. Taylor,2
Panola,Crenshaw,US HOUSE,1,Reform,Barbara Dale Washer,0
Panola,Curtis,US HOUSE,1,Independent,A G Baddley,6
Panola,Curtis,US HOUSE,1,Democrat,Travis W. Childers,280
Panola,Curtis,US HOUSE,1,Constitution,Gail Giaramita,0
Panola,Curtis,US HOUSE,1,Independent,Les Green,1
Panola,Curtis,US HOUSE,1,Independent,Rick 'Rico' Hoskins,4
Panola,Curtis,US HOUSE,1,Republican,Alan Nunnelee,55
Panola,Curtis,US HOUSE,1,Independent,Wally Pang,31
Panola,Curtis,US HOUSE,1,Libertarian,Harold M. Taylor,1
Panola,Curtis,US HOUSE,1,Reform,Barbara Dale Washer,2
Panola,Macedonia-Concord,US HOUSE,1,Independent,A G Baddley,1
Panola,Macedonia-Concord,US HOUSE,1,Democrat,Travis W. Childers,177
Panola,Macedonia-Concord,US HOUSE,1,Constitution,Gail Giaramita,0
Panola,Macedonia-Concord,US HOUSE,1,Independent,Les Green,0
Panola,Macedonia-Concord,US HOUSE,1,Independent,Rick 'Rico' Hoskins,3
Panola,Macedonia-Concord,US HOUSE,1,Republican,Alan Nunnelee,20
Panola,Macedonia-Concord,US HOUSE,1,Independent,Wally Pang,19
Panola,Macedonia-Concord,US HOUSE,1,Libertarian,Harold M. Taylor,1
Panola,Macedonia-Concord,US HOUSE,1,Reform,Barbara Dale Washer,1
Panola,Batesville # 3,US HOUSE,1,Independent,A G Baddley,4
Panola,Batesville # 3,US HOUSE,1,Democrat,Travis W. Childers,139
Panola,Batesville # 3,US HOUSE,1,Constitution,Gail Giaramita,0
Panola,Batesville # 3,US HOUSE,1,Independent,Les Green,3
Panola,Batesville # 3,US HOUSE,1,Independent,Rick 'Rico' Hoskins,3
Panola,Batesville # 3,US HOUSE,1,Republican,Alan Nunnelee,284
Panola,Batesville # 3,US HOUSE,1,Independent,Wally Pang,96
Panola,Batesville # 3,US HOUSE,1,Libertarian,Harold M. Taylor,0
Panola,Batesville # 3,US HOUSE,1,Reform,Barbara Dale Washer,1
Panola,Courtland,US HOUSE,1,Independent,A G Baddley,5
Panola,Courtland,US HOUSE,1,Democrat,Travis W. Childers,580
Panola,Courtland,US HOUSE,1,Constitution,Gail Giaramita,5
Panola,Courtland,US HOUSE,1,Independent,Les Green,11
Panola,Courtland,US HOUSE,1,Independent,Rick 'Rico' Hoskins,44
Panola,Courtland,US HOUSE,1,Republican,Alan Nunnelee,172
Panola,Courtland,US HOUSE,1,Independent,Wally Pang,99
Panola,Courtland,US HOUSE,1,Libertarian,Harold M. Taylor,2
Panola,Courtland,US HOUSE,1,Reform,Barbara Dale Washer,5
Panola,Pope,US HOUSE,1,Independent,A G Baddley,8
Panola,Pope,US HOUSE,1,Democrat,Travis W. Childers,219
Panola,Pope,US HOUSE,1,Constitution,Gail Giaramita,4
Panola,Pope,US HOUSE,1,Independent,Les Green,3
Panola,Pope,US HOUSE,1,Independent,Rick 'Rico' Hoskins,4
Panola,Pope,US HOUSE,1,Republican,Alan Nunnelee,208
Panola,Pope,US HOUSE,1,Independent,Wally Pang,99
Panola,Pope,US HOUSE,1,Libertarian,Harold M. Taylor,0
Panola,Pope,US HOUSE,1,Reform,Barbara Dale Washer,4
Panola,Tocowa,US HOUSE,1,Independent,A G Baddley,4
Panola,Tocowa,US HOUSE,1,Democrat,Travis W. Childers,229
Panola,Tocowa,US HOUSE,1,Constitution,Gail Giaramita,2
Panola,Tocowa,US HOUSE,1,Independent,Les Green,6
Panola,Tocowa,US HOUSE,1,Independent,Rick 'Rico' Hoskins,5
Panola,Tocowa,US HOUSE,1,Republican,Alan Nunnelee,334
Panola,Tocowa,US HOUSE,1,Independent,Wally Pang,130
Panola,Tocowa,US HOUSE,1,Libertarian,Harold M. Taylor,1
Panola,Tocowa,US HOUSE,1,Reform,Barbara Dale Washer,2
Panola,East Batesville # 4,US HOUSE,1,Independent,A G Baddley,4
Panola,East Batesville # 4,US HOUSE,1,Democrat,Travis W. Childers,109
Panola,East Batesville # 4,US HOUSE,1,Constitution,Gail Giaramita,0
Panola,East Batesville # 4,US HOUSE,1,Independent,Les Green,4
Panola,East Batesville # 4,US HOUSE,1,Independent,Rick 'Rico' Hoskins,4
Panola,East Batesville # 4,US HOUSE,1,Republican,Alan Nunnelee,267
Panola,East Batesville # 4,US HOUSE,1,Independent,Wally Pang,67
Panola,East Batesville # 4,US HOUSE,1,Libertarian,Harold M. Taylor,1
Panola,East Batesville # 4,US HOUSE,1,Reform,Barbara Dale Washer,2
Panola,Eureka,US HOUSE,1,Independent,A G Baddley,3
Panola,Eureka,US HOUSE,1,Democrat,Travis W. Childers,217
Panola,Eureka,US HOUSE,1,Constitution,Gail Giaramita,1
Panola,Eureka,US HOUSE,1,Independent,Les Green,11
Panola,Eureka,US HOUSE,1,Independent,Rick 'Rico' Hoskins,3
Panola,Eureka,US HOUSE,1,Republican,Alan Nunnelee,453
Panola,Eureka,US HOUSE,1,Independent,Wally Pang,111
Panola,Eureka,US HOUSE,1,Libertarian,Harold M. Taylor,6
Panola,Eureka,US HOUSE,1,Reform,Barbara Dale Washer,3
Panola,North Springport,US HOUSE,1,Independent,A G Baddley,4
Panola,North Springport,US HOUSE,1,Democrat,Travis W. Childers,210
Panola,North Springport,US HOUSE,1,Constitution,Gail Giaramita,0
Panola,North Springport,US HOUSE,1,Independent,Les Green,4
Panola,North Springport,US HOUSE,1,Independent,Rick 'Rico' Hoskins,3
Panola,North Springport,US HOUSE,1,Republican,Alan Nunnelee,270
Panola,North Springport,US HOUSE,1,Independent,Wally Pang,116
Panola,North Springport,US HOUSE,1,Libertarian,Harold M. Taylor,3
Panola,North Springport,US HOUSE,1,Reform,Barbara Dale Washer,2
Panola,South Springport,US HOUSE,1,Independent,A G Baddley,15
Panola,South Springport,US HOUSE,1,Democrat,Travis W. Childers,263
Panola,South Springport,US HOUSE,1,Constitution,Gail Giaramita,3
Panola,South Springport,US HOUSE,1,Independent,Les Green,2
Panola,South Springport,US HOUSE,1,Independent,Rick 'Rico' Hoskins,11
Panola,South Springport,US HOUSE,1,Republican,Alan Nunnelee,309
Panola,South Springport,US HOUSE,1,Independent,Wally Pang,124
Panola,South Springport,US HOUSE,1,Libertarian,Harold M. Taylor,4
Panola,South Springport,US HOUSE,1,Reform,Barbara Dale Washer,5
Panola,Cole's Point,US HOUSE,1,Independent,A G Baddley,5
Panola,Cole's Point,US HOUSE,1,Democrat,Travis W. Childers,54
Panola,Cole's Point,US HOUSE,1,Constitution,Gail Giaramita,0
Panola,Cole's Point,US HOUSE,1,Independent,Les Green,1
Panola,Cole's Point,US HOUSE,1,Independent,Rick 'Rico' Hoskins,0
Panola,Cole's Point,US HOUSE,1,Republican,Alan Nunnelee,135
Panola,Cole's Point,US HOUSE,1,Independent,Wally Pang,40
Panola,Cole's Point,US HOUSE,1,Libertarian,Harold M. Taylor,1
Panola,Cole's Point,US HOUSE,1,Reform,Barbara Dale Washer,0
Panola,East Batesville,US HOUSE,1,Independent,A G Baddley,8
Panola,East Batesville,US HOUSE,1,Democrat,Travis W. Childers,201
Panola,East Batesville,US HOUSE,1,Constitution,Gail Giaramita,1
Panola,East Batesville,US HOUSE,1,Independent,Les Green,8
Panola,East Batesville,US HOUSE,1,Independent,Rick 'Rico' Hoskins,2
Panola,East Batesville,US HOUSE,1,Republican,Alan Nunnelee,509
Panola,East Batesville,US HOUSE,1,Independent,Wally Pang,175
Panola,East Batesville,US HOUSE,1,Libertarian,Harold M. Taylor,1
Panola,East Batesville,US HOUSE,1,Reform,Barbara Dale Washer,1
Panola,North Batesville # A,US HOUSE,1,Independent,A G Baddley,4
Panola,North Batesville # A,US HOUSE,1,Democrat,Travis W. Childers,214
Panola,North Batesville # A,US HOUSE,1,Constitution,Gail Giaramita,1
Panola,North Batesville # A,US HOUSE,1,Independent,Les Green,0
Panola,North Batesville # A,US HOUSE,1,Independent,Rick 'Rico' Hoskins,9
Panola,North Batesville # A,US HOUSE,1,Republican,Alan Nunnelee,264
Panola,North Batesville # A,US HOUSE,1,Independent,Wally Pang,134
Panola,North Batesville # A,US HOUSE,1,Libertarian,Harold M. Taylor,0
Panola,North Batesville # A,US HOUSE,1,Reform,Barbara Dale Washer,0
Panola,North Batesville # B,US HOUSE,1,Independent,A G Baddley,6
Panola,North Batesville # B,US HOUSE,1,Democrat,Travis W. Childers,654
Panola,North Batesville # B,US HOUSE,1,Constitution,Gail Giaramita,2
Panola,North Batesville # B,US HOUSE,1,Independent,Les Green,1
Panola,North Batesville # B,US HOUSE,1,Independent,Rick 'Rico' Hoskins,33
Panola,North Batesville # B,US HOUSE,1,Republican,Alan Nunnelee,71
Panola,North Batesville # B,US HOUSE,1,Independent,Wally Pang,56
Panola,North Batesville # B,US HOUSE,1,Libertarian,Harold M. Taylor,4
Panola,North Batesville # B,US HOUSE,1,Reform,Barbara Dale Washer,3
Panola,Enon,US HOUSE,1,Independent,A G Baddley,0
Panola,Enon,US HOUSE,1,Democrat,Travis W. Childers,31
Panola,Enon,US HOUSE,1,Constitution,Gail Giaramita,0
Panola,Enon,US HOUSE,1,Independent,Les Green,3
Panola,Enon,US HOUSE,1,Independent,Rick 'Rico' Hoskins,1
Panola,Enon,US HOUSE,1,Republican,Alan Nunnelee,54
Panola,Enon,US HOUSE,1,Independent,Wally Pang,16
Panola,Enon,US HOUSE,1,Libertarian,Harold M. Taylor,0
Panola,Enon,US HOUSE,1,Reform,Barbara Dale Washer,1
Panola,Como,US HOUSE,1,Independent,A G Baddley,7
Panola,Como,US HOUSE,1,Democrat,Travis W. Childers,678
Panola,Como,US HOUSE,1,Constitution,Gail Giaramita,6
Panola,Como,US HOUSE,1,Independent,Les Green,5
Panola,Como,US HOUSE,1,Independent,Rick 'Rico' Hoskins,12
Panola,Como,US HOUSE,1,Republican,Alan Nunnelee,222
Panola,Como,US HOUSE,1,Independent,Wally Pang,12
Panola,Como,US HOUSE,1,Libertarian,Harold M. Taylor,3
Panola,Como,US HOUSE,1,Reform,Barbara Dale Washer,2
Panola,TOTAL,US HOUSE,1,Independent,A G Baddley,129
Panola,TOTAL,US HOUSE,1,Democrat,Travis W. Childers,6083
Panola,TOTAL,US HOUSE,1,Constitution,Gail Giaramita,49
Panola,TOTAL,US HOUSE,1,Independent,Les Green,82
Panola,TOTAL,US HOUSE,1,Independent,Rick 'Rico' Hoskins,171
Panola,TOTAL,US HOUSE,1,Republican,Alan Nunnelee,4461
Panola,TOTAL,US HOUSE,1,Independent,Wally Pang,1442
Panola,TOTAL,US HOUSE,1,Libertarian,Harold M. Taylor,37
Panola,TOTAL,US HOUSE,1,Reform,Barbara Dale Washer,47
Pearl River,Whitesand Bt 1,US HOUSE,4,Republican,Steven Palazzo,73
Pearl River,Whitesand Bt 1,US HOUSE,4,Democrat,Gene Taylor,164
Pearl River,Whitesand Bt 1,US HOUSE,4,Libertarian,Kenneth 'Tim' Hampton,2
Pearl River,Whitesand Bt 1,US HOUSE,4,Reform,Anna Jewel Revies,0
Pearl River,Derby Bt 1,US HOUSE,4,Republican,Steven Palazzo,175
Pearl River,Derby Bt 1,US HOUSE,4,Democrat,Gene Taylor,135
Pearl River,Derby Bt 1,US HOUSE,4,Libertarian,Kenneth 'Tim' Hampton,4
Pearl River,Derby Bt 1,US HOUSE,4,Reform,Anna Jewel Revies,4
Pearl River,Plcayune Bt. 1 Eastside Annex,US HOUSE,4,Republican,Steven Palazzo,167
Pearl River,Plcayune Bt. 1 Eastside Annex,US HOUSE,4,Democrat,Gene Taylor,260
Pearl River,Plcayune Bt. 1 Eastside Annex,US HOUSE,4,Libertarian,Kenneth 'Tim' Hampton,4
Pearl River,Plcayune Bt. 1 Eastside Annex,US HOUSE,4,Reform,Anna Jewel Revies,3
Pearl River,Poplarville Beat 1,US HOUSE,4,Republican,Steven Palazzo,212
Pearl River,Poplarville Beat 1,US HOUSE,4,Democrat,Gene Taylor,219
Pearl River,Poplarville Beat 1,US HOUSE,4,Libertarian,Kenneth 'Tim' Hampton,3
Pearl River,Poplarville Beat 1,US HOUSE,4,Reform,Anna Jewel Revies,0
Pearl River,Picayune Beat 1 Southside,US HOUSE,4,Republican,Steven Palazzo,188
Pearl River,Picayune Beat 1 Southside,US HOUSE,4,Democrat,Gene Taylor,562
Pearl River,Picayune Beat 1 Southside,US HOUSE,4,Libertarian,Kenneth 'Tim' Hampton,11
Pearl River,Picayune Beat 1 Southside,US HOUSE,4,Reform,Anna Jewel Revies,11
Pearl River,Mill Creet Beat 2,US HOUSE,4,Republican,Steven Palazzo,308
Pearl River,Mill Creet Beat 2,US HOUSE,4,Democrat,Gene Taylor,96
Pearl River,Mill Creet Beat 2,US HOUSE,4,Libertarian,Kenneth 'Tim' Hampton,6
Pearl River,Mill Creet Beat 2,US HOUSE,4,Reform,Anna Jewel Revies,1
Pearl River,Poplarville Beat 2,US HOUSE,4,Republican,Steven Palazzo,273
Pearl River,Poplarville Beat 2,US HOUSE,4,Democrat,Gene Taylor,156
Pearl River,Poplarville Beat 2,US HOUSE,4,Libertarian,Kenneth 'Tim' Hampton,2
Pearl River,Poplarville Beat 2,US HOUSE,4,Reform,Anna Jewel Revies,1
Pearl River,Oak Hill Beat 2,US HOUSE,4,Republican,Steven Palazzo,321
Pearl River,Oak Hill Beat 2,US HOUSE,4,Democrat,Gene Taylor,124
Pearl River,Oak Hill Beat 2,US HOUSE,4,Libertarian,Kenneth 'Tim' Hampton,5
Pearl River,Oak Hill Beat 2,US HOUSE,4,Reform,Anna Jewel Revies,2
Pearl River,Buck Branch Beat 2,US HOUSE,4,Republican,Steven Palazzo,305
Pearl River,Buck Branch Beat 2,US HOUSE,4,Democrat,Gene Taylor,94
Pearl River,Buck Branch Beat 2,US HOUSE,4,Libertarian,Kenneth 'Tim' Hampton,5
Pearl River,Buck Branch Beat 2,US HOUSE,4,Reform,Anna Jewel Revies,2
Pearl River,Ford's Creek Beat 2,US HOUSE,4,Republican,Steven Palazzo,96
Pearl River,Ford's Creek Beat 2,US HOUSE,4,Democrat,Gene Taylor,33
Pearl River,Ford's Creek Beat 2,US HOUSE,4,Libertarian,Kenneth 'Tim' Hampton,1
Pearl River,Ford's Creek Beat 2,US HOUSE,4,Reform,Anna Jewel Revies,2
Pearl River,Byrdline Beat 2,US HOUSE,4,Republican,Steven Palazzo,108
Pearl River,Byrdline Beat 2,US HOUSE,4,Democrat,Gene Taylor,35
Pearl River,Byrdline Beat 2,US HOUSE,4,Libertarian,Kenneth 'Tim' Hampton,1
Pearl River,Byrdline Beat 2,US HOUSE,4,Reform,Anna Jewel Revies,0
Pearl River,Picayune Beat 2,US HOUSE,4,Republican,Steven Palazzo,650
Pearl River,Picayune Beat 2,US HOUSE,4,Democrat,Gene Taylor,200
Pearl River,Picayune Beat 2,US HOUSE,4,Libertarian,Kenneth 'Tim' Hampton,9
Pearl River,Picayune Beat 2,US HOUSE,4,Reform,Anna Jewel Revies,4
Pearl River,Henleyfield Beat 2,US HOUSE,4,Republican,Steven Palazzo,459
Pearl River,Henleyfield Beat 2,US HOUSE,4,Democrat,Gene Taylor,102
Pearl River,Henleyfield Beat 2,US HOUSE,4,Libertarian,Kenneth 'Tim' Hampton,7
Pearl River,Henleyfield Beat 2,US HOUSE,4,Reform,Anna Jewel Revies,3
Pearl River,Whitesand Beat 2,US HOUSE,4,Republican,Steven Palazzo,104
Pearl River,Whitesand Beat 2,US HOUSE,4,Democrat,Gene Taylor,41
Pearl River,Whitesand Beat 2,US HOUSE,4,Libertarian,Kenneth 'Tim' Hampton,0
Pearl River,Whitesand Beat 2,US HOUSE,4,Reform,Anna Jewel Revies,2
Pearl River,Ozona Beat 3,US HOUSE,4,Republican,Steven Palazzo,375
Pearl River,Ozona Beat 3,US HOUSE,4,Democrat,Gene Taylor,114
Pearl River,Ozona Beat 3,US HOUSE,4,Libertarian,Kenneth 'Tim' Hampton,2
Pearl River,Ozona Beat 3,US HOUSE,4,Reform,Anna Jewel Revies,3
Pearl River,Ceasar Beat 3,US HOUSE,4,Republican,Steven Palazzo,260
Pearl River,Ceasar Beat 3,US HOUSE,4,Democrat,Gene Taylor,81
Pearl River,Ceasar Beat 3,US HOUSE,4,Libertarian,Kenneth 'Tim' Hampton,2
Pearl River,Ceasar Beat 3,US HOUSE,4,Reform,Anna Jewel Revies,2
Pearl River,Savannah Beat 3,US HOUSE,4,Republican,Steven Palazzo,237
Pearl River,Savannah Beat 3,US HOUSE,4,Democrat,Gene Taylor,107
Pearl River,Savannah Beat 3,US HOUSE,4,Libertarian,Kenneth 'Tim' Hampton,6
Pearl River,Savannah Beat 3,US HOUSE,4,Reform,Anna Jewel Revies,3
Pearl River,Steep Hollow Beat 3,US HOUSE,4,Republican,Steven Palazzo,167
Pearl River,Steep Hollow Beat 3,US HOUSE,4,Democrat,Gene Taylor,167
Pearl River,Steep Hollow Beat 3,US HOUSE,4,Libertarian,Kenneth 'Tim' Hampton,0
Pearl River,Steep Hollow Beat 3,US HOUSE,4,Reform,Anna Jewel Revies,1
Pearl River,Progress Beat 3,US HOUSE,4,Republican,Steven Palazzo,91
Pearl River,Progress Beat 3,US HOUSE,4,Democrat,Gene Taylor,83
Pearl River,Progress Beat 3,US HOUSE,4,Libertarian,Kenneth 'Tim' Hampton,2
Pearl River,Progress Beat 3,US HOUSE,4,Reform,Anna Jewel Revies,1
Pearl River,Poplarville Beat 3,US HOUSE,4,Republican,Steven Palazzo,362
Pearl River,Poplarville Beat 3,US HOUSE,4,Democrat,Gene Taylor,207
Pearl River,Poplarville Beat 3,US HOUSE,4,Libertarian,Kenneth 'Tim' Hampton,5
Pearl River,Poplarville Beat 3,US HOUSE,4,Reform,Anna Jewel Revies,8
Pearl River,Hickory Grove Beat 3,US HOUSE,4,Republican,Steven Palazzo,42
Pearl River,Hickory Grove Beat 3,US HOUSE,4,Democrat,Gene Taylor,49
Pearl River,Hickory Grove Beat 3,US HOUSE,4,Libertarian,Kenneth 'Tim' Hampton,1
Pearl River,Hickory Grove Beat 3,US HOUSE,4,Reform,Anna Jewel Revies,1
Pearl River,Gumpond Beat 3,US HOUSE,4,Republican,Steven Palazzo,301
Pearl River,Gumpond Beat 3,US HOUSE,4,Democrat,Gene Taylor,172
Pearl River,Gumpond Beat 3,US HOUSE,4,Libertarian,Kenneth 'Tim' Hampton,6
Pearl River,Gumpond Beat 3,US HOUSE,4,Reform,Anna Jewel Revies,3
Pearl River,Mcneill Beat 3,US HOUSE,4,Republican,Steven Palazzo,339
Pearl River,Mcneill Beat 3,US HOUSE,4,Democrat,Gene Taylor,104
Pearl River,Mcneill Beat 3,US HOUSE,4,Libertarian,Kenneth 'Tim' Hampton,7
Pearl River,Mcneill Beat 3,US HOUSE,4,Reform,Anna Jewel Revies,3
Pearl River,Pine Grove Beat 4,US HOUSE,4,Republican,Steven Palazzo,591
Pearl River,Pine Grove Beat 4,US HOUSE,4,Democrat,Gene Taylor,123
Pearl River,Pine Grove Beat 4,US HOUSE,4,Libertarian,Kenneth 'Tim' Hampton,5
Pearl River,Pine Grove Beat 4,US HOUSE,4,Reform,Anna Jewel Revies,2
Pearl River,Nicholson Beat 4,US HOUSE,4,Republican,Steven Palazzo,275
Pearl River,Nicholson Beat 4,US HOUSE,4,Democrat,Gene Taylor,124
Pearl River,Nicholson Beat 4,US HOUSE,4,Libertarian,Kenneth 'Tim' Hampton,3
Pearl River,Nicholson Beat 4,US HOUSE,4,Reform,Anna Jewel Revies,3
Pearl River,Salem Beat 4,US HOUSE,4,Republican,Steven Palazzo,732
Pearl River,Salem Beat 4,US HOUSE,4,Democrat,Gene Taylor,196
Pearl River,Salem Beat 4,US HOUSE,4,Libertarian,Kenneth 'Tim' Hampton,3
Pearl River,Salem Beat 4,US HOUSE,4,Reform,Anna Jewel Revies,8
Pearl River,Picayune Beat 4 West,US HOUSE,4,Republican,Steven Palazzo,292
Pearl River,Picayune Beat 4 West,US HOUSE,4,Democrat,Gene Taylor,89
Pearl River,Picayune Beat 4 West,US HOUSE,4,Libertarian,Kenneth 'Tim' Hampton,3
Pearl River,Picayune Beat 4 West,US HOUSE,4,Reform,Anna Jewel Revies,1
Pearl River,Picayune Beat 4 East,US HOUSE,4,Republican,Steven Palazzo,195
Pearl River,Picayune Beat 4 East,US HOUSE,4,Democrat,Gene Taylor,60
Pearl River,Picayune Beat 4 East,US HOUSE,4,Libertarian,Kenneth 'Tim' Hampton,7
Pearl River,Picayune Beat 4 East,US HOUSE,4,Reform,Anna Jewel Revies,2
Pearl River,Mcneill Beat 5,US HOUSE,4,Republican,Steven Palazzo,0
Pearl River,Mcneill Beat 5,US HOUSE,4,Democrat,Gene Taylor,0
Pearl River,Mcneill Beat 5,US HOUSE,4,Libertarian,Kenneth 'Tim' Hampton,0
Pearl River,Mcneill Beat 5,US HOUSE,4,Reform,Anna Jewel Revies,0
Pearl River,Carrlere Beat 5,US HOUSE,4,Republican,Steven Palazzo,563
Pearl River,Carrlere Beat 5,US HOUSE,4,Democrat,Gene Taylor,227
Pearl River,Carrlere Beat 5,US HOUSE,4,Libertarian,Kenneth 'Tim' Hampton,5
Pearl River,Carrlere Beat 5,US HOUSE,4,Reform,Anna Jewel Revies,3
Pearl River,Sycamore Beat 5,US HOUSE,4,Republican,Steven Palazzo,388
Pearl River,Sycamore Beat 5,US HOUSE,4,Democrat,Gene Taylor,91
Pearl River,Sycamore Beat 5,US HOUSE,4,Libertarian,Kenneth 'Tim' Hampton,2
Pearl River,Sycamore Beat 5,US HOUSE,4,Reform,Anna Jewel Revies,3
Pearl River,Anchor Lake/West Union Beat 5,US HOUSE,4,Republican,Steven Palazzo,387
Pearl River,Anchor Lake/West Union Beat 5,US HOUSE,4,Democrat,Gene Taylor,125
Pearl River,Anchor Lake/West Union Beat 5,US HOUSE,4,Libertarian,Kenneth 'Tim' Hampton,5
Pearl River,Anchor Lake/West Union Beat 5,US HOUSE,4,Reform,Anna Jewel Revies,3
Pearl River,Hide-A-Way /North Hill Bt. 5,US HOUSE,4,Republican,Steven Palazzo,846
Pearl River,Hide-A-Way /North Hill Bt. 5,US HOUSE,4,Democrat,Gene Taylor,162
Pearl River,Hide-A-Way /North Hill Bt. 5,US HOUSE,4,Libertarian,Kenneth 'Tim' Hampton,4
Pearl River,Hide-A-Way /North Hill Bt. 5,US HOUSE,4,Reform,Anna Jewel Revies,8
Pearl River,Picayune Beat 5,US HOUSE,4,Republican,Steven Palazzo,688
Pearl River,Picayune Beat 5,US HOUSE,4,Democrat,Gene Taylor,176
Pearl River,Picayune Beat 5,US HOUSE,4,Libertarian,Kenneth 'Tim' Hampton,17
Pearl River,Picayune Beat 5,US HOUSE,4,Reform,Anna Jewel Revies,4
Pearl River,TOTAL,US HOUSE,4,Republican,Steven Palazzo,10570
Pearl River,TOTAL,US HOUSE,4,Democrat,Gene Taylor,4678
Pearl River,TOTAL,US HOUSE,4,Libertarian,Kenneth 'Tim' Hampton,145
Pearl River,TOTAL,US HOUSE,4,Reform,Anna Jewel Revies,97
Perry,Indian Springs 1010,US HOUSE,4,Republican,Steven Palazzo,85
Perry,Indian Springs 1010,US HOUSE,4,Democrat,Gene Taylor,111
Perry,Indian Springs 1010,US HOUSE,4,Libertarian,Kenneth 'Tim' Hampton,1
Perry,Indian Springs 1010,US HOUSE,4,Reform,Anna Jewel Revies,1
Perry,New Augusta Community Center,US HOUSE,4,Republican,Steven Palazzo,47
Perry,New Augusta Community Center,US HOUSE,4,Democrat,Gene Taylor,90
Perry,New Augusta Community Center,US HOUSE,4,Libertarian,Kenneth 'Tim' Hampton,2
Perry,New Augusta Community Center,US HOUSE,4,Reform,Anna Jewel Revies,0
Perry,Beaumont District 1 1030,US HOUSE,4,Republican,Steven Palazzo,49
Perry,Beaumont District 1 1030,US HOUSE,4,Democrat,Gene Taylor,182
Perry,Beaumont District 1 1030,US HOUSE,4,Libertarian,Kenneth 'Tim' Hampton,5
Perry,Beaumont District 1 1030,US HOUSE,4,Reform,Anna Jewel Revies,0
Perry,Runnelstown 2040,US HOUSE,4,Republican,Steven Palazzo,398
Perry,Runnelstown 2040,US HOUSE,4,Democrat,Gene Taylor,188
Perry,Runnelstown 2040,US HOUSE,4,Libertarian,Kenneth 'Tim' Hampton,11
Perry,Runnelstown 2040,US HOUSE,4,Reform,Anna Jewel Revies,2
Perry,Prospect 2050,US HOUSE,4,Republican,Steven Palazzo,91
Perry,Prospect 2050,US HOUSE,4,Democrat,Gene Taylor,82
Perry,Prospect 2050,US HOUSE,4,Libertarian,Kenneth 'Tim' Hampton,0
Perry,Prospect 2050,US HOUSE,4,Reform,Anna Jewel Revies,0
Perry,Richton Holly Street 3060,US HOUSE,4,Republican,Steven Palazzo,142
Perry,Richton Holly Street 3060,US HOUSE,4,Democrat,Gene Taylor,99
Perry,Richton Holly Street 3060,US HOUSE,4,Libertarian,Kenneth 'Tim' Hampton,0
Perry,Richton Holly Street 3060,US HOUSE,4,Reform,Anna Jewel Revies,0
Perry,Richton City Hall 3070,US HOUSE,4,Republican,Steven Palazzo,324
Perry,Richton City Hall 3070,US HOUSE,4,Democrat,Gene Taylor,165
Perry,Richton City Hall 3070,US HOUSE,4,Libertarian,Kenneth 'Tim' Hampton,3
Perry,Richton City Hall 3070,US HOUSE,4,Reform,Anna Jewel Revies,2
Perry,Richton Multi Purpose 4080,US HOUSE,4,Republican,Steven Palazzo,96
Perry,Richton Multi Purpose 4080,US HOUSE,4,Democrat,Gene Taylor,163
Perry,Richton Multi Purpose 4080,US HOUSE,4,Libertarian,Kenneth 'Tim' Hampton,1
Perry,Richton Multi Purpose 4080,US HOUSE,4,Reform,Anna Jewel Revies,3
Perry,Hintonville 4090,US HOUSE,4,Republican,Steven Palazzo,81
Perry,Hintonville 4090,US HOUSE,4,Democrat,Gene Taylor,98
Perry,Hintonville 4090,US HOUSE,4,Libertarian,Kenneth 'Tim' Hampton,2
Perry,Hintonville 4090,US HOUSE,4,Reform,Anna Jewel Revies,1
Perry,Arlington 4100,US HOUSE,4,Republican,Steven Palazzo,164
Perry,Arlington 4100,US HOUSE,4,Democrat,Gene Taylor,152
Perry,Arlington 4100,US HOUSE,4,Libertarian,Kenneth 'Tim' Hampton,7
Perry,Arlington 4100,US HOUSE,4,Reform,Anna Jewel Revies,1
Perry,Courthouse 5110,US HOUSE,4,Republican,Steven Palazzo,101
Perry,Courthouse 5110,US HOUSE,4,Democrat,Gene Taylor,91
Perry,Courthouse 5110,US HOUSE,4,Libertarian,Kenneth 'Tim' Hampton,8
Perry,Courthouse 5110,US HOUSE,4,Reform,Anna Jewel Revies,0
Perry,Beaumont Senior Citizens 5120,US HOUSE,4,Republican,Steven Palazzo,49
Perry,Beaumont Senior Citizens 5120,US HOUSE,4,Democrat,Gene Taylor,86
Perry,Beaumont Senior Citizens 5120,US HOUSE,4,Libertarian,Kenneth 'Tim' Hampton,1
Perry,Beaumont Senior Citizens 5120,US HOUSE,4,Reform,Anna Jewel Revies,2
Perry,Thompson Hill 5130,US HOUSE,4,Republican,Steven Palazzo,18
Perry,Thompson Hill 5130,US HOUSE,4,Democrat,Gene Taylor,18
Perry,Thompson Hill 5130,US HOUSE,4,Libertarian,Kenneth 'Tim' Hampton,2
Perry,Thompson Hill 5130,US HOUSE,4,Reform,Anna Jewel Revies,0
Perry,Janice 5140,US HOUSE,4,Republican,Steven Palazzo,194
Perry,Janice 5140,US HOUSE,4,Democrat,Gene Taylor,148
Perry,Janice 5140,US HOUSE,4,Libertarian,Kenneth 'Tim' Hampton,5
Perry,Janice 5140,US HOUSE,4,Reform,Anna Jewel Revies,2
Perry,Deep Creek 5150,US HOUSE,4,Republican,Steven Palazzo,35
Perry,Deep Creek 5150,US HOUSE,4,Democrat,Gene Taylor,25
Perry,Deep Creek 5150,US HOUSE,4,Libertarian,Kenneth 'Tim' Hampton,0
Perry,Deep Creek 5150,US HOUSE,4,Reform,Anna Jewel Revies,0
Perry,TOTAL,US HOUSE,4,Republican,Steven Palazzo,1874
Perry,TOTAL,US HOUSE,4,Democrat,Gene Taylor,1698
Perry,TOTAL,US HOUSE,4,Libertarian,Kenneth 'Tim' Hampton,48
Perry,TOTAL,US HOUSE,4,Reform,Anna Jewel Revies,14
Pike,(01) Progress Library,US HOUSE,3,Democrat,Joel L. Gill,213
Pike,(01) Progress Library,US HOUSE,3,Republican,Gregg Harper,228
Pike,(01) Progress Library,US HOUSE,3,Reform,Tracella Lou O'Hara Hill,7
Pike,(02) Leggett Community,US HOUSE,3,Democrat,Joel L. Gill,179
Pike,(02) Leggett Community,US HOUSE,3,Republican,Gregg Harper,99
Pike,(02) Leggett Community,US HOUSE,3,Reform,Tracella Lou O'Hara Hill,2
Pike,(03) Pike Baptist Assoc. Bldg.,US HOUSE,3,Democrat,Joel L. Gill,117
Pike,(03) Pike Baptist Assoc. Bldg.,US HOUSE,3,Republican,Gregg Harper,254
Pike,(03) Pike Baptist Assoc. Bldg.,US HOUSE,3,Reform,Tracella Lou O'Hara Hill,8
Pike,(04) Mepa Bldg. Hwy. 98 East,US HOUSE,3,Democrat,Joel L. Gill,49
Pike,(04) Mepa Bldg. Hwy. 98 East,US HOUSE,3,Republican,Gregg Harper,147
Pike,(04) Mepa Bldg. Hwy. 98 East,US HOUSE,3,Reform,Tracella Lou O'Hara Hill,1
Pike,(05) Pleasant Grove Bapt Church,US HOUSE,3,Democrat,Joel L. Gill,104
Pike,(05) Pleasant Grove Bapt Church,US HOUSE,3,Republican,Gregg Harper,36
Pike,(05) Pleasant Grove Bapt Church,US HOUSE,3,Reform,Tracella Lou O'Hara Hill,1
Pike,(06) Jewel Rushing Community Ctr,US HOUSE,3,Democrat,Joel L. Gill,79
Pike,(06) Jewel Rushing Community Ctr,US HOUSE,3,Republican,Gregg Harper,60
Pike,(06) Jewel Rushing Community Ctr,US HOUSE,3,Reform,Tracella Lou O'Hara Hill,3
Pike,(07) S. Pike Comm. Ctr.,US HOUSE,3,Democrat,Joel L. Gill,125
Pike,(07) S. Pike Comm. Ctr.,US HOUSE,3,Republican,Gregg Harper,13
Pike,(07) S. Pike Comm. Ctr.,US HOUSE,3,Reform,Tracella Lou O'Hara Hill,3
Pike,(08) Alpha Center,US HOUSE,3,Democrat,Joel L. Gill,166
Pike,(08) Alpha Center,US HOUSE,3,Republican,Gregg Harper,56
Pike,(08) Alpha Center,US HOUSE,3,Reform,Tracella Lou O'Hara Hill,2
Pike,(09) Fernwood School,US HOUSE,3,Democrat,Joel L. Gill,173
Pike,(09) Fernwood School,US HOUSE,3,Republican,Gregg Harper,135
Pike,(09) Fernwood School,US HOUSE,3,Reform,Tracella Lou O'Hara Hill,0
Pike,(10) Magnolia Comm. Ctr.,US HOUSE,3,Democrat,Joel L. Gill,318
Pike,(10) Magnolia Comm. Ctr.,US HOUSE,3,Republican,Gregg Harper,225
Pike,(10) Magnolia Comm. Ctr.,US HOUSE,3,Reform,Tracella Lou O'Hara Hill,13
Pike,(11) Courthouse,US HOUSE,3,Democrat,Joel L. Gill,103
Pike,(11) Courthouse,US HOUSE,3,Republican,Gregg Harper,184
Pike,(11) Courthouse,US HOUSE,3,Reform,Tracella Lou O'Hara Hill,6
Pike,(12) Courthouse,US HOUSE,3,Democrat,Joel L. Gill,125
Pike,(12) Courthouse,US HOUSE,3,Republican,Gregg Harper,27
Pike,(12) Courthouse,US HOUSE,3,Reform,Tracella Lou O'Hara Hill,2
Pike,(13) Holmesville Comm.,US HOUSE,3,Democrat,Joel L. Gill,121
Pike,(13) Holmesville Comm.,US HOUSE,3,Republican,Gregg Harper,143
Pike,(13) Holmesville Comm.,US HOUSE,3,Reform,Tracella Lou O'Hara Hill,1
Pike,(14) Calvary Baptist Church,US HOUSE,3,Democrat,Joel L. Gill,81
Pike,(14) Calvary Baptist Church,US HOUSE,3,Republican,Gregg Harper,274
Pike,(14) Calvary Baptist Church,US HOUSE,3,Reform,Tracella Lou O'Hara Hill,1
Pike,(15) Old Jones School,US HOUSE,3,Democrat,Joel L. Gill,28
Pike,(15) Old Jones School,US HOUSE,3,Republican,Gregg Harper,196
Pike,(15) Old Jones School,US HOUSE,3,Reform,Tracella Lou O'Hara Hill,0
Pike,(16) New Hope Baptist Church,US HOUSE,3,Democrat,Joel L. Gill,239
Pike,(16) New Hope Baptist Church,US HOUSE,3,Republican,Gregg Harper,22
Pike,(16) New Hope Baptist Church,US HOUSE,3,Reform,Tracella Lou O'Hara Hill,4
Pike,(17) Entergy,US HOUSE,3,Democrat,Joel L. Gill,69
Pike,(17) Entergy,US HOUSE,3,Republican,Gregg Harper,112
Pike,(17) Entergy,US HOUSE,3,Reform,Tracella Lou O'Hara Hill,0
Pike,(18) Summit,US HOUSE,3,Democrat,Joel L. Gill,86
Pike,(18) Summit,US HOUSE,3,Republican,Gregg Harper,41
Pike,(18) Summit,US HOUSE,3,Reform,Tracella Lou O'Hara Hill,0
Pike,(19) Summit City Hall,US HOUSE,3,Democrat,Joel L. Gill,156
Pike,(19) Summit City Hall,US HOUSE,3,Republican,Gregg Harper,207
Pike,(19) Summit City Hall,US HOUSE,3,Reform,Tracella Lou O'Hara Hill,0
Pike,(20) Southwest BSU Bldg.,US HOUSE,3,Democrat,Joel L. Gill,80
Pike,(20) Southwest BSU Bldg.,US HOUSE,3,Republican,Gregg Harper,213
Pike,(20) Southwest BSU Bldg.,US HOUSE,3,Reform,Tracella Lou O'Hara Hill,3
Pike,(21) Johnston Chapel Meth.,US HOUSE,3,Democrat,Joel L. Gill,37
Pike,(21) Johnston Chapel Meth.,US HOUSE,3,Republican,Gregg Harper,329
Pike,(21) Johnston Chapel Meth.,US HOUSE,3,Reform,Tracella Lou O'Hara Hill,3
Pike,(22) Pisgah Methodist Church,US HOUSE,3,Democrat,Joel L. Gill,36
Pike,(22) Pisgah Methodist Church,US HOUSE,3,Republican,Gregg Harper,196
Pike,(22) Pisgah Methodist Church,US HOUSE,3,Reform,Tracella Lou O'Hara Hill,1
Pike,(23) Legacy Motors,US HOUSE,3,Democrat,Joel L. Gill,68
Pike,(23) Legacy Motors,US HOUSE,3,Republican,Gregg Harper,307
Pike,(23) Legacy Motors,US HOUSE,3,Reform,Tracella Lou O'Hara Hill,2
Pike,(24) Mlk Center,US HOUSE,3,Democrat,Joel L. Gill,156
Pike,(24) Mlk Center,US HOUSE,3,Republican,Gregg Harper,8
Pike,(24) Mlk Center,US HOUSE,3,Reform,Tracella Lou O'Hara Hill,0
Pike,(25) Pike Co. Nat. Bank,US HOUSE,3,Democrat,Joel L. Gill,35
Pike,(25) Pike Co. Nat. Bank,US HOUSE,3,Republican,Gregg Harper,191
Pike,(25) Pike Co. Nat. Bank,US HOUSE,3,Reform,Tracella Lou O'Hara Hill,0
Pike,(26) American Leg. Hut,US HOUSE,3,Democrat,Joel L. Gill,34
Pike,(26) American Leg. Hut,US HOUSE,3,Republican,Gregg Harper,216
Pike,(26) American Leg. Hut,US HOUSE,3,Reform,Tracella Lou O'Hara Hill,0
Pike,(27) Storehouse Church,US HOUSE,3,Democrat,Joel L. Gill,37
Pike,(27) Storehouse Church,US HOUSE,3,Republican,Gregg Harper,81
Pike,(27) Storehouse Church,US HOUSE,3,Reform,Tracella Lou O'Hara Hill,3
Pike,(28) Church of Christ,US HOUSE,3,Democrat,Joel L. Gill,119
Pike,(28) Church of Christ,US HOUSE,3,Republican,Gregg Harper,237
Pike,(28) Church of Christ,US HOUSE,3,Reform,Tracella Lou O'Hara Hill,4
Pike,(29) Joe's Tractor,US HOUSE,3,Democrat,Joel L. Gill,112
Pike,(29) Joe's Tractor,US HOUSE,3,Republican,Gregg Harper,265
Pike,(29) Joe's Tractor,US HOUSE,3,Reform,Tracella Lou O'Hara Hill,5
Pike,(30) Chatawa Post Office,US HOUSE,3,Democrat,Joel L. Gill,92
Pike,(30) Chatawa Post Office,US HOUSE,3,Republican,Gregg Harper,186
Pike,(30) Chatawa Post Office,US HOUSE,3,Reform,Tracella Lou O'Hara Hill,1
Pike,(31) Osyka City Hall,US HOUSE,3,Democrat,Joel L. Gill,74
Pike,(31) Osyka City Hall,US HOUSE,3,Republican,Gregg Harper,176
Pike,(31) Osyka City Hall,US HOUSE,3,Reform,Tracella Lou O'Hara Hill,5
Pike,(32) Old Cent. School,US HOUSE,3,Democrat,Joel L. Gill,131
Pike,(32) Old Cent. School,US HOUSE,3,Republican,Gregg Harper,195
Pike,(32) Old Cent. School,US HOUSE,3,Reform,Tracella Lou O'Hara Hill,6
Pike,TOTAL,US HOUSE,3,Democrat,Joel L. Gill,3542
Pike,TOTAL,US HOUSE,3,Republican,Gregg Harper,5059
Pike,TOTAL,US HOUSE,3,Reform,Tracella Lou O'Hara Hill,87
Pontotoc,Algoma Al,US HOUSE,1,Democrat,Travis W. Childers,97
Pontotoc,Algoma Al,US HOUSE,1,Republican,Alan Nunnelee,204
Pontotoc,Algoma Al,US HOUSE,1,Independent,A G Baddley,1
Pontotoc,Algoma Al,US HOUSE,1,Constitution,Gail Giaramita,3
Pontotoc,Algoma Al,US HOUSE,1,Independent,Les Green,0
Pontotoc,Algoma Al,US HOUSE,1,Independent,Rick 'Rico' Hoskins,1
Pontotoc,Algoma Al,US HOUSE,1,Independent,Wally Pang,2
Pontotoc,Algoma Al,US HOUSE,1,Libertarian,Harold M. Taylor,0
Pontotoc,Algoma Al,US HOUSE,1,Reform,Barbara Dale Washer,1
Pontotoc,Bankhead Ba,US HOUSE,1,Democrat,Travis W. Childers,215
Pontotoc,Bankhead Ba,US HOUSE,1,Republican,Alan Nunnelee,162
Pontotoc,Bankhead Ba,US HOUSE,1,Independent,A G Baddley,4
Pontotoc,Bankhead Ba,US HOUSE,1,Constitution,Gail Giaramita,1
Pontotoc,Bankhead Ba,US HOUSE,1,Independent,Les Green,1
Pontotoc,Bankhead Ba,US HOUSE,1,Independent,Rick 'Rico' Hoskins,0
Pontotoc,Bankhead Ba,US HOUSE,1,Independent,Wally Pang,0
Pontotoc,Bankhead Ba,US HOUSE,1,Libertarian,Harold M. Taylor,0
Pontotoc,Bankhead Ba,US HOUSE,1,Reform,Barbara Dale Washer,0
Pontotoc,Bethel/Endville Be,US HOUSE,1,Democrat,Travis W. Childers,104
Pontotoc,Bethel/Endville Be,US HOUSE,1,Republican,Alan Nunnelee,298
Pontotoc,Bethel/Endville Be,US HOUSE,1,Independent,A G Baddley,2
Pontotoc,Bethel/Endville Be,US HOUSE,1,Constitution,Gail Giaramita,0
Pontotoc,Bethel/Endville Be,US HOUSE,1,Independent,Les Green,1
Pontotoc,Bethel/Endville Be,US HOUSE,1,Independent,Rick 'Rico' Hoskins,0
Pontotoc,Bethel/Endville Be,US HOUSE,1,Independent,Wally Pang,2
Pontotoc,Bethel/Endville Be,US HOUSE,1,Libertarian,Harold M. Taylor,1
Pontotoc,Bethel/Endville Be,US HOUSE,1,Reform,Barbara Dale Washer,0
Pontotoc,Beckham Bec,US HOUSE,1,Democrat,Travis W. Childers,88
Pontotoc,Beckham Bec,US HOUSE,1,Republican,Alan Nunnelee,183
Pontotoc,Beckham Bec,US HOUSE,1,Independent,A G Baddley,2
Pontotoc,Beckham Bec,US HOUSE,1,Constitution,Gail Giaramita,0
Pontotoc,Beckham Bec,US HOUSE,1,Independent,Les Green,0
Pontotoc,Beckham Bec,US HOUSE,1,Independent,Rick 'Rico' Hoskins,1
Pontotoc,Beckham Bec,US HOUSE,1,Independent,Wally Pang,3
Pontotoc,Beckham Bec,US HOUSE,1,Libertarian,Harold M. Taylor,0
Pontotoc,Beckham Bec,US HOUSE,1,Reform,Barbara Dale Washer,0
Pontotoc,Buchanan Bu,US HOUSE,1,Democrat,Travis W. Childers,47
Pontotoc,Buchanan Bu,US HOUSE,1,Republican,Alan Nunnelee,171
Pontotoc,Buchanan Bu,US HOUSE,1,Independent,A G Baddley,5
Pontotoc,Buchanan Bu,US HOUSE,1,Constitution,Gail Giaramita,2
Pontotoc,Buchanan Bu,US HOUSE,1,Independent,Les Green,1
Pontotoc,Buchanan Bu,US HOUSE,1,Independent,Rick 'Rico' Hoskins,0
Pontotoc,Buchanan Bu,US HOUSE,1,Independent,Wally Pang,0
Pontotoc,Buchanan Bu,US HOUSE,1,Libertarian,Harold M. Taylor,0
Pontotoc,Buchanan Bu,US HOUSE,1,Reform,Barbara Dale Washer,0
Pontotoc,Cherry Creek Cc,US HOUSE,1,Democrat,Travis W. Childers,72
Pontotoc,Cherry Creek Cc,US HOUSE,1,Republican,Alan Nunnelee,270
Pontotoc,Cherry Creek Cc,US HOUSE,1,Independent,A G Baddley,1
Pontotoc,Cherry Creek Cc,US HOUSE,1,Constitution,Gail Giaramita,1
Pontotoc,Cherry Creek Cc,US HOUSE,1,Independent,Les Green,0
Pontotoc,Cherry Creek Cc,US HOUSE,1,Independent,Rick 'Rico' Hoskins,0
Pontotoc,Cherry Creek Cc,US HOUSE,1,Independent,Wally Pang,1
Pontotoc,Cherry Creek Cc,US HOUSE,1,Libertarian,Harold M. Taylor,1
Pontotoc,Cherry Creek Cc,US HOUSE,1,Reform,Barbara Dale Washer,0
Pontotoc,Ecru Ec,US HOUSE,1,Democrat,Travis W. Childers,116
Pontotoc,Ecru Ec,US HOUSE,1,Republican,Alan Nunnelee,196
Pontotoc,Ecru Ec,US HOUSE,1,Independent,A G Baddley,0
Pontotoc,Ecru Ec,US HOUSE,1,Constitution,Gail Giaramita,2
Pontotoc,Ecru Ec,US HOUSE,1,Independent,Les Green,1
Pontotoc,Ecru Ec,US HOUSE,1,Independent,Rick 'Rico' Hoskins,0
Pontotoc,Ecru Ec,US HOUSE,1,Independent,Wally Pang,1
Pontotoc,Ecru Ec,US HOUSE,1,Libertarian,Harold M. Taylor,0
Pontotoc,Ecru Ec,US HOUSE,1,Reform,Barbara Dale Washer,0
Pontotoc,Friendship Fr,US HOUSE,1,Democrat,Travis W. Childers,47
Pontotoc,Friendship Fr,US HOUSE,1,Republican,Alan Nunnelee,195
Pontotoc,Friendship Fr,US HOUSE,1,Independent,A G Baddley,3
Pontotoc,Friendship Fr,US HOUSE,1,Constitution,Gail Giaramita,1
Pontotoc,Friendship Fr,US HOUSE,1,Independent,Les Green,2
Pontotoc,Friendship Fr,US HOUSE,1,Independent,Rick 'Rico' Hoskins,0
Pontotoc,Friendship Fr,US HOUSE,1,Independent,Wally Pang,5
Pontotoc,Friendship Fr,US HOUSE,1,Libertarian,Harold M. Taylor,0
Pontotoc,Friendship Fr,US HOUSE,1,Reform,Barbara Dale Washer,1
Pontotoc,Hoyle Ho,US HOUSE,1,Democrat,Travis W. Childers,185
Pontotoc,Hoyle Ho,US HOUSE,1,Republican,Alan Nunnelee,196
Pontotoc,Hoyle Ho,US HOUSE,1,Independent,A G Baddley,4
Pontotoc,Hoyle Ho,US HOUSE,1,Constitution,Gail Giaramita,2
Pontotoc,Hoyle Ho,US HOUSE,1,Independent,Les Green,5
Pontotoc,Hoyle Ho,US HOUSE,1,Independent,Rick 'Rico' Hoskins,0
Pontotoc,Hoyle Ho,US HOUSE,1,Independent,Wally Pang,0
Pontotoc,Hoyle Ho,US HOUSE,1,Libertarian,Harold M. Taylor,2
Pontotoc,Hoyle Ho,US HOUSE,1,Reform,Barbara Dale Washer,0
Pontotoc,Hurricane Hu,US HOUSE,1,Democrat,Travis W. Childers,38
Pontotoc,Hurricane Hu,US HOUSE,1,Republican,Alan Nunnelee,183
Pontotoc,Hurricane Hu,US HOUSE,1,Independent,A G Baddley,8
Pontotoc,Hurricane Hu,US HOUSE,1,Constitution,Gail Giaramita,2
Pontotoc,Hurricane Hu,US HOUSE,1,Independent,Les Green,5
Pontotoc,Hurricane Hu,US HOUSE,1,Independent,Rick 'Rico' Hoskins,1
Pontotoc,Hurricane Hu,US HOUSE,1,Independent,Wally Pang,1
Pontotoc,Hurricane Hu,US HOUSE,1,Libertarian,Harold M. Taylor,1
Pontotoc,Hurricane Hu,US HOUSE,1,Reform,Barbara Dale Washer,1
Pontotoc,Judah Ju,US HOUSE,1,Democrat,Travis W. Childers,47
Pontotoc,Judah Ju,US HOUSE,1,Republican,Alan Nunnelee,92
Pontotoc,Judah Ju,US HOUSE,1,Independent,A G Baddley,1
Pontotoc,Judah Ju,US HOUSE,1,Constitution,Gail Giaramita,0
Pontotoc,Judah Ju,US HOUSE,1,Independent,Les Green,0
Pontotoc,Judah Ju,US HOUSE,1,Independent,Rick 'Rico' Hoskins,0
Pontotoc,Judah Ju,US HOUSE,1,Independent,Wally Pang,0
Pontotoc,Judah Ju,US HOUSE,1,Libertarian,Harold M. Taylor,2
Pontotoc,Judah Ju,US HOUSE,1,Reform,Barbara Dale Washer,0
Pontotoc,Longview Lo,US HOUSE,1,Democrat,Travis W. Childers,127
Pontotoc,Longview Lo,US HOUSE,1,Republican,Alan Nunnelee,90
Pontotoc,Longview Lo,US HOUSE,1,Independent,A G Baddley,0
Pontotoc,Longview Lo,US HOUSE,1,Constitution,Gail Giaramita,0
Pontotoc,Longview Lo,US HOUSE,1,Independent,Les Green,0
Pontotoc,Longview Lo,US HOUSE,1,Independent,Rick 'Rico' Hoskins,1
Pontotoc,Longview Lo,US HOUSE,1,Independent,Wally Pang,0
Pontotoc,Longview Lo,US HOUSE,1,Libertarian,Harold M. Taylor,0
Pontotoc,Longview Lo,US HOUSE,1,Reform,Barbara Dale Washer,2
Pontotoc,North Randolph Nr,US HOUSE,1,Democrat,Travis W. Childers,31
Pontotoc,North Randolph Nr,US HOUSE,1,Republican,Alan Nunnelee,113
Pontotoc,North Randolph Nr,US HOUSE,1,Independent,A G Baddley,4
Pontotoc,North Randolph Nr,US HOUSE,1,Constitution,Gail Giaramita,0
Pontotoc,North Randolph Nr,US HOUSE,1,Independent,Les Green,2
Pontotoc,North Randolph Nr,US HOUSE,1,Independent,Rick 'Rico' Hoskins,1
Pontotoc,North Randolph Nr,US HOUSE,1,Independent,Wally Pang,0
Pontotoc,North Randolph Nr,US HOUSE,1,Libertarian,Harold M. Taylor,0
Pontotoc,North Randolph Nr,US HOUSE,1,Reform,Barbara Dale Washer,2
Pontotoc,Oakhill Oh,US HOUSE,1,Democrat,Travis W. Childers,45
Pontotoc,Oakhill Oh,US HOUSE,1,Republican,Alan Nunnelee,141
Pontotoc,Oakhill Oh,US HOUSE,1,Independent,A G Baddley,3
Pontotoc,Oakhill Oh,US HOUSE,1,Constitution,Gail Giaramita,0
Pontotoc,Oakhill Oh,US HOUSE,1,Independent,Les Green,0
Pontotoc,Oakhill Oh,US HOUSE,1,Independent,Rick 'Rico' Hoskins,0
Pontotoc,Oakhill Oh,US HOUSE,1,Independent,Wally Pang,3
Pontotoc,Oakhill Oh,US HOUSE,1,Libertarian,Harold M. Taylor,0
Pontotoc,Oakhill Oh,US HOUSE,1,Reform,Barbara Dale Washer,0
Pontotoc,Pontotoc 1 P1,US HOUSE,1,Democrat,Travis W. Childers,95
Pontotoc,Pontotoc 1 P1,US HOUSE,1,Republican,Alan Nunnelee,227
Pontotoc,Pontotoc 1 P1,US HOUSE,1,Independent,A G Baddley,0
Pontotoc,Pontotoc 1 P1,US HOUSE,1,Constitution,Gail Giaramita,3
Pontotoc,Pontotoc 1 P1,US HOUSE,1,Independent,Les Green,0
Pontotoc,Pontotoc 1 P1,US HOUSE,1,Independent,Rick 'Rico' Hoskins,0
Pontotoc,Pontotoc 1 P1,US HOUSE,1,Independent,Wally Pang,4
Pontotoc,Pontotoc 1 P1,US HOUSE,1,Libertarian,Harold M. Taylor,1
Pontotoc,Pontotoc 1 P1,US HOUSE,1,Reform,Barbara Dale Washer,0
Pontotoc,Pontotoc 2 P2,US HOUSE,1,Democrat,Travis W. Childers,113
Pontotoc,Pontotoc 2 P2,US HOUSE,1,Republican,Alan Nunnelee,280
Pontotoc,Pontotoc 2 P2,US HOUSE,1,Independent,A G Baddley,4
Pontotoc,Pontotoc 2 P2,US HOUSE,1,Constitution,Gail Giaramita,2
Pontotoc,Pontotoc 2 P2,US HOUSE,1,Independent,Les Green,0
Pontotoc,Pontotoc 2 P2,US HOUSE,1,Independent,Rick 'Rico' Hoskins,1
Pontotoc,Pontotoc 2 P2,US HOUSE,1,Independent,Wally Pang,5
Pontotoc,Pontotoc 2 P2,US HOUSE,1,Libertarian,Harold M. Taylor,0
Pontotoc,Pontotoc 2 P2,US HOUSE,1,Reform,Barbara Dale Washer,0
Pontotoc,Pontotoc 3 P3,US HOUSE,1,Democrat,Travis W. Childers,133
Pontotoc,Pontotoc 3 P3,US HOUSE,1,Republican,Alan Nunnelee,255
Pontotoc,Pontotoc 3 P3,US HOUSE,1,Independent,A G Baddley,4
Pontotoc,Pontotoc 3 P3,US HOUSE,1,Constitution,Gail Giaramita,4
Pontotoc,Pontotoc 3 P3,US HOUSE,1,Independent,Les Green,1
Pontotoc,Pontotoc 3 P3,US HOUSE,1,Independent,Rick 'Rico' Hoskins,1
Pontotoc,Pontotoc 3 P3,US HOUSE,1,Independent,Wally Pang,1
Pontotoc,Pontotoc 3 P3,US HOUSE,1,Libertarian,Harold M. Taylor,0
Pontotoc,Pontotoc 3 P3,US HOUSE,1,Reform,Barbara Dale Washer,1
Pontotoc,Pontotoc 4 P4,US HOUSE,1,Democrat,Travis W. Childers,109
Pontotoc,Pontotoc 4 P4,US HOUSE,1,Republican,Alan Nunnelee,207
Pontotoc,Pontotoc 4 P4,US HOUSE,1,Independent,A G Baddley,1
Pontotoc,Pontotoc 4 P4,US HOUSE,1,Constitution,Gail Giaramita,1
Pontotoc,Pontotoc 4 P4,US HOUSE,1,Independent,Les Green,0
Pontotoc,Pontotoc 4 P4,US HOUSE,1,Independent,Rick 'Rico' Hoskins,1
Pontotoc,Pontotoc 4 P4,US HOUSE,1,Independent,Wally Pang,0
Pontotoc,Pontotoc 4 P4,US HOUSE,1,Libertarian,Harold M. Taylor,0
Pontotoc,Pontotoc 4 P4,US HOUSE,1,Reform,Barbara Dale Washer,1
Pontotoc,Pontotoc 5 P5,US HOUSE,1,Democrat,Travis W. Childers,192
Pontotoc,Pontotoc 5 P5,US HOUSE,1,Republican,Alan Nunnelee,415
Pontotoc,Pontotoc 5 P5,US HOUSE,1,Independent,A G Baddley,4
Pontotoc,Pontotoc 5 P5,US HOUSE,1,Constitution,Gail Giaramita,3
Pontotoc,Pontotoc 5 P5,US HOUSE,1,Independent,Les Green,1
Pontotoc,Pontotoc 5 P5,US HOUSE,1,Independent,Rick 'Rico' Hoskins,1
Pontotoc,Pontotoc 5 P5,US HOUSE,1,Independent,Wally Pang,3
Pontotoc,Pontotoc 5 P5,US HOUSE,1,Libertarian,Harold M. Taylor,0
Pontotoc,Pontotoc 5 P5,US HOUSE,1,Reform,Barbara Dale Washer,0
Pontotoc,Robbs Ro,US HOUSE,1,Democrat,Travis W. Childers,18
Pontotoc,Robbs Ro,US HOUSE,1,Republican,Alan Nunnelee,74
Pontotoc,Robbs Ro,US HOUSE,1,Independent,A G Baddley,2
Pontotoc,Robbs Ro,US HOUSE,1,Constitution,Gail Giaramita,1
Pontotoc,Robbs Ro,US HOUSE,1,Independent,Les Green,4
Pontotoc,Robbs Ro,US HOUSE,1,Independent,Rick 'Rico' Hoskins,0
Pontotoc,Robbs Ro,US HOUSE,1,Independent,Wally Pang,0
Pontotoc,Robbs Ro,US HOUSE,1,Libertarian,Harold M. Taylor,0
Pontotoc,Robbs Ro,US HOUSE,1,Reform,Barbara Dale Washer,0
Pontotoc,Sherman Sh,US HOUSE,1,Democrat,Travis W. Childers,69
Pontotoc,Sherman Sh,US HOUSE,1,Republican,Alan Nunnelee,165
Pontotoc,Sherman Sh,US HOUSE,1,Independent,A G Baddley,2
Pontotoc,Sherman Sh,US HOUSE,1,Constitution,Gail Giaramita,1
Pontotoc,Sherman Sh,US HOUSE,1,Independent,Les Green,1
Pontotoc,Sherman Sh,US HOUSE,1,Independent,Rick 'Rico' Hoskins,0
Pontotoc,Sherman Sh,US HOUSE,1,Independent,Wally Pang,0
Pontotoc,Sherman Sh,US HOUSE,1,Libertarian,Harold M. Taylor,1
Pontotoc,Sherman Sh,US HOUSE,1,Reform,Barbara Dale Washer,0
Pontotoc,Springville Sp,US HOUSE,1,Democrat,Travis W. Childers,86
Pontotoc,Springville Sp,US HOUSE,1,Republican,Alan Nunnelee,225
Pontotoc,Springville Sp,US HOUSE,1,Independent,A G Baddley,5
Pontotoc,Springville Sp,US HOUSE,1,Constitution,Gail Giaramita,2
Pontotoc,Springville Sp,US HOUSE,1,Independent,Les Green,3
Pontotoc,Springville Sp,US HOUSE,1,Independent,Rick 'Rico' Hoskins,1
Pontotoc,Springville Sp,US HOUSE,1,Independent,Wally Pang,2
Pontotoc,Springville Sp,US HOUSE,1,Libertarian,Harold M. Taylor,0
Pontotoc,Springville Sp,US HOUSE,1,Reform,Barbara Dale Washer,0
Pontotoc,South Randolph Sr,US HOUSE,1,Democrat,Travis W. Childers,28
Pontotoc,South Randolph Sr,US HOUSE,1,Republican,Alan Nunnelee,91
Pontotoc,South Randolph Sr,US HOUSE,1,Independent,A G Baddley,0
Pontotoc,South Randolph Sr,US HOUSE,1,Constitution,Gail Giaramita,0
Pontotoc,South Randolph Sr,US HOUSE,1,Independent,Les Green,1
Pontotoc,South Randolph Sr,US HOUSE,1,Independent,Rick 'Rico' Hoskins,1
Pontotoc,South Randolph Sr,US HOUSE,1,Independent,Wally Pang,1
Pontotoc,South Randolph Sr,US HOUSE,1,Libertarian,Harold M. Taylor,0
Pontotoc,South Randolph Sr,US HOUSE,1,Reform,Barbara Dale Washer,0
Pontotoc,Thaxton Th,US HOUSE,1,Democrat,Travis W. Childers,60
Pontotoc,Thaxton Th,US HOUSE,1,Republican,Alan Nunnelee,240
Pontotoc,Thaxton Th,US HOUSE,1,Independent,A G Baddley,6
Pontotoc,Thaxton Th,US HOUSE,1,Constitution,Gail Giaramita,0
Pontotoc,Thaxton Th,US HOUSE,1,Independent,Les Green,0
Pontotoc,Thaxton Th,US HOUSE,1,Independent,Rick 'Rico' Hoskins,0
Pontotoc,Thaxton Th,US HOUSE,1,Independent,Wally Pang,3
Pontotoc,Thaxton Th,US HOUSE,1,Libertarian,Harold M. Taylor,1
Pontotoc,Thaxton Th,US HOUSE,1,Reform,Barbara Dale Washer,2
Pontotoc,Toccopola To,US HOUSE,1,Democrat,Travis W. Childers,42
Pontotoc,Toccopola To,US HOUSE,1,Republican,Alan Nunnelee,91
Pontotoc,Toccopola To,US HOUSE,1,Independent,A G Baddley,4
Pontotoc,Toccopola To,US HOUSE,1,Constitution,Gail Giaramita,1
Pontotoc,Toccopola To,US HOUSE,1,Independent,Les Green,1
Pontotoc,Toccopola To,US HOUSE,1,Independent,Rick 'Rico' Hoskins,1
Pontotoc,Toccopola To,US HOUSE,1,Independent,Wally Pang,0
Pontotoc,Toccopola To,US HOUSE,1,Libertarian,Harold M. Taylor,0
Pontotoc,Toccopola To,US HOUSE,1,Reform,Barbara Dale Washer,2
Pontotoc,Troy Tr,US HOUSE,1,Democrat,Travis W. Childers,94
Pontotoc,Troy Tr,US HOUSE,1,Republican,Alan Nunnelee,210
Pontotoc,Troy Tr,US HOUSE,1,Independent,A G Baddley,4
Pontotoc,Troy Tr,US HOUSE,1,Constitution,Gail Giaramita,2
Pontotoc,Troy Tr,US HOUSE,1,Independent,Les Green,1
Pontotoc,Troy Tr,US HOUSE,1,Independent,Rick 'Rico' Hoskins,1
Pontotoc,Troy Tr,US HOUSE,1,Independent,Wally Pang,2
Pontotoc,Troy Tr,US HOUSE,1,Libertarian,Harold M. Taylor,0
Pontotoc,Troy Tr,US HOUSE,1,Reform,Barbara Dale Washer,4
Pontotoc,Turnpike Tu,US HOUSE,1,Democrat,Travis W. Childers,44
Pontotoc,Turnpike Tu,US HOUSE,1,Republican,Alan Nunnelee,178
Pontotoc,Turnpike Tu,US HOUSE,1,Independent,A G Baddley,3
Pontotoc,Turnpike Tu,US HOUSE,1,Constitution,Gail Giaramita,0
Pontotoc,Turnpike Tu,US HOUSE,1,Independent,Les Green,0
Pontotoc,Turnpike Tu,US HOUSE,1,Independent,Rick 'Rico' Hoskins,0
Pontotoc,Turnpike Tu,US HOUSE,1,Independent,Wally Pang,1
Pontotoc,Turnpike Tu,US HOUSE,1,Libertarian,Harold M. Taylor,1
Pontotoc,Turnpike Tu,US HOUSE,1,Reform,Barbara Dale Washer,1
Pontotoc,Woodland Wo,US HOUSE,1,Democrat,Travis W. Childers,29
Pontotoc,Woodland Wo,US HOUSE,1,Republican,Alan Nunnelee,83
Pontotoc,Woodland Wo,US HOUSE,1,Independent,A G Baddley,0
Pontotoc,Woodland Wo,US HOUSE,1,Constitution,Gail Giaramita,1
Pontotoc,Woodland Wo,US HOUSE,1,Independent,Les Green,1
Pontotoc,Woodland Wo,US HOUSE,1,Independent,Rick 'Rico' Hoskins,0
Pontotoc,Woodland Wo,US HOUSE,1,Independent,Wally Pang,0
Pontotoc,Woodland Wo,US HOUSE,1,Libertarian,Harold M. Taylor,0
Pontotoc,Woodland Wo,US HOUSE,1,Reform,Barbara Dale Washer,0
Pontotoc,Zion Z,US HOUSE,1,Democrat,Travis W. Childers,104
Pontotoc,Zion Z,US HOUSE,1,Republican,Alan Nunnelee,156
Pontotoc,Zion Z,US HOUSE,1,Independent,A G Baddley,2
Pontotoc,Zion Z,US HOUSE,1,Constitution,Gail Giaramita,1
Pontotoc,Zion Z,US HOUSE,1,Independent,Les Green,0
Pontotoc,Zion Z,US HOUSE,1,Independent,Rick 'Rico' Hoskins,0
Pontotoc,Zion Z,US HOUSE,1,Independent,Wally Pang,1
Pontotoc,Zion Z,US HOUSE,1,Libertarian,Harold M. Taylor,0
Pontotoc,Zion Z,US HOUSE,1,Reform,Barbara Dale Washer,0
Pontotoc,TOTAL,US HOUSE,1,Democrat,Travis W. Childers,2475
Pontotoc,TOTAL,US HOUSE,1,Republican,Alan Nunnelee,5391
Pontotoc,TOTAL,US HOUSE,1,Independent,A G Baddley,79
Pontotoc,TOTAL,US HOUSE,1,Constitution,Gail Giaramita,36
Pontotoc,TOTAL,US HOUSE,1,Independent,Les Green,32
Pontotoc,TOTAL,US HOUSE,1,Independent,Rick 'Rico' Hoskins,13
Pontotoc,TOTAL,US HOUSE,1,Independent,Wally Pang,41
Pontotoc,TOTAL,US HOUSE,1,Libertarian,Harold M. Taylor,11
Pontotoc,TOTAL,US HOUSE,1,Reform,Barbara Dale Washer,18
Prentiss,Baldwyn,US HOUSE,1,Democrat,Travis W. Childers,449
Prentiss,Baldwyn,US HOUSE,1,Republican,Alan Nunnelee,302
Prentiss,Baldwyn,US HOUSE,1,Independent,A G Baddley,2
Prentiss,Baldwyn,US HOUSE,1,Constitution,Gail Giaramita,3
Prentiss,Baldwyn,US HOUSE,1,Independent,Les Green,1
Prentiss,Baldwyn,US HOUSE,1,Independent,Rick 'Rico' Hoskins,2
Prentiss,Baldwyn,US HOUSE,1,Independent,Wally Pang,5
Prentiss,Baldwyn,US HOUSE,1,Libertarian,Harold M. Taylor,2
Prentiss,Baldwyn,US HOUSE,1,Reform,Barbara Dale Washer,2
Prentiss,Blackland,US HOUSE,1,Democrat,Travis W. Childers,160
Prentiss,Blackland,US HOUSE,1,Republican,Alan Nunnelee,137
Prentiss,Blackland,US HOUSE,1,Independent,A G Baddley,1
Prentiss,Blackland,US HOUSE,1,Constitution,Gail Giaramita,0
Prentiss,Blackland,US HOUSE,1,Independent,Les Green,0
Prentiss,Blackland,US HOUSE,1,Independent,Rick 'Rico' Hoskins,3
Prentiss,Blackland,US HOUSE,1,Independent,Wally Pang,0
Prentiss,Blackland,US HOUSE,1,Libertarian,Harold M. Taylor,0
Prentiss,Blackland,US HOUSE,1,Reform,Barbara Dale Washer,0
Prentiss,Booneville,US HOUSE,1,Democrat,Travis W. Childers,427
Prentiss,Booneville,US HOUSE,1,Republican,Alan Nunnelee,311
Prentiss,Booneville,US HOUSE,1,Independent,A G Baddley,2
Prentiss,Booneville,US HOUSE,1,Constitution,Gail Giaramita,1
Prentiss,Booneville,US HOUSE,1,Independent,Les Green,4
Prentiss,Booneville,US HOUSE,1,Independent,Rick 'Rico' Hoskins,0
Prentiss,Booneville,US HOUSE,1,Independent,Wally Pang,1
Prentiss,Booneville,US HOUSE,1,Libertarian,Harold M. Taylor,1
Prentiss,Booneville,US HOUSE,1,Reform,Barbara Dale Washer,1
Prentiss,Cross Roads,US HOUSE,1,Democrat,Travis W. Childers,433
Prentiss,Cross Roads,US HOUSE,1,Republican,Alan Nunnelee,127
Prentiss,Cross Roads,US HOUSE,1,Independent,A G Baddley,2
Prentiss,Cross Roads,US HOUSE,1,Constitution,Gail Giaramita,1
Prentiss,Cross Roads,US HOUSE,1,Independent,Les Green,2
Prentiss,Cross Roads,US HOUSE,1,Independent,Rick 'Rico' Hoskins,0
Prentiss,Cross Roads,US HOUSE,1,Independent,Wally Pang,2
Prentiss,Cross Roads,US HOUSE,1,Libertarian,Harold M. Taylor,1
Prentiss,Cross Roads,US HOUSE,1,Reform,Barbara Dale Washer,0
Prentiss,East Booneville,US HOUSE,1,Democrat,Travis W. Childers,364
Prentiss,East Booneville,US HOUSE,1,Republican,Alan Nunnelee,196
Prentiss,East Booneville,US HOUSE,1,Independent,A G Baddley,2
Prentiss,East Booneville,US HOUSE,1,Constitution,Gail Giaramita,2
Prentiss,East Booneville,US HOUSE,1,Independent,Les Green,3
Prentiss,East Booneville,US HOUSE,1,Independent,Rick 'Rico' Hoskins,4
Prentiss,East Booneville,US HOUSE,1,Independent,Wally Pang,4
Prentiss,East Booneville,US HOUSE,1,Libertarian,Harold M. Taylor,1
Prentiss,East Booneville,US HOUSE,1,Reform,Barbara Dale Washer,1
Prentiss,Ingram,US HOUSE,1,Democrat,Travis W. Childers,52
Prentiss,Ingram,US HOUSE,1,Republican,Alan Nunnelee,103
Prentiss,Ingram,US HOUSE,1,Independent,A G Baddley,1
Prentiss,Ingram,US HOUSE,1,Constitution,Gail Giaramita,2
Prentiss,Ingram,US HOUSE,1,Independent,Les Green,1
Prentiss,Ingram,US HOUSE,1,Independent,Rick 'Rico' Hoskins,1
Prentiss,Ingram,US HOUSE,1,Independent,Wally Pang,1
Prentiss,Ingram,US HOUSE,1,Libertarian,Harold M. Taylor,0
Prentiss,Ingram,US HOUSE,1,Reform,Barbara Dale Washer,0
Prentiss,Marletta,US HOUSE,1,Democrat,Travis W. Childers,297
Prentiss,Marletta,US HOUSE,1,Republican,Alan Nunnelee,158
Prentiss,Marletta,US HOUSE,1,Independent,A G Baddley,3
Prentiss,Marletta,US HOUSE,1,Constitution,Gail Giaramita,3
Prentiss,Marletta,US HOUSE,1,Independent,Les Green,4
Prentiss,Marletta,US HOUSE,1,Independent,Rick 'Rico' Hoskins,0
Prentiss,Marletta,US HOUSE,1,Independent,Wally Pang,0
Prentiss,Marletta,US HOUSE,1,Libertarian,Harold M. Taylor,0
Prentiss,Marletta,US HOUSE,1,Reform,Barbara Dale Washer,0
Prentiss,North Booneville,US HOUSE,1,Democrat,Travis W. Childers,343
Prentiss,North Booneville,US HOUSE,1,Republican,Alan Nunnelee,86
Prentiss,North Booneville,US HOUSE,1,Independent,A G Baddley,1
Prentiss,North Booneville,US HOUSE,1,Constitution,Gail Giaramita,2
Prentiss,North Booneville,US HOUSE,1,Independent,Les Green,2
Prentiss,North Booneville,US HOUSE,1,Independent,Rick 'Rico' Hoskins,1
Prentiss,North Booneville,US HOUSE,1,Independent,Wally Pang,1
Prentiss,North Booneville,US HOUSE,1,Libertarian,Harold M. Taylor,0
Prentiss,North Booneville,US HOUSE,1,Reform,Barbara Dale Washer,0
Prentiss,New Site,US HOUSE,1,Democrat,Travis W. Childers,241
Prentiss,New Site,US HOUSE,1,Republican,Alan Nunnelee,191
Prentiss,New Site,US HOUSE,1,Independent,A G Baddley,2
Prentiss,New Site,US HOUSE,1,Constitution,Gail Giaramita,0
Prentiss,New Site,US HOUSE,1,Independent,Les Green,4
Prentiss,New Site,US HOUSE,1,Independent,Rick 'Rico' Hoskins,0
Prentiss,New Site,US HOUSE,1,Independent,Wally Pang,2
Prentiss,New Site,US HOUSE,1,Libertarian,Harold M. Taylor,0
Prentiss,New Site,US HOUSE,1,Reform,Barbara Dale Washer,3
Prentiss,Cairo,US HOUSE,1,Democrat,Travis W. Childers,108
Prentiss,Cairo,US HOUSE,1,Republican,Alan Nunnelee,127
Prentiss,Cairo,US HOUSE,1,Independent,A G Baddley,3
Prentiss,Cairo,US HOUSE,1,Constitution,Gail Giaramita,4
Prentiss,Cairo,US HOUSE,1,Independent,Les Green,1
Prentiss,Cairo,US HOUSE,1,Independent,Rick 'Rico' Hoskins,0
Prentiss,Cairo,US HOUSE,1,Independent,Wally Pang,0
Prentiss,Cairo,US HOUSE,1,Libertarian,Harold M. Taylor,0
Prentiss,Cairo,US HOUSE,1,Reform,Barbara Dale Washer,1
Prentiss,Thrasher,US HOUSE,1,Democrat,Travis W. Childers,260
Prentiss,Thrasher,US HOUSE,1,Republican,Alan Nunnelee,130
Prentiss,Thrasher,US HOUSE,1,Independent,A G Baddley,1
Prentiss,Thrasher,US HOUSE,1,Constitution,Gail Giaramita,0
Prentiss,Thrasher,US HOUSE,1,Independent,Les Green,1
Prentiss,Thrasher,US HOUSE,1,Independent,Rick 'Rico' Hoskins,1
Prentiss,Thrasher,US HOUSE,1,Independent,Wally Pang,2
Prentiss,Thrasher,US HOUSE,1,Libertarian,Harold M. Taylor,0
Prentiss,Thrasher,US HOUSE,1,Reform,Barbara Dale Washer,1
Prentiss,Tuscumbia- New Candler,US HOUSE,1,Democrat,Travis W. Childers,232
Prentiss,Tuscumbia- New Candler,US HOUSE,1,Republican,Alan Nunnelee,190
Prentiss,Tuscumbia- New Candler,US HOUSE,1,Independent,A G Baddley,0
Prentiss,Tuscumbia- New Candler,US HOUSE,1,Constitution,Gail Giaramita,2
Prentiss,Tuscumbia- New Candler,US HOUSE,1,Independent,Les Green,6
Prentiss,Tuscumbia- New Candler,US HOUSE,1,Independent,Rick 'Rico' Hoskins,0
Prentiss,Tuscumbia- New Candler,US HOUSE,1,Independent,Wally Pang,1
Prentiss,Tuscumbia- New Candler,US HOUSE,1,Libertarian,Harold M. Taylor,0
Prentiss,Tuscumbia- New Candler,US HOUSE,1,Reform,Barbara Dale Washer,0
Prentiss,West Booneville,US HOUSE,1,Democrat,Travis W. Childers,711
Prentiss,West Booneville,US HOUSE,1,Republican,Alan Nunnelee,617
Prentiss,West Booneville,US HOUSE,1,Independent,A G Baddley,6
Prentiss,West Booneville,US HOUSE,1,Constitution,Gail Giaramita,1
Prentiss,West Booneville,US HOUSE,1,Independent,Les Green,7
Prentiss,West Booneville,US HOUSE,1,Independent,Rick 'Rico' Hoskins,1
Prentiss,West Booneville,US HOUSE,1,Independent,Wally Pang,3
Prentiss,West Booneville,US HOUSE,1,Libertarian,Harold M. Taylor,0
Prentiss,West Booneville,US HOUSE,1,Reform,Barbara Dale Washer,2
Prentiss,Wheeler,US HOUSE,1,Democrat,Travis W. Childers,272
Prentiss,Wheeler,US HOUSE,1,Republican,Alan Nunnelee,203
Prentiss,Wheeler,US HOUSE,1,Independent,A G Baddley,2
Prentiss,Wheeler,US HOUSE,1,Constitution,Gail Giaramita,0
Prentiss,Wheeler,US HOUSE,1,Independent,Les Green,4
Prentiss,Wheeler,US HOUSE,1,Independent,Rick 'Rico' Hoskins,1
Prentiss,Wheeler,US HOUSE,1,Independent,Wally Pang,0
Prentiss,Wheeler,US HOUSE,1,Libertarian,Harold M. Taylor,2
Prentiss,Wheeler,US HOUSE,1,Reform,Barbara Dale Washer,0
Prentiss,Hills Chapel - New Hope,US HOUSE,1,Democrat,Travis W. Childers,320
Prentiss,Hills Chapel - New Hope,US HOUSE,1,Republican,Alan Nunnelee,288
Prentiss,Hills Chapel - New Hope,US HOUSE,1,Independent,A G Baddley,7
Prentiss,Hills Chapel - New Hope,US HOUSE,1,Constitution,Gail Giaramita,4
Prentiss,Hills Chapel - New Hope,US HOUSE,1,Independent,Les Green,5
Prentiss,Hills Chapel - New Hope,US HOUSE,1,Independent,Rick 'Rico' Hoskins,1
Prentiss,Hills Chapel - New Hope,US HOUSE,1,Independent,Wally Pang,4
Prentiss,Hills Chapel - New Hope,US HOUSE,1,Libertarian,Harold M. Taylor,2
Prentiss,Hills Chapel - New Hope,US HOUSE,1,Reform,Barbara Dale Washer,0
Prentiss,TOTAL,US HOUSE,1,Democrat,Travis W. Childers,4669
Prentiss,TOTAL,US HOUSE,1,Republican,Alan Nunnelee,3166
Prentiss,TOTAL,US HOUSE,1,Independent,A G Baddley,35
Prentiss,TOTAL,US HOUSE,1,Constitution,Gail Giaramita,25
Prentiss,TOTAL,US HOUSE,1,Independent,Les Green,45
Prentiss,TOTAL,US HOUSE,1,Independent,Rick 'Rico' Hoskins,15
Prentiss,TOTAL,US HOUSE,1,Independent,Wally Pang,26
Prentiss,TOTAL,US HOUSE,1,Libertarian,Harold M. Taylor,9
Prentiss,TOTAL,US HOUSE,1,Reform,Barbara Dale Washer,11
Quitman,Crenshaw,US HOUSE,2,Republican,Bill Marcy,2
Quitman,Crenshaw,US HOUSE,2,Reform,Ashley Norwood,4
Quitman,Crenshaw,US HOUSE,2,Democrat,Bennie G. Thompson,86
Quitman,Sledge,US HOUSE,2,Republican,Bill Marcy,18
Quitman,Sledge,US HOUSE,2,Reform,Ashley Norwood,4
Quitman,Sledge,US HOUSE,2,Democrat,Bennie G. Thompson,166
Quitman,Darling,US HOUSE,2,Republican,Bill Marcy,16
Quitman,Darling,US HOUSE,2,Reform,Ashley Norwood,3
Quitman,Darling,US HOUSE,2,Democrat,Bennie G. Thompson,122
Quitman,Belen,US HOUSE,2,Republican,Bill Marcy,39
Quitman,Belen,US HOUSE,2,Reform,Ashley Norwood,5
Quitman,Belen,US HOUSE,2,Democrat,Bennie G. Thompson,99
Quitman,District 3 North,US HOUSE,2,Republican,Bill Marcy,167
Quitman,District 3 North,US HOUSE,2,Reform,Ashley Norwood,9
Quitman,District 3 North,US HOUSE,2,Democrat,Bennie G. Thompson,172
Quitman,North West Marks,US HOUSE,2,Republican,Bill Marcy,90
Quitman,North West Marks,US HOUSE,2,Reform,Ashley Norwood,5
Quitman,North West Marks,US HOUSE,2,Democrat,Bennie G. Thompson,258
Quitman,District 3 South,US HOUSE,2,Republican,Bill Marcy,114
Quitman,District 3 South,US HOUSE,2,Reform,Ashley Norwood,4
Quitman,District 3 South,US HOUSE,2,Democrat,Bennie G. Thompson,74
Quitman,South West Marks,US HOUSE,2,Republican,Bill Marcy,28
Quitman,South West Marks,US HOUSE,2,Reform,Ashley Norwood,1
Quitman,South West Marks,US HOUSE,2,Democrat,Bennie G. Thompson,156
Quitman,West Lambert,US HOUSE,2,Republican,Bill Marcy,46
Quitman,West Lambert,US HOUSE,2,Reform,Ashley Norwood,6
Quitman,West Lambert,US HOUSE,2,Democrat,Bennie G. Thompson,161
Quitman,Lambert,US HOUSE,2,Republican,Bill Marcy,58
Quitman,Lambert,US HOUSE,2,Reform,Ashley Norwood,4
Quitman,Lambert,US HOUSE,2,Democrat,Bennie G. Thompson,184
Quitman,Crowder,US HOUSE,2,Republican,Bill Marcy,136
Quitman,Crowder,US HOUSE,2,Reform,Ashley Norwood,12
Quitman,Crowder,US HOUSE,2,Democrat,Bennie G. Thompson,18
Quitman,TOTAL,US HOUSE,2,Republican,Bill Marcy,714
Quitman,TOTAL,US HOUSE,2,Reform,Ashley Norwood,57
Quitman,TOTAL,US HOUSE,2,Democrat,Bennie G. Thompson,1496
Rankin,West Pearl,US HOUSE,3,Democrat,Joel L. Gill,112
Rankin,West Pearl,US HOUSE,3,Republican,Gregg Harper,397
Rankin,West Pearl,US HOUSE,3,Reform,Tracella Lau O'Hara Hill,16
Rankin,Clear Branch,US HOUSE,3,Democrat,Joel L. Gill,65
Rankin,Clear Branch,US HOUSE,3,Republican,Gregg Harper,337
Rankin,Clear Branch,US HOUSE,3,Reform,Tracella Lau O'Hara Hill,6
Rankin,Cleary,US HOUSE,3,Democrat,Joel L. Gill,66
Rankin,Cleary,US HOUSE,3,Republican,Gregg Harper,790
Rankin,Cleary,US HOUSE,3,Reform,Tracella Lau O'Hara Hill,5
Rankin,East Steen Creek,US HOUSE,3,Democrat,Joel L. Gill,163
Rankin,East Steen Creek,US HOUSE,3,Republican,Gregg Harper,962
Rankin,East Steen Creek,US HOUSE,3,Reform,Tracella Lau O'Hara Hill,22
Rankin,Mountain Creek,US HOUSE,3,Democrat,Joel L. Gill,29
Rankin,Mountain Creek,US HOUSE,3,Republican,Gregg Harper,212
Rankin,Mountain Creek,US HOUSE,3,Reform,Tracella Lau O'Hara Hill,5
Rankin,North Richland,US HOUSE,3,Democrat,Joel L. Gill,62
Rankin,North Richland,US HOUSE,3,Republican,Gregg Harper,542
Rankin,North Richland,US HOUSE,3,Reform,Tracella Lau O'Hara Hill,9
Rankin,South Richland,US HOUSE,3,Democrat,Joel L. Gill,104
Rankin,South Richland,US HOUSE,3,Republican,Gregg Harper,959
Rankin,South Richland,US HOUSE,3,Reform,Tracella Lau O'Hara Hill,22
Rankin,Star,US HOUSE,3,Democrat,Joel L. Gill,64
Rankin,Star,US HOUSE,3,Republican,Gregg Harper,377
Rankin,Star,US HOUSE,3,Reform,Tracella Lau O'Hara Hill,8
Rankin,West Steen Creek,US HOUSE,3,Democrat,Joel L. Gill,124
Rankin,West Steen Creek,US HOUSE,3,Republican,Gregg Harper,750
Rankin,West Steen Creek,US HOUSE,3,Reform,Tracella Lau O'Hara Hill,10
Rankin,Grant's Ferry,US HOUSE,3,Democrat,Joel L. Gill,151
Rankin,Grant's Ferry,US HOUSE,3,Republican,Gregg Harper,1127
Rankin,Grant's Ferry,US HOUSE,3,Reform,Tracella Lau O'Hara Hill,15
Rankin,Fannin,US HOUSE,3,Democrat,Joel L. Gill,124
Rankin,Fannin,US HOUSE,3,Republican,Gregg Harper,501
Rankin,Fannin,US HOUSE,3,Reform,Tracella Lau O'Hara Hill,8
Rankin,Holbrook,US HOUSE,3,Democrat,Joel L. Gill,231
Rankin,Holbrook,US HOUSE,3,Republican,Gregg Harper,1626
Rankin,Holbrook,US HOUSE,3,Reform,Tracella Lau O'Hara Hill,16
Rankin,Castlewoods East,US HOUSE,3,Democrat,Joel L. Gill,117
Rankin,Castlewoods East,US HOUSE,3,Republican,Gregg Harper,1071
Rankin,Castlewoods East,US HOUSE,3,Reform,Tracella Lau O'Hara Hill,9
Rankin,Castlewoods West,US HOUSE,3,Democrat,Joel L. Gill,81
Rankin,Castlewoods West,US HOUSE,3,Republican,Gregg Harper,889
Rankin,Castlewoods West,US HOUSE,3,Reform,Tracella Lau O'Hara Hill,17
Rankin,Reservoir East,US HOUSE,3,Democrat,Joel L. Gill,89
Rankin,Reservoir East,US HOUSE,3,Republican,Gregg Harper,918
Rankin,Reservoir East,US HOUSE,3,Reform,Tracella Lau O'Hara Hill,11
Rankin,Reservoir West,US HOUSE,3,Democrat,Joel L. Gill,91
Rankin,Reservoir West,US HOUSE,3,Republican,Gregg Harper,748
Rankin,Reservoir West,US HOUSE,3,Reform,Tracella Lau O'Hara Hill,11
Rankin,Northshore,US HOUSE,3,Democrat,Joel L. Gill,109
Rankin,Northshore,US HOUSE,3,Republican,Gregg Harper,1158
Rankin,Northshore,US HOUSE,3,Reform,Tracella Lau O'Hara Hill,10
Rankin,Antioch,US HOUSE,3,Democrat,Joel L. Gill,3
Rankin,Antioch,US HOUSE,3,Republican,Gregg Harper,101
Rankin,Antioch,US HOUSE,3,Reform,Tracella Lau O'Hara Hill,0
Rankin,Mayton,US HOUSE,3,Democrat,Joel L. Gill,12
Rankin,Mayton,US HOUSE,3,Republican,Gregg Harper,87
Rankin,Mayton,US HOUSE,3,Reform,Tracella Lau O'Hara Hill,0
Rankin,Johns,US HOUSE,3,Democrat,Joel L. Gill,75
Rankin,Johns,US HOUSE,3,Republican,Gregg Harper,238
Rankin,Johns,US HOUSE,3,Reform,Tracella Lau O'Hara Hill,4
Rankin,East Brandon,US HOUSE,3,Democrat,Joel L. Gill,68
Rankin,East Brandon,US HOUSE,3,Republican,Gregg Harper,823
Rankin,East Brandon,US HOUSE,3,Reform,Tracella Lau O'Hara Hill,6
Rankin,Cato,US HOUSE,3,Democrat,Joel L. Gill,84
Rankin,Cato,US HOUSE,3,Republican,Gregg Harper,407
Rankin,Cato,US HOUSE,3,Reform,Tracella Lau O'Hara Hill,7
Rankin,Dry Creek,US HOUSE,3,Democrat,Joel L. Gill,107
Rankin,Dry Creek,US HOUSE,3,Republican,Gregg Harper,276
Rankin,Dry Creek,US HOUSE,3,Reform,Tracella Lau O'Hara Hill,10
Rankin,Monterey,US HOUSE,3,Democrat,Joel L. Gill,217
Rankin,Monterey,US HOUSE,3,Republican,Gregg Harper,588
Rankin,Monterey,US HOUSE,3,Reform,Tracella Lau O'Hara Hill,19
Rankin,Puckett,US HOUSE,3,Democrat,Joel L. Gill,32
Rankin,Puckett,US HOUSE,3,Republican,Gregg Harper,272
Rankin,Puckett,US HOUSE,3,Reform,Tracella Lau O'Hara Hill,2
Rankin,West Brandon,US HOUSE,3,Democrat,Joel L. Gill,356
Rankin,West Brandon,US HOUSE,3,Republican,Gregg Harper,1062
Rankin,West Brandon,US HOUSE,3,Reform,Tracella Lau O'Hara Hill,36
Rankin,South Brandon,US HOUSE,3,Democrat,Joel L. Gill,25
Rankin,South Brandon,US HOUSE,3,Republican,Gregg Harper,345
Rankin,South Brandon,US HOUSE,3,Reform,Tracella Lau O'Hara Hill,5
Rankin,Park Place,US HOUSE,3,Democrat,Joel L. Gill,71
Rankin,Park Place,US HOUSE,3,Republican,Gregg Harper,626
Rankin,Park Place,US HOUSE,3,Reform,Tracella Lau O'Hara Hill,15
Rankin,Pisgah,US HOUSE,3,Democrat,Joel L. Gill,159
Rankin,Pisgah,US HOUSE,3,Republican,Gregg Harper,382
Rankin,Pisgah,US HOUSE,3,Reform,Tracella Lau O'Hara Hill,23
Rankin,Oakdale,US HOUSE,3,Democrat,Joel L. Gill,153
Rankin,Oakdale,US HOUSE,3,Republican,Gregg Harper,1208
Rankin,Oakdale,US HOUSE,3,Reform,Tracella Lau O'Hara Hill,18
Rankin,Shiloh,US HOUSE,3,Democrat,Joel L. Gill,51
Rankin,Shiloh,US HOUSE,3,Republican,Gregg Harper,130
Rankin,Shiloh,US HOUSE,3,Reform,Tracella Lau O'Hara Hill,4
Rankin,Crossroads,US HOUSE,3,Democrat,Joel L. Gill,29
Rankin,Crossroads,US HOUSE,3,Republican,Gregg Harper,291
Rankin,Crossroads,US HOUSE,3,Reform,Tracella Lau O'Hara Hill,4
Rankin,Leesburg,US HOUSE,3,Democrat,Joel L. Gill,20
Rankin,Leesburg,US HOUSE,3,Republican,Gregg Harper,282
Rankin,Leesburg,US HOUSE,3,Reform,Tracella Lau O'Hara Hill,3
Rankin,North Brandon,US HOUSE,3,Democrat,Joel L. Gill,138
Rankin,North Brandon,US HOUSE,3,Republican,Gregg Harper,1586
Rankin,North Brandon,US HOUSE,3,Reform,Tracella Lau O'Hara Hill,18
Rankin,East Crossgates,US HOUSE,3,Democrat,Joel L. Gill,85
Rankin,East Crossgates,US HOUSE,3,Republican,Gregg Harper,1483
Rankin,East Crossgates,US HOUSE,3,Reform,Tracella Lau O'Hara Hill,10
Rankin,Pelahatchie,US HOUSE,3,Democrat,Joel L. Gill,148
Rankin,Pelahatchie,US HOUSE,3,Republican,Gregg Harper,731
Rankin,Pelahatchie,US HOUSE,3,Reform,Tracella Lau O'Hara Hill,23
Rankin,South Crossgates,US HOUSE,3,Democrat,Joel L. Gill,46
Rankin,South Crossgates,US HOUSE,3,Republican,Gregg Harper,480
Rankin,South Crossgates,US HOUSE,3,Reform,Tracella Lau O'Hara Hill,5
Rankin,West Crossgates,US HOUSE,3,Democrat,Joel L. Gill,80
Rankin,West Crossgates,US HOUSE,3,Republican,Gregg Harper,912
Rankin,West Crossgates,US HOUSE,3,Reform,Tracella Lau O'Hara Hill,10
Rankin,Northeast Brandon,US HOUSE,3,Democrat,Joel L. Gill,152
Rankin,Northeast Brandon,US HOUSE,3,Republican,Gregg Harper,659
Rankin,Northeast Brandon,US HOUSE,3,Reform,Tracella Lau O'Hara Hill,17
Rankin,Mullins,US HOUSE,3,Democrat,Joel L. Gill,195
Rankin,Mullins,US HOUSE,3,Republican,Gregg Harper,157
Rankin,Mullins,US HOUSE,3,Reform,Tracella Lau O'Hara Hill,7
Rankin,Eldorado,US HOUSE,3,Democrat,Joel L. Gill,114
Rankin,Eldorado,US HOUSE,3,Republican,Gregg Harper,571
Rankin,Eldorado,US HOUSE,3,Reform,Tracella Lau O'Hara Hill,10
Rankin,Liberty,US HOUSE,3,Democrat,Joel L. Gill,55
Rankin,Liberty,US HOUSE,3,Republican,Gregg Harper,531
Rankin,Liberty,US HOUSE,3,Reform,Tracella Lau O'Hara Hill,5
Rankin,Cunningham Heights,US HOUSE,3,Democrat,Joel L. Gill,50
Rankin,Cunningham Heights,US HOUSE,3,Republican,Gregg Harper,427
Rankin,Cunningham Heights,US HOUSE,3,Reform,Tracella Lau O'Hara Hill,7
Rankin,Flowood,US HOUSE,3,Democrat,Joel L. Gill,61
Rankin,Flowood,US HOUSE,3,Republican,Gregg Harper,171
Rankin,Flowood,US HOUSE,3,Reform,Tracella Lau O'Hara Hill,10
Rankin,Crest Park,US HOUSE,3,Democrat,Joel L. Gill,63
Rankin,Crest Park,US HOUSE,3,Republican,Gregg Harper,628
Rankin,Crest Park,US HOUSE,3,Reform,Tracella Lau O'Hara Hill,13
Rankin,Pearl,US HOUSE,3,Democrat,Joel L. Gill,25
Rankin,Pearl,US HOUSE,3,Republican,Gregg Harper,241
Rankin,Pearl,US HOUSE,3,Reform,Tracella Lau O'Hara Hill,2
Rankin,North Mclaurin,US HOUSE,3,Democrat,Joel L. Gill,29
Rankin,North Mclaurin,US HOUSE,3,Republican,Gregg Harper,427
Rankin,North Mclaurin,US HOUSE,3,Reform,Tracella Lau O'Hara Hill,7
Rankin,South Mclaurin,US HOUSE,3,Democrat,Joel L. Gill,38
Rankin,South Mclaurin,US HOUSE,3,Republican,Gregg Harper,507
Rankin,South Mclaurin,US HOUSE,3,Reform,Tracella Lau O'Hara Hill,7
Rankin,Springhill,US HOUSE,3,Democrat,Joel L. Gill,251
Rankin,Springhill,US HOUSE,3,Republican,Gregg Harper,677
Rankin,Springhill,US HOUSE,3,Reform,Tracella Lau O'Hara Hill,21
Rankin,South Pearson,US HOUSE,3,Democrat,Joel L. Gill,164
Rankin,South Pearson,US HOUSE,3,Republican,Gregg Harper,171
Rankin,South Pearson,US HOUSE,3,Reform,Tracella Lau O'Hara Hill,13
Rankin,North Pearson,US HOUSE,3,Democrat,Joel L. Gill,7
Rankin,North Pearson,US HOUSE,3,Republican,Gregg Harper,62
Rankin,North Pearson,US HOUSE,3,Reform,Tracella Lau O'Hara Hill,2
Rankin,Patton Place,US HOUSE,3,Democrat,Joel L. Gill,29
Rankin,Patton Place,US HOUSE,3,Republican,Gregg Harper,394
Rankin,Patton Place,US HOUSE,3,Reform,Tracella Lau O'Hara Hill,6
Rankin,TOTAL,US HOUSE,3,Democrat,Joel L. Gill,4974
Rankin,TOTAL,US HOUSE,3,Republican,Gregg Harper,31297
Rankin,TOTAL,US HOUSE,3,Reform,Tracella Lau O'Hara Hill,549
Scott,Beat 1 / North Forest,US HOUSE,3,Democrat,Joel L. Gill,259
Scott,Beat 1 / North Forest,US HOUSE,3,Republican,Gregg Harper,33
Scott,Beat 1 / North Forest,US HOUSE,3,Reform,Tracella Lau O'Hara Hill,1
Scott,Beat 1 / Harperville,US HOUSE,3,Democrat,Joel L. Gill,229
Scott,Beat 1 / Harperville,US HOUSE,3,Republican,Gregg Harper,173
Scott,Beat 1 / Harperville,US HOUSE,3,Reform,Tracella Lau O'Hara Hill,1
Scott,Beat 1 / Hillsboro,US HOUSE,3,Democrat,Joel L. Gill,242
Scott,Beat 1 / Hillsboro,US HOUSE,3,Republican,Gregg Harper,208
Scott,Beat 1 / Hillsboro,US HOUSE,3,Reform,Tracella Lau O'Hara Hill,2
Scott,Beat 2 / South Forest,US HOUSE,3,Democrat,Joel L. Gill,213
Scott,Beat 2 / South Forest,US HOUSE,3,Republican,Gregg Harper,158
Scott,Beat 2 / South Forest,US HOUSE,3,Reform,Tracella Lau O'Hara Hill,0
Scott,Beat 2 / Homewood,US HOUSE,3,Democrat,Joel L. Gill,17
Scott,Beat 2 / Homewood,US HOUSE,3,Republican,Gregg Harper,122
Scott,Beat 2 / Homewood,US HOUSE,3,Reform,Tracella Lau O'Hara Hill,2
Scott,Beat 2 / High Hill,US HOUSE,3,Democrat,Joel L. Gill,78
Scott,Beat 2 / High Hill,US HOUSE,3,Republican,Gregg Harper,92
Scott,Beat 2 / High Hill,US HOUSE,3,Reform,Tracella Lau O'Hara Hill,3
Scott,Beat 2 / Lake,US HOUSE,3,Democrat,Joel L. Gill,73
Scott,Beat 2 / Lake,US HOUSE,3,Republican,Gregg Harper,110
Scott,Beat 2 / Lake,US HOUSE,3,Reform,Tracella Lau O'Hara Hill,1
Scott,Beat 2 / Usry,US HOUSE,3,Democrat,Joel L. Gill,24
Scott,Beat 2 / Usry,US HOUSE,3,Republican,Gregg Harper,117
Scott,Beat 2 / Usry,US HOUSE,3,Reform,Tracella Lau O'Hara Hill,1
Scott,Beat 3 / Northwest Forest,US HOUSE,3,Democrat,Joel L. Gill,13
Scott,Beat 3 / Northwest Forest,US HOUSE,3,Republican,Gregg Harper,148
Scott,Beat 3 / Northwest Forest,US HOUSE,3,Reform,Tracella Lau O'Hara Hill,0
Scott,Beat 3 / Eastwest Morton,US HOUSE,3,Democrat,Joel L. Gill,183
Scott,Beat 3 / Eastwest Morton,US HOUSE,3,Republican,Gregg Harper,382
Scott,Beat 3 / Eastwest Morton,US HOUSE,3,Reform,Tracella Lau O'Hara Hill,1
Scott,Beat 3 / Pulaski,US HOUSE,3,Democrat,Joel L. Gill,13
Scott,Beat 3 / Pulaski,US HOUSE,3,Republican,Gregg Harper,135
Scott,Beat 3 / Pulaski,US HOUSE,3,Reform,Tracella Lau O'Hara Hill,1
Scott,Beat 3/Springfield,US HOUSE,3,Democrat,Joel L. Gill,6
Scott,Beat 3/Springfield,US HOUSE,3,Republican,Gregg Harper,159
Scott,Beat 3/Springfield,US HOUSE,3,Reform,Tracella Lau O'Hara Hill,1
Scott,Beat 3 / Cooperville,US HOUSE,3,Democrat,Joel L. Gill,13
Scott,Beat 3 / Cooperville,US HOUSE,3,Republican,Gregg Harper,112
Scott,Beat 3 / Cooperville,US HOUSE,3,Reform,Tracella Lau O'Hara Hill,0
Scott,Beat 4 / North Morton,US HOUSE,3,Democrat,Joel L. Gill,214
Scott,Beat 4 / North Morton,US HOUSE,3,Republican,Gregg Harper,122
Scott,Beat 4 / North Morton,US HOUSE,3,Reform,Tracella Lau O'Hara Hill,1
Scott,Beat 4 / Liberty,US HOUSE,3,Democrat,Joel L. Gill,49
Scott,Beat 4 / Liberty,US HOUSE,3,Republican,Gregg Harper,234
Scott,Beat 4 / Liberty,US HOUSE,3,Reform,Tracella Lau O'Hara Hill,4
Scott,Beat 4 / Forkville,US HOUSE,3,Democrat,Joel L. Gill,4
Scott,Beat 4 / Forkville,US HOUSE,3,Republican,Gregg Harper,131
Scott,Beat 4 / Forkville,US HOUSE,3,Reform,Tracella Lau O'Hara Hill,1
Scott,Beat 4 / Ludlow,US HOUSE,3,Democrat,Joel L. Gill,67
Scott,Beat 4 / Ludlow,US HOUSE,3,Republican,Gregg Harper,179
Scott,Beat 4 / Ludlow,US HOUSE,3,Reform,Tracella Lau O'Hara Hill,2
Scott,Beat 4 / Clifton,US HOUSE,3,Democrat,Joel L. Gill,11
Scott,Beat 4 / Clifton,US HOUSE,3,Republican,Gregg Harper,30
Scott,Beat 4 / Clifton,US HOUSE,3,Reform,Tracella Lau O'Hara Hill,0
Scott,Beat 4 / Contrell,US HOUSE,3,Democrat,Joel L. Gill,95
Scott,Beat 4 / Contrell,US HOUSE,3,Republican,Gregg Harper,69
Scott,Beat 4 / Contrell,US HOUSE,3,Reform,Tracella Lau O'Hara Hill,1
Scott,Beat 5 / Northeast Forest,US HOUSE,3,Democrat,Joel L. Gill,25
Scott,Beat 5 / Northeast Forest,US HOUSE,3,Republican,Gregg Harper,296
Scott,Beat 5 / Northeast Forest,US HOUSE,3,Reform,Tracella Lau O'Hara Hill,2
Scott,Beat 5 / Salem,US HOUSE,3,Democrat,Joel L. Gill,112
Scott,Beat 5 / Salem,US HOUSE,3,Republican,Gregg Harper,125
Scott,Beat 5 / Salem,US HOUSE,3,Reform,Tracella Lau O'Hara Hill,2
Scott,Beat 5 / Sebastopol,US HOUSE,3,Democrat,Joel L. Gill,9
Scott,Beat 5 / Sebastopol,US HOUSE,3,Republican,Gregg Harper,203
Scott,Beat 5 / Sebastopol,US HOUSE,3,Reform,Tracella Lau O'Hara Hill,3
Scott,Beat 5 / Steele,US HOUSE,3,Democrat,Joel L. Gill,158
Scott,Beat 5 / Steele,US HOUSE,3,Republican,Gregg Harper,112
Scott,Beat 5 / Steele,US HOUSE,3,Reform,Tracella Lau O'Hara Hill,2
Scott,Beat 5 / Langs Mill,US HOUSE,3,Democrat,Joel L. Gill,80
Scott,Beat 5 / Langs Mill,US HOUSE,3,Republican,Gregg Harper,215
Scott,Beat 5 / Langs Mill,US HOUSE,3,Reform,Tracella Lau O'Hara Hill,1
Scott,TOTAL,US HOUSE,3,Democrat,Joel L. Gill,2187
Scott,TOTAL,US HOUSE,3,Republican,Gregg Harper,3665
Scott,TOTAL,US HOUSE,3,Reform,Tracella Lau O'Hara Hill,33
Sharkey,Rolling Fork First District,US HOUSE,2,Republican,Bill Marcy,208
Sharkey,Rolling Fork First District,US HOUSE,2,Reform,Ashley Norwood,2
Sharkey,Rolling Fork First District,US HOUSE,2,Democrat,Bennie G. Thompson,170
Sharkey,Spanish Fort First District,US HOUSE,2,Republican,Bill Marcy,31
Sharkey,Spanish Fort First District,US HOUSE,2,Reform,Ashley Norwood,2
Sharkey,Spanish Fort First District,US HOUSE,2,Democrat,Bennie G. Thompson,6
Sharkey,Cary Second District,US HOUSE,2,Republican,Bill Marcy,76
Sharkey,Cary Second District,US HOUSE,2,Reform,Ashley Norwood,2
Sharkey,Cary Second District,US HOUSE,2,Democrat,Bennie G. Thompson,154
Sharkey,Rolling Fork Second District,US HOUSE,2,Republican,Bill Marcy,1
Sharkey,Rolling Fork Second District,US HOUSE,2,Reform,Ashley Norwood,0
Sharkey,Rolling Fork Second District,US HOUSE,2,Democrat,Bennie G. Thompson,22
Sharkey,Rolling Fork Third District,US HOUSE,2,Republican,Bill Marcy,20
Sharkey,Rolling Fork Third District,US HOUSE,2,Reform,Ashley Norwood,2
Sharkey,Rolling Fork Third District,US HOUSE,2,Democrat,Bennie G. Thompson,290
Sharkey,Anguilla Fourth District,US HOUSE,2,Republican,Bill Marcy,114
Sharkey,Anguilla Fourth District,US HOUSE,2,Reform,Ashley Norwood,0
Sharkey,Anguilla Fourth District,US HOUSE,2,Democrat,Bennie G. Thompson,133
Sharkey,Rolling Fork Fourth District,US HOUSE,2,Republican,Bill Marcy,2
Sharkey,Rolling Fork Fourth District,US HOUSE,2,Reform,Ashley Norwood,0
Sharkey,Rolling Fork Fourth District,US HOUSE,2,Democrat,Bennie G. Thompson,41
Sharkey,Straight Bayou Fourth District,US HOUSE,2,Republican,Bill Marcy,28
Sharkey,Straight Bayou Fourth District,US HOUSE,2,Reform,Ashley Norwood,0
Sharkey,Straight Bayou Fourth District,US HOUSE,2,Democrat,Bennie G. Thompson,17
Sharkey,Anguilla Fifth District,US HOUSE,2,Republican,Bill Marcy,4
Sharkey,Anguilla Fifth District,US HOUSE,2,Reform,Ashley Norwood,0
Sharkey,Anguilla Fifth District,US HOUSE,2,Democrat,Bennie G. Thompson,126
Sharkey,Delta City Fifth District,US HOUSE,2,Republican,Bill Marcy,71
Sharkey,Delta City Fifth District,US HOUSE,2,Reform,Ashley Norwood,2
Sharkey,Delta City Fifth District,US HOUSE,2,Democrat,Bennie G. Thompson,91
Sharkey,TOTAL,US HOUSE,2,Republican,Bill Marcy,555
Sharkey,TOTAL,US HOUSE,2,Reform,Ashley Norwood,10
Sharkey,TOTAL,US HOUSE,2,Democrat,Bennie G. Thompson,1050
Simpson,Mendenhall 1,US HOUSE,3,Democrat,Joel L. Gill,120
Simpson,Mendenhall 1,US HOUSE,3,Republican,Gregg Harper,53
Simpson,Mendenhall 1,US HOUSE,3,Reform,Tracella Lau O'Hara Hill,3
Simpson,Magee 1,US HOUSE,3,Democrat,Joel L. Gill,241
Simpson,Magee 1,US HOUSE,3,Republican,Gregg Harper,62
Simpson,Magee 1,US HOUSE,3,Reform,Tracella Lau O'Hara Hill,3
Simpson,Weathersby,US HOUSE,3,Democrat,Joel L. Gill,295
Simpson,Weathersby,US HOUSE,3,Republican,Gregg Harper,90
Simpson,Weathersby,US HOUSE,3,Reform,Tracella Lau O'Hara Hill,3
Simpson,Jupiter,US HOUSE,3,Democrat,Joel L. Gill,200
Simpson,Jupiter,US HOUSE,3,Republican,Gregg Harper,109
Simpson,Jupiter,US HOUSE,3,Reform,Tracella Lau O'Hara Hill,1
Simpson,Magee 2,US HOUSE,3,Democrat,Joel L. Gill,91
Simpson,Magee 2,US HOUSE,3,Republican,Gregg Harper,503
Simpson,Magee 2,US HOUSE,3,Reform,Tracella Lau O'Hara Hill,1
Simpson,Oak Grove,US HOUSE,3,Democrat,Joel L. Gill,153
Simpson,Oak Grove,US HOUSE,3,Republican,Gregg Harper,160
Simpson,Oak Grove,US HOUSE,3,Reform,Tracella Lau O'Hara Hill,1
Simpson,Bowie,US HOUSE,3,Democrat,Joel L. Gill,54
Simpson,Bowie,US HOUSE,3,Republican,Gregg Harper,115
Simpson,Bowie,US HOUSE,3,Reform,Tracella Lau O'Hara Hill,3
Simpson,New Hope,US HOUSE,3,Democrat,Joel L. Gill,71
Simpson,New Hope,US HOUSE,3,Republican,Gregg Harper,72
Simpson,New Hope,US HOUSE,3,Reform,Tracella Lau O'Hara Hill,2
Simpson,Saratoga,US HOUSE,3,Democrat,Joel L. Gill,104
Simpson,Saratoga,US HOUSE,3,Republican,Gregg Harper,75
Simpson,Saratoga,US HOUSE,3,Reform,Tracella Lau O'Hara Hill,2
Simpson,Mendenhall 3,US HOUSE,3,Democrat,Joel L. Gill,50
Simpson,Mendenhall 3,US HOUSE,3,Republican,Gregg Harper,511
Simpson,Mendenhall 3,US HOUSE,3,Reform,Tracella Lau O'Hara Hill,3
Simpson,Sumrall,US HOUSE,3,Democrat,Joel L. Gill,53
Simpson,Sumrall,US HOUSE,3,Republican,Gregg Harper,179
Simpson,Sumrall,US HOUSE,3,Reform,Tracella Lau O'Hara Hill,3
Simpson,D'Lo,US HOUSE,3,Democrat,Joel L. Gill,37
Simpson,D'Lo,US HOUSE,3,Republican,Gregg Harper,149
Simpson,D'Lo,US HOUSE,3,Reform,Tracella Lau O'Hara Hill,2
Simpson,Dry Creek,US HOUSE,3,Democrat,Joel L. Gill,33
Simpson,Dry Creek,US HOUSE,3,Republican,Gregg Harper,308
Simpson,Dry Creek,US HOUSE,3,Reform,Tracella Lau O'Hara Hill,2
Simpson,Magee 4 North,US HOUSE,3,Democrat,Joel L. Gill,41
Simpson,Magee 4 North,US HOUSE,3,Republican,Gregg Harper,284
Simpson,Magee 4 North,US HOUSE,3,Reform,Tracella Lau O'Hara Hill,0
Simpson,Magee 4 South,US HOUSE,3,Democrat,Joel L. Gill,91
Simpson,Magee 4 South,US HOUSE,3,Republican,Gregg Harper,405
Simpson,Magee 4 South,US HOUSE,3,Reform,Tracella Lau O'Hara Hill,4
Simpson,Shivers,US HOUSE,3,Democrat,Joel L. Gill,89
Simpson,Shivers,US HOUSE,3,Republican,Gregg Harper,106
Simpson,Shivers,US HOUSE,3,Reform,Tracella Lau O'Hara Hill,0
Simpson,Bridgeport,US HOUSE,3,Democrat,Joel L. Gill,102
Simpson,Bridgeport,US HOUSE,3,Republican,Gregg Harper,58
Simpson,Bridgeport,US HOUSE,3,Reform,Tracella Lau O'Hara Hill,0
Simpson,Pinola,US HOUSE,3,Democrat,Joel L. Gill,64
Simpson,Pinola,US HOUSE,3,Republican,Gregg Harper,121
Simpson,Pinola,US HOUSE,3,Reform,Tracella Lau O'Hara Hill,1
Simpson,Braxton,US HOUSE,3,Democrat,Joel L. Gill,31
Simpson,Braxton,US HOUSE,3,Republican,Gregg Harper,400
Simpson,Braxton,US HOUSE,3,Reform,Tracella Lau O'Hara Hill,4
Simpson,Harrisville,US HOUSE,3,Democrat,Joel L. Gill,56
Simpson,Harrisville,US HOUSE,3,Republican,Gregg Harper,345
Simpson,Harrisville,US HOUSE,3,Reform,Tracella Lau O'Hara Hill,1
Simpson,Merit,US HOUSE,3,Democrat,Joel L. Gill,47
Simpson,Merit,US HOUSE,3,Republican,Gregg Harper,346
Simpson,Merit,US HOUSE,3,Reform,Tracella Lau O'Hara Hill,1
Simpson,Fork Church,US HOUSE,3,Democrat,Joel L. Gill,157
Simpson,Fork Church,US HOUSE,3,Republican,Gregg Harper,59
Simpson,Fork Church,US HOUSE,3,Reform,Tracella Lau O'Hara Hill,0
Simpson,Pearl,US HOUSE,3,Democrat,Joel L. Gill,45
Simpson,Pearl,US HOUSE,3,Republican,Gregg Harper,230
Simpson,Pearl,US HOUSE,3,Reform,Tracella Lau O'Hara Hill,0
Simpson,TOTAL,US HOUSE,3,Democrat,Joel L. Gill,2225
Simpson,TOTAL,US HOUSE,3,Republican,Gregg Harper,4740
Simpson,TOTAL,US HOUSE,3,Reform,Tracella Lau O'Hara Hill,40
Smith,Ag-Complex,US HOUSE,3,Democrat,Joel L. Gill,33
Smith,Ag-Complex,US HOUSE,3,Republican,Gregg Harper,319
Smith,Ag-Complex,US HOUSE,3,Reform,Tracella Lau O'Hara Hill,5
Smith,Center Ridge,US HOUSE,3,Democrat,Joel L. Gill,21
Smith,Center Ridge,US HOUSE,3,Republican,Gregg Harper,253
Smith,Center Ridge,US HOUSE,3,Reform,Tracella Lau O'Hara Hill,5
Smith,Mize,US HOUSE,3,Democrat,Joel L. Gill,14
Smith,Mize,US HOUSE,3,Republican,Gregg Harper,268
Smith,Mize,US HOUSE,3,Reform,Tracella Lau O'Hara Hill,1
Smith,Sylvarena,US HOUSE,3,Democrat,Joel L. Gill,19
Smith,Sylvarena,US HOUSE,3,Republican,Gregg Harper,111
Smith,Sylvarena,US HOUSE,3,Reform,Tracella Lau O'Hara Hill,2
Smith,Cedar Grove,US HOUSE,3,Democrat,Joel L. Gill,43
Smith,Cedar Grove,US HOUSE,3,Republican,Gregg Harper,70
Smith,Cedar Grove,US HOUSE,3,Reform,Tracella Lau O'Hara Hill,0
Smith,Summerland,US HOUSE,3,Democrat,Joel L. Gill,243
Smith,Summerland,US HOUSE,3,Republican,Gregg Harper,180
Smith,Summerland,US HOUSE,3,Reform,Tracella Lau O'Hara Hill,3
Smith,Union-New Home,US HOUSE,3,Democrat,Joel L. Gill,112
Smith,Union-New Home,US HOUSE,3,Republican,Gregg Harper,223
Smith,Union-New Home,US HOUSE,3,Reform,Tracella Lau O'Hara Hill,2
Smith,Warren Hill,US HOUSE,3,Democrat,Joel L. Gill,205
Smith,Warren Hill,US HOUSE,3,Republican,Gregg Harper,24
Smith,Warren Hill,US HOUSE,3,Reform,Tracella Lau O'Hara Hill,1
Smith,Taylorsville,US HOUSE,3,Democrat,Joel L. Gill,51
Smith,Taylorsville,US HOUSE,3,Republican,Gregg Harper,563
Smith,Taylorsville,US HOUSE,3,Reform,Tracella Lau O'Hara Hill,0
Smith,Zion Hill - New Haven,US HOUSE,3,Democrat,Joel L. Gill,85
Smith,Zion Hill - New Haven,US HOUSE,3,Republican,Gregg Harper,380
Smith,Zion Hill - New Haven,US HOUSE,3,Reform,Tracella Lau O'Hara Hill,6
Smith,Polkville - 77,US HOUSE,3,Democrat,Joel L. Gill,21
Smith,Polkville - 77,US HOUSE,3,Republican,Gregg Harper,183
Smith,Polkville - 77,US HOUSE,3,Reform,Tracella Lau O'Hara Hill,4
Smith,Polkville - 79,US HOUSE,3,Democrat,Joel L. Gill,9
Smith,Polkville - 79,US HOUSE,3,Republican,Gregg Harper,60
Smith,Polkville - 79,US HOUSE,3,Reform,Tracella Lau O'Hara Hill,0
Smith,Shady Grove,US HOUSE,3,Democrat,Joel L. Gill,19
Smith,Shady Grove,US HOUSE,3,Republican,Gregg Harper,276
Smith,Shady Grove,US HOUSE,3,Reform,Tracella Lau O'Hara Hill,1
Smith,West Raleigh,US HOUSE,3,Democrat,Joel L. Gill,29
Smith,West Raleigh,US HOUSE,3,Republican,Gregg Harper,227
Smith,West Raleigh,US HOUSE,3,Reform,Tracella Lau O'Hara Hill,4
Smith,White Oak,US HOUSE,3,Democrat,Joel L. Gill,16
Smith,White Oak,US HOUSE,3,Republican,Gregg Harper,214
Smith,White Oak,US HOUSE,3,Reform,Tracella Lau O'Hara Hill,0
Smith,Burns,US HOUSE,3,Democrat,Joel L. Gill,41
Smith,Burns,US HOUSE,3,Republican,Gregg Harper,113
Smith,Burns,US HOUSE,3,Reform,Tracella Lau O'Hara Hill,0
Smith,Clear Springs - Pineville,US HOUSE,3,Democrat,Joel L. Gill,11
Smith,Clear Springs - Pineville,US HOUSE,3,Republican,Gregg Harper,152
Smith,Clear Springs - Pineville,US HOUSE,3,Reform,Tracella Lau O'Hara Hill,1
Smith,Lorena - Spinola,US HOUSE,3,Democrat,Joel L. Gill,19
Smith,Lorena - Spinola,US HOUSE,3,Republican,Gregg Harper,156
Smith,Lorena - Spinola,US HOUSE,3,Reform,Tracella Lau O'Hara Hill,2
Smith,North Raleigh,US HOUSE,3,Democrat,Joel L. Gill,147
Smith,North Raleigh,US HOUSE,3,Republican,Gregg Harper,322
Smith,North Raleigh,US HOUSE,3,Reform,Tracella Lau O'Hara Hill,6
Smith,TOTAL,US HOUSE,3,Democrat,Joel L. Gill,1138
Smith,TOTAL,US HOUSE,3,Republican,Gregg Harper,4094
Smith,TOTAL,US HOUSE,3,Reform,Tracella Lau O'Hara Hill,43
Stone,Bond,US HOUSE,04,Libertarian,Kenneth 'Tim' Hampton,0
Stone,Bond,US HOUSE,04,Republican,Steven Palazzo,47
Stone,Bond,US HOUSE,04,Reform,Anna Jewel Revies,1
Stone,Bond,US HOUSE,04,Democrat,Gene Taylor,39
Stone,Old Hospital,US HOUSE,04,Libertarian,Kenneth 'Tim' Hampton,9
Stone,Old Hospital,US HOUSE,04,Republican,Steven Palazzo,207
Stone,Old Hospital,US HOUSE,04,Reform,Anna Jewel Revies,2
Stone,Old Hospital,US HOUSE,04,Democrat,Gene Taylor,179
Stone,Courthouse,US HOUSE,04,Libertarian,Kenneth 'Tim' Hampton,3
Stone,Courthouse,US HOUSE,04,Republican,Steven Palazzo,146
Stone,Courthouse,US HOUSE,04,Reform,Anna Jewel Revies,1
Stone,Courthouse,US HOUSE,04,Democrat,Gene Taylor,171
Stone,American Legion,US HOUSE,04,Libertarian,Kenneth 'Tim' Hampton,1
Stone,American Legion,US HOUSE,04,Republican,Steven Palazzo,82
Stone,American Legion,US HOUSE,04,Reform,Anna Jewel Revies,1
Stone,American Legion,US HOUSE,04,Democrat,Gene Taylor,265
Stone,Project Road,US HOUSE,04,Libertarian,Kenneth 'Tim' Hampton,9
Stone,Project Road,US HOUSE,04,Republican,Steven Palazzo,89
Stone,Project Road,US HOUSE,04,Reform,Anna Jewel Revies,1
Stone,Project Road,US HOUSE,04,Democrat,Gene Taylor,336
Stone,Perkinston,US HOUSE,04,Libertarian,Kenneth 'Tim' Hampton,0
Stone,Perkinston,US HOUSE,04,Republican,Steven Palazzo,97
Stone,Perkinston,US HOUSE,04,Reform,Anna Jewel Revies,0
Stone,Perkinston,US HOUSE,04,Democrat,Gene Taylor,128
Stone,Magnolia,US HOUSE,04,Libertarian,Kenneth 'Tim' Hampton,7
Stone,Magnolia,US HOUSE,04,Republican,Steven Palazzo,140
Stone,Magnolia,US HOUSE,04,Reform,Anna Jewel Revies,0
Stone,Magnolia,US HOUSE,04,Democrat,Gene Taylor,134
Stone,Mchenry Library,US HOUSE,04,Libertarian,Kenneth 'Tim' Hampton,1
Stone,Mchenry Library,US HOUSE,04,Republican,Steven Palazzo,123
Stone,Mchenry Library,US HOUSE,04,Reform,Anna Jewel Revies,4
Stone,Mchenry Library,US HOUSE,04,Democrat,Gene Taylor,133
Stone,Elarbee,US HOUSE,04,Libertarian,Kenneth 'Tim' Hampton,2
Stone,Elarbee,US HOUSE,04,Republican,Steven Palazzo,146
Stone,Elarbee,US HOUSE,04,Reform,Anna Jewel Revies,0
Stone,Elarbee,US HOUSE,04,Democrat,Gene Taylor,129
Stone,Tuxechana,US HOUSE,04,Libertarian,Kenneth 'Tim' Hampton,2
Stone,Tuxechana,US HOUSE,04,Republican,Steven Palazzo,335
Stone,Tuxechana,US HOUSE,04,Reform,Anna Jewel Revies,4
Stone,Tuxechana,US HOUSE,04,Democrat,Gene Taylor,308
Stone,Ten Mile,US HOUSE,04,Libertarian,Kenneth 'Tim' Hampton,0
Stone,Ten Mile,US HOUSE,04,Republican,Steven Palazzo,121
Stone,Ten Mile,US HOUSE,04,Reform,Anna Jewel Revies,1
Stone,Ten Mile,US HOUSE,04,Democrat,Gene Taylor,122
Stone,Mchenry Fire Station,US HOUSE,04,Libertarian,Kenneth 'Tim' Hampton,3
Stone,Mchenry Fire Station,US HOUSE,04,Republican,Steven Palazzo,182
Stone,Mchenry Fire Station,US HOUSE,04,Reform,Anna Jewel Revies,1
Stone,Mchenry Fire Station,US HOUSE,04,Democrat,Gene Taylor,154
Stone,Flint Creek,US HOUSE,04,Libertarian,Kenneth 'Tim' Hampton,0
Stone,Flint Creek,US HOUSE,04,Republican,Steven Palazzo,300
Stone,Flint Creek,US HOUSE,04,Reform,Anna Jewel Revies,3
Stone,Flint Creek,US HOUSE,04,Democrat,Gene Taylor,285
Stone,Big Level,US HOUSE,04,Libertarian,Kenneth 'Tim' Hampton,3
Stone,Big Level,US HOUSE,04,Republican,Steven Palazzo,230
Stone,Big Level,US HOUSE,04,Reform,Anna Jewel Revies,2
Stone,Big Level,US HOUSE,04,Democrat,Gene Taylor,204
Stone,Pleasant Hill,US HOUSE,04,Libertarian,Kenneth 'Tim' Hampton,1
Stone,Pleasant Hill,US HOUSE,04,Republican,Steven Palazzo,57
Stone,Pleasant Hill,US HOUSE,04,Reform,Anna Jewel Revies,1
Stone,Pleasant Hill,US HOUSE,04,Democrat,Gene Taylor,74
Stone,TOTAL,US HOUSE,04,Libertarian,Kenneth 'Tim' Hampton,41
Stone,TOTAL,US HOUSE,04,Republican,Steven Palazzo,2302
Stone,TOTAL,US HOUSE,04,Reform,Anna Jewel Revies,22
Stone,TOTAL,US HOUSE,04,Democrat,Gene Taylor,2661
Sunflower,11-Inverness,US HOUSE,2,Republican,Bill Marcy,286
Sunflower,11-Inverness,US HOUSE,2,Reform,Ashley Norwood,4
Sunflower,11-Inverness,US HOUSE,2,Democrat,Bennie G. Thompson,183
Sunflower,22-Indianola #2 East,US HOUSE,2,Republican,Bill Marcy,13
Sunflower,22-Indianola #2 East,US HOUSE,2,Reform,Ashley Norwood,2
Sunflower,22-Indianola #2 East,US HOUSE,2,Democrat,Bennie G. Thompson,836
Sunflower,33- Indianola #3 Northeast,US HOUSE,2,Republican,Bill Marcy,151
Sunflower,33- Indianola #3 Northeast,US HOUSE,2,Reform,Ashley Norwood,3
Sunflower,33- Indianola #3 Northeast,US HOUSE,2,Democrat,Bennie G. Thompson,57
Sunflower,12-Moorhead,US HOUSE,2,Republican,Bill Marcy,106
Sunflower,12-Moorhead,US HOUSE,2,Reform,Ashley Norwood,2
Sunflower,12-Moorhead,US HOUSE,2,Democrat,Bennie G. Thompson,385
Sunflower,34-Sunflower 3,US HOUSE,2,Republican,Bill Marcy,22
Sunflower,34-Sunflower 3,US HOUSE,2,Reform,Ashley Norwood,1
Sunflower,34-Sunflower 3,US HOUSE,2,Democrat,Bennie G. Thompson,10
Sunflower,31- Indianola #3 South,US HOUSE,2,Republican,Bill Marcy,395
Sunflower,31- Indianola #3 South,US HOUSE,2,Reform,Ashley Norwood,4
Sunflower,31- Indianola #3 South,US HOUSE,2,Democrat,Bennie G. Thompson,223
Sunflower,41-Fairview -Hale,US HOUSE,2,Republican,Bill Marcy,48
Sunflower,41-Fairview -Hale,US HOUSE,2,Reform,Ashley Norwood,0
Sunflower,41-Fairview -Hale,US HOUSE,2,Democrat,Bennie G. Thompson,12
Sunflower,32-Indianola # 3 North,US HOUSE,2,Republican,Bill Marcy,121
Sunflower,32-Indianola # 3 North,US HOUSE,2,Reform,Ashley Norwood,1
Sunflower,32-Indianola # 3 North,US HOUSE,2,Democrat,Bennie G. Thompson,60
Sunflower,44-Ruleville,US HOUSE,2,Republican,Bill Marcy,102
Sunflower,44-Ruleville,US HOUSE,2,Reform,Ashley Norwood,4
Sunflower,44-Ruleville,US HOUSE,2,Democrat,Bennie G. Thompson,439
Sunflower,43-Doddsville,US HOUSE,2,Republican,Bill Marcy,20
Sunflower,43-Doddsville,US HOUSE,2,Reform,Ashley Norwood,0
Sunflower,43-Doddsville,US HOUSE,2,Democrat,Bennie G. Thompson,60
Sunflower,42-Boyer-Linn,US HOUSE,2,Republican,Bill Marcy,111
Sunflower,42-Boyer-Linn,US HOUSE,2,Reform,Ashley Norwood,2
Sunflower,42-Boyer-Linn,US HOUSE,2,Democrat,Bennie G. Thompson,114
Sunflower,52-Sunflower Plantation,US HOUSE,2,Republican,Bill Marcy,54
Sunflower,52-Sunflower Plantation,US HOUSE,2,Reform,Ashley Norwood,2
Sunflower,52-Sunflower Plantation,US HOUSE,2,Democrat,Bennie G. Thompson,9
Sunflower,53-Rome,US HOUSE,2,Republican,Bill Marcy,47
Sunflower,53-Rome,US HOUSE,2,Reform,Ashley Norwood,4
Sunflower,53-Rome,US HOUSE,2,Democrat,Bennie G. Thompson,54
Sunflower,54-Drew,US HOUSE,2,Republican,Bill Marcy,197
Sunflower,54-Drew,US HOUSE,2,Reform,Ashley Norwood,6
Sunflower,54-Drew,US HOUSE,2,Democrat,Bennie G. Thompson,384
Sunflower,51-Ruleville North,US HOUSE,2,Republican,Bill Marcy,109
Sunflower,51-Ruleville North,US HOUSE,2,Reform,Ashley Norwood,3
Sunflower,51-Ruleville North,US HOUSE,2,Democrat,Bennie G. Thompson,69
Sunflower,45-Sunflower 4,US HOUSE,2,Republican,Bill Marcy,54
Sunflower,45-Sunflower 4,US HOUSE,2,Reform,Ashley Norwood,9
Sunflower,45-Sunflower 4,US HOUSE,2,Democrat,Bennie G. Thompson,191
Sunflower,21-Indianola # 2 West,US HOUSE,2,Republican,Bill Marcy,140
Sunflower,21-Indianola # 2 West,US HOUSE,2,Reform,Ashley Norwood,5
Sunflower,21-Indianola # 2 West,US HOUSE,2,Democrat,Bennie G. Thompson,176
Sunflower,13-Indianola #1 Southeast,US HOUSE,2,Republican,Bill Marcy,1
Sunflower,13-Indianola #1 Southeast,US HOUSE,2,Reform,Ashley Norwood,1
Sunflower,13-Indianola #1 Southeast,US HOUSE,2,Democrat,Bennie G. Thompson,238
Sunflower,TOTAL,US HOUSE,2,Republican,Bill Marcy,1977
Sunflower,TOTAL,US HOUSE,2,Reform,Ashley Norwood,53
Sunflower,TOTAL,US HOUSE,2,Democrat,Bennie G. Thompson,3500
Tallahatchie,Teasdale,US HOUSE,2,Republican,Bill Marcy,147
Tallahatchie,Teasdale,US HOUSE,2,Democrat,Bennie G. Thompson,47
Tallahatchie,Teasdale,US HOUSE,2,Reform,Ashley Norwood,7
Tallahatchie,Enid,US HOUSE,2,Republican,Bill Marcy,82
Tallahatchie,Enid,US HOUSE,2,Democrat,Bennie G. Thompson,74
Tallahatchie,Enid,US HOUSE,2,Reform,Ashley Norwood,6
Tallahatchie,Springhill,US HOUSE,2,Republican,Bill Marcy,73
Tallahatchie,Springhill,US HOUSE,2,Democrat,Bennie G. Thompson,26
Tallahatchie,Springhill,US HOUSE,2,Reform,Ashley Norwood,4
Tallahatchie,Charleston Beat # 1,US HOUSE,2,Republican,Bill Marcy,178
Tallahatchie,Charleston Beat # 1,US HOUSE,2,Democrat,Bennie G. Thompson,235
Tallahatchie,Charleston Beat # 1,US HOUSE,2,Reform,Ashley Norwood,8
Tallahatchie,Charleston Beat # 2,US HOUSE,2,Republican,Bill Marcy,188
Tallahatchie,Charleston Beat # 2,US HOUSE,2,Democrat,Bennie G. Thompson,331
Tallahatchie,Charleston Beat # 2,US HOUSE,2,Reform,Ashley Norwood,5
Tallahatchie,Brazil,US HOUSE,2,Republican,Bill Marcy,6
Tallahatchie,Brazil,US HOUSE,2,Democrat,Bennie G. Thompson,18
Tallahatchie,Brazil,US HOUSE,2,Reform,Ashley Norwood,1
Tallahatchie,Webb Beat # 2,US HOUSE,2,Republican,Bill Marcy,8
Tallahatchie,Webb Beat # 2,US HOUSE,2,Democrat,Bennie G. Thompson,56
Tallahatchie,Webb Beat # 2,US HOUSE,2,Reform,Ashley Norwood,0
Tallahatchie,Sumner Beat # 2,US HOUSE,2,Republican,Bill Marcy,115
Tallahatchie,Sumner Beat # 2,US HOUSE,2,Democrat,Bennie G. Thompson,11
Tallahatchie,Sumner Beat # 2,US HOUSE,2,Reform,Ashley Norwood,0
Tallahatchie,Charleston Beat # 3,US HOUSE,2,Republican,Bill Marcy,90
Tallahatchie,Charleston Beat # 3,US HOUSE,2,Democrat,Bennie G. Thompson,130
Tallahatchie,Charleston Beat # 3,US HOUSE,2,Reform,Ashley Norwood,4
Tallahatchie,Paynes,US HOUSE,2,Republican,Bill Marcy,128
Tallahatchie,Paynes,US HOUSE,2,Democrat,Bennie G. Thompson,98
Tallahatchie,Paynes,US HOUSE,2,Reform,Ashley Norwood,11
Tallahatchie,Leverette,US HOUSE,2,Republican,Bill Marcy,72
Tallahatchie,Leverette,US HOUSE,2,Democrat,Bennie G. Thompson,49
Tallahatchie,Leverette,US HOUSE,2,Reform,Ashley Norwood,5
Tallahatchie,Cascilla,US HOUSE,2,Republican,Bill Marcy,70
Tallahatchie,Cascilla,US HOUSE,2,Democrat,Bennie G. Thompson,39
Tallahatchie,Cascilla,US HOUSE,2,Reform,Ashley Norwood,6
Tallahatchie,Murphreesboro,US HOUSE,2,Republican,Bill Marcy,106
Tallahatchie,Murphreesboro,US HOUSE,2,Democrat,Bennie G. Thompson,22
Tallahatchie,Murphreesboro,US HOUSE,2,Reform,Ashley Norwood,8
Tallahatchie,Rosebloom,US HOUSE,2,Republican,Bill Marcy,67
Tallahatchie,Rosebloom,US HOUSE,2,Democrat,Bennie G. Thompson,4
Tallahatchie,Rosebloom,US HOUSE,2,Reform,Ashley Norwood,2
Tallahatchie,Tippo,US HOUSE,2,Republican,Bill Marcy,60
Tallahatchie,Tippo,US HOUSE,2,Democrat,Bennie G. Thompson,101
Tallahatchie,Tippo,US HOUSE,2,Reform,Ashley Norwood,2
Tallahatchie,Phillip,US HOUSE,2,Republican,Bill Marcy,30
Tallahatchie,Phillip,US HOUSE,2,Democrat,Bennie G. Thompson,62
Tallahatchie,Phillip,US HOUSE,2,Reform,Ashley Norwood,2
Tallahatchie,Glendora,US HOUSE,2,Republican,Bill Marcy,28
Tallahatchie,Glendora,US HOUSE,2,Democrat,Bennie G. Thompson,274
Tallahatchie,Glendora,US HOUSE,2,Reform,Ashley Norwood,1
Tallahatchie,Webb Beat # 4,US HOUSE,2,Republican,Bill Marcy,28
Tallahatchie,Webb Beat # 4,US HOUSE,2,Democrat,Bennie G. Thompson,42
Tallahatchie,Webb Beat # 4,US HOUSE,2,Reform,Ashley Norwood,1
Tallahatchie,Blue Cane,US HOUSE,2,Republican,Bill Marcy,7
Tallahatchie,Blue Cane,US HOUSE,2,Democrat,Bennie G. Thompson,8
Tallahatchie,Blue Cane,US HOUSE,2,Reform,Ashley Norwood,1
Tallahatchie,Webb Beat # 5,US HOUSE,2,Republican,Bill Marcy,14
Tallahatchie,Webb Beat # 5,US HOUSE,2,Democrat,Bennie G. Thompson,203
Tallahatchie,Webb Beat # 5,US HOUSE,2,Reform,Ashley Norwood,2
Tallahatchie,Sumner Beat # 5,US HOUSE,2,Republican,Bill Marcy,37
Tallahatchie,Sumner Beat # 5,US HOUSE,2,Democrat,Bennie G. Thompson,80
Tallahatchie,Sumner Beat # 5,US HOUSE,2,Reform,Ashley Norwood,2
Tallahatchie,Tutwiler,US HOUSE,2,Republican,Bill Marcy,43
Tallahatchie,Tutwiler,US HOUSE,2,Democrat,Bennie G. Thompson,292
Tallahatchie,Tutwiler,US HOUSE,2,Reform,Ashley Norwood,3
Tallahatchie,TOTAL,US HOUSE,2,Republican,Bill Marcy,1577
Tallahatchie,TOTAL,US HOUSE,2,Democrat,Bennie G. Thompson,2202
Tallahatchie,TOTAL,US HOUSE,2,Reform,Ashley Norwood,81
Tate,Arkabutla,US HOUSE,01,Democrat,Travis W. Childers,203
Tate,Arkabutla,US HOUSE,01,Republican,Alan Nunnelee,204
Tate,Arkabutla,US HOUSE,01,Independent,A G Baddley,9
Tate,Arkabutla,US HOUSE,01,Constitution,Gail Giaramita,11
Tate,Arkabutla,US HOUSE,01,Independent,Les Green,5
Tate,Arkabutla,US HOUSE,01,Independent,Rick 'Rico' Hoskins,2
Tate,Arkabutla,US HOUSE,01,Independent,Wally Pang,1
Tate,Arkabutla,US HOUSE,01,Libertarian,Harold M. Taylor,3
Tate,Arkabutla,US HOUSE,01,Reform,Barbara Dale Washer,1
Tate,Coldwater 3,US HOUSE,01,Democrat,Travis W. Childers,560
Tate,Coldwater 3,US HOUSE,01,Republican,Alan Nunnelee,255
Tate,Coldwater 3,US HOUSE,01,Independent,A G Baddley,4
Tate,Coldwater 3,US HOUSE,01,Constitution,Gail Giaramita,5
Tate,Coldwater 3,US HOUSE,01,Independent,Les Green,15
Tate,Coldwater 3,US HOUSE,01,Independent,Rick 'Rico' Hoskins,1
Tate,Coldwater 3,US HOUSE,01,Independent,Wally Pang,3
Tate,Coldwater 3,US HOUSE,01,Libertarian,Harold M. Taylor,0
Tate,Coldwater 3,US HOUSE,01,Reform,Barbara Dale Washer,2
Tate,Evansville,US HOUSE,01,Democrat,Travis W. Childers,28
Tate,Evansville,US HOUSE,01,Republican,Alan Nunnelee,61
Tate,Evansville,US HOUSE,01,Independent,A G Baddley,0
Tate,Evansville,US HOUSE,01,Constitution,Gail Giaramita,0
Tate,Evansville,US HOUSE,01,Independent,Les Green,1
Tate,Evansville,US HOUSE,01,Independent,Rick 'Rico' Hoskins,0
Tate,Evansville,US HOUSE,01,Independent,Wally Pang,0
Tate,Evansville,US HOUSE,01,Libertarian,Harold M. Taylor,1
Tate,Evansville,US HOUSE,01,Reform,Barbara Dale Washer,1
Tate,Independence,US HOUSE,01,Democrat,Travis W. Childers,334
Tate,Independence,US HOUSE,01,Republican,Alan Nunnelee,452
Tate,Independence,US HOUSE,01,Independent,A G Baddley,12
Tate,Independence,US HOUSE,01,Constitution,Gail Giaramita,3
Tate,Independence,US HOUSE,01,Independent,Les Green,11
Tate,Independence,US HOUSE,01,Independent,Rick 'Rico' Hoskins,4
Tate,Independence,US HOUSE,01,Independent,Wally Pang,2
Tate,Independence,US HOUSE,01,Libertarian,Harold M. Taylor,2
Tate,Independence,US HOUSE,01,Reform,Barbara Dale Washer,1
Tate,Looxahoma,US HOUSE,01,Democrat,Travis W. Childers,211
Tate,Looxahoma,US HOUSE,01,Republican,Alan Nunnelee,263
Tate,Looxahoma,US HOUSE,01,Independent,A G Baddley,7
Tate,Looxahoma,US HOUSE,01,Constitution,Gail Giaramita,1
Tate,Looxahoma,US HOUSE,01,Independent,Les Green,9
Tate,Looxahoma,US HOUSE,01,Independent,Rick 'Rico' Hoskins,1
Tate,Looxahoma,US HOUSE,01,Independent,Wally Pang,4
Tate,Looxahoma,US HOUSE,01,Libertarian,Harold M. Taylor,2
Tate,Looxahoma,US HOUSE,01,Reform,Barbara Dale Washer,1
Tate,Palestine,US HOUSE,01,Democrat,Travis W. Childers,47
Tate,Palestine,US HOUSE,01,Republican,Alan Nunnelee,129
Tate,Palestine,US HOUSE,01,Independent,A G Baddley,4
Tate,Palestine,US HOUSE,01,Constitution,Gail Giaramita,4
Tate,Palestine,US HOUSE,01,Independent,Les Green,3
Tate,Palestine,US HOUSE,01,Independent,Rick 'Rico' Hoskins,0
Tate,Palestine,US HOUSE,01,Independent,Wally Pang,2
Tate,Palestine,US HOUSE,01,Libertarian,Harold M. Taylor,1
Tate,Palestine,US HOUSE,01,Reform,Barbara Dale Washer,0
Tate,Poagville 5,US HOUSE,01,Democrat,Travis W. Childers,59
Tate,Poagville 5,US HOUSE,01,Republican,Alan Nunnelee,69
Tate,Poagville 5,US HOUSE,01,Independent,A G Baddley,3
Tate,Poagville 5,US HOUSE,01,Constitution,Gail Giaramita,2
Tate,Poagville 5,US HOUSE,01,Independent,Les Green,8
Tate,Poagville 5,US HOUSE,01,Independent,Rick 'Rico' Hoskins,0
Tate,Poagville 5,US HOUSE,01,Independent,Wally Pang,3
Tate,Poagville 5,US HOUSE,01,Libertarian,Harold M. Taylor,0
Tate,Poagville 5,US HOUSE,01,Reform,Barbara Dale Washer,0
Tate,Poagville 4,US HOUSE,01,Democrat,Travis W. Childers,101
Tate,Poagville 4,US HOUSE,01,Republican,Alan Nunnelee,270
Tate,Poagville 4,US HOUSE,01,Independent,A G Baddley,4
Tate,Poagville 4,US HOUSE,01,Constitution,Gail Giaramita,3
Tate,Poagville 4,US HOUSE,01,Independent,Les Green,5
Tate,Poagville 4,US HOUSE,01,Independent,Rick 'Rico' Hoskins,1
Tate,Poagville 4,US HOUSE,01,Independent,Wally Pang,4
Tate,Poagville 4,US HOUSE,01,Libertarian,Harold M. Taylor,3
Tate,Poagville 4,US HOUSE,01,Reform,Barbara Dale Washer,2
Tate,Sarah,US HOUSE,01,Democrat,Travis W. Childers,14
Tate,Sarah,US HOUSE,01,Republican,Alan Nunnelee,43
Tate,Sarah,US HOUSE,01,Independent,A G Baddley,1
Tate,Sarah,US HOUSE,01,Constitution,Gail Giaramita,3
Tate,Sarah,US HOUSE,01,Independent,Les Green,0
Tate,Sarah,US HOUSE,01,Independent,Rick 'Rico' Hoskins,1
Tate,Sarah,US HOUSE,01,Independent,Wally Pang,0
Tate,Sarah,US HOUSE,01,Libertarian,Harold M. Taylor,0
Tate,Sarah,US HOUSE,01,Reform,Barbara Dale Washer,0
Tate,Senatobia 1,US HOUSE,01,Democrat,Travis W. Childers,363
Tate,Senatobia 1,US HOUSE,01,Republican,Alan Nunnelee,828
Tate,Senatobia 1,US HOUSE,01,Independent,A G Baddley,8
Tate,Senatobia 1,US HOUSE,01,Constitution,Gail Giaramita,7
Tate,Senatobia 1,US HOUSE,01,Independent,Les Green,20
Tate,Senatobia 1,US HOUSE,01,Independent,Rick 'Rico' Hoskins,3
Tate,Senatobia 1,US HOUSE,01,Independent,Wally Pang,19
Tate,Senatobia 1,US HOUSE,01,Libertarian,Harold M. Taylor,4
Tate,Senatobia 1,US HOUSE,01,Reform,Barbara Dale Washer,1
Tate,Sherrod,US HOUSE,01,Democrat,Travis W. Childers,33
Tate,Sherrod,US HOUSE,01,Republican,Alan Nunnelee,140
Tate,Sherrod,US HOUSE,01,Independent,A G Baddley,0
Tate,Sherrod,US HOUSE,01,Constitution,Gail Giaramita,1
Tate,Sherrod,US HOUSE,01,Independent,Les Green,1
Tate,Sherrod,US HOUSE,01,Independent,Rick 'Rico' Hoskins,0
Tate,Sherrod,US HOUSE,01,Independent,Wally Pang,2
Tate,Sherrod,US HOUSE,01,Libertarian,Harold M. Taylor,0
Tate,Sherrod,US HOUSE,01,Reform,Barbara Dale Washer,0
Tate,Senatobia 2,US HOUSE,01,Democrat,Travis W. Childers,211
Tate,Senatobia 2,US HOUSE,01,Republican,Alan Nunnelee,443
Tate,Senatobia 2,US HOUSE,01,Independent,A G Baddley,8
Tate,Senatobia 2,US HOUSE,01,Constitution,Gail Giaramita,7
Tate,Senatobia 2,US HOUSE,01,Independent,Les Green,11
Tate,Senatobia 2,US HOUSE,01,Independent,Rick 'Rico' Hoskins,1
Tate,Senatobia 2,US HOUSE,01,Independent,Wally Pang,9
Tate,Senatobia 2,US HOUSE,01,Libertarian,Harold M. Taylor,2
Tate,Senatobia 2,US HOUSE,01,Reform,Barbara Dale Washer,0
Tate,Senatobia 3,US HOUSE,01,Democrat,Travis W. Childers,212
Tate,Senatobia 3,US HOUSE,01,Republican,Alan Nunnelee,30
Tate,Senatobia 3,US HOUSE,01,Independent,A G Baddley,1
Tate,Senatobia 3,US HOUSE,01,Constitution,Gail Giaramita,1
Tate,Senatobia 3,US HOUSE,01,Independent,Les Green,1
Tate,Senatobia 3,US HOUSE,01,Independent,Rick 'Rico' Hoskins,1
Tate,Senatobia 3,US HOUSE,01,Independent,Wally Pang,1
Tate,Senatobia 3,US HOUSE,01,Libertarian,Harold M. Taylor,1
Tate,Senatobia 3,US HOUSE,01,Reform,Barbara Dale Washer,0
Tate,Senatobia 4,US HOUSE,01,Democrat,Travis W. Childers,119
Tate,Senatobia 4,US HOUSE,01,Republican,Alan Nunnelee,373
Tate,Senatobia 4,US HOUSE,01,Independent,A G Baddley,2
Tate,Senatobia 4,US HOUSE,01,Constitution,Gail Giaramita,3
Tate,Senatobia 4,US HOUSE,01,Independent,Les Green,4
Tate,Senatobia 4,US HOUSE,01,Independent,Rick 'Rico' Hoskins,0
Tate,Senatobia 4,US HOUSE,01,Independent,Wally Pang,1
Tate,Senatobia 4,US HOUSE,01,Libertarian,Harold M. Taylor,1
Tate,Senatobia 4,US HOUSE,01,Reform,Barbara Dale Washer,0
Tate,Strayhorn,US HOUSE,01,Democrat,Travis W. Childers,87
Tate,Strayhorn,US HOUSE,01,Republican,Alan Nunnelee,296
Tate,Strayhorn,US HOUSE,01,Independent,A G Baddley,7
Tate,Strayhorn,US HOUSE,01,Constitution,Gail Giaramita,10
Tate,Strayhorn,US HOUSE,01,Independent,Les Green,7
Tate,Strayhorn,US HOUSE,01,Independent,Rick 'Rico' Hoskins,2
Tate,Strayhorn,US HOUSE,01,Independent,Wally Pang,7
Tate,Strayhorn,US HOUSE,01,Libertarian,Harold M. Taylor,0
Tate,Strayhorn,US HOUSE,01,Reform,Barbara Dale Washer,1
Tate,Taylor,US HOUSE,01,Democrat,Travis W. Childers,102
Tate,Taylor,US HOUSE,01,Republican,Alan Nunnelee,70
Tate,Taylor,US HOUSE,01,Independent,A G Baddley,2
Tate,Taylor,US HOUSE,01,Constitution,Gail Giaramita,3
Tate,Taylor,US HOUSE,01,Independent,Les Green,4
Tate,Taylor,US HOUSE,01,Independent,Rick 'Rico' Hoskins,0
Tate,Taylor,US HOUSE,01,Independent,Wally Pang,3
Tate,Taylor,US HOUSE,01,Libertarian,Harold M. Taylor,0
Tate,Taylor,US HOUSE,01,Reform,Barbara Dale Washer,0
Tate,Thyatira,US HOUSE,01,Democrat,Travis W. Childers,57
Tate,Thyatira,US HOUSE,01,Republican,Alan Nunnelee,89
Tate,Thyatira,US HOUSE,01,Independent,A G Baddley,2
Tate,Thyatira,US HOUSE,01,Constitution,Gail Giaramita,1
Tate,Thyatira,US HOUSE,01,Independent,Les Green,1
Tate,Thyatira,US HOUSE,01,Independent,Rick 'Rico' Hoskins,1
Tate,Thyatira,US HOUSE,01,Independent,Wally Pang,0
Tate,Thyatira,US HOUSE,01,Libertarian,Harold M. Taylor,1
Tate,Thyatira,US HOUSE,01,Reform,Barbara Dale Washer,1
Tate,Tyro,US HOUSE,01,Democrat,Travis W. Childers,112
Tate,Tyro,US HOUSE,01,Republican,Alan Nunnelee,63
Tate,Tyro,US HOUSE,01,Independent,A G Baddley,3
Tate,Tyro,US HOUSE,01,Constitution,Gail Giaramita,0
Tate,Tyro,US HOUSE,01,Independent,Les Green,1
Tate,Tyro,US HOUSE,01,Independent,Rick 'Rico' Hoskins,1
Tate,Tyro,US HOUSE,01,Independent,Wally Pang,1
Tate,Tyro,US HOUSE,01,Libertarian,Harold M. Taylor,0
Tate,Tyro,US HOUSE,01,Reform,Barbara Dale Washer,1
Tate,Wyatte,US HOUSE,01,Democrat,Travis W. Childers,57
Tate,Wyatte,US HOUSE,01,Republican,Alan Nunnelee,76
Tate,Wyatte,US HOUSE,01,Independent,A G Baddley,1
Tate,Wyatte,US HOUSE,01,Constitution,Gail Giaramita,0
Tate,Wyatte,US HOUSE,01,Independent,Les Green,3
Tate,Wyatte,US HOUSE,01,Independent,Rick 'Rico' Hoskins,0
Tate,Wyatte,US HOUSE,01,Independent,Wally Pang,0
Tate,Wyatte,US HOUSE,01,Libertarian,Harold M. Taylor,0
Tate,Wyatte,US HOUSE,01,Reform,Barbara Dale Washer,1
Tate,TOTAL,US HOUSE,01,Democrat,Travis W. Childers,2910
Tate,TOTAL,US HOUSE,01,Republican,Alan Nunnelee,4154
Tate,TOTAL,US HOUSE,01,Independent,A G Baddley,78
Tate,TOTAL,US HOUSE,01,Constitution,Gail Giaramita,65
Tate,TOTAL,US HOUSE,01,Independent,Les Green,110
Tate,TOTAL,US HOUSE,01,Independent,Rick 'Rico' Hoskins,19
Tate,TOTAL,US HOUSE,01,Independent,Wally Pang,62
Tate,TOTAL,US HOUSE,01,Libertarian,Harold M. Taylor,21
Tate,TOTAL,US HOUSE,01,Reform,Barbara Dale Washer,13
Tippah,Threeforks,US HOUSE,01,Democrat,Travis W. Childers,59
Tippah,Threeforks,US HOUSE,01,Republican,Alan Nunnelee,140
Tippah,Threeforks,US HOUSE,01,Independent,A G Baddley,0
Tippah,Threeforks,US HOUSE,01,Constitution,Gail Giaramita,0
Tippah,Threeforks,US HOUSE,01,Independent,Les Green,0
Tippah,Threeforks,US HOUSE,01,Independent,Rick 'Rico' Hoskins,2
Tippah,Threeforks,US HOUSE,01,Independent,Wally Pang,0
Tippah,Threeforks,US HOUSE,01,Libertarian,Harold M. Taylor,0
Tippah,Threeforks,US HOUSE,01,Reform,Barbara Dale Washer,0
Tippah,Brownfield,US HOUSE,01,Democrat,Travis W. Childers,20
Tippah,Brownfield,US HOUSE,01,Republican,Alan Nunnelee,54
Tippah,Brownfield,US HOUSE,01,Independent,A G Baddley,1
Tippah,Brownfield,US HOUSE,01,Constitution,Gail Giaramita,0
Tippah,Brownfield,US HOUSE,01,Independent,Les Green,1
Tippah,Brownfield,US HOUSE,01,Independent,Rick 'Rico' Hoskins,0
Tippah,Brownfield,US HOUSE,01,Independent,Wally Pang,0
Tippah,Brownfield,US HOUSE,01,Libertarian,Harold M. Taylor,0
Tippah,Brownfield,US HOUSE,01,Reform,Barbara Dale Washer,1
Tippah,Walnut,US HOUSE,01,Democrat,Travis W. Childers,127
Tippah,Walnut,US HOUSE,01,Republican,Alan Nunnelee,163
Tippah,Walnut,US HOUSE,01,Independent,A G Baddley,2
Tippah,Walnut,US HOUSE,01,Constitution,Gail Giaramita,3
Tippah,Walnut,US HOUSE,01,Independent,Les Green,6
Tippah,Walnut,US HOUSE,01,Independent,Rick 'Rico' Hoskins,3
Tippah,Walnut,US HOUSE,01,Independent,Wally Pang,2
Tippah,Walnut,US HOUSE,01,Libertarian,Harold M. Taylor,0
Tippah,Walnut,US HOUSE,01,Reform,Barbara Dale Washer,0
Tippah,Chalybeate,US HOUSE,01,Democrat,Travis W. Childers,109
Tippah,Chalybeate,US HOUSE,01,Republican,Alan Nunnelee,188
Tippah,Chalybeate,US HOUSE,01,Independent,A G Baddley,1
Tippah,Chalybeate,US HOUSE,01,Constitution,Gail Giaramita,3
Tippah,Chalybeate,US HOUSE,01,Independent,Les Green,3
Tippah,Chalybeate,US HOUSE,01,Independent,Rick 'Rico' Hoskins,0
Tippah,Chalybeate,US HOUSE,01,Independent,Wally Pang,0
Tippah,Chalybeate,US HOUSE,01,Libertarian,Harold M. Taylor,0
Tippah,Chalybeate,US HOUSE,01,Reform,Barbara Dale Washer,0
Tippah,Tiplersville,US HOUSE,01,Democrat,Travis W. Childers,93
Tippah,Tiplersville,US HOUSE,01,Republican,Alan Nunnelee,73
Tippah,Tiplersville,US HOUSE,01,Independent,A G Baddley,1
Tippah,Tiplersville,US HOUSE,01,Constitution,Gail Giaramita,0
Tippah,Tiplersville,US HOUSE,01,Independent,Les Green,0
Tippah,Tiplersville,US HOUSE,01,Independent,Rick 'Rico' Hoskins,0
Tippah,Tiplersville,US HOUSE,01,Independent,Wally Pang,1
Tippah,Tiplersville,US HOUSE,01,Libertarian,Harold M. Taylor,0
Tippah,Tiplersville,US HOUSE,01,Reform,Barbara Dale Washer,0
Tippah,North Falkner,US HOUSE,01,Democrat,Travis W. Childers,49
Tippah,North Falkner,US HOUSE,01,Republican,Alan Nunnelee,67
Tippah,North Falkner,US HOUSE,01,Independent,A G Baddley,1
Tippah,North Falkner,US HOUSE,01,Constitution,Gail Giaramita,1
Tippah,North Falkner,US HOUSE,01,Independent,Les Green,2
Tippah,North Falkner,US HOUSE,01,Independent,Rick 'Rico' Hoskins,1
Tippah,North Falkner,US HOUSE,01,Independent,Wally Pang,0
Tippah,North Falkner,US HOUSE,01,Libertarian,Harold M. Taylor,0
Tippah,North Falkner,US HOUSE,01,Reform,Barbara Dale Washer,0
Tippah,Falkner,US HOUSE,01,Democrat,Travis W. Childers,116
Tippah,Falkner,US HOUSE,01,Republican,Alan Nunnelee,266
Tippah,Falkner,US HOUSE,01,Independent,A G Baddley,3
Tippah,Falkner,US HOUSE,01,Constitution,Gail Giaramita,2
Tippah,Falkner,US HOUSE,01,Independent,Les Green,1
Tippah,Falkner,US HOUSE,01,Independent,Rick 'Rico' Hoskins,2
Tippah,Falkner,US HOUSE,01,Independent,Wally Pang,2
Tippah,Falkner,US HOUSE,01,Libertarian,Harold M. Taylor,0
Tippah,Falkner,US HOUSE,01,Reform,Barbara Dale Washer,0
Tippah,North Ripley,US HOUSE,01,Democrat,Travis W. Childers,320
Tippah,North Ripley,US HOUSE,01,Republican,Alan Nunnelee,382
Tippah,North Ripley,US HOUSE,01,Independent,A G Baddley,4
Tippah,North Ripley,US HOUSE,01,Constitution,Gail Giaramita,3
Tippah,North Ripley,US HOUSE,01,Independent,Les Green,8
Tippah,North Ripley,US HOUSE,01,Independent,Rick 'Rico' Hoskins,0
Tippah,North Ripley,US HOUSE,01,Independent,Wally Pang,4
Tippah,North Ripley,US HOUSE,01,Libertarian,Harold M. Taylor,3
Tippah,North Ripley,US HOUSE,01,Reform,Barbara Dale Washer,1
Tippah,Blue Mountain,US HOUSE,01,Democrat,Travis W. Childers,223
Tippah,Blue Mountain,US HOUSE,01,Republican,Alan Nunnelee,220
Tippah,Blue Mountain,US HOUSE,01,Independent,A G Baddley,2
Tippah,Blue Mountain,US HOUSE,01,Constitution,Gail Giaramita,2
Tippah,Blue Mountain,US HOUSE,01,Independent,Les Green,3
Tippah,Blue Mountain,US HOUSE,01,Independent,Rick 'Rico' Hoskins,0
Tippah,Blue Mountain,US HOUSE,01,Independent,Wally Pang,3
Tippah,Blue Mountain,US HOUSE,01,Libertarian,Harold M. Taylor,1
Tippah,Blue Mountain,US HOUSE,01,Reform,Barbara Dale Washer,0
Tippah,Cotton Plant,US HOUSE,01,Democrat,Travis W. Childers,77
Tippah,Cotton Plant,US HOUSE,01,Republican,Alan Nunnelee,38
Tippah,Cotton Plant,US HOUSE,01,Independent,A G Baddley,2
Tippah,Cotton Plant,US HOUSE,01,Constitution,Gail Giaramita,0
Tippah,Cotton Plant,US HOUSE,01,Independent,Les Green,1
Tippah,Cotton Plant,US HOUSE,01,Independent,Rick 'Rico' Hoskins,1
Tippah,Cotton Plant,US HOUSE,01,Independent,Wally Pang,1
Tippah,Cotton Plant,US HOUSE,01,Libertarian,Harold M. Taylor,0
Tippah,Cotton Plant,US HOUSE,01,Reform,Barbara Dale Washer,0
Tippah,New Hope,US HOUSE,01,Democrat,Travis W. Childers,50
Tippah,New Hope,US HOUSE,01,Republican,Alan Nunnelee,171
Tippah,New Hope,US HOUSE,01,Independent,A G Baddley,3
Tippah,New Hope,US HOUSE,01,Constitution,Gail Giaramita,0
Tippah,New Hope,US HOUSE,01,Independent,Les Green,0
Tippah,New Hope,US HOUSE,01,Independent,Rick 'Rico' Hoskins,0
Tippah,New Hope,US HOUSE,01,Independent,Wally Pang,0
Tippah,New Hope,US HOUSE,01,Libertarian,Harold M. Taylor,0
Tippah,New Hope,US HOUSE,01,Reform,Barbara Dale Washer,0
Tippah,Clarysville,US HOUSE,01,Democrat,Travis W. Childers,22
Tippah,Clarysville,US HOUSE,01,Republican,Alan Nunnelee,89
Tippah,Clarysville,US HOUSE,01,Independent,A G Baddley,0
Tippah,Clarysville,US HOUSE,01,Constitution,Gail Giaramita,1
Tippah,Clarysville,US HOUSE,01,Independent,Les Green,0
Tippah,Clarysville,US HOUSE,01,Independent,Rick 'Rico' Hoskins,0
Tippah,Clarysville,US HOUSE,01,Independent,Wally Pang,0
Tippah,Clarysville,US HOUSE,01,Libertarian,Harold M. Taylor,0
Tippah,Clarysville,US HOUSE,01,Reform,Barbara Dale Washer,0
Tippah,Palmer,US HOUSE,01,Democrat,Travis W. Childers,79
Tippah,Palmer,US HOUSE,01,Republican,Alan Nunnelee,207
Tippah,Palmer,US HOUSE,01,Independent,A G Baddley,1
Tippah,Palmer,US HOUSE,01,Constitution,Gail Giaramita,0
Tippah,Palmer,US HOUSE,01,Independent,Les Green,0
Tippah,Palmer,US HOUSE,01,Independent,Rick 'Rico' Hoskins,0
Tippah,Palmer,US HOUSE,01,Independent,Wally Pang,1
Tippah,Palmer,US HOUSE,01,Libertarian,Harold M. Taylor,1
Tippah,Palmer,US HOUSE,01,Reform,Barbara Dale Washer,0
Tippah,Shady Grove,US HOUSE,01,Democrat,Travis W. Childers,28
Tippah,Shady Grove,US HOUSE,01,Republican,Alan Nunnelee,74
Tippah,Shady Grove,US HOUSE,01,Independent,A G Baddley,0
Tippah,Shady Grove,US HOUSE,01,Constitution,Gail Giaramita,1
Tippah,Shady Grove,US HOUSE,01,Independent,Les Green,2
Tippah,Shady Grove,US HOUSE,01,Independent,Rick 'Rico' Hoskins,0
Tippah,Shady Grove,US HOUSE,01,Independent,Wally Pang,0
Tippah,Shady Grove,US HOUSE,01,Libertarian,Harold M. Taylor,2
Tippah,Shady Grove,US HOUSE,01,Reform,Barbara Dale Washer,0
Tippah,Mitchell,US HOUSE,01,Democrat,Travis W. Childers,44
Tippah,Mitchell,US HOUSE,01,Republican,Alan Nunnelee,90
Tippah,Mitchell,US HOUSE,01,Independent,A G Baddley,0
Tippah,Mitchell,US HOUSE,01,Constitution,Gail Giaramita,1
Tippah,Mitchell,US HOUSE,01,Independent,Les Green,0
Tippah,Mitchell,US HOUSE,01,Independent,Rick 'Rico' Hoskins,0
Tippah,Mitchell,US HOUSE,01,Independent,Wally Pang,1
Tippah,Mitchell,US HOUSE,01,Libertarian,Harold M. Taylor,0
Tippah,Mitchell,US HOUSE,01,Reform,Barbara Dale Washer,1
Tippah,Pine Grove,US HOUSE,01,Democrat,Travis W. Childers,48
Tippah,Pine Grove,US HOUSE,01,Republican,Alan Nunnelee,81
Tippah,Pine Grove,US HOUSE,01,Independent,A G Baddley,1
Tippah,Pine Grove,US HOUSE,01,Constitution,Gail Giaramita,0
Tippah,Pine Grove,US HOUSE,01,Independent,Les Green,0
Tippah,Pine Grove,US HOUSE,01,Independent,Rick 'Rico' Hoskins,0
Tippah,Pine Grove,US HOUSE,01,Independent,Wally Pang,0
Tippah,Pine Grove,US HOUSE,01,Libertarian,Harold M. Taylor,0
Tippah,Pine Grove,US HOUSE,01,Reform,Barbara Dale Washer,0
Tippah,Dumas,US HOUSE,01,Democrat,Travis W. Childers,62
Tippah,Dumas,US HOUSE,01,Republican,Alan Nunnelee,224
Tippah,Dumas,US HOUSE,01,Independent,A G Baddley,0
Tippah,Dumas,US HOUSE,01,Constitution,Gail Giaramita,0
Tippah,Dumas,US HOUSE,01,Independent,Les Green,1
Tippah,Dumas,US HOUSE,01,Independent,Rick 'Rico' Hoskins,1
Tippah,Dumas,US HOUSE,01,Independent,Wally Pang,2
Tippah,Dumas,US HOUSE,01,Libertarian,Harold M. Taylor,2
Tippah,Dumas,US HOUSE,01,Reform,Barbara Dale Washer,0
Tippah,Dry Creek,US HOUSE,01,Democrat,Travis W. Childers,59
Tippah,Dry Creek,US HOUSE,01,Republican,Alan Nunnelee,102
Tippah,Dry Creek,US HOUSE,01,Independent,A G Baddley,0
Tippah,Dry Creek,US HOUSE,01,Constitution,Gail Giaramita,1
Tippah,Dry Creek,US HOUSE,01,Independent,Les Green,0
Tippah,Dry Creek,US HOUSE,01,Independent,Rick 'Rico' Hoskins,1
Tippah,Dry Creek,US HOUSE,01,Independent,Wally Pang,0
Tippah,Dry Creek,US HOUSE,01,Libertarian,Harold M. Taylor,2
Tippah,Dry Creek,US HOUSE,01,Reform,Barbara Dale Washer,0
Tippah,Southwest Ripley,US HOUSE,01,Democrat,Travis W. Childers,269
Tippah,Southwest Ripley,US HOUSE,01,Republican,Alan Nunnelee,389
Tippah,Southwest Ripley,US HOUSE,01,Independent,A G Baddley,4
Tippah,Southwest Ripley,US HOUSE,01,Constitution,Gail Giaramita,0
Tippah,Southwest Ripley,US HOUSE,01,Independent,Les Green,4
Tippah,Southwest Ripley,US HOUSE,01,Independent,Rick 'Rico' Hoskins,0
Tippah,Southwest Ripley,US HOUSE,01,Independent,Wally Pang,2
Tippah,Southwest Ripley,US HOUSE,01,Libertarian,Harold M. Taylor,1
Tippah,Southwest Ripley,US HOUSE,01,Reform,Barbara Dale Washer,0
Tippah,Chapman,US HOUSE,01,Democrat,Travis W. Childers,103
Tippah,Chapman,US HOUSE,01,Republican,Alan Nunnelee,145
Tippah,Chapman,US HOUSE,01,Independent,A G Baddley,1
Tippah,Chapman,US HOUSE,01,Constitution,Gail Giaramita,5
Tippah,Chapman,US HOUSE,01,Independent,Les Green,1
Tippah,Chapman,US HOUSE,01,Independent,Rick 'Rico' Hoskins,0
Tippah,Chapman,US HOUSE,01,Independent,Wally Pang,1
Tippah,Chapman,US HOUSE,01,Libertarian,Harold M. Taylor,2
Tippah,Chapman,US HOUSE,01,Reform,Barbara Dale Washer,0
Tippah,Spout Springs,US HOUSE,01,Democrat,Travis W. Childers,65
Tippah,Spout Springs,US HOUSE,01,Republican,Alan Nunnelee,45
Tippah,Spout Springs,US HOUSE,01,Independent,A G Baddley,0
Tippah,Spout Springs,US HOUSE,01,Constitution,Gail Giaramita,2
Tippah,Spout Springs,US HOUSE,01,Independent,Les Green,1
Tippah,Spout Springs,US HOUSE,01,Independent,Rick 'Rico' Hoskins,2
Tippah,Spout Springs,US HOUSE,01,Independent,Wally Pang,0
Tippah,Spout Springs,US HOUSE,01,Libertarian,Harold M. Taylor,0
Tippah,Spout Springs,US HOUSE,01,Reform,Barbara Dale Washer,0
Tippah,Peoples,US HOUSE,01,Democrat,Travis W. Childers,41
Tippah,Peoples,US HOUSE,01,Republican,Alan Nunnelee,69
Tippah,Peoples,US HOUSE,01,Independent,A G Baddley,2
Tippah,Peoples,US HOUSE,01,Constitution,Gail Giaramita,0
Tippah,Peoples,US HOUSE,01,Independent,Les Green,0
Tippah,Peoples,US HOUSE,01,Independent,Rick 'Rico' Hoskins,2
Tippah,Peoples,US HOUSE,01,Independent,Wally Pang,0
Tippah,Peoples,US HOUSE,01,Libertarian,Harold M. Taylor,2
Tippah,Peoples,US HOUSE,01,Reform,Barbara Dale Washer,0
Tippah,Providence,US HOUSE,01,Democrat,Travis W. Childers,49
Tippah,Providence,US HOUSE,01,Republican,Alan Nunnelee,79
Tippah,Providence,US HOUSE,01,Independent,A G Baddley,1
Tippah,Providence,US HOUSE,01,Constitution,Gail Giaramita,0
Tippah,Providence,US HOUSE,01,Independent,Les Green,0
Tippah,Providence,US HOUSE,01,Independent,Rick 'Rico' Hoskins,0
Tippah,Providence,US HOUSE,01,Independent,Wally Pang,1
Tippah,Providence,US HOUSE,01,Libertarian,Harold M. Taylor,0
Tippah,Providence,US HOUSE,01,Reform,Barbara Dale Washer,0
Tippah,Ripley,US HOUSE,01,Democrat,Travis W. Childers,246
Tippah,Ripley,US HOUSE,01,Republican,Alan Nunnelee,315
Tippah,Ripley,US HOUSE,01,Independent,A G Baddley,4
Tippah,Ripley,US HOUSE,01,Constitution,Gail Giaramita,3
Tippah,Ripley,US HOUSE,01,Independent,Les Green,0
Tippah,Ripley,US HOUSE,01,Independent,Rick 'Rico' Hoskins,0
Tippah,Ripley,US HOUSE,01,Independent,Wally Pang,3
Tippah,Ripley,US HOUSE,01,Libertarian,Harold M. Taylor,1
Tippah,Ripley,US HOUSE,01,Reform,Barbara Dale Washer,1
Tippah,TOTAL,US HOUSE,01,Democrat,Travis W. Childers,2358
Tippah,TOTAL,US HOUSE,01,Republican,Alan Nunnelee,3671
Tippah,TOTAL,US HOUSE,01,Independent,A G Baddley,34
Tippah,TOTAL,US HOUSE,01,Constitution,Gail Giaramita,28
Tippah,TOTAL,US HOUSE,01,Independent,Les Green,34
Tippah,TOTAL,US HOUSE,01,Independent,Rick 'Rico' Hoskins,15
Tippah,TOTAL,US HOUSE,01,Independent,Wally Pang,24
Tippah,TOTAL,US HOUSE,01,Libertarian,Harold M. Taylor,17
Tippah,TOTAL,US HOUSE,01,Reform,Barbara Dale Washer,4
Tishomingo,Burnsville,US HOUSE,01,Democrat,Travis W. Childers,84
Tishomingo,Burnsville,US HOUSE,01,Republican,Alan Nunnelee,138
Tishomingo,Burnsville,US HOUSE,01,Independent,A G Baddley,4
Tishomingo,Burnsville,US HOUSE,01,Constitution,Gail Giaramita,3
Tishomingo,Burnsville,US HOUSE,01,Independent,Les Green,0
Tishomingo,Burnsville,US HOUSE,01,Independent,Rick 'Rico' Hoskins,0
Tishomingo,Burnsville,US HOUSE,01,Independent,Wally Pang,4
Tishomingo,Burnsville,US HOUSE,01,Libertarian,Harold M. Taylor,0
Tishomingo,Burnsville,US HOUSE,01,Reform,Barbara Dale Washer,0
Tishomingo,Belmont,US HOUSE,01,Democrat,Travis W. Childers,92
Tishomingo,Belmont,US HOUSE,01,Republican,Alan Nunnelee,235
Tishomingo,Belmont,US HOUSE,01,Independent,A G Baddley,4
Tishomingo,Belmont,US HOUSE,01,Constitution,Gail Giaramita,0
Tishomingo,Belmont,US HOUSE,01,Independent,Les Green,1
Tishomingo,Belmont,US HOUSE,01,Independent,Rick 'Rico' Hoskins,1
Tishomingo,Belmont,US HOUSE,01,Independent,Wally Pang,0
Tishomingo,Belmont,US HOUSE,01,Libertarian,Harold M. Taylor,0
Tishomingo,Belmont,US HOUSE,01,Reform,Barbara Dale Washer,0
Tishomingo,Coles Mill,US HOUSE,01,Democrat,Travis W. Childers,82
Tishomingo,Coles Mill,US HOUSE,01,Republican,Alan Nunnelee,199
Tishomingo,Coles Mill,US HOUSE,01,Independent,A G Baddley,2
Tishomingo,Coles Mill,US HOUSE,01,Constitution,Gail Giaramita,2
Tishomingo,Coles Mill,US HOUSE,01,Independent,Les Green,2
Tishomingo,Coles Mill,US HOUSE,01,Independent,Rick 'Rico' Hoskins,2
Tishomingo,Coles Mill,US HOUSE,01,Independent,Wally Pang,3
Tishomingo,Coles Mill,US HOUSE,01,Libertarian,Harold M. Taylor,1
Tishomingo,Coles Mill,US HOUSE,01,Reform,Barbara Dale Washer,2
Tishomingo,Cotton Springs,US HOUSE,01,Democrat,Travis W. Childers,30
Tishomingo,Cotton Springs,US HOUSE,01,Republican,Alan Nunnelee,81
Tishomingo,Cotton Springs,US HOUSE,01,Independent,A G Baddley,2
Tishomingo,Cotton Springs,US HOUSE,01,Constitution,Gail Giaramita,0
Tishomingo,Cotton Springs,US HOUSE,01,Independent,Les Green,2
Tishomingo,Cotton Springs,US HOUSE,01,Independent,Rick 'Rico' Hoskins,0
Tishomingo,Cotton Springs,US HOUSE,01,Independent,Wally Pang,2
Tishomingo,Cotton Springs,US HOUSE,01,Libertarian,Harold M. Taylor,0
Tishomingo,Cotton Springs,US HOUSE,01,Reform,Barbara Dale Washer,0
Tishomingo,Dennis,US HOUSE,01,Democrat,Travis W. Childers,30
Tishomingo,Dennis,US HOUSE,01,Republican,Alan Nunnelee,78
Tishomingo,Dennis,US HOUSE,01,Independent,A G Baddley,1
Tishomingo,Dennis,US HOUSE,01,Constitution,Gail Giaramita,0
Tishomingo,Dennis,US HOUSE,01,Independent,Les Green,0
Tishomingo,Dennis,US HOUSE,01,Independent,Rick 'Rico' Hoskins,0
Tishomingo,Dennis,US HOUSE,01,Independent,Wally Pang,0
Tishomingo,Dennis,US HOUSE,01,Libertarian,Harold M. Taylor,0
Tishomingo,Dennis,US HOUSE,01,Reform,Barbara Dale Washer,0
Tishomingo,East Belmont,US HOUSE,01,Democrat,Travis W. Childers,53
Tishomingo,East Belmont,US HOUSE,01,Republican,Alan Nunnelee,139
Tishomingo,East Belmont,US HOUSE,01,Independent,A G Baddley,2
Tishomingo,East Belmont,US HOUSE,01,Constitution,Gail Giaramita,0
Tishomingo,East Belmont,US HOUSE,01,Independent,Les Green,1
Tishomingo,East Belmont,US HOUSE,01,Independent,Rick 'Rico' Hoskins,0
Tishomingo,East Belmont,US HOUSE,01,Independent,Wally Pang,0
Tishomingo,East Belmont,US HOUSE,01,Libertarian,Harold M. Taylor,0
Tishomingo,East Belmont,US HOUSE,01,Reform,Barbara Dale Washer,1
Tishomingo,East Iuka,US HOUSE,01,Democrat,Travis W. Childers,229
Tishomingo,East Iuka,US HOUSE,01,Republican,Alan Nunnelee,364
Tishomingo,East Iuka,US HOUSE,01,Independent,A G Baddley,3
Tishomingo,East Iuka,US HOUSE,01,Constitution,Gail Giaramita,3
Tishomingo,East Iuka,US HOUSE,01,Independent,Les Green,2
Tishomingo,East Iuka,US HOUSE,01,Independent,Rick 'Rico' Hoskins,2
Tishomingo,East Iuka,US HOUSE,01,Independent,Wally Pang,8
Tishomingo,East Iuka,US HOUSE,01,Libertarian,Harold M. Taylor,2
Tishomingo,East Iuka,US HOUSE,01,Reform,Barbara Dale Washer,2
Tishomingo,Golden,US HOUSE,01,Democrat,Travis W. Childers,79
Tishomingo,Golden,US HOUSE,01,Republican,Alan Nunnelee,215
Tishomingo,Golden,US HOUSE,01,Independent,A G Baddley,4
Tishomingo,Golden,US HOUSE,01,Constitution,Gail Giaramita,0
Tishomingo,Golden,US HOUSE,01,Independent,Les Green,1
Tishomingo,Golden,US HOUSE,01,Independent,Rick 'Rico' Hoskins,1
Tishomingo,Golden,US HOUSE,01,Independent,Wally Pang,1
Tishomingo,Golden,US HOUSE,01,Libertarian,Harold M. Taylor,0
Tishomingo,Golden,US HOUSE,01,Reform,Barbara Dale Washer,3
Tishomingo,Hubbard Salem,US HOUSE,01,Democrat,Travis W. Childers,21
Tishomingo,Hubbard Salem,US HOUSE,01,Republican,Alan Nunnelee,52
Tishomingo,Hubbard Salem,US HOUSE,01,Independent,A G Baddley,0
Tishomingo,Hubbard Salem,US HOUSE,01,Constitution,Gail Giaramita,0
Tishomingo,Hubbard Salem,US HOUSE,01,Independent,Les Green,0
Tishomingo,Hubbard Salem,US HOUSE,01,Independent,Rick 'Rico' Hoskins,0
Tishomingo,Hubbard Salem,US HOUSE,01,Independent,Wally Pang,0
Tishomingo,Hubbard Salem,US HOUSE,01,Libertarian,Harold M. Taylor,0
Tishomingo,Hubbard Salem,US HOUSE,01,Reform,Barbara Dale Washer,1
Tishomingo,Iuka,US HOUSE,01,Democrat,Travis W. Childers,196
Tishomingo,Iuka,US HOUSE,01,Republican,Alan Nunnelee,313
Tishomingo,Iuka,US HOUSE,01,Independent,A G Baddley,3
Tishomingo,Iuka,US HOUSE,01,Constitution,Gail Giaramita,0
Tishomingo,Iuka,US HOUSE,01,Independent,Les Green,4
Tishomingo,Iuka,US HOUSE,01,Independent,Rick 'Rico' Hoskins,1
Tishomingo,Iuka,US HOUSE,01,Independent,Wally Pang,0
Tishomingo,Iuka,US HOUSE,01,Libertarian,Harold M. Taylor,0
Tishomingo,Iuka,US HOUSE,01,Reform,Barbara Dale Washer,2
Tishomingo,Springhill,US HOUSE,01,Democrat,Travis W. Childers,104
Tishomingo,Springhill,US HOUSE,01,Republican,Alan Nunnelee,152
Tishomingo,Springhill,US HOUSE,01,Independent,A G Baddley,3
Tishomingo,Springhill,US HOUSE,01,Constitution,Gail Giaramita,1
Tishomingo,Springhill,US HOUSE,01,Independent,Les Green,1
Tishomingo,Springhill,US HOUSE,01,Independent,Rick 'Rico' Hoskins,0
Tishomingo,Springhill,US HOUSE,01,Independent,Wally Pang,0
Tishomingo,Springhill,US HOUSE,01,Libertarian,Harold M. Taylor,1
Tishomingo,Springhill,US HOUSE,01,Reform,Barbara Dale Washer,4
Tishomingo,North Burnsville,US HOUSE,01,Democrat,Travis W. Childers,137
Tishomingo,North Burnsville,US HOUSE,01,Republican,Alan Nunnelee,188
Tishomingo,North Burnsville,US HOUSE,01,Independent,A G Baddley,1
Tishomingo,North Burnsville,US HOUSE,01,Constitution,Gail Giaramita,0
Tishomingo,North Burnsville,US HOUSE,01,Independent,Les Green,1
Tishomingo,North Burnsville,US HOUSE,01,Independent,Rick 'Rico' Hoskins,0
Tishomingo,North Burnsville,US HOUSE,01,Independent,Wally Pang,4
Tishomingo,North Burnsville,US HOUSE,01,Libertarian,Harold M. Taylor,2
Tishomingo,North Burnsville,US HOUSE,01,Reform,Barbara Dale Washer,2
Tishomingo,North Belmont,US HOUSE,01,Democrat,Travis W. Childers,35
Tishomingo,North Belmont,US HOUSE,01,Republican,Alan Nunnelee,124
Tishomingo,North Belmont,US HOUSE,01,Independent,A G Baddley,2
Tishomingo,North Belmont,US HOUSE,01,Constitution,Gail Giaramita,1
Tishomingo,North Belmont,US HOUSE,01,Independent,Les Green,1
Tishomingo,North Belmont,US HOUSE,01,Independent,Rick 'Rico' Hoskins,0
Tishomingo,North Belmont,US HOUSE,01,Independent,Wally Pang,0
Tishomingo,North Belmont,US HOUSE,01,Libertarian,Harold M. Taylor,0
Tishomingo,North Belmont,US HOUSE,01,Reform,Barbara Dale Washer,0
Tishomingo,North Iuka,US HOUSE,01,Democrat,Travis W. Childers,220
Tishomingo,North Iuka,US HOUSE,01,Republican,Alan Nunnelee,303
Tishomingo,North Iuka,US HOUSE,01,Independent,A G Baddley,7
Tishomingo,North Iuka,US HOUSE,01,Constitution,Gail Giaramita,4
Tishomingo,North Iuka,US HOUSE,01,Independent,Les Green,2
Tishomingo,North Iuka,US HOUSE,01,Independent,Rick 'Rico' Hoskins,1
Tishomingo,North Iuka,US HOUSE,01,Independent,Wally Pang,3
Tishomingo,North Iuka,US HOUSE,01,Libertarian,Harold M. Taylor,0
Tishomingo,North Iuka,US HOUSE,01,Reform,Barbara Dale Washer,0
Tishomingo,Paden,US HOUSE,01,Democrat,Travis W. Childers,47
Tishomingo,Paden,US HOUSE,01,Republican,Alan Nunnelee,87
Tishomingo,Paden,US HOUSE,01,Independent,A G Baddley,3
Tishomingo,Paden,US HOUSE,01,Constitution,Gail Giaramita,3
Tishomingo,Paden,US HOUSE,01,Independent,Les Green,2
Tishomingo,Paden,US HOUSE,01,Independent,Rick 'Rico' Hoskins,0
Tishomingo,Paden,US HOUSE,01,Independent,Wally Pang,1
Tishomingo,Paden,US HOUSE,01,Libertarian,Harold M. Taylor,0
Tishomingo,Paden,US HOUSE,01,Reform,Barbara Dale Washer,0
Tishomingo,Tishomingo,US HOUSE,01,Democrat,Travis W. Childers,214
Tishomingo,Tishomingo,US HOUSE,01,Republican,Alan Nunnelee,190
Tishomingo,Tishomingo,US HOUSE,01,Independent,A G Baddley,4
Tishomingo,Tishomingo,US HOUSE,01,Constitution,Gail Giaramita,1
Tishomingo,Tishomingo,US HOUSE,01,Independent,Les Green,1
Tishomingo,Tishomingo,US HOUSE,01,Independent,Rick 'Rico' Hoskins,1
Tishomingo,Tishomingo,US HOUSE,01,Independent,Wally Pang,1
Tishomingo,Tishomingo,US HOUSE,01,Libertarian,Harold M. Taylor,0
Tishomingo,Tishomingo,US HOUSE,01,Reform,Barbara Dale Washer,1
Tishomingo,West Burnsville,US HOUSE,01,Democrat,Travis W. Childers,112
Tishomingo,West Burnsville,US HOUSE,01,Republican,Alan Nunnelee,212
Tishomingo,West Burnsville,US HOUSE,01,Independent,A G Baddley,2
Tishomingo,West Burnsville,US HOUSE,01,Constitution,Gail Giaramita,3
Tishomingo,West Burnsville,US HOUSE,01,Independent,Les Green,4
Tishomingo,West Burnsville,US HOUSE,01,Independent,Rick 'Rico' Hoskins,1
Tishomingo,West Burnsville,US HOUSE,01,Independent,Wally Pang,2
Tishomingo,West Burnsville,US HOUSE,01,Libertarian,Harold M. Taylor,0
Tishomingo,West Burnsville,US HOUSE,01,Reform,Barbara Dale Washer,0
Tishomingo,West Iuka,US HOUSE,01,Democrat,Travis W. Childers,66
Tishomingo,West Iuka,US HOUSE,01,Republican,Alan Nunnelee,88
Tishomingo,West Iuka,US HOUSE,01,Independent,A G Baddley,2
Tishomingo,West Iuka,US HOUSE,01,Constitution,Gail Giaramita,0
Tishomingo,West Iuka,US HOUSE,01,Independent,Les Green,0
Tishomingo,West Iuka,US HOUSE,01,Independent,Rick 'Rico' Hoskins,0
Tishomingo,West Iuka,US HOUSE,01,Independent,Wally Pang,0
Tishomingo,West Iuka,US HOUSE,01,Libertarian,Harold M. Taylor,0
Tishomingo,West Iuka,US HOUSE,01,Reform,Barbara Dale Washer,0
Tishomingo,West Tishomingo,US HOUSE,01,Democrat,Travis W. Childers,66
Tishomingo,West Tishomingo,US HOUSE,01,Republican,Alan Nunnelee,134
Tishomingo,West Tishomingo,US HOUSE,01,Independent,A G Baddley,2
Tishomingo,West Tishomingo,US HOUSE,01,Constitution,Gail Giaramita,1
Tishomingo,West Tishomingo,US HOUSE,01,Independent,Les Green,0
Tishomingo,West Tishomingo,US HOUSE,01,Independent,Rick 'Rico' Hoskins,1
Tishomingo,West Tishomingo,US HOUSE,01,Independent,Wally Pang,2
Tishomingo,West Tishomingo,US HOUSE,01,Libertarian,Harold M. Taylor,1
Tishomingo,West Tishomingo,US HOUSE,01,Reform,Barbara Dale Washer,0
Tishomingo,TOTAL,US HOUSE,01,Democrat,Travis W. Childers,1897
Tishomingo,TOTAL,US HOUSE,01,Republican,Alan Nunnelee,3292
Tishomingo,TOTAL,US HOUSE,01,Independent,A G Baddley,51
Tishomingo,TOTAL,US HOUSE,01,Constitution,Gail Giaramita,22
Tishomingo,TOTAL,US HOUSE,01,Independent,Les Green,25
Tishomingo,TOTAL,US HOUSE,01,Independent,Rick 'Rico' Hoskins,11
Tishomingo,TOTAL,US HOUSE,01,Independent,Wally Pang,31
Tishomingo,TOTAL,US HOUSE,01,Libertarian,Harold M. Taylor,7
Tishomingo,TOTAL,US HOUSE,01,Reform,Barbara Dale Washer,18
Tunica,Robinsonville,US HOUSE,2,Republican,Bill Marcy,33
Tunica,Robinsonville,US HOUSE,2,Reform,Ashley Norwood,2
Tunica,Robinsonville,US HOUSE,2,Democrat,Bennie G. Thompson,69
Tunica,Banks/Hambrick,US HOUSE,2,Republican,Bill Marcy,18
Tunica,Banks/Hambrick,US HOUSE,2,Reform,Ashley Norwood,5
Tunica,Banks/Hambrick,US HOUSE,2,Democrat,Bennie G. Thompson,159
Tunica,Watsonville,US HOUSE,2,Republican,Bill Marcy,5
Tunica,Watsonville,US HOUSE,2,Reform,Ashley Norwood,2
Tunica,Watsonville,US HOUSE,2,Democrat,Bennie G. Thompson,71
Tunica,Prichard,US HOUSE,2,Republican,Bill Marcy,19
Tunica,Prichard,US HOUSE,2,Reform,Ashley Norwood,1
Tunica,Prichard,US HOUSE,2,Democrat,Bennie G. Thompson,176
Tunica,Tunica,US HOUSE,2,Republican,Bill Marcy,40
Tunica,Tunica,US HOUSE,2,Reform,Ashley Norwood,2
Tunica,Tunica,US HOUSE,2,Democrat,Bennie G. Thompson,249
Tunica,Courthouse,US HOUSE,2,Republican,Bill Marcy,117
Tunica,Courthouse,US HOUSE,2,Reform,Ashley Norwood,10
Tunica,Courthouse,US HOUSE,2,Democrat,Bennie G. Thompson,116
Tunica,Evansville-Highway 61,US HOUSE,2,Republican,Bill Marcy,25
Tunica,Evansville-Highway 61,US HOUSE,2,Reform,Ashley Norwood,1
Tunica,Evansville-Highway 61,US HOUSE,2,Democrat,Bennie G. Thompson,182
Tunica,Justice Court Building,US HOUSE,2,Republican,Bill Marcy,53
Tunica,Justice Court Building,US HOUSE,2,Reform,Ashley Norwood,3
Tunica,Justice Court Building,US HOUSE,2,Democrat,Bennie G. Thompson,153
Tunica,Mhoon Landing,US HOUSE,2,Republican,Bill Marcy,36
Tunica,Mhoon Landing,US HOUSE,2,Reform,Ashley Norwood,5
Tunica,Mhoon Landing,US HOUSE,2,Democrat,Bennie G. Thompson,25
Tunica,West End Store,US HOUSE,2,Republican,Bill Marcy,11
Tunica,West End Store,US HOUSE,2,Reform,Ashley Norwood,1
Tunica,West End Store,US HOUSE,2,Democrat,Bennie G. Thompson,29
Tunica,Supt. Of Education,US HOUSE,2,Republican,Bill Marcy,60
Tunica,Supt. Of Education,US HOUSE,2,Reform,Ashley Norwood,3
Tunica,Supt. Of Education,US HOUSE,2,Democrat,Bennie G. Thompson,49
Tunica,Two-Mile Lake,US HOUSE,2,Republican,Bill Marcy,52
Tunica,Two-Mile Lake,US HOUSE,2,Reform,Ashley Norwood,2
Tunica,Two-Mile Lake,US HOUSE,2,Democrat,Bennie G. Thompson,138
Tunica,TOTAL,US HOUSE,2,Republican,Bill Marcy,469
Tunica,TOTAL,US HOUSE,2,Reform,Ashley Norwood,37
Tunica,TOTAL,US HOUSE,2,Democrat,Bennie G. Thompson,1416
Union,Macedonia,US HOUSE,1,Democrat,Travis W. Childers,46
Union,Macedonia,US HOUSE,1,Republican,Alan Nunnelee,111
Union,Macedonia,US HOUSE,1,Independent,A G Baddley,3
Union,Macedonia,US HOUSE,1,Constitution,Gail Giaramita,1
Union,Macedonia,US HOUSE,1,Independent,Les Green,0
Union,Macedonia,US HOUSE,1,Independent,Rick 'Rico' Hoskins,2
Union,Macedonia,US HOUSE,1,Independent,Wally Pang,0
Union,Macedonia,US HOUSE,1,Libertarian,Harold M. Taylor,0
Union,Macedonia,US HOUSE,1,Reform,Barbara Dale Washer,0
Union,Blythe,US HOUSE,1,Democrat,Travis W. Childers,32
Union,Blythe,US HOUSE,1,Republican,Alan Nunnelee,82
Union,Blythe,US HOUSE,1,Independent,A G Baddley,0
Union,Blythe,US HOUSE,1,Constitution,Gail Giaramita,1
Union,Blythe,US HOUSE,1,Independent,Les Green,0
Union,Blythe,US HOUSE,1,Independent,Rick 'Rico' Hoskins,0
Union,Blythe,US HOUSE,1,Independent,Wally Pang,2
Union,Blythe,US HOUSE,1,Libertarian,Harold M. Taylor,2
Union,Blythe,US HOUSE,1,Reform,Barbara Dale Washer,1
Union,Myrtle,US HOUSE,1,Democrat,Travis W. Childers,157
Union,Myrtle,US HOUSE,1,Republican,Alan Nunnelee,402
Union,Myrtle,US HOUSE,1,Independent,A G Baddley,8
Union,Myrtle,US HOUSE,1,Constitution,Gail Giaramita,1
Union,Myrtle,US HOUSE,1,Independent,Les Green,2
Union,Myrtle,US HOUSE,1,Independent,Rick 'Rico' Hoskins,0
Union,Myrtle,US HOUSE,1,Independent,Wally Pang,1
Union,Myrtle,US HOUSE,1,Libertarian,Harold M. Taylor,0
Union,Myrtle,US HOUSE,1,Reform,Barbara Dale Washer,1
Union,Glenfield,US HOUSE,1,Democrat,Travis W. Childers,128
Union,Glenfield,US HOUSE,1,Republican,Alan Nunnelee,252
Union,Glenfield,US HOUSE,1,Independent,A G Baddley,5
Union,Glenfield,US HOUSE,1,Constitution,Gail Giaramita,5
Union,Glenfield,US HOUSE,1,Independent,Les Green,1
Union,Glenfield,US HOUSE,1,Independent,Rick 'Rico' Hoskins,0
Union,Glenfield,US HOUSE,1,Independent,Wally Pang,2
Union,Glenfield,US HOUSE,1,Libertarian,Harold M. Taylor,1
Union,Glenfield,US HOUSE,1,Reform,Barbara Dale Washer,0
Union,Pinedale,US HOUSE,1,Democrat,Travis W. Childers,39
Union,Pinedale,US HOUSE,1,Republican,Alan Nunnelee,175
Union,Pinedale,US HOUSE,1,Independent,A G Baddley,0
Union,Pinedale,US HOUSE,1,Constitution,Gail Giaramita,1
Union,Pinedale,US HOUSE,1,Independent,Les Green,2
Union,Pinedale,US HOUSE,1,Independent,Rick 'Rico' Hoskins,2
Union,Pinedale,US HOUSE,1,Independent,Wally Pang,2
Union,Pinedale,US HOUSE,1,Libertarian,Harold M. Taylor,1
Union,Pinedale,US HOUSE,1,Reform,Barbara Dale Washer,0
Union,West Union,US HOUSE,1,Democrat,Travis W. Childers,92
Union,West Union,US HOUSE,1,Republican,Alan Nunnelee,276
Union,West Union,US HOUSE,1,Independent,A G Baddley,1
Union,West Union,US HOUSE,1,Constitution,Gail Giaramita,1
Union,West Union,US HOUSE,1,Independent,Les Green,2
Union,West Union,US HOUSE,1,Independent,Rick 'Rico' Hoskins,1
Union,West Union,US HOUSE,1,Independent,Wally Pang,3
Union,West Union,US HOUSE,1,Libertarian,Harold M. Taylor,0
Union,West Union,US HOUSE,1,Reform,Barbara Dale Washer,0
Union,King's Chapel J & J,US HOUSE,1,Democrat,Travis W. Childers,72
Union,King's Chapel J & J,US HOUSE,1,Republican,Alan Nunnelee,153
Union,King's Chapel J & J,US HOUSE,1,Independent,A G Baddley,1
Union,King's Chapel J & J,US HOUSE,1,Constitution,Gail Giaramita,0
Union,King's Chapel J & J,US HOUSE,1,Independent,Les Green,2
Union,King's Chapel J & J,US HOUSE,1,Independent,Rick 'Rico' Hoskins,1
Union,King's Chapel J & J,US HOUSE,1,Independent,Wally Pang,2
Union,King's Chapel J & J,US HOUSE,1,Libertarian,Harold M. Taylor,1
Union,King's Chapel J & J,US HOUSE,1,Reform,Barbara Dale Washer,0
Union,Courthouse,US HOUSE,1,Democrat,Travis W. Childers,136
Union,Courthouse,US HOUSE,1,Republican,Alan Nunnelee,292
Union,Courthouse,US HOUSE,1,Independent,A G Baddley,2
Union,Courthouse,US HOUSE,1,Constitution,Gail Giaramita,1
Union,Courthouse,US HOUSE,1,Independent,Les Green,1
Union,Courthouse,US HOUSE,1,Independent,Rick 'Rico' Hoskins,1
Union,Courthouse,US HOUSE,1,Independent,Wally Pang,3
Union,Courthouse,US HOUSE,1,Libertarian,Harold M. Taylor,0
Union,Courthouse,US HOUSE,1,Reform,Barbara Dale Washer,0
Union,Blue Springs,US HOUSE,1,Democrat,Travis W. Childers,94
Union,Blue Springs,US HOUSE,1,Republican,Alan Nunnelee,214
Union,Blue Springs,US HOUSE,1,Independent,A G Baddley,2
Union,Blue Springs,US HOUSE,1,Constitution,Gail Giaramita,2
Union,Blue Springs,US HOUSE,1,Independent,Les Green,3
Union,Blue Springs,US HOUSE,1,Independent,Rick 'Rico' Hoskins,0
Union,Blue Springs,US HOUSE,1,Independent,Wally Pang,1
Union,Blue Springs,US HOUSE,1,Libertarian,Harold M. Taylor,1
Union,Blue Springs,US HOUSE,1,Reform,Barbara Dale Washer,0
Union,Center,US HOUSE,1,Democrat,Travis W. Childers,57
Union,Center,US HOUSE,1,Republican,Alan Nunnelee,172
Union,Center,US HOUSE,1,Independent,A G Baddley,3
Union,Center,US HOUSE,1,Constitution,Gail Giaramita,2
Union,Center,US HOUSE,1,Independent,Les Green,0
Union,Center,US HOUSE,1,Independent,Rick 'Rico' Hoskins,0
Union,Center,US HOUSE,1,Independent,Wally Pang,0
Union,Center,US HOUSE,1,Libertarian,Harold M. Taylor,0
Union,Center,US HOUSE,1,Reform,Barbara Dale Washer,0
Union,Ingomar,US HOUSE,1,Democrat,Travis W. Childers,140
Union,Ingomar,US HOUSE,1,Republican,Alan Nunnelee,273
Union,Ingomar,US HOUSE,1,Independent,A G Baddley,5
Union,Ingomar,US HOUSE,1,Constitution,Gail Giaramita,0
Union,Ingomar,US HOUSE,1,Independent,Les Green,2
Union,Ingomar,US HOUSE,1,Independent,Rick 'Rico' Hoskins,3
Union,Ingomar,US HOUSE,1,Independent,Wally Pang,1
Union,Ingomar,US HOUSE,1,Libertarian,Harold M. Taylor,1
Union,Ingomar,US HOUSE,1,Reform,Barbara Dale Washer,0
Union,Sportsplex,US HOUSE,1,Democrat,Travis W. Childers,236
Union,Sportsplex,US HOUSE,1,Republican,Alan Nunnelee,347
Union,Sportsplex,US HOUSE,1,Independent,A G Baddley,2
Union,Sportsplex,US HOUSE,1,Constitution,Gail Giaramita,1
Union,Sportsplex,US HOUSE,1,Independent,Les Green,0
Union,Sportsplex,US HOUSE,1,Independent,Rick 'Rico' Hoskins,0
Union,Sportsplex,US HOUSE,1,Independent,Wally Pang,0
Union,Sportsplex,US HOUSE,1,Libertarian,Harold M. Taylor,0
Union,Sportsplex,US HOUSE,1,Reform,Barbara Dale Washer,1
Union,Ne Community College,US HOUSE,1,Democrat,Travis W. Childers,282
Union,Ne Community College,US HOUSE,1,Republican,Alan Nunnelee,458
Union,Ne Community College,US HOUSE,1,Independent,A G Baddley,4
Union,Ne Community College,US HOUSE,1,Constitution,Gail Giaramita,4
Union,Ne Community College,US HOUSE,1,Independent,Les Green,2
Union,Ne Community College,US HOUSE,1,Independent,Rick 'Rico' Hoskins,1
Union,Ne Community College,US HOUSE,1,Independent,Wally Pang,6
Union,Ne Community College,US HOUSE,1,Libertarian,Harold M. Taylor,0
Union,Ne Community College,US HOUSE,1,Reform,Barbara Dale Washer,0
Union,B F Ford,US HOUSE,1,Democrat,Travis W. Childers,204
Union,B F Ford,US HOUSE,1,Republican,Alan Nunnelee,225
Union,B F Ford,US HOUSE,1,Independent,A G Baddley,0
Union,B F Ford,US HOUSE,1,Constitution,Gail Giaramita,1
Union,B F Ford,US HOUSE,1,Independent,Les Green,1
Union,B F Ford,US HOUSE,1,Independent,Rick 'Rico' Hoskins,0
Union,B F Ford,US HOUSE,1,Independent,Wally Pang,1
Union,B F Ford,US HOUSE,1,Libertarian,Harold M. Taylor,0
Union,B F Ford,US HOUSE,1,Reform,Barbara Dale Washer,1
Union,Central Maintenance,US HOUSE,1,Democrat,Travis W. Childers,127
Union,Central Maintenance,US HOUSE,1,Republican,Alan Nunnelee,385
Union,Central Maintenance,US HOUSE,1,Independent,A G Baddley,1
Union,Central Maintenance,US HOUSE,1,Constitution,Gail Giaramita,0
Union,Central Maintenance,US HOUSE,1,Independent,Les Green,0
Union,Central Maintenance,US HOUSE,1,Independent,Rick 'Rico' Hoskins,1
Union,Central Maintenance,US HOUSE,1,Independent,Wally Pang,3
Union,Central Maintenance,US HOUSE,1,Libertarian,Harold M. Taylor,0
Union,Central Maintenance,US HOUSE,1,Reform,Barbara Dale Washer,0
Union,Beacon Hill,US HOUSE,1,Democrat,Travis W. Childers,129
Union,Beacon Hill,US HOUSE,1,Republican,Alan Nunnelee,273
Union,Beacon Hill,US HOUSE,1,Independent,A G Baddley,6
Union,Beacon Hill,US HOUSE,1,Constitution,Gail Giaramita,3
Union,Beacon Hill,US HOUSE,1,Independent,Les Green,1
Union,Beacon Hill,US HOUSE,1,Independent,Rick 'Rico' Hoskins,0
Union,Beacon Hill,US HOUSE,1,Independent,Wally Pang,0
Union,Beacon Hill,US HOUSE,1,Libertarian,Harold M. Taylor,0
Union,Beacon Hill,US HOUSE,1,Reform,Barbara Dale Washer,0
Union,Keownville,US HOUSE,1,Democrat,Travis W. Childers,87
Union,Keownville,US HOUSE,1,Republican,Alan Nunnelee,221
Union,Keownville,US HOUSE,1,Independent,A G Baddley,2
Union,Keownville,US HOUSE,1,Constitution,Gail Giaramita,0
Union,Keownville,US HOUSE,1,Independent,Les Green,1
Union,Keownville,US HOUSE,1,Independent,Rick 'Rico' Hoskins,0
Union,Keownville,US HOUSE,1,Independent,Wally Pang,0
Union,Keownville,US HOUSE,1,Libertarian,Harold M. Taylor,1
Union,Keownville,US HOUSE,1,Reform,Barbara Dale Washer,0
Union,Pleasant Ridge,US HOUSE,1,Democrat,Travis W. Childers,46
Union,Pleasant Ridge,US HOUSE,1,Republican,Alan Nunnelee,85
Union,Pleasant Ridge,US HOUSE,1,Independent,A G Baddley,1
Union,Pleasant Ridge,US HOUSE,1,Constitution,Gail Giaramita,0
Union,Pleasant Ridge,US HOUSE,1,Independent,Les Green,1
Union,Pleasant Ridge,US HOUSE,1,Independent,Rick 'Rico' Hoskins,0
Union,Pleasant Ridge,US HOUSE,1,Independent,Wally Pang,0
Union,Pleasant Ridge,US HOUSE,1,Libertarian,Harold M. Taylor,3
Union,Pleasant Ridge,US HOUSE,1,Reform,Barbara Dale Washer,0
Union,Jericho,US HOUSE,1,Democrat,Travis W. Childers,70
Union,Jericho,US HOUSE,1,Republican,Alan Nunnelee,115
Union,Jericho,US HOUSE,1,Independent,A G Baddley,3
Union,Jericho,US HOUSE,1,Constitution,Gail Giaramita,0
Union,Jericho,US HOUSE,1,Independent,Les Green,4
Union,Jericho,US HOUSE,1,Independent,Rick 'Rico' Hoskins,0
Union,Jericho,US HOUSE,1,Independent,Wally Pang,1
Union,Jericho,US HOUSE,1,Libertarian,Harold M. Taylor,0
Union,Jericho,US HOUSE,1,Reform,Barbara Dale Washer,0
Union,East Union,US HOUSE,1,Democrat,Travis W. Childers,207
Union,East Union,US HOUSE,1,Republican,Alan Nunnelee,280
Union,East Union,US HOUSE,1,Independent,A G Baddley,5
Union,East Union,US HOUSE,1,Constitution,Gail Giaramita,0
Union,East Union,US HOUSE,1,Independent,Les Green,2
Union,East Union,US HOUSE,1,Independent,Rick 'Rico' Hoskins,0
Union,East Union,US HOUSE,1,Independent,Wally Pang,1
Union,East Union,US HOUSE,1,Libertarian,Harold M. Taylor,5
Union,East Union,US HOUSE,1,Reform,Barbara Dale Washer,0
Union,TOTAL,US HOUSE,1,Democrat,Travis W. Childers,2381
Union,TOTAL,US HOUSE,1,Republican,Alan Nunnelee,4791
Union,TOTAL,US HOUSE,1,Independent,A G Baddley,54
Union,TOTAL,US HOUSE,1,Constitution,Gail Giaramita,24
Union,TOTAL,US HOUSE,1,Independent,Les Green,27
Union,TOTAL,US HOUSE,1,Independent,Rick 'Rico' Hoskins,12
Union,TOTAL,US HOUSE,1,Independent,Wally Pang,29
Union,TOTAL,US HOUSE,1,Libertarian,Harold M. Taylor,16
Union,TOTAL,US HOUSE,1,Reform,Barbara Dale Washer,4
Walthall,Midway,US HOUSE,3,Democrat,Joel L. Gill,39
Walthall,Midway,US HOUSE,3,Republican,Gregg Harper,120
Walthall,Midway,US HOUSE,3,Reform,Tracella Lau O'Hara Hill,5
Walthall,Lexie,US HOUSE,3,Democrat,Joel L. Gill,99
Walthall,Lexie,US HOUSE,3,Republican,Gregg Harper,402
Walthall,Lexie,US HOUSE,3,Reform,Tracella Lau O'Hara Hill,10
Walthall,South Kirklin,US HOUSE,3,Democrat,Joel L. Gill,42
Walthall,South Kirklin,US HOUSE,3,Republican,Gregg Harper,86
Walthall,South Kirklin,US HOUSE,3,Reform,Tracella Lau O'Hara Hill,3
Walthall,North Kirklin,US HOUSE,3,Democrat,Joel L. Gill,153
Walthall,North Kirklin,US HOUSE,3,Republican,Gregg Harper,162
Walthall,North Kirklin,US HOUSE,3,Reform,Tracella Lau O'Hara Hill,8
Walthall,East Tylertown,US HOUSE,3,Democrat,Joel L. Gill,9
Walthall,East Tylertown,US HOUSE,3,Republican,Gregg Harper,67
Walthall,East Tylertown,US HOUSE,3,Reform,Tracella Lau O'Hara Hill,1
Walthall,West Tylertown,US HOUSE,3,Democrat,Joel L. Gill,168
Walthall,West Tylertown,US HOUSE,3,Republican,Gregg Harper,131
Walthall,West Tylertown,US HOUSE,3,Reform,Tracella Lau O'Hara Hill,6
Walthall,Mesa,US HOUSE,3,Democrat,Joel L. Gill,10
Walthall,Mesa,US HOUSE,3,Republican,Gregg Harper,40
Walthall,Mesa,US HOUSE,3,Reform,Tracella Lau O'Hara Hill,0
Walthall,South Knoxo,US HOUSE,3,Democrat,Joel L. Gill,20
Walthall,South Knoxo,US HOUSE,3,Republican,Gregg Harper,55
Walthall,South Knoxo,US HOUSE,3,Reform,Tracella Lau O'Hara Hill,4
Walthall,North Knoxo,US HOUSE,3,Democrat,Joel L. Gill,346
Walthall,North Knoxo,US HOUSE,3,Republican,Gregg Harper,49
Walthall,North Knoxo,US HOUSE,3,Reform,Tracella Lau O'Hara Hill,6
Walthall,Dexter,US HOUSE,3,Democrat,Joel L. Gill,87
Walthall,Dexter,US HOUSE,3,Republican,Gregg Harper,322
Walthall,Dexter,US HOUSE,3,Reform,Tracella Lau O'Hara Hill,3
Walthall,Improve,US HOUSE,3,Democrat,Joel L. Gill,87
Walthall,Improve,US HOUSE,3,Republican,Gregg Harper,230
Walthall,Improve,US HOUSE,3,Reform,Tracella Lau O'Hara Hill,4
Walthall,3rd District Tylertown,US HOUSE,3,Democrat,Joel L. Gill,44
Walthall,3rd District Tylertown,US HOUSE,3,Republican,Gregg Harper,230
Walthall,3rd District Tylertown,US HOUSE,3,Reform,Tracella Lau O'Hara Hill,4
Walthall,4th District Tylertown,US HOUSE,3,Democrat,Joel L. Gill,50
Walthall,4th District Tylertown,US HOUSE,3,Republican,Gregg Harper,286
Walthall,4th District Tylertown,US HOUSE,3,Reform,Tracella Lau O'Hara Hill,2
Walthall,Varnel,US HOUSE,3,Democrat,Joel L. Gill,81
Walthall,Varnel,US HOUSE,3,Republican,Gregg Harper,271
Walthall,Varnel,US HOUSE,3,Reform,Tracella Lau O'Hara Hill,4
Walthall,Sartinsville,US HOUSE,3,Democrat,Joel L. Gill,44
Walthall,Sartinsville,US HOUSE,3,Republican,Gregg Harper,81
Walthall,Sartinsville,US HOUSE,3,Reform,Tracella Lau O'Hara Hill,1
Walthall,Darbun,US HOUSE,3,Democrat,Joel L. Gill,19
Walthall,Darbun,US HOUSE,3,Republican,Gregg Harper,84
Walthall,Darbun,US HOUSE,3,Reform,Tracella Lau O'Hara Hill,2
Walthall,4th District West,US HOUSE,3,Democrat,Joel L. Gill,38
Walthall,4th District West,US HOUSE,3,Republican,Gregg Harper,177
Walthall,4th District West,US HOUSE,3,Reform,Tracella Lau O'Hara Hill,2
Walthall,Dinan,US HOUSE,3,Democrat,Joel L. Gill,269
Walthall,Dinan,US HOUSE,3,Republican,Gregg Harper,123
Walthall,Dinan,US HOUSE,3,Reform,Tracella Lau O'Hara Hill,4
Walthall,Enon,US HOUSE,3,Democrat,Joel L. Gill,72
Walthall,Enon,US HOUSE,3,Republican,Gregg Harper,138
Walthall,Enon,US HOUSE,3,Reform,Tracella Lau O'Hara Hill,2
Walthall,St. Paul,US HOUSE,3,Democrat,Joel L. Gill,118
Walthall,St. Paul,US HOUSE,3,Republican,Gregg Harper,51
Walthall,St. Paul,US HOUSE,3,Reform,Tracella Lau O'Hara Hill,2
Walthall,Hope,US HOUSE,3,Democrat,Joel L. Gill,126
Walthall,Hope,US HOUSE,3,Republican,Gregg Harper,19
Walthall,Hope,US HOUSE,3,Reform,Tracella Lau O'Hara Hill,3
Walthall,TOTAL,US HOUSE,3,Democrat,Joel L. Gill,1921
Walthall,TOTAL,US HOUSE,3,Republican,Gregg Harper,3124
Walthall,TOTAL,US HOUSE,3,Reform,Tracella Lau O'Hara Hill,76
Warren,Oak Ridge,US HOUSE,2,Republican,Bill Marcy,56
Warren,Oak Ridge,US HOUSE,2,Reform,Ashley Norwood,1
Warren,Oak Ridge,US HOUSE,2,Democrat,Bennie G. Thompson,23
Warren,Redwood,US HOUSE,2,Republican,Bill Marcy,80
Warren,Redwood,US HOUSE,2,Reform,Ashley Norwood,2
Warren,Redwood,US HOUSE,2,Democrat,Bennie G. Thompson,8
Warren,Bovina,US HOUSE,2,Republican,Bill Marcy,539
Warren,Bovina,US HOUSE,2,Reform,Ashley Norwood,5
Warren,Bovina,US HOUSE,2,Democrat,Bennie G. Thompson,142
Warren,Culkin,US HOUSE,2,Republican,Bill Marcy,1818
Warren,Culkin,US HOUSE,2,Reform,Ashley Norwood,13
Warren,Culkin,US HOUSE,2,Democrat,Bennie G. Thompson,481
Warren,Cedar Grove,US HOUSE,2,Republican,Bill Marcy,111
Warren,Cedar Grove,US HOUSE,2,Reform,Ashley Norwood,5
Warren,Cedar Grove,US HOUSE,2,Democrat,Bennie G. Thompson,427
Warren,Kings,US HOUSE,2,Republican,Bill Marcy,165
Warren,Kings,US HOUSE,2,Reform,Ashley Norwood,5
Warren,Kings,US HOUSE,2,Democrat,Bennie G. Thompson,320
Warren,St Aloysius,US HOUSE,2,Republican,Bill Marcy,9
Warren,St Aloysius,US HOUSE,2,Reform,Ashley Norwood,1
Warren,St Aloysius,US HOUSE,2,Democrat,Bennie G. Thompson,172
Warren,Auditorium,US HOUSE,2,Republican,Bill Marcy,67
Warren,Auditorium,US HOUSE,2,Reform,Ashley Norwood,6
Warren,Auditorium,US HOUSE,2,Democrat,Bennie G. Thompson,496
Warren,Brunswick,US HOUSE,2,Republican,Bill Marcy,127
Warren,Brunswick,US HOUSE,2,Reform,Ashley Norwood,2
Warren,Brunswick,US HOUSE,2,Democrat,Bennie G. Thompson,20
Warren,3-61,US HOUSE,2,Republican,Bill Marcy,65
Warren,3-61,US HOUSE,2,Reform,Ashley Norwood,4
Warren,3-61,US HOUSE,2,Democrat,Bennie G. Thompson,29
Warren,American Legion Post,US HOUSE,2,Republican,Bill Marcy,174
Warren,American Legion Post,US HOUSE,2,Reform,Ashley Norwood,4
Warren,American Legion Post,US HOUSE,2,Democrat,Bennie G. Thompson,556
Warren,Vicksburg Junior High School,US HOUSE,2,Republican,Bill Marcy,264
Warren,Vicksburg Junior High School,US HOUSE,2,Reform,Ashley Norwood,14
Warren,Vicksburg Junior High School,US HOUSE,2,Democrat,Bennie G. Thompson,568
Warren,No. 7 Fire Station,US HOUSE,2,Republican,Bill Marcy,158
Warren,No. 7 Fire Station,US HOUSE,2,Reform,Ashley Norwood,5
Warren,No. 7 Fire Station,US HOUSE,2,Democrat,Bennie G. Thompson,251
Warren,Jett,US HOUSE,2,Republican,Bill Marcy,359
Warren,Jett,US HOUSE,2,Reform,Ashley Norwood,7
Warren,Jett,US HOUSE,2,Democrat,Bennie G. Thompson,408
Warren,Goodrum,US HOUSE,2,Republican,Bill Marcy,381
Warren,Goodrum,US HOUSE,2,Reform,Ashley Norwood,5
Warren,Goodrum,US HOUSE,2,Democrat,Bennie G. Thompson,109
Warren,Yokena,US HOUSE,2,Republican,Bill Marcy,243
Warren,Yokena,US HOUSE,2,Reform,Ashley Norwood,5
Warren,Yokena,US HOUSE,2,Democrat,Bennie G. Thompson,53
Warren,Elks Lodge,US HOUSE,2,Republican,Bill Marcy,529
Warren,Elks Lodge,US HOUSE,2,Reform,Ashley Norwood,4
Warren,Elks Lodge,US HOUSE,2,Democrat,Bennie G. Thompson,235
Warren,Beechwood,US HOUSE,2,Republican,Bill Marcy,723
Warren,Beechwood,US HOUSE,2,Reform,Ashley Norwood,10
Warren,Beechwood,US HOUSE,2,Democrat,Bennie G. Thompson,135
Warren,Moose Lodge,US HOUSE,2,Republican,Bill Marcy,526
Warren,Moose Lodge,US HOUSE,2,Reform,Ashley Norwood,5
Warren,Moose Lodge,US HOUSE,2,Democrat,Bennie G. Thompson,136
Warren,Tingleville,US HOUSE,2,Republican,Bill Marcy,325
Warren,Tingleville,US HOUSE,2,Reform,Ashley Norwood,4
Warren,Tingleville,US HOUSE,2,Democrat,Bennie G. Thompson,388
Warren,Plumbers & Pipefitters,US HOUSE,2,Republican,Bill Marcy,440
Warren,Plumbers & Pipefitters,US HOUSE,2,Reform,Ashley Norwood,4
Warren,Plumbers & Pipefitters,US HOUSE,2,Democrat,Bennie G. Thompson,129
Warren,Ymca,US HOUSE,2,Republican,Bill Marcy,243
Warren,Ymca,US HOUSE,2,Reform,Ashley Norwood,2
Warren,Ymca,US HOUSE,2,Democrat,Bennie G. Thompson,87
Warren,TOTAL,US HOUSE,2,Republican,Bill Marcy,7402
Warren,TOTAL,US HOUSE,2,Reform,Ashley Norwood,113
Warren,TOTAL,US HOUSE,2,Democrat,Bennie G. Thompson,5173
Washington,St. James Episcopal Church,US HOUSE,2,Republican,Bill Marcy,502
Washington,St. James Episcopal Church,US HOUSE,2,Democrat,Bennie G. Thompson,505
Washington,St. James Episcopal Church,US HOUSE,2,Reform,Ashley Norwood,10
Washington,Covenant Presbyterian,US HOUSE,2,Republican,Bill Marcy,756
Washington,Covenant Presbyterian,US HOUSE,2,Democrat,Bennie G. Thompson,258
Washington,Covenant Presbyterian,US HOUSE,2,Reform,Ashley Norwood,9
Washington,Swiftwater Baptist Church,US HOUSE,2,Republican,Bill Marcy,183
Washington,Swiftwater Baptist Church,US HOUSE,2,Democrat,Bennie G. Thompson,29
Washington,Swiftwater Baptist Church,US HOUSE,2,Reform,Ashley Norwood,4
Washington,Glen Allan Library,US HOUSE,2,Republican,Bill Marcy,167
Washington,Glen Allan Library,US HOUSE,2,Democrat,Bennie G. Thompson,102
Washington,Glen Allan Library,US HOUSE,2,Reform,Ashley Norwood,1
Washington,Ward's Recreation Center,US HOUSE,2,Republican,Bill Marcy,669
Washington,Ward's Recreation Center,US HOUSE,2,Democrat,Bennie G. Thompson,333
Washington,Ward's Recreation Center,US HOUSE,2,Reform,Ashley Norwood,11
Washington,Buster Brown Community Center,US HOUSE,2,Republican,Bill Marcy,253
Washington,Buster Brown Community Center,US HOUSE,2,Democrat,Bennie G. Thompson,499
Washington,Buster Brown Community Center,US HOUSE,2,Reform,Ashley Norwood,5
Washington,Arcola City Hall,US HOUSE,2,Republican,Bill Marcy,79
Washington,Arcola City Hall,US HOUSE,2,Democrat,Bennie G. Thompson,155
Washington,Arcola City Hall,US HOUSE,2,Reform,Ashley Norwood,1
Washington,Potter House,US HOUSE,2,Republican,Bill Marcy,8
Washington,Potter House,US HOUSE,2,Democrat,Bennie G. Thompson,110
Washington,Potter House,US HOUSE,2,Reform,Ashley Norwood,2
Washington,Tampa Drive,US HOUSE,2,Republican,Bill Marcy,115
Washington,Tampa Drive,US HOUSE,2,Democrat,Bennie G. Thompson,169
Washington,Tampa Drive,US HOUSE,2,Reform,Ashley Norwood,3
Washington,Greenville Daycare Center,US HOUSE,2,Republican,Bill Marcy,2
Washington,Greenville Daycare Center,US HOUSE,2,Democrat,Bennie G. Thompson,348
Washington,Greenville Daycare Center,US HOUSE,2,Reform,Ashley Norwood,2
Washington,Extension Building,US HOUSE,2,Republican,Bill Marcy,6
Washington,Extension Building,US HOUSE,2,Democrat,Bennie G. Thompson,205
Washington,Extension Building,US HOUSE,2,Reform,Ashley Norwood,2
Washington,Old American Legion,US HOUSE,2,Republican,Bill Marcy,177
Washington,Old American Legion,US HOUSE,2,Democrat,Bennie G. Thompson,479
Washington,Old American Legion,US HOUSE,2,Reform,Ashley Norwood,4
Washington,Metcalfe Municipal Building,US HOUSE,2,Republican,Bill Marcy,14
Washington,Metcalfe Municipal Building,US HOUSE,2,Democrat,Bennie G. Thompson,264
Washington,Metcalfe Municipal Building,US HOUSE,2,Reform,Ashley Norwood,0
Washington,Elks Lodge,US HOUSE,2,Republican,Bill Marcy,45
Washington,Elks Lodge,US HOUSE,2,Democrat,Bennie G. Thompson,747
Washington,Elks Lodge,US HOUSE,2,Reform,Ashley Norwood,2
Washington,Leland Health Department,US HOUSE,2,Republican,Bill Marcy,346
Washington,Leland Health Department,US HOUSE,2,Democrat,Bennie G. Thompson,414
Washington,Leland Health Department,US HOUSE,2,Reform,Ashley Norwood,5
Washington,Leland Rotary Club,US HOUSE,2,Republican,Bill Marcy,261
Washington,Leland Rotary Club,US HOUSE,2,Democrat,Bennie G. Thompson,274
Washington,Leland Rotary Club,US HOUSE,2,Reform,Ashley Norwood,4
Washington,Hollandale City Hall,US HOUSE,2,Republican,Bill Marcy,131
Washington,Hollandale City Hall,US HOUSE,2,Democrat,Bennie G. Thompson,466
Washington,Hollandale City Hall,US HOUSE,2,Reform,Ashley Norwood,3
Washington,Darlove,US HOUSE,2,Republican,Bill Marcy,24
Washington,Darlove,US HOUSE,2,Democrat,Bennie G. Thompson,27
Washington,Darlove,US HOUSE,2,Reform,Ashley Norwood,0
Washington,Grace Methodist Church,US HOUSE,2,Republican,Bill Marcy,215
Washington,Grace Methodist Church,US HOUSE,2,Democrat,Bennie G. Thompson,376
Washington,Grace Methodist Church,US HOUSE,2,Reform,Ashley Norwood,7
Washington,Greenville Industrial College,US HOUSE,2,Republican,Bill Marcy,12
Washington,Greenville Industrial College,US HOUSE,2,Democrat,Bennie G. Thompson,455
Washington,Greenville Industrial College,US HOUSE,2,Reform,Ashley Norwood,2
Washington,TOTAL,US HOUSE,2,Republican,Bill Marcy,3965
Washington,TOTAL,US HOUSE,2,Democrat,Bennie G. Thompson,6215
Washington,TOTAL,US HOUSE,2,Reform,Ashley Norwood,77
Wayne,Waynesboro City 1,US HOUSE,4,Republican,Steven Palazzo,3
Wayne,Waynesboro City 1,US HOUSE,4,Democrat,Gene Taylor,351
Wayne,Waynesboro City 1,US HOUSE,4,Libertarian,Kenneth 'Tim' Hampton,3
Wayne,Waynesboro City 1,US HOUSE,4,Reform,Anna Jewel Revies,4
Wayne,Waynesboro City 2,US HOUSE,4,Republican,Steven Palazzo,284
Wayne,Waynesboro City 2,US HOUSE,4,Democrat,Gene Taylor,294
Wayne,Waynesboro City 2,US HOUSE,4,Libertarian,Kenneth 'Tim' Hampton,5
Wayne,Waynesboro City 2,US HOUSE,4,Reform,Anna Jewel Revies,2
Wayne,Waynesboro City 3,US HOUSE,4,Republican,Steven Palazzo,404
Wayne,Waynesboro City 3,US HOUSE,4,Democrat,Gene Taylor,233
Wayne,Waynesboro City 3,US HOUSE,4,Libertarian,Kenneth 'Tim' Hampton,2
Wayne,Waynesboro City 3,US HOUSE,4,Reform,Anna Jewel Revies,2
Wayne,Waynesboro City 4,US HOUSE,4,Republican,Steven Palazzo,76
Wayne,Waynesboro City 4,US HOUSE,4,Democrat,Gene Taylor,154
Wayne,Waynesboro City 4,US HOUSE,4,Libertarian,Kenneth 'Tim' Hampton,1
Wayne,Waynesboro City 4,US HOUSE,4,Reform,Anna Jewel Revies,3
Wayne,Waynesboro City 5,US HOUSE,4,Republican,Steven Palazzo,67
Wayne,Waynesboro City 5,US HOUSE,4,Democrat,Gene Taylor,140
Wayne,Waynesboro City 5,US HOUSE,4,Libertarian,Kenneth 'Tim' Hampton,6
Wayne,Waynesboro City 5,US HOUSE,4,Reform,Anna Jewel Revies,2
Wayne,State Line,US HOUSE,4,Republican,Steven Palazzo,180
Wayne,State Line,US HOUSE,4,Democrat,Gene Taylor,221
Wayne,State Line,US HOUSE,4,Libertarian,Kenneth 'Tim' Hampton,3
Wayne,State Line,US HOUSE,4,Reform,Anna Jewel Revies,2
Wayne,Eucutta,US HOUSE,4,Republican,Steven Palazzo,81
Wayne,Eucutta,US HOUSE,4,Democrat,Gene Taylor,49
Wayne,Eucutta,US HOUSE,4,Libertarian,Kenneth 'Tim' Hampton,1
Wayne,Eucutta,US HOUSE,4,Reform,Anna Jewel Revies,0
Wayne,Buckatunna,US HOUSE,4,Republican,Steven Palazzo,161
Wayne,Buckatunna,US HOUSE,4,Democrat,Gene Taylor,219
Wayne,Buckatunna,US HOUSE,4,Libertarian,Kenneth 'Tim' Hampton,2
Wayne,Buckatunna,US HOUSE,4,Reform,Anna Jewel Revies,3
Wayne,Winchester,US HOUSE,4,Republican,Steven Palazzo,147
Wayne,Winchester,US HOUSE,4,Democrat,Gene Taylor,267
Wayne,Winchester,US HOUSE,4,Libertarian,Kenneth 'Tim' Hampton,1
Wayne,Winchester,US HOUSE,4,Reform,Anna Jewel Revies,1
Wayne,Diamond,US HOUSE,4,Republican,Steven Palazzo,7
Wayne,Diamond,US HOUSE,4,Democrat,Gene Taylor,106
Wayne,Diamond,US HOUSE,4,Libertarian,Kenneth 'Tim' Hampton,0
Wayne,Diamond,US HOUSE,4,Reform,Anna Jewel Revies,1
Wayne,Beat Four,US HOUSE,4,Republican,Steven Palazzo,316
Wayne,Beat Four,US HOUSE,4,Democrat,Gene Taylor,118
Wayne,Beat Four,US HOUSE,4,Libertarian,Kenneth 'Tim' Hampton,3
Wayne,Beat Four,US HOUSE,4,Reform,Anna Jewel Revies,2
Wayne,Corinth,US HOUSE,4,Republican,Steven Palazzo,118
Wayne,Corinth,US HOUSE,4,Democrat,Gene Taylor,5
Wayne,Corinth,US HOUSE,4,Libertarian,Kenneth 'Tim' Hampton,1
Wayne,Corinth,US HOUSE,4,Reform,Anna Jewel Revies,1
Wayne,Denham,US HOUSE,4,Republican,Steven Palazzo,171
Wayne,Denham,US HOUSE,4,Democrat,Gene Taylor,111
Wayne,Denham,US HOUSE,4,Libertarian,Kenneth 'Tim' Hampton,2
Wayne,Denham,US HOUSE,4,Reform,Anna Jewel Revies,0
Wayne,Hiwannee,US HOUSE,4,Republican,Steven Palazzo,51
Wayne,Hiwannee,US HOUSE,4,Democrat,Gene Taylor,137
Wayne,Hiwannee,US HOUSE,4,Libertarian,Kenneth 'Tim' Hampton,2
Wayne,Hiwannee,US HOUSE,4,Reform,Anna Jewel Revies,0
Wayne,Strengthford,US HOUSE,4,Republican,Steven Palazzo,91
Wayne,Strengthford,US HOUSE,4,Democrat,Gene Taylor,20
Wayne,Strengthford,US HOUSE,4,Libertarian,Kenneth 'Tim' Hampton,0
Wayne,Strengthford,US HOUSE,4,Reform,Anna Jewel Revies,0
Wayne,Chicora,US HOUSE,4,Republican,Steven Palazzo,109
Wayne,Chicora,US HOUSE,4,Democrat,Gene Taylor,94
Wayne,Chicora,US HOUSE,4,Libertarian,Kenneth 'Tim' Hampton,5
Wayne,Chicora,US HOUSE,4,Reform,Anna Jewel Revies,1
Wayne,Big Rock,US HOUSE,4,Republican,Steven Palazzo,72
Wayne,Big Rock,US HOUSE,4,Democrat,Gene Taylor,66
Wayne,Big Rock,US HOUSE,4,Libertarian,Kenneth 'Tim' Hampton,1
Wayne,Big Rock,US HOUSE,4,Reform,Anna Jewel Revies,1
Wayne,Matherville,US HOUSE,4,Republican,Steven Palazzo,32
Wayne,Matherville,US HOUSE,4,Democrat,Gene Taylor,24
Wayne,Matherville,US HOUSE,4,Libertarian,Kenneth 'Tim' Hampton,0
Wayne,Matherville,US HOUSE,4,Reform,Anna Jewel Revies,0
Wayne,Mozingo,US HOUSE,4,Republican,Steven Palazzo,174
Wayne,Mozingo,US HOUSE,4,Democrat,Gene Taylor,60
Wayne,Mozingo,US HOUSE,4,Libertarian,Kenneth 'Tim' Hampton,1
Wayne,Mozingo,US HOUSE,4,Reform,Anna Jewel Revies,1
Wayne,Coyt,US HOUSE,4,Republican,Steven Palazzo,48
Wayne,Coyt,US HOUSE,4,Democrat,Gene Taylor,11
Wayne,Coyt,US HOUSE,4,Libertarian,Kenneth 'Tim' Hampton,1
Wayne,Coyt,US HOUSE,4,Reform,Anna Jewel Revies,0
Wayne,Pleasant Grove,US HOUSE,4,Republican,Steven Palazzo,203
Wayne,Pleasant Grove,US HOUSE,4,Democrat,Gene Taylor,126
Wayne,Pleasant Grove,US HOUSE,4,Libertarian,Kenneth 'Tim' Hampton,1
Wayne,Pleasant Grove,US HOUSE,4,Reform,Anna Jewel Revies,5
Wayne,Clara,US HOUSE,4,Republican,Steven Palazzo,621
Wayne,Clara,US HOUSE,4,Democrat,Gene Taylor,172
Wayne,Clara,US HOUSE,4,Libertarian,Kenneth 'Tim' Hampton,4
Wayne,Clara,US HOUSE,4,Reform,Anna Jewel Revies,1
Wayne,Chapparal,US HOUSE,4,Republican,Steven Palazzo,36
Wayne,Chapparal,US HOUSE,4,Democrat,Gene Taylor,63
Wayne,Chapparal,US HOUSE,4,Libertarian,Kenneth 'Tim' Hampton,0
Wayne,Chapparal,US HOUSE,4,Reform,Anna Jewel Revies,1
Wayne,Yellow Creek,US HOUSE,4,Republican,Steven Palazzo,159
Wayne,Yellow Creek,US HOUSE,4,Democrat,Gene Taylor,144
Wayne,Yellow Creek,US HOUSE,4,Libertarian,Kenneth 'Tim' Hampton,1
Wayne,Yellow Creek,US HOUSE,4,Reform,Anna Jewel Revies,1
Wayne,TOTAL,US HOUSE,4,Republican,Steven Palazzo,3611
Wayne,TOTAL,US HOUSE,4,Democrat,Gene Taylor,3235
Wayne,TOTAL,US HOUSE,4,Libertarian,Kenneth 'Tim' Hampton,46
Wayne,TOTAL,US HOUSE,4,Reform,Anna Jewel Revies,34
Webster,Eupora No. 1,US HOUSE,1,Democrat,Travis W. Childers,307
Webster,Eupora No. 1,US HOUSE,1,Republican,Alan Nunnelee,290
Webster,Eupora No. 1,US HOUSE,1,Independent,A G Baddley,6
Webster,Eupora No. 1,US HOUSE,1,Independent,Les Green,4
Webster,Eupora No. 1,US HOUSE,1,Independent,Rick 'Rico' Hoskins,3
Webster,Eupora No. 1,US HOUSE,1,Independent,Wally Pang,2
Webster,Eupora No. 1,US HOUSE,1,Constitution,Gail Giaramita,5
Webster,Eupora No. 1,US HOUSE,1,Libertarian,Harold M. Taylor,0
Webster,Eupora No. 1,US HOUSE,1,Reform,Barbara Dale Washer,1
Webster,Bluff Springs,US HOUSE,1,Democrat,Travis W. Childers,59
Webster,Bluff Springs,US HOUSE,1,Republican,Alan Nunnelee,41
Webster,Bluff Springs,US HOUSE,1,Independent,A G Baddley,0
Webster,Bluff Springs,US HOUSE,1,Independent,Les Green,0
Webster,Bluff Springs,US HOUSE,1,Independent,Rick 'Rico' Hoskins,0
Webster,Bluff Springs,US HOUSE,1,Independent,Wally Pang,2
Webster,Bluff Springs,US HOUSE,1,Constitution,Gail Giaramita,2
Webster,Bluff Springs,US HOUSE,1,Libertarian,Harold M. Taylor,0
Webster,Bluff Springs,US HOUSE,1,Reform,Barbara Dale Washer,0
Webster,Eupora No. 2,US HOUSE,1,Democrat,Travis W. Childers,40
Webster,Eupora No. 2,US HOUSE,1,Republican,Alan Nunnelee,147
Webster,Eupora No. 2,US HOUSE,1,Independent,A G Baddley,2
Webster,Eupora No. 2,US HOUSE,1,Independent,Les Green,1
Webster,Eupora No. 2,US HOUSE,1,Independent,Rick 'Rico' Hoskins,0
Webster,Eupora No. 2,US HOUSE,1,Independent,Wally Pang,1
Webster,Eupora No. 2,US HOUSE,1,Constitution,Gail Giaramita,3
Webster,Eupora No. 2,US HOUSE,1,Libertarian,Harold M. Taylor,5
Webster,Eupora No. 2,US HOUSE,1,Reform,Barbara Dale Washer,1
Webster,Walthall,US HOUSE,1,Democrat,Travis W. Childers,33
Webster,Walthall,US HOUSE,1,Republican,Alan Nunnelee,193
Webster,Walthall,US HOUSE,1,Independent,A G Baddley,2
Webster,Walthall,US HOUSE,1,Independent,Les Green,0
Webster,Walthall,US HOUSE,1,Independent,Rick 'Rico' Hoskins,0
Webster,Walthall,US HOUSE,1,Independent,Wally Pang,0
Webster,Walthall,US HOUSE,1,Constitution,Gail Giaramita,3
Webster,Walthall,US HOUSE,1,Libertarian,Harold M. Taylor,0
Webster,Walthall,US HOUSE,1,Reform,Barbara Dale Washer,0
Webster,Bellefontaine,US HOUSE,1,Democrat,Travis W. Childers,36
Webster,Bellefontaine,US HOUSE,1,Republican,Alan Nunnelee,120
Webster,Bellefontaine,US HOUSE,1,Independent,A G Baddley,0
Webster,Bellefontaine,US HOUSE,1,Independent,Les Green,2
Webster,Bellefontaine,US HOUSE,1,Independent,Rick 'Rico' Hoskins,0
Webster,Bellefontaine,US HOUSE,1,Independent,Wally Pang,0
Webster,Bellefontaine,US HOUSE,1,Constitution,Gail Giaramita,4
Webster,Bellefontaine,US HOUSE,1,Libertarian,Harold M. Taylor,0
Webster,Bellefontaine,US HOUSE,1,Reform,Barbara Dale Washer,0
Webster,Cadaretta,US HOUSE,1,Democrat,Travis W. Childers,21
Webster,Cadaretta,US HOUSE,1,Republican,Alan Nunnelee,60
Webster,Cadaretta,US HOUSE,1,Independent,A G Baddley,0
Webster,Cadaretta,US HOUSE,1,Independent,Les Green,1
Webster,Cadaretta,US HOUSE,1,Independent,Rick 'Rico' Hoskins,0
Webster,Cadaretta,US HOUSE,1,Independent,Wally Pang,0
Webster,Cadaretta,US HOUSE,1,Constitution,Gail Giaramita,1
Webster,Cadaretta,US HOUSE,1,Libertarian,Harold M. Taylor,1
Webster,Cadaretta,US HOUSE,1,Reform,Barbara Dale Washer,0
Webster,Eupora No. 3,US HOUSE,1,Democrat,Travis W. Childers,61
Webster,Eupora No. 3,US HOUSE,1,Republican,Alan Nunnelee,101
Webster,Eupora No. 3,US HOUSE,1,Independent,A G Baddley,2
Webster,Eupora No. 3,US HOUSE,1,Independent,Les Green,1
Webster,Eupora No. 3,US HOUSE,1,Independent,Rick 'Rico' Hoskins,1
Webster,Eupora No. 3,US HOUSE,1,Independent,Wally Pang,2
Webster,Eupora No. 3,US HOUSE,1,Constitution,Gail Giaramita,5
Webster,Eupora No. 3,US HOUSE,1,Libertarian,Harold M. Taylor,0
Webster,Eupora No. 3,US HOUSE,1,Reform,Barbara Dale Washer,1
Webster,Grady,US HOUSE,1,Democrat,Travis W. Childers,28
Webster,Grady,US HOUSE,1,Republican,Alan Nunnelee,112
Webster,Grady,US HOUSE,1,Independent,A G Baddley,2
Webster,Grady,US HOUSE,1,Independent,Les Green,0
Webster,Grady,US HOUSE,1,Independent,Rick 'Rico' Hoskins,0
Webster,Grady,US HOUSE,1,Independent,Wally Pang,0
Webster,Grady,US HOUSE,1,Constitution,Gail Giaramita,1
Webster,Grady,US HOUSE,1,Libertarian,Harold M. Taylor,1
Webster,Grady,US HOUSE,1,Reform,Barbara Dale Washer,0
Webster,Tomnolen,US HOUSE,1,Democrat,Travis W. Childers,26
Webster,Tomnolen,US HOUSE,1,Republican,Alan Nunnelee,191
Webster,Tomnolen,US HOUSE,1,Independent,A G Baddley,0
Webster,Tomnolen,US HOUSE,1,Independent,Les Green,1
Webster,Tomnolen,US HOUSE,1,Independent,Rick 'Rico' Hoskins,0
Webster,Tomnolen,US HOUSE,1,Independent,Wally Pang,0
Webster,Tomnolen,US HOUSE,1,Constitution,Gail Giaramita,5
Webster,Tomnolen,US HOUSE,1,Libertarian,Harold M. Taylor,0
Webster,Tomnolen,US HOUSE,1,Reform,Barbara Dale Washer,0
Webster,Fay,US HOUSE,1,Democrat,Travis W. Childers,10
Webster,Fay,US HOUSE,1,Republican,Alan Nunnelee,64
Webster,Fay,US HOUSE,1,Independent,A G Baddley,0
Webster,Fay,US HOUSE,1,Independent,Les Green,0
Webster,Fay,US HOUSE,1,Independent,Rick 'Rico' Hoskins,0
Webster,Fay,US HOUSE,1,Independent,Wally Pang,0
Webster,Fay,US HOUSE,1,Constitution,Gail Giaramita,0
Webster,Fay,US HOUSE,1,Libertarian,Harold M. Taylor,0
Webster,Fay,US HOUSE,1,Reform,Barbara Dale Washer,0
Webster,Mathiston,US HOUSE,1,Democrat,Travis W. Childers,70
Webster,Mathiston,US HOUSE,1,Republican,Alan Nunnelee,240
Webster,Mathiston,US HOUSE,1,Independent,A G Baddley,0
Webster,Mathiston,US HOUSE,1,Independent,Les Green,0
Webster,Mathiston,US HOUSE,1,Independent,Rick 'Rico' Hoskins,0
Webster,Mathiston,US HOUSE,1,Independent,Wally Pang,0
Webster,Mathiston,US HOUSE,1,Constitution,Gail Giaramita,3
Webster,Mathiston,US HOUSE,1,Libertarian,Harold M. Taylor,2
Webster,Mathiston,US HOUSE,1,Reform,Barbara Dale Washer,4
Webster,Maben,US HOUSE,3,Democrat,Joel L. Gill,57
Webster,Maben,US HOUSE,3,Republican,Gregg Harper,182
Webster,Maben,US HOUSE,3,Reform,Tracella Lou O'Hara Hill,3
Webster,Big Black,US HOUSE,1,Democrat,Travis W. Childers,21
Webster,Big Black,US HOUSE,1,Republican,Alan Nunnelee,142
Webster,Big Black,US HOUSE,1,Independent,A G Baddley,0
Webster,Big Black,US HOUSE,1,Independent,Les Green,4
Webster,Big Black,US HOUSE,1,Independent,Rick 'Rico' Hoskins,0
Webster,Big Black,US HOUSE,1,Independent,Wally Pang,1
Webster,Big Black,US HOUSE,1,Constitution,Gail Giaramita,4
Webster,Big Black,US HOUSE,1,Libertarian,Harold M. Taylor,0
Webster,Big Black,US HOUSE,1,Reform,Barbara Dale Washer,0
Webster,Fame,US HOUSE,1,Democrat,Travis W. Childers,28
Webster,Fame,US HOUSE,1,Republican,Alan Nunnelee,155
Webster,Fame,US HOUSE,1,Independent,A G Baddley,0
Webster,Fame,US HOUSE,1,Independent,Les Green,1
Webster,Fame,US HOUSE,1,Independent,Rick 'Rico' Hoskins,0
Webster,Fame,US HOUSE,1,Independent,Wally Pang,0
Webster,Fame,US HOUSE,1,Constitution,Gail Giaramita,3
Webster,Fame,US HOUSE,1,Libertarian,Harold M. Taylor,0
Webster,Fame,US HOUSE,1,Reform,Barbara Dale Washer,0
Webster,Clarkson,US HOUSE,1,Democrat,Travis W. Childers,11
Webster,Clarkson,US HOUSE,1,Republican,Alan Nunnelee,169
Webster,Clarkson,US HOUSE,1,Independent,A G Baddley,1
Webster,Clarkson,US HOUSE,1,Independent,Les Green,2
Webster,Clarkson,US HOUSE,1,Independent,Rick 'Rico' Hoskins,0
Webster,Clarkson,US HOUSE,1,Independent,Wally Pang,2
Webster,Clarkson,US HOUSE,1,Constitution,Gail Giaramita,1
Webster,Clarkson,US HOUSE,1,Libertarian,Harold M. Taylor,0
Webster,Clarkson,US HOUSE,1,Reform,Barbara Dale Washer,0
Webster,Cumberland,US HOUSE,1,Democrat,Travis W. Childers,45
Webster,Cumberland,US HOUSE,1,Republican,Alan Nunnelee,151
Webster,Cumberland,US HOUSE,1,Independent,A G Baddley,0
Webster,Cumberland,US HOUSE,1,Independent,Les Green,0
Webster,Cumberland,US HOUSE,1,Independent,Rick 'Rico' Hoskins,2
Webster,Cumberland,US HOUSE,1,Independent,Wally Pang,0
Webster,Cumberland,US HOUSE,1,Constitution,Gail Giaramita,4
Webster,Cumberland,US HOUSE,1,Libertarian,Harold M. Taylor,0
Webster,Cumberland,US HOUSE,1,Reform,Barbara Dale Washer,1
Webster,Mantee,US HOUSE,1,Democrat,Travis W. Childers,32
Webster,Mantee,US HOUSE,1,Republican,Alan Nunnelee,205
Webster,Mantee,US HOUSE,1,Independent,A G Baddley,2
Webster,Mantee,US HOUSE,1,Independent,Les Green,3
Webster,Mantee,US HOUSE,1,Independent,Rick 'Rico' Hoskins,0
Webster,Mantee,US HOUSE,1,Independent,Wally Pang,1
Webster,Mantee,US HOUSE,1,Constitution,Gail Giaramita,4
Webster,Mantee,US HOUSE,1,Libertarian,Harold M. Taylor,0
Webster,Mantee,US HOUSE,1,Reform,Barbara Dale Washer,0
Webster,TOTAL,US HOUSE,1,Democrat,Travis W. Childers,828
Webster,TOTAL,US HOUSE,1,Republican,Alan Nunnelee,2381
Webster,TOTAL,US HOUSE,1,Independent,A G Baddley,17
Webster,TOTAL,US HOUSE,1,Independent,Les Green,20
Webster,TOTAL,US HOUSE,1,Independent,Rick 'Rico' Hoskins,6
Webster,TOTAL,US HOUSE,1,Independent,Wally Pang,11
Webster,TOTAL,US HOUSE,1,Constitution,Gail Giaramita,48
Webster,TOTAL,US HOUSE,1,Libertarian,Harold M. Taylor,9
Webster,TOTAL,US HOUSE,1,Reform,Barbara Dale Washer,8
Webster,TOTAL,US HOUSE,3,Democrat,Joel L. Gill,57
Webster,TOTAL,US HOUSE,3,Republican,Gregg Harper,182
Webster,TOTAL,US HOUSE,3,Reform,Tracella Lou O'Hara Hill,3
Wilkinson,Woodville 1010,US HOUSE,3,Democrat,Joel L. Gill,108
Wilkinson,Woodville 1010,US HOUSE,3,Republican,Gregg Harper,91
Wilkinson,Woodville 1010,US HOUSE,3,Reform,Tracella Lau O'Hara Hill,1
Wilkinson,Centerville 1st 1020,US HOUSE,3,Democrat,Joel L. Gill,172
Wilkinson,Centerville 1st 1020,US HOUSE,3,Republican,Gregg Harper,36
Wilkinson,Centerville 1st 1020,US HOUSE,3,Reform,Tracella Lau O'Hara Hill,0
Wilkinson,Woodville 2nd 2010,US HOUSE,3,Democrat,Joel L. Gill,221
Wilkinson,Woodville 2nd 2010,US HOUSE,3,Republican,Gregg Harper,58
Wilkinson,Woodville 2nd 2010,US HOUSE,3,Reform,Tracella Lau O'Hara Hill,3
Wilkinson,Fort Adams 2020,US HOUSE,3,Democrat,Joel L. Gill,80
Wilkinson,Fort Adams 2020,US HOUSE,3,Republican,Gregg Harper,29
Wilkinson,Fort Adams 2020,US HOUSE,3,Reform,Tracella Lau O'Hara Hill,1
Wilkinson,Centerville 3rd 3010,US HOUSE,3,Democrat,Joel L. Gill,156
Wilkinson,Centerville 3rd 3010,US HOUSE,3,Republican,Gregg Harper,213
Wilkinson,Centerville 3rd 3010,US HOUSE,3,Reform,Tracella Lau O'Hara Hill,2
Wilkinson,Woodville 4th 4010,US HOUSE,3,Democrat,Joel L. Gill,334
Wilkinson,Woodville 4th 4010,US HOUSE,3,Republican,Gregg Harper,60
Wilkinson,Woodville 4th 4010,US HOUSE,3,Reform,Tracella Lau O'Hara Hill,0
Wilkinson,Cold Springs 4020,US HOUSE,3,Democrat,Joel L. Gill,61
Wilkinson,Cold Springs 4020,US HOUSE,3,Republican,Gregg Harper,47
Wilkinson,Cold Springs 4020,US HOUSE,3,Reform,Tracella Lau O'Hara Hill,0
Wilkinson,Woodville 5th 5010,US HOUSE,3,Democrat,Joel L. Gill,76
Wilkinson,Woodville 5th 5010,US HOUSE,3,Republican,Gregg Harper,145
Wilkinson,Woodville 5th 5010,US HOUSE,3,Reform,Tracella Lau O'Hara Hill,1
Wilkinson,Longmire 5020,US HOUSE,3,Democrat,Joel L. Gill,77
Wilkinson,Longmire 5020,US HOUSE,3,Republican,Gregg Harper,142
Wilkinson,Longmire 5020,US HOUSE,3,Reform,Tracella Lau O'Hara Hill,0
Wilkinson,TOTAL,US HOUSE,3,Democrat,Joel L. Gill,1285
Wilkinson,TOTAL,US HOUSE,3,Republican,Gregg Harper,821
Wilkinson,TOTAL,US HOUSE,3,Reform,Tracella Lau O'Hara Hill,8
Winston,Fairground,US HOUSE,1,Democrat,Travis W. Childers,13
Winston,Fairground,US HOUSE,1,Republican,Alan Nunnelee,35
Winston,Fairground,US HOUSE,1,Constitution,Gail Giaramita,0
Winston,Fairground,US HOUSE,1,Independent,A G Baddley,0
Winston,Fairground,US HOUSE,1,Independent,Les Green,0
Winston,Fairground,US HOUSE,1,Independent,Rick 'Rico' Hoskins,0
Winston,Fairground,US HOUSE,1,Independent,Wally Pang,0
Winston,Fairground,US HOUSE,1,Libertarian,Harold M. Taylor,0
Winston,Fairground,US HOUSE,1,Reform,Barbara Dale Washer,0
Winston,Fairground,US HOUSE,3,Democrat,Joel L. Gill,242
Winston,Fairground,US HOUSE,3,Republican,Gregg Harper,798
Winston,Fairground,US HOUSE,3,Reform,Tracella Lau O'Hara Hill,4
Winston,Nanih Waiya,US HOUSE,3,Democrat,Joel L. Gill,108
Winston,Nanih Waiya,US HOUSE,3,Republican,Gregg Harper,428
Winston,Nanih Waiya,US HOUSE,3,Reform,Tracella Lau O'Hara Hill,1
Winston,Lovorn Tractor,US HOUSE,3,Democrat,Joel L. Gill,141
Winston,Lovorn Tractor,US HOUSE,3,Republican,Gregg Harper,181
Winston,Lovorn Tractor,US HOUSE,3,Reform,Tracella Lau O'Hara Hill,3
Winston,American Legion,US HOUSE,3,Democrat,Joel L. Gill,350
Winston,American Legion,US HOUSE,3,Republican,Gregg Harper,72
Winston,American Legion,US HOUSE,3,Reform,Tracella Lau O'Hara Hill,3
Winston,Zion Ridge,US HOUSE,3,Democrat,Joel L. Gill,254
Winston,Zion Ridge,US HOUSE,3,Republican,Gregg Harper,49
Winston,Zion Ridge,US HOUSE,3,Reform,Tracella Lau O'Hara Hill,3
Winston,Shiloh,US HOUSE,3,Democrat,Joel L. Gill,62
Winston,Shiloh,US HOUSE,3,Republican,Gregg Harper,201
Winston,Shiloh,US HOUSE,3,Reform,Tracella Lau O'Hara Hill,1
Winston,County Agent,US HOUSE,3,Democrat,Joel L. Gill,379
Winston,County Agent,US HOUSE,3,Republican,Gregg Harper,115
Winston,County Agent,US HOUSE,3,Reform,Tracella Lau O'Hara Hill,2
Winston,Mars Hill,US HOUSE,3,Democrat,Joel L. Gill,101
Winston,Mars Hill,US HOUSE,3,Republican,Gregg Harper,165
Winston,Mars Hill,US HOUSE,3,Reform,Tracella Lau O'Hara Hill,2
Winston,Noxapater,US HOUSE,3,Democrat,Joel L. Gill,157
Winston,Noxapater,US HOUSE,3,Republican,Gregg Harper,326
Winston,Noxapater,US HOUSE,3,Reform,Tracella Lau O'Hara Hill,1
Winston,New National Guard,US HOUSE,3,Democrat,Joel L. Gill,71
Winston,New National Guard,US HOUSE,3,Republican,Gregg Harper,190
Winston,New National Guard,US HOUSE,3,Reform,Tracella Lau O'Hara Hill,1
Winston,East Winston,US HOUSE,3,Democrat,Joel L. Gill,95
Winston,East Winston,US HOUSE,3,Republican,Gregg Harper,287
Winston,East Winston,US HOUSE,3,Reform,Tracella Lau O'Hara Hill,2
Winston,Mill Creek,US HOUSE,3,Democrat,Joel L. Gill,233
Winston,Mill Creek,US HOUSE,3,Republican,Gregg Harper,455
Winston,Mill Creek,US HOUSE,3,Reform,Tracella Lau O'Hara Hill,1
Winston,TOTAL,US HOUSE,1,Democrat,Travis W. Childers,13
Winston,TOTAL,US HOUSE,1,Republican,Alan Nunnelee,35
Winston,TOTAL,US HOUSE,1,Constitution,Gail Giaramita,0
Winston,TOTAL,US HOUSE,1,Independent,A G Baddley,0
Winston,TOTAL,US HOUSE,1,Independent,Les Green,0
Winston,TOTAL,US HOUSE,1,Independent,Rick 'Rico' Hoskins,0
Winston,TOTAL,US HOUSE,1,Independent,Wally Pang,2193
Winston,TOTAL,US HOUSE,1,Libertarian,Harold M. Taylor,3267
Winston,TOTAL,US HOUSE,1,Reform,Barbara Dale Washer,24
Yalobusha,Beat One North,US HOUSE,1,Democrat,Travis W. Childers,164
Yalobusha,Beat One North,US HOUSE,1,Republican,Alan Nunnelee,401
Yalobusha,Beat One North,US HOUSE,1,Independent,A G Baddley,25
Yalobusha,Beat One North,US HOUSE,1,Constitution,Gail Giaramita,1
Yalobusha,Beat One North,US HOUSE,1,Independent,Les Green,22
Yalobusha,Beat One North,US HOUSE,1,Independent,Rick 'Rico' Hoskins,0
Yalobusha,Beat One North,US HOUSE,1,Independent,Wally Pang,1
Yalobusha,Beat One North,US HOUSE,1,Libertarian,Harold M. Taylor,2
Yalobusha,Beat One North,US HOUSE,1,Reform,Barbara Dale Washer,0
Yalobusha,Beat One South,US HOUSE,1,Democrat,Travis W. Childers,123
Yalobusha,Beat One South,US HOUSE,1,Republican,Alan Nunnelee,130
Yalobusha,Beat One South,US HOUSE,1,Independent,A G Baddley,3
Yalobusha,Beat One South,US HOUSE,1,Constitution,Gail Giaramita,2
Yalobusha,Beat One South,US HOUSE,1,Independent,Les Green,0
Yalobusha,Beat One South,US HOUSE,1,Independent,Rick 'Rico' Hoskins,0
Yalobusha,Beat One South,US HOUSE,1,Independent,Wally Pang,2
Yalobusha,Beat One South,US HOUSE,1,Libertarian,Harold M. Taylor,0
Yalobusha,Beat One South,US HOUSE,1,Reform,Barbara Dale Washer,0
Yalobusha,Beat Two Water Valley,US HOUSE,1,Democrat,Travis W. Childers,464
Yalobusha,Beat Two Water Valley,US HOUSE,1,Republican,Alan Nunnelee,229
Yalobusha,Beat Two Water Valley,US HOUSE,1,Independent,A G Baddley,15
Yalobusha,Beat Two Water Valley,US HOUSE,1,Constitution,Gail Giaramita,1
Yalobusha,Beat Two Water Valley,US HOUSE,1,Independent,Les Green,10
Yalobusha,Beat Two Water Valley,US HOUSE,1,Independent,Rick 'Rico' Hoskins,1
Yalobusha,Beat Two Water Valley,US HOUSE,1,Independent,Wally Pang,3
Yalobusha,Beat Two Water Valley,US HOUSE,1,Libertarian,Harold M. Taylor,3
Yalobusha,Beat Two Water Valley,US HOUSE,1,Reform,Barbara Dale Washer,3
Yalobusha,Three North West,US HOUSE,1,Democrat,Travis W. Childers,153
Yalobusha,Three North West,US HOUSE,1,Republican,Alan Nunnelee,336
Yalobusha,Three North West,US HOUSE,1,Independent,A G Baddley,29
Yalobusha,Three North West,US HOUSE,1,Constitution,Gail Giaramita,3
Yalobusha,Three North West,US HOUSE,1,Independent,Les Green,5
Yalobusha,Three North West,US HOUSE,1,Independent,Rick 'Rico' Hoskins,1
Yalobusha,Three North West,US HOUSE,1,Independent,Wally Pang,6
Yalobusha,Three North West,US HOUSE,1,Libertarian,Harold M. Taylor,2
Yalobusha,Three North West,US HOUSE,1,Reform,Barbara Dale Washer,3
Yalobusha,Three Sylva Rena,US HOUSE,1,Democrat,Travis W. Childers,103
Yalobusha,Three Sylva Rena,US HOUSE,1,Republican,Alan Nunnelee,195
Yalobusha,Three Sylva Rena,US HOUSE,1,Independent,A G Baddley,4
Yalobusha,Three Sylva Rena,US HOUSE,1,Constitution,Gail Giaramita,0
Yalobusha,Three Sylva Rena,US HOUSE,1,Independent,Les Green,6
Yalobusha,Three Sylva Rena,US HOUSE,1,Independent,Rick 'Rico' Hoskins,1
Yalobusha,Three Sylva Rena,US HOUSE,1,Independent,Wally Pang,3
Yalobusha,Three Sylva Rena,US HOUSE,1,Libertarian,Harold M. Taylor,2
Yalobusha,Three Sylva Rena,US HOUSE,1,Reform,Barbara Dale Washer,0
Yalobusha,Four Coffeeville,US HOUSE,1,Democrat,Travis W. Childers,267
Yalobusha,Four Coffeeville,US HOUSE,1,Republican,Alan Nunnelee,52
Yalobusha,Four Coffeeville,US HOUSE,1,Independent,A G Baddley,0
Yalobusha,Four Coffeeville,US HOUSE,1,Constitution,Gail Giaramita,1
Yalobusha,Four Coffeeville,US HOUSE,1,Independent,Les Green,0
Yalobusha,Four Coffeeville,US HOUSE,1,Independent,Rick 'Rico' Hoskins,0
Yalobusha,Four Coffeeville,US HOUSE,1,Independent,Wally Pang,0
Yalobusha,Four Coffeeville,US HOUSE,1,Libertarian,Harold M. Taylor,2
Yalobusha,Four Coffeeville,US HOUSE,1,Reform,Barbara Dale Washer,1
Yalobusha,Four Oakland,US HOUSE,1,Democrat,Travis W. Childers,335
Yalobusha,Four Oakland,US HOUSE,1,Republican,Alan Nunnelee,218
Yalobusha,Four Oakland,US HOUSE,1,Independent,A G Baddley,8
Yalobusha,Four Oakland,US HOUSE,1,Constitution,Gail Giaramita,1
Yalobusha,Four Oakland,US HOUSE,1,Independent,Les Green,2
Yalobusha,Four Oakland,US HOUSE,1,Independent,Rick 'Rico' Hoskins,0
Yalobusha,Four Oakland,US HOUSE,1,Independent,Wally Pang,14
Yalobusha,Four Oakland,US HOUSE,1,Libertarian,Harold M. Taylor,1
Yalobusha,Four Oakland,US HOUSE,1,Reform,Barbara Dale Washer,3
Yalobusha,Five Coffeeville,US HOUSE,1,Democrat,Travis W. Childers,186
Yalobusha,Five Coffeeville,US HOUSE,1,Republican,Alan Nunnelee,258
Yalobusha,Five Coffeeville,US HOUSE,1,Independent,A G Baddley,8
Yalobusha,Five Coffeeville,US HOUSE,1,Constitution,Gail Giaramita,2
Yalobusha,Five Coffeeville,US HOUSE,1,Independent,Les Green,1
Yalobusha,Five Coffeeville,US HOUSE,1,Independent,Rick 'Rico' Hoskins,2
Yalobusha,Five Coffeeville,US HOUSE,1,Independent,Wally Pang,3
Yalobusha,Five Coffeeville,US HOUSE,1,Libertarian,Harold M. Taylor,3
Yalobusha,Five Coffeeville,US HOUSE,1,Reform,Barbara Dale Washer,2
Yalobusha,Five Scobey,US HOUSE,1,Democrat,Travis W. Childers,60
Yalobusha,Five Scobey,US HOUSE,1,Republican,Alan Nunnelee,74
Yalobusha,Five Scobey,US HOUSE,1,Independent,A G Baddley,2
Yalobusha,Five Scobey,US HOUSE,1,Constitution,Gail Giaramita,3
Yalobusha,Five Scobey,US HOUSE,1,Independent,Les Green,1
Yalobusha,Five Scobey,US HOUSE,1,Independent,Rick 'Rico' Hoskins,1
Yalobusha,Five Scobey,US HOUSE,1,Independent,Wally Pang,0
Yalobusha,Five Scobey,US HOUSE,1,Libertarian,Harold M. Taylor,0
Yalobusha,Five Scobey,US HOUSE,1,Reform,Barbara Dale Washer,1
Yalobusha,Five Scuna - Vann's Mill,US HOUSE,1,Democrat,Travis W. Childers,48
Yalobusha,Five Scuna - Vann's Mill,US HOUSE,1,Republican,Alan Nunnelee,62
Yalobusha,Five Scuna - Vann's Mill,US HOUSE,1,Independent,A G Baddley,2
Yalobusha,Five Scuna - Vann's Mill,US HOUSE,1,Constitution,Gail Giaramita,0
Yalobusha,Five Scuna - Vann's Mill,US HOUSE,1,Independent,Les Green,0
Yalobusha,Five Scuna - Vann's Mill,US HOUSE,1,Independent,Rick 'Rico' Hoskins,0
Yalobusha,Five Scuna - Vann's Mill,US HOUSE,1,Independent,Wally Pang,2
Yalobusha,Five Scuna - Vann's Mill,US HOUSE,1,Libertarian,Harold M. Taylor,0
Yalobusha,Five Scuna - Vann's Mill,US HOUSE,1,Reform,Barbara Dale Washer,1
Yalobusha,Five Tillatoba,US HOUSE,1,Democrat,Travis W. Childers,49
Yalobusha,Five Tillatoba,US HOUSE,1,Republican,Alan Nunnelee,74
Yalobusha,Five Tillatoba,US HOUSE,1,Independent,A G Baddley,2
Yalobusha,Five Tillatoba,US HOUSE,1,Constitution,Gail Giaramita,0
Yalobusha,Five Tillatoba,US HOUSE,1,Independent,Les Green,1
Yalobusha,Five Tillatoba,US HOUSE,1,Independent,Rick 'Rico' Hoskins,0
Yalobusha,Five Tillatoba,US HOUSE,1,Independent,Wally Pang,2
Yalobusha,Five Tillatoba,US HOUSE,1,Libertarian,Harold M. Taylor,0
Yalobusha,Five Tillatoba,US HOUSE,1,Reform,Barbara Dale Washer,0
Yalobusha,TOTAL,US HOUSE,1,Democrat,Travis W. Childers,1952
Yalobusha,TOTAL,US HOUSE,1,Republican,Alan Nunnelee,2029
Yalobusha,TOTAL,US HOUSE,1,Independent,A G Baddley,98
Yalobusha,TOTAL,US HOUSE,1,Constitution,Gail Giaramita,14
Yalobusha,TOTAL,US HOUSE,1,Independent,Les Green,48
Yalobusha,TOTAL,US HOUSE,1,Independent,Rick 'Rico' Hoskins,6
Yalobusha,TOTAL,US HOUSE,1,Independent,Wally Pang,36
Yalobusha,TOTAL,US HOUSE,1,Libertarian,Harold M. Taylor,15
Yalobusha,TOTAL,US HOUSE,1,Reform,Barbara Dale Washer,14
Yazoo,Mechanisburg,US HOUSE,2,Republican,Bill Marcy,286
Yazoo,Mechanisburg,US HOUSE,2,Democrat,Bennie G. Thompson,9
Yazoo,Mechanisburg,US HOUSE,2,Reform,Ashley Norwood,29
Yazoo,East Bentonia,US HOUSE,2,Republican,Bill Marcy,127
Yazoo,East Bentonia,US HOUSE,2,Democrat,Bennie G. Thompson,6
Yazoo,East Bentonia,US HOUSE,2,Reform,Ashley Norwood,77
Yazoo,West Bentonia,US HOUSE,2,Republican,Bill Marcy,145
Yazoo,West Bentonia,US HOUSE,2,Democrat,Bennie G. Thompson,2
Yazoo,West Bentonia,US HOUSE,2,Reform,Ashley Norwood,176
Yazoo,Center Ridge,US HOUSE,2,Republican,Bill Marcy,247
Yazoo,Center Ridge,US HOUSE,2,Democrat,Bennie G. Thompson,2
Yazoo,Center Ridge,US HOUSE,2,Reform,Ashley Norwood,25
Yazoo,Dover,US HOUSE,2,Republican,Bill Marcy,176
Yazoo,Dover,US HOUSE,2,Democrat,Bennie G. Thompson,1
Yazoo,Dover,US HOUSE,2,Reform,Ashley Norwood,36
Yazoo,Robinette,US HOUSE,2,Republican,Bill Marcy,193
Yazoo,Robinette,US HOUSE,2,Democrat,Bennie G. Thompson,3
Yazoo,Robinette,US HOUSE,2,Reform,Ashley Norwood,14
Yazoo,Satartia,US HOUSE,2,Republican,Bill Marcy,22
Yazoo,Satartia,US HOUSE,2,Democrat,Bennie G. Thompson,0
Yazoo,Satartia,US HOUSE,2,Reform,Ashley Norwood,11
Yazoo,Valley,US HOUSE,2,Republican,Bill Marcy,81
Yazoo,Valley,US HOUSE,2,Democrat,Bennie G. Thompson,0
Yazoo,Valley,US HOUSE,2,Reform,Ashley Norwood,12
Yazoo,Benton,US HOUSE,2,Republican,Bill Marcy,301
Yazoo,Benton,US HOUSE,2,Democrat,Bennie G. Thompson,2
Yazoo,Benton,US HOUSE,2,Reform,Ashley Norwood,125
Yazoo,Ward 2,US HOUSE,2,Republican,Bill Marcy,281
Yazoo,Ward 2,US HOUSE,2,Democrat,Bennie G. Thompson,3
Yazoo,Ward 2,US HOUSE,2,Reform,Ashley Norwood,94
Yazoo,Deasonville,US HOUSE,2,Republican,Bill Marcy,162
Yazoo,Deasonville,US HOUSE,2,Democrat,Bennie G. Thompson,4
Yazoo,Deasonville,US HOUSE,2,Reform,Ashley Norwood,176
Yazoo,Harttown,US HOUSE,2,Republican,Bill Marcy,36
Yazoo,Harttown,US HOUSE,2,Democrat,Bennie G. Thompson,1
Yazoo,Harttown,US HOUSE,2,Reform,Ashley Norwood,102
Yazoo,Zion,US HOUSE,2,Republican,Bill Marcy,124
Yazoo,Zion,US HOUSE,2,Democrat,Bennie G. Thompson,2
Yazoo,Zion,US HOUSE,2,Reform,Ashley Norwood,26
Yazoo,Fugates,US HOUSE,2,Republican,Bill Marcy,144
Yazoo,Fugates,US HOUSE,2,Democrat,Bennie G. Thompson,0
Yazoo,Fugates,US HOUSE,2,Reform,Ashley Norwood,130
Yazoo,3-1 West,US HOUSE,2,Republican,Bill Marcy,3
Yazoo,3-1 West,US HOUSE,2,Democrat,Bennie G. Thompson,0
Yazoo,3-1 West,US HOUSE,2,Reform,Ashley Norwood,195
Yazoo,3-2 East,US HOUSE,2,Republican,Bill Marcy,89
Yazoo,3-2 East,US HOUSE,2,Democrat,Bennie G. Thompson,3
Yazoo,3-2 East,US HOUSE,2,Reform,Ashley Norwood,270
Yazoo,Jonestown,US HOUSE,2,Republican,Bill Marcy,1
Yazoo,Jonestown,US HOUSE,2,Democrat,Bennie G. Thompson,1
Yazoo,Jonestown,US HOUSE,2,Reform,Ashley Norwood,156
Yazoo,3-4 South,US HOUSE,2,Republican,Bill Marcy,135
Yazoo,3-4 South,US HOUSE,2,Democrat,Bennie G. Thompson,1
Yazoo,3-4 South,US HOUSE,2,Reform,Ashley Norwood,106
Yazoo,Eden,US HOUSE,2,Republican,Bill Marcy,104
Yazoo,Eden,US HOUSE,2,Democrat,Bennie G. Thompson,2
Yazoo,Eden,US HOUSE,2,Reform,Ashley Norwood,36
Yazoo,East Midway,US HOUSE,2,Republican,Bill Marcy,60
Yazoo,East Midway,US HOUSE,2,Democrat,Bennie G. Thompson,2
Yazoo,East Midway,US HOUSE,2,Reform,Ashley Norwood,122
Yazoo,West Midway,US HOUSE,2,Republican,Bill Marcy,99
Yazoo,West Midway,US HOUSE,2,Democrat,Bennie G. Thompson,1
Yazoo,West Midway,US HOUSE,2,Reform,Ashley Norwood,15
Yazoo,Ward 4,US HOUSE,2,Republican,Bill Marcy,353
Yazoo,Ward 4,US HOUSE,2,Democrat,Bennie G. Thompson,0
Yazoo,Ward 4,US HOUSE,2,Reform,Ashley Norwood,384
Yazoo,Free Run,US HOUSE,2,Republican,Bill Marcy,86
Yazoo,Free Run,US HOUSE,2,Democrat,Bennie G. Thompson,2
Yazoo,Free Run,US HOUSE,2,Reform,Ashley Norwood,17
Yazoo,Lake City,US HOUSE,2,Republican,Bill Marcy,98
Yazoo,Lake City,US HOUSE,2,Democrat,Bennie G. Thompson,0
Yazoo,Lake City,US HOUSE,2,Reform,Ashley Norwood,25
Yazoo,Holly Bluff,US HOUSE,2,Republican,Bill Marcy,68
Yazoo,Holly Bluff,US HOUSE,2,Democrat,Bennie G. Thompson,3
Yazoo,Holly Bluff,US HOUSE,2,Reform,Ashley Norwood,57
Yazoo,Ward 5,US HOUSE,2,Republican,Bill Marcy,12
Yazoo,Ward 5,US HOUSE,2,Democrat,Bennie G. Thompson,3
Yazoo,Ward 5,US HOUSE,2,Reform,Ashley Norwood,576
Yazoo,TOTAL,US HOUSE,2,Republican,Bill Marcy,3433
Yazoo,TOTAL,US HOUSE,2,Democrat,Bennie G. Thompson,53
Yazoo,TOTAL,US HOUSE,2,Reform,Ashley Norwood,2992
