county,precinct,office,district,party,candidate,votes
ADAIR,A102,US HOUSE,001,REPUBLICAN,JAMES R COMER,181
ADAIR,A102,US HOUSE,001,DEMOCRAT,JIMMY C AUSBROOKS,9
ADAIR,A104,US HOUSE,001,REPUBLICAN,JAMES R COMER,305
ADAIR,A104,US HOUSE,001,DEMOCRAT,JIMMY C AUSBROOKS,32
ADAIR,A105,US HOUSE,001,REPUBLICAN,JAMES R COMER,276
ADAIR,A105,US HOUSE,001,DEMOCRAT,JIMMY C AUSBROOKS,17
ADAIR,B102,US HOUSE,001,REPUBLICAN,JAMES R COMER,301
ADAIR,B102,US HOUSE,001,DEMOCRAT,JIMMY C AUSBROOKS,73
ADAIR,B104,US HOUSE,001,REPUBLICAN,JAMES R COMER,285
ADAIR,B104,US HOUSE,001,DEMOCRAT,JIMMY C AUSBROOKS,39
ADAIR,C102,US HOUSE,001,REPUBLICAN,JAMES R COMER,333
ADAIR,C102,US HOUSE,001,DEMOCRAT,JIMMY C AUSBROOKS,68
ADAIR,C104,US HOUSE,001,REPUBLICAN,JAMES R COMER,439
ADAIR,C104,US HOUSE,001,DEMOCRAT,JIMMY C AUSBROOKS,65
ADAIR,D101,US HOUSE,001,REPUBLICAN,JAMES R COMER,279
ADAIR,D101,US HOUSE,001,DEMOCRAT,JIMMY C AUSBROOKS,33
ADAIR,D103,US HOUSE,001,REPUBLICAN,JAMES R COMER,274
ADAIR,D103,US HOUSE,001,DEMOCRAT,JIMMY C AUSBROOKS,32
ADAIR,D104,US HOUSE,001,REPUBLICAN,JAMES R COMER,233
ADAIR,D104,US HOUSE,001,DEMOCRAT,JIMMY C AUSBROOKS,69
ADAIR,E101,US HOUSE,001,REPUBLICAN,JAMES R COMER,408
ADAIR,E101,US HOUSE,001,DEMOCRAT,JIMMY C AUSBROOKS,38
ADAIR,E104,US HOUSE,001,REPUBLICAN,JAMES R COMER,441
ADAIR,E104,US HOUSE,001,DEMOCRAT,JIMMY C AUSBROOKS,107
ADAIR,F101,US HOUSE,001,REPUBLICAN,JAMES R COMER,536
ADAIR,F101,US HOUSE,001,DEMOCRAT,JIMMY C AUSBROOKS,92
ADAIR,F103,US HOUSE,001,REPUBLICAN,JAMES R COMER,320
ADAIR,F103,US HOUSE,001,DEMOCRAT,JIMMY C AUSBROOKS,38
ADAIR,G101,US HOUSE,001,REPUBLICAN,JAMES R COMER,355
ADAIR,G101,US HOUSE,001,DEMOCRAT,JIMMY C AUSBROOKS,78
ADAIR,G102,US HOUSE,001,REPUBLICAN,JAMES R COMER,456
ADAIR,G102,US HOUSE,001,DEMOCRAT,JIMMY C AUSBROOKS,61
ALLEN,A101,US HOUSE,001,REPUBLICAN,JAMES R COMER,351
ALLEN,A101,US HOUSE,001,DEMOCRAT,JIMMY C AUSBROOKS,75
ALLEN,A102,US HOUSE,001,REPUBLICAN,JAMES R COMER,413
ALLEN,A102,US HOUSE,001,DEMOCRAT,JIMMY C AUSBROOKS,67
ALLEN,B101,US HOUSE,001,REPUBLICAN,JAMES R COMER,396
ALLEN,B101,US HOUSE,001,DEMOCRAT,JIMMY C AUSBROOKS,65
ALLEN,B102,US HOUSE,001,REPUBLICAN,JAMES R COMER,361
ALLEN,B102,US HOUSE,001,DEMOCRAT,JIMMY C AUSBROOKS,48
ALLEN,B103,US HOUSE,001,REPUBLICAN,JAMES R COMER,212
ALLEN,B103,US HOUSE,001,DEMOCRAT,JIMMY C AUSBROOKS,32
ALLEN,C101,US HOUSE,001,REPUBLICAN,JAMES R COMER,528
ALLEN,C101,US HOUSE,001,DEMOCRAT,JIMMY C AUSBROOKS,125
ALLEN,C102,US HOUSE,001,REPUBLICAN,JAMES R COMER,583
ALLEN,C102,US HOUSE,001,DEMOCRAT,JIMMY C AUSBROOKS,129
ALLEN,D101,US HOUSE,001,REPUBLICAN,JAMES R COMER,682
ALLEN,D101,US HOUSE,001,DEMOCRAT,JIMMY C AUSBROOKS,135
ALLEN,D102,US HOUSE,001,REPUBLICAN,JAMES R COMER,271
ALLEN,D102,US HOUSE,001,DEMOCRAT,JIMMY C AUSBROOKS,46
ALLEN,D103,US HOUSE,001,REPUBLICAN,JAMES R COMER,509
ALLEN,D103,US HOUSE,001,DEMOCRAT,JIMMY C AUSBROOKS,95
ALLEN,E101,US HOUSE,001,REPUBLICAN,JAMES R COMER,177
ALLEN,E101,US HOUSE,001,DEMOCRAT,JIMMY C AUSBROOKS,24
ALLEN,E102,US HOUSE,001,REPUBLICAN,JAMES R COMER,390
ALLEN,E102,US HOUSE,001,DEMOCRAT,JIMMY C AUSBROOKS,74
ALLEN,E103,US HOUSE,001,REPUBLICAN,JAMES R COMER,268
ALLEN,E103,US HOUSE,001,DEMOCRAT,JIMMY C AUSBROOKS,29
ANDERSON,E103,US HOUSE,001,REPUBLICAN,JAMES R COMER,585
ANDERSON,E103,US HOUSE,001,DEMOCRAT,JIMMY C AUSBROOKS,173
ANDERSON,F102,US HOUSE,001,REPUBLICAN,JAMES R COMER,407
ANDERSON,F102,US HOUSE,001,DEMOCRAT,JIMMY C AUSBROOKS,92
ANDERSON,F104,US HOUSE,001,REPUBLICAN,JAMES R COMER,457
ANDERSON,F104,US HOUSE,001,DEMOCRAT,JIMMY C AUSBROOKS,110
ANDERSON,A101,US HOUSE,006,REPUBLICAN,ANDY BARR,363
ANDERSON,A101,US HOUSE,006,DEMOCRAT,GEOFFREY M GEOFF YOUNG,166
ANDERSON,A101,US HOUSE,006,,MAURICE RANDALL CRAVENS II,3
ANDERSON,A101,US HOUSE,006,,MAXWELL KEITH FROEDGE,0
ANDERSON,A102,US HOUSE,006,REPUBLICAN,ANDY BARR,429
ANDERSON,A102,US HOUSE,006,DEMOCRAT,GEOFFREY M GEOFF YOUNG,114
ANDERSON,A102,US HOUSE,006,,MAURICE RANDALL CRAVENS II,8
ANDERSON,A102,US HOUSE,006,,MAXWELL KEITH FROEDGE,0
ANDERSON,B101,US HOUSE,006,REPUBLICAN,ANDY BARR,535
ANDERSON,B101,US HOUSE,006,DEMOCRAT,GEOFFREY M GEOFF YOUNG,174
ANDERSON,B101,US HOUSE,006,,MAURICE RANDALL CRAVENS II,6
ANDERSON,B101,US HOUSE,006,,MAXWELL KEITH FROEDGE,0
ANDERSON,B102,US HOUSE,006,REPUBLICAN,ANDY BARR,710
ANDERSON,B102,US HOUSE,006,DEMOCRAT,GEOFFREY M GEOFF YOUNG,228
ANDERSON,B102,US HOUSE,006,,MAURICE RANDALL CRAVENS II,13
ANDERSON,B102,US HOUSE,006,,MAXWELL KEITH FROEDGE,0
ANDERSON,C101,US HOUSE,006,REPUBLICAN,ANDY BARR,503
ANDERSON,C101,US HOUSE,006,DEMOCRAT,GEOFFREY M GEOFF YOUNG,159
ANDERSON,C101,US HOUSE,006,,MAURICE RANDALL CRAVENS II,9
ANDERSON,C101,US HOUSE,006,,MAXWELL KEITH FROEDGE,0
ANDERSON,C102,US HOUSE,006,REPUBLICAN,ANDY BARR,482
ANDERSON,C102,US HOUSE,006,DEMOCRAT,GEOFFREY M GEOFF YOUNG,187
ANDERSON,C102,US HOUSE,006,,MAURICE RANDALL CRAVENS II,3
ANDERSON,C102,US HOUSE,006,,MAXWELL KEITH FROEDGE,0
ANDERSON,D101,US HOUSE,006,REPUBLICAN,ANDY BARR,572
ANDERSON,D101,US HOUSE,006,DEMOCRAT,GEOFFREY M GEOFF YOUNG,121
ANDERSON,D101,US HOUSE,006,,MAURICE RANDALL CRAVENS II,3
ANDERSON,D101,US HOUSE,006,,MAXWELL KEITH FROEDGE,0
ANDERSON,D102,US HOUSE,006,REPUBLICAN,ANDY BARR,674
ANDERSON,D102,US HOUSE,006,DEMOCRAT,GEOFFREY M GEOFF YOUNG,172
ANDERSON,D102,US HOUSE,006,,MAURICE RANDALL CRAVENS II,6
ANDERSON,D102,US HOUSE,006,,MAXWELL KEITH FROEDGE,0
ANDERSON,E101,US HOUSE,006,REPUBLICAN,ANDY BARR,851
ANDERSON,E101,US HOUSE,006,DEMOCRAT,GEOFFREY M GEOFF YOUNG,221
ANDERSON,E101,US HOUSE,006,,MAURICE RANDALL CRAVENS II,9
ANDERSON,E101,US HOUSE,006,,MAXWELL KEITH FROEDGE,0
ANDERSON,F101,US HOUSE,006,REPUBLICAN,ANDY BARR,526
ANDERSON,F101,US HOUSE,006,DEMOCRAT,GEOFFREY M GEOFF YOUNG,120
ANDERSON,F101,US HOUSE,006,,MAURICE RANDALL CRAVENS II,10
ANDERSON,F101,US HOUSE,006,,MAXWELL KEITH FROEDGE,0
ANDERSON,F105,US HOUSE,006,REPUBLICAN,ANDY BARR,52
ANDERSON,F105,US HOUSE,006,DEMOCRAT,GEOFFREY M GEOFF YOUNG,14
ANDERSON,F105,US HOUSE,006,,MAURICE RANDALL CRAVENS II,1
ANDERSON,F105,US HOUSE,006,,MAXWELL KEITH FROEDGE,0
BALLARD,A101,US HOUSE,001,REPUBLICAN,JAMES R COMER,168
BALLARD,A101,US HOUSE,001,DEMOCRAT,JIMMY C AUSBROOKS,27
BALLARD,A102,US HOUSE,001,REPUBLICAN,JAMES R COMER,400
BALLARD,A102,US HOUSE,001,DEMOCRAT,JIMMY C AUSBROOKS,107
BALLARD,A103,US HOUSE,001,REPUBLICAN,JAMES R COMER,88
BALLARD,A103,US HOUSE,001,DEMOCRAT,JIMMY C AUSBROOKS,11
BALLARD,B101,US HOUSE,001,REPUBLICAN,JAMES R COMER,319
BALLARD,B101,US HOUSE,001,DEMOCRAT,JIMMY C AUSBROOKS,83
BALLARD,B102,US HOUSE,001,REPUBLICAN,JAMES R COMER,84
BALLARD,B102,US HOUSE,001,DEMOCRAT,JIMMY C AUSBROOKS,12
BALLARD,C101,US HOUSE,001,REPUBLICAN,JAMES R COMER,157
BALLARD,C101,US HOUSE,001,DEMOCRAT,JIMMY C AUSBROOKS,24
BALLARD,C102,US HOUSE,001,REPUBLICAN,JAMES R COMER,163
BALLARD,C102,US HOUSE,001,DEMOCRAT,JIMMY C AUSBROOKS,28
BALLARD,C103,US HOUSE,001,REPUBLICAN,JAMES R COMER,100
BALLARD,C103,US HOUSE,001,DEMOCRAT,JIMMY C AUSBROOKS,23
BALLARD,C104,US HOUSE,001,REPUBLICAN,JAMES R COMER,188
BALLARD,C104,US HOUSE,001,DEMOCRAT,JIMMY C AUSBROOKS,23
BALLARD,D101,US HOUSE,001,REPUBLICAN,JAMES R COMER,339
BALLARD,D101,US HOUSE,001,DEMOCRAT,JIMMY C AUSBROOKS,113
BALLARD,D102,US HOUSE,001,REPUBLICAN,JAMES R COMER,157
BALLARD,D102,US HOUSE,001,DEMOCRAT,JIMMY C AUSBROOKS,28
BALLARD,E101,US HOUSE,001,REPUBLICAN,JAMES R COMER,242
BALLARD,E101,US HOUSE,001,DEMOCRAT,JIMMY C AUSBROOKS,49
BALLARD,E102,US HOUSE,001,REPUBLICAN,JAMES R COMER,149
BALLARD,E102,US HOUSE,001,DEMOCRAT,JIMMY C AUSBROOKS,26
BARREN,A101,US HOUSE,002,REPUBLICAN,S BRETT GUTHRIE,391
BARREN,A101,US HOUSE,002,DEMOCRAT,HANK LINDERMAN,207
BARREN,A102,US HOUSE,002,REPUBLICAN,S BRETT GUTHRIE,150
BARREN,A102,US HOUSE,002,DEMOCRAT,HANK LINDERMAN,111
BARREN,A103,US HOUSE,002,REPUBLICAN,S BRETT GUTHRIE,388
BARREN,A103,US HOUSE,002,DEMOCRAT,HANK LINDERMAN,105
BARREN,A104,US HOUSE,002,REPUBLICAN,S BRETT GUTHRIE,125
BARREN,A104,US HOUSE,002,DEMOCRAT,HANK LINDERMAN,28
BARREN,B101,US HOUSE,002,REPUBLICAN,S BRETT GUTHRIE,679
BARREN,B101,US HOUSE,002,DEMOCRAT,HANK LINDERMAN,141
BARREN,B102,US HOUSE,002,REPUBLICAN,S BRETT GUTHRIE,552
BARREN,B102,US HOUSE,002,DEMOCRAT,HANK LINDERMAN,102
BARREN,B103,US HOUSE,002,REPUBLICAN,S BRETT GUTHRIE,311
BARREN,B103,US HOUSE,002,DEMOCRAT,HANK LINDERMAN,47
BARREN,B104,US HOUSE,002,REPUBLICAN,S BRETT GUTHRIE,580
BARREN,B104,US HOUSE,002,DEMOCRAT,HANK LINDERMAN,93
BARREN,C101,US HOUSE,002,REPUBLICAN,S BRETT GUTHRIE,309
BARREN,C101,US HOUSE,002,DEMOCRAT,HANK LINDERMAN,52
BARREN,C102,US HOUSE,002,REPUBLICAN,S BRETT GUTHRIE,440
BARREN,C102,US HOUSE,002,DEMOCRAT,HANK LINDERMAN,90
BARREN,C103,US HOUSE,002,REPUBLICAN,S BRETT GUTHRIE,390
BARREN,C103,US HOUSE,002,DEMOCRAT,HANK LINDERMAN,110
BARREN,C104,US HOUSE,002,REPUBLICAN,S BRETT GUTHRIE,568
BARREN,C104,US HOUSE,002,DEMOCRAT,HANK LINDERMAN,86
BARREN,D101,US HOUSE,002,REPUBLICAN,S BRETT GUTHRIE,506
BARREN,D101,US HOUSE,002,DEMOCRAT,HANK LINDERMAN,91
BARREN,D102,US HOUSE,002,REPUBLICAN,S BRETT GUTHRIE,879
BARREN,D102,US HOUSE,002,DEMOCRAT,HANK LINDERMAN,154
BARREN,D103,US HOUSE,002,REPUBLICAN,S BRETT GUTHRIE,555
BARREN,D103,US HOUSE,002,DEMOCRAT,HANK LINDERMAN,246
BARREN,E101,US HOUSE,002,REPUBLICAN,S BRETT GUTHRIE,347
BARREN,E101,US HOUSE,002,DEMOCRAT,HANK LINDERMAN,122
BARREN,E102,US HOUSE,002,REPUBLICAN,S BRETT GUTHRIE,326
BARREN,E102,US HOUSE,002,DEMOCRAT,HANK LINDERMAN,58
BARREN,E103,US HOUSE,002,REPUBLICAN,S BRETT GUTHRIE,533
BARREN,E103,US HOUSE,002,DEMOCRAT,HANK LINDERMAN,94
BARREN,E104,US HOUSE,002,REPUBLICAN,S BRETT GUTHRIE,567
BARREN,E104,US HOUSE,002,DEMOCRAT,HANK LINDERMAN,118
BARREN,F101,US HOUSE,002,REPUBLICAN,S BRETT GUTHRIE,348
BARREN,F101,US HOUSE,002,DEMOCRAT,HANK LINDERMAN,99
BARREN,F102,US HOUSE,002,REPUBLICAN,S BRETT GUTHRIE,477
BARREN,F102,US HOUSE,002,DEMOCRAT,HANK LINDERMAN,147
BARREN,F103,US HOUSE,002,REPUBLICAN,S BRETT GUTHRIE,618
BARREN,F103,US HOUSE,002,DEMOCRAT,HANK LINDERMAN,217
BARREN,G101,US HOUSE,002,REPUBLICAN,S BRETT GUTHRIE,537
BARREN,G101,US HOUSE,002,DEMOCRAT,HANK LINDERMAN,174
BARREN,G102,US HOUSE,002,REPUBLICAN,S BRETT GUTHRIE,223
BARREN,G102,US HOUSE,002,DEMOCRAT,HANK LINDERMAN,111
BARREN,G103,US HOUSE,002,REPUBLICAN,S BRETT GUTHRIE,334
BARREN,G103,US HOUSE,002,DEMOCRAT,HANK LINDERMAN,139
BATH,A101,US HOUSE,005,REPUBLICAN,HAROLD HAL ROGERS,139
BATH,A101,US HOUSE,005,DEMOCRAT,CONOR HALBLEIB,51
BATH,A101,US HOUSE,005,,STEPHAN WILLIAM MAZUR,0
BATH,A106,US HOUSE,005,REPUBLICAN,HAROLD HAL ROGERS,178
BATH,A106,US HOUSE,005,DEMOCRAT,CONOR HALBLEIB,78
BATH,A106,US HOUSE,005,,STEPHAN WILLIAM MAZUR,0
BATH,B102,US HOUSE,005,REPUBLICAN,HAROLD HAL ROGERS,288
BATH,B102,US HOUSE,005,DEMOCRAT,CONOR HALBLEIB,94
BATH,B102,US HOUSE,005,,STEPHAN WILLIAM MAZUR,0
BATH,B103,US HOUSE,005,REPUBLICAN,HAROLD HAL ROGERS,539
BATH,B103,US HOUSE,005,DEMOCRAT,CONOR HALBLEIB,178
BATH,B103,US HOUSE,005,,STEPHAN WILLIAM MAZUR,0
BATH,C101,US HOUSE,005,REPUBLICAN,HAROLD HAL ROGERS,311
BATH,C101,US HOUSE,005,DEMOCRAT,CONOR HALBLEIB,101
BATH,C101,US HOUSE,005,,STEPHAN WILLIAM MAZUR,0
BATH,C102,US HOUSE,005,REPUBLICAN,HAROLD HAL ROGERS,312
BATH,C102,US HOUSE,005,DEMOCRAT,CONOR HALBLEIB,99
BATH,C102,US HOUSE,005,,STEPHAN WILLIAM MAZUR,0
BATH,C103,US HOUSE,005,REPUBLICAN,HAROLD HAL ROGERS,186
BATH,C103,US HOUSE,005,DEMOCRAT,CONOR HALBLEIB,84
BATH,C103,US HOUSE,005,,STEPHAN WILLIAM MAZUR,0
BATH,C104,US HOUSE,005,REPUBLICAN,HAROLD HAL ROGERS,185
BATH,C104,US HOUSE,005,DEMOCRAT,CONOR HALBLEIB,79
BATH,C104,US HOUSE,005,,STEPHAN WILLIAM MAZUR,0
BATH,A102,US HOUSE,006,REPUBLICAN,ANDY BARR,143
BATH,A102,US HOUSE,006,DEMOCRAT,GEOFFREY M GEOFF YOUNG,55
BATH,A102,US HOUSE,006,,MAURICE RANDALL CRAVENS II,1
BATH,A102,US HOUSE,006,,MAXWELL KEITH FROEDGE,0
BATH,A103,US HOUSE,006,REPUBLICAN,ANDY BARR,169
BATH,A103,US HOUSE,006,DEMOCRAT,GEOFFREY M GEOFF YOUNG,50
BATH,A103,US HOUSE,006,,MAURICE RANDALL CRAVENS II,0
BATH,A103,US HOUSE,006,,MAXWELL KEITH FROEDGE,0
BATH,A104,US HOUSE,006,REPUBLICAN,ANDY BARR,112
BATH,A104,US HOUSE,006,DEMOCRAT,GEOFFREY M GEOFF YOUNG,28
BATH,A104,US HOUSE,006,,MAURICE RANDALL CRAVENS II,0
BATH,A104,US HOUSE,006,,MAXWELL KEITH FROEDGE,0
BATH,A105,US HOUSE,006,REPUBLICAN,ANDY BARR,219
BATH,A105,US HOUSE,006,DEMOCRAT,GEOFFREY M GEOFF YOUNG,67
BATH,A105,US HOUSE,006,,MAURICE RANDALL CRAVENS II,0
BATH,A105,US HOUSE,006,,MAXWELL KEITH FROEDGE,0
BATH,B104,US HOUSE,006,REPUBLICAN,ANDY BARR,344
BATH,B104,US HOUSE,006,DEMOCRAT,GEOFFREY M GEOFF YOUNG,81
BATH,B104,US HOUSE,006,,MAURICE RANDALL CRAVENS II,0
BATH,B104,US HOUSE,006,,MAXWELL KEITH FROEDGE,0
BELL,A101,US HOUSE,005,REPUBLICAN,HAROLD HAL ROGERS,219
BELL,A101,US HOUSE,005,DEMOCRAT,CONOR HALBLEIB,39
BELL,A101,US HOUSE,005,,STEPHAN WILLIAM MAZUR,0
BELL,A102,US HOUSE,005,REPUBLICAN,HAROLD HAL ROGERS,210
BELL,A102,US HOUSE,005,DEMOCRAT,CONOR HALBLEIB,36
BELL,A102,US HOUSE,005,,STEPHAN WILLIAM MAZUR,0
BELL,A103,US HOUSE,005,REPUBLICAN,HAROLD HAL ROGERS,166
BELL,A103,US HOUSE,005,DEMOCRAT,CONOR HALBLEIB,12
BELL,A103,US HOUSE,005,,STEPHAN WILLIAM MAZUR,0
BELL,A104,US HOUSE,005,REPUBLICAN,HAROLD HAL ROGERS,172
BELL,A104,US HOUSE,005,DEMOCRAT,CONOR HALBLEIB,27
BELL,A104,US HOUSE,005,,STEPHAN WILLIAM MAZUR,0
BELL,A105,US HOUSE,005,REPUBLICAN,HAROLD HAL ROGERS,188
BELL,A105,US HOUSE,005,DEMOCRAT,CONOR HALBLEIB,25
BELL,A105,US HOUSE,005,,STEPHAN WILLIAM MAZUR,0
BELL,B101,US HOUSE,005,REPUBLICAN,HAROLD HAL ROGERS,112
BELL,B101,US HOUSE,005,DEMOCRAT,CONOR HALBLEIB,27
BELL,B101,US HOUSE,005,,STEPHAN WILLIAM MAZUR,0
BELL,B102,US HOUSE,005,REPUBLICAN,HAROLD HAL ROGERS,172
BELL,B102,US HOUSE,005,DEMOCRAT,CONOR HALBLEIB,27
BELL,B102,US HOUSE,005,,STEPHAN WILLIAM MAZUR,0
BELL,B103,US HOUSE,005,REPUBLICAN,HAROLD HAL ROGERS,184
BELL,B103,US HOUSE,005,DEMOCRAT,CONOR HALBLEIB,28
BELL,B103,US HOUSE,005,,STEPHAN WILLIAM MAZUR,0
BELL,B104,US HOUSE,005,REPUBLICAN,HAROLD HAL ROGERS,189
BELL,B104,US HOUSE,005,DEMOCRAT,CONOR HALBLEIB,29
BELL,B104,US HOUSE,005,,STEPHAN WILLIAM MAZUR,0
BELL,B105,US HOUSE,005,REPUBLICAN,HAROLD HAL ROGERS,95
BELL,B105,US HOUSE,005,DEMOCRAT,CONOR HALBLEIB,24
BELL,B105,US HOUSE,005,,STEPHAN WILLIAM MAZUR,0
BELL,B106,US HOUSE,005,REPUBLICAN,HAROLD HAL ROGERS,19
BELL,B106,US HOUSE,005,DEMOCRAT,CONOR HALBLEIB,5
BELL,B106,US HOUSE,005,,STEPHAN WILLIAM MAZUR,0
BELL,B107,US HOUSE,005,REPUBLICAN,HAROLD HAL ROGERS,292
BELL,B107,US HOUSE,005,DEMOCRAT,CONOR HALBLEIB,15
BELL,B107,US HOUSE,005,,STEPHAN WILLIAM MAZUR,0
BELL,B108,US HOUSE,005,REPUBLICAN,HAROLD HAL ROGERS,136
BELL,B108,US HOUSE,005,DEMOCRAT,CONOR HALBLEIB,17
BELL,B108,US HOUSE,005,,STEPHAN WILLIAM MAZUR,0
BELL,C101,US HOUSE,005,REPUBLICAN,HAROLD HAL ROGERS,182
BELL,C101,US HOUSE,005,DEMOCRAT,CONOR HALBLEIB,32
BELL,C101,US HOUSE,005,,STEPHAN WILLIAM MAZUR,0
BELL,C102,US HOUSE,005,REPUBLICAN,HAROLD HAL ROGERS,189
BELL,C102,US HOUSE,005,DEMOCRAT,CONOR HALBLEIB,38
BELL,C102,US HOUSE,005,,STEPHAN WILLIAM MAZUR,0
BELL,C103,US HOUSE,005,REPUBLICAN,HAROLD HAL ROGERS,200
BELL,C103,US HOUSE,005,DEMOCRAT,CONOR HALBLEIB,48
BELL,C103,US HOUSE,005,,STEPHAN WILLIAM MAZUR,0
BELL,C104,US HOUSE,005,REPUBLICAN,HAROLD HAL ROGERS,238
BELL,C104,US HOUSE,005,DEMOCRAT,CONOR HALBLEIB,55
BELL,C104,US HOUSE,005,,STEPHAN WILLIAM MAZUR,0
BELL,C105,US HOUSE,005,REPUBLICAN,HAROLD HAL ROGERS,332
BELL,C105,US HOUSE,005,DEMOCRAT,CONOR HALBLEIB,62
BELL,C105,US HOUSE,005,,STEPHAN WILLIAM MAZUR,0
BELL,D101,US HOUSE,005,REPUBLICAN,HAROLD HAL ROGERS,141
BELL,D101,US HOUSE,005,DEMOCRAT,CONOR HALBLEIB,44
BELL,D101,US HOUSE,005,,STEPHAN WILLIAM MAZUR,0
BELL,D102,US HOUSE,005,REPUBLICAN,HAROLD HAL ROGERS,198
BELL,D102,US HOUSE,005,DEMOCRAT,CONOR HALBLEIB,51
BELL,D102,US HOUSE,005,,STEPHAN WILLIAM MAZUR,0
BELL,D103,US HOUSE,005,REPUBLICAN,HAROLD HAL ROGERS,189
BELL,D103,US HOUSE,005,DEMOCRAT,CONOR HALBLEIB,33
BELL,D103,US HOUSE,005,,STEPHAN WILLIAM MAZUR,0
BELL,D104,US HOUSE,005,REPUBLICAN,HAROLD HAL ROGERS,80
BELL,D104,US HOUSE,005,DEMOCRAT,CONOR HALBLEIB,36
BELL,D104,US HOUSE,005,,STEPHAN WILLIAM MAZUR,0
BELL,D105,US HOUSE,005,REPUBLICAN,HAROLD HAL ROGERS,196
BELL,D105,US HOUSE,005,DEMOCRAT,CONOR HALBLEIB,40
BELL,D105,US HOUSE,005,,STEPHAN WILLIAM MAZUR,0
BELL,D106,US HOUSE,005,REPUBLICAN,HAROLD HAL ROGERS,287
BELL,D106,US HOUSE,005,DEMOCRAT,CONOR HALBLEIB,66
BELL,D106,US HOUSE,005,,STEPHAN WILLIAM MAZUR,0
BELL,E101,US HOUSE,005,REPUBLICAN,HAROLD HAL ROGERS,281
BELL,E101,US HOUSE,005,DEMOCRAT,CONOR HALBLEIB,45
BELL,E101,US HOUSE,005,,STEPHAN WILLIAM MAZUR,0
BELL,E102,US HOUSE,005,REPUBLICAN,HAROLD HAL ROGERS,206
BELL,E102,US HOUSE,005,DEMOCRAT,CONOR HALBLEIB,25
BELL,E102,US HOUSE,005,,STEPHAN WILLIAM MAZUR,0
BELL,E103,US HOUSE,005,REPUBLICAN,HAROLD HAL ROGERS,214
BELL,E103,US HOUSE,005,DEMOCRAT,CONOR HALBLEIB,22
BELL,E103,US HOUSE,005,,STEPHAN WILLIAM MAZUR,0
BELL,E104,US HOUSE,005,REPUBLICAN,HAROLD HAL ROGERS,252
BELL,E104,US HOUSE,005,DEMOCRAT,CONOR HALBLEIB,33
BELL,E104,US HOUSE,005,,STEPHAN WILLIAM MAZUR,0
BELL,E105,US HOUSE,005,REPUBLICAN,HAROLD HAL ROGERS,206
BELL,E105,US HOUSE,005,DEMOCRAT,CONOR HALBLEIB,23
BELL,E105,US HOUSE,005,,STEPHAN WILLIAM MAZUR,0
BELL,E106,US HOUSE,005,REPUBLICAN,HAROLD HAL ROGERS,263
BELL,E106,US HOUSE,005,DEMOCRAT,CONOR HALBLEIB,18
BELL,E106,US HOUSE,005,,STEPHAN WILLIAM MAZUR,0
BOONE,A102,US HOUSE,004,REPUBLICAN,THOMAS MASSIE,296
BOONE,A102,US HOUSE,004,DEMOCRAT,MATTHEW LEHMAN,64
BOONE,A102,US HOUSE,004,INDEPENDENT,ETHAN KEITH OSBORNE,16
BOONE,A103,US HOUSE,004,REPUBLICAN,THOMAS MASSIE,737
BOONE,A103,US HOUSE,004,DEMOCRAT,MATTHEW LEHMAN,215
BOONE,A103,US HOUSE,004,INDEPENDENT,ETHAN KEITH OSBORNE,40
BOONE,A104,US HOUSE,004,REPUBLICAN,THOMAS MASSIE,639
BOONE,A104,US HOUSE,004,DEMOCRAT,MATTHEW LEHMAN,181
BOONE,A104,US HOUSE,004,INDEPENDENT,ETHAN KEITH OSBORNE,33
BOONE,A105,US HOUSE,004,REPUBLICAN,THOMAS MASSIE,393
BOONE,A105,US HOUSE,004,DEMOCRAT,MATTHEW LEHMAN,116
BOONE,A105,US HOUSE,004,INDEPENDENT,ETHAN KEITH OSBORNE,19
BOONE,A106,US HOUSE,004,REPUBLICAN,THOMAS MASSIE,296
BOONE,A106,US HOUSE,004,DEMOCRAT,MATTHEW LEHMAN,97
BOONE,A106,US HOUSE,004,INDEPENDENT,ETHAN KEITH OSBORNE,13
BOONE,A107,US HOUSE,004,REPUBLICAN,THOMAS MASSIE,178
BOONE,A107,US HOUSE,004,DEMOCRAT,MATTHEW LEHMAN,68
BOONE,A107,US HOUSE,004,INDEPENDENT,ETHAN KEITH OSBORNE,11
BOONE,A108,US HOUSE,004,REPUBLICAN,THOMAS MASSIE,513
BOONE,A108,US HOUSE,004,DEMOCRAT,MATTHEW LEHMAN,208
BOONE,A108,US HOUSE,004,INDEPENDENT,ETHAN KEITH OSBORNE,30
BOONE,A109,US HOUSE,004,REPUBLICAN,THOMAS MASSIE,470
BOONE,A109,US HOUSE,004,DEMOCRAT,MATTHEW LEHMAN,198
BOONE,A109,US HOUSE,004,INDEPENDENT,ETHAN KEITH OSBORNE,46
BOONE,A110,US HOUSE,004,REPUBLICAN,THOMAS MASSIE,389
BOONE,A110,US HOUSE,004,DEMOCRAT,MATTHEW LEHMAN,95
BOONE,A110,US HOUSE,004,INDEPENDENT,ETHAN KEITH OSBORNE,17
BOONE,A111,US HOUSE,004,REPUBLICAN,THOMAS MASSIE,481
BOONE,A111,US HOUSE,004,DEMOCRAT,MATTHEW LEHMAN,255
BOONE,A111,US HOUSE,004,INDEPENDENT,ETHAN KEITH OSBORNE,32
BOONE,A112,US HOUSE,004,REPUBLICAN,THOMAS MASSIE,347
BOONE,A112,US HOUSE,004,DEMOCRAT,MATTHEW LEHMAN,135
BOONE,A112,US HOUSE,004,INDEPENDENT,ETHAN KEITH OSBORNE,17
BOONE,A113,US HOUSE,004,REPUBLICAN,THOMAS MASSIE,530
BOONE,A113,US HOUSE,004,DEMOCRAT,MATTHEW LEHMAN,284
BOONE,A113,US HOUSE,004,INDEPENDENT,ETHAN KEITH OSBORNE,34
BOONE,A114,US HOUSE,004,REPUBLICAN,THOMAS MASSIE,845
BOONE,A114,US HOUSE,004,DEMOCRAT,MATTHEW LEHMAN,379
BOONE,A114,US HOUSE,004,INDEPENDENT,ETHAN KEITH OSBORNE,48
BOONE,A115,US HOUSE,004,REPUBLICAN,THOMAS MASSIE,573
BOONE,A115,US HOUSE,004,DEMOCRAT,MATTHEW LEHMAN,251
BOONE,A115,US HOUSE,004,INDEPENDENT,ETHAN KEITH OSBORNE,38
BOONE,A116,US HOUSE,004,REPUBLICAN,THOMAS MASSIE,305
BOONE,A116,US HOUSE,004,DEMOCRAT,MATTHEW LEHMAN,126
BOONE,A116,US HOUSE,004,INDEPENDENT,ETHAN KEITH OSBORNE,23
BOONE,A117,US HOUSE,004,REPUBLICAN,THOMAS MASSIE,858
BOONE,A117,US HOUSE,004,DEMOCRAT,MATTHEW LEHMAN,376
BOONE,A117,US HOUSE,004,INDEPENDENT,ETHAN KEITH OSBORNE,51
BOONE,A118,US HOUSE,004,REPUBLICAN,THOMAS MASSIE,574
BOONE,A118,US HOUSE,004,DEMOCRAT,MATTHEW LEHMAN,123
BOONE,A118,US HOUSE,004,INDEPENDENT,ETHAN KEITH OSBORNE,17
BOONE,A119,US HOUSE,004,REPUBLICAN,THOMAS MASSIE,167
BOONE,A119,US HOUSE,004,DEMOCRAT,MATTHEW LEHMAN,54
BOONE,A119,US HOUSE,004,INDEPENDENT,ETHAN KEITH OSBORNE,13
BOONE,A120,US HOUSE,004,REPUBLICAN,THOMAS MASSIE,773
BOONE,A120,US HOUSE,004,DEMOCRAT,MATTHEW LEHMAN,248
BOONE,A120,US HOUSE,004,INDEPENDENT,ETHAN KEITH OSBORNE,44
BOONE,A121,US HOUSE,004,REPUBLICAN,THOMAS MASSIE,910
BOONE,A121,US HOUSE,004,DEMOCRAT,MATTHEW LEHMAN,437
BOONE,A121,US HOUSE,004,INDEPENDENT,ETHAN KEITH OSBORNE,61
BOONE,A122,US HOUSE,004,REPUBLICAN,THOMAS MASSIE,367
BOONE,A122,US HOUSE,004,DEMOCRAT,MATTHEW LEHMAN,123
BOONE,A122,US HOUSE,004,INDEPENDENT,ETHAN KEITH OSBORNE,31
BOONE,A123,US HOUSE,004,REPUBLICAN,THOMAS MASSIE,585
BOONE,A123,US HOUSE,004,DEMOCRAT,MATTHEW LEHMAN,278
BOONE,A123,US HOUSE,004,INDEPENDENT,ETHAN KEITH OSBORNE,62
BOONE,B114,US HOUSE,004,REPUBLICAN,THOMAS MASSIE,650
BOONE,B114,US HOUSE,004,DEMOCRAT,MATTHEW LEHMAN,131
BOONE,B114,US HOUSE,004,INDEPENDENT,ETHAN KEITH OSBORNE,27
BOONE,B115,US HOUSE,004,REPUBLICAN,THOMAS MASSIE,278
BOONE,B115,US HOUSE,004,DEMOCRAT,MATTHEW LEHMAN,165
BOONE,B115,US HOUSE,004,INDEPENDENT,ETHAN KEITH OSBORNE,25
BOONE,B116,US HOUSE,004,REPUBLICAN,THOMAS MASSIE,340
BOONE,B116,US HOUSE,004,DEMOCRAT,MATTHEW LEHMAN,155
BOONE,B116,US HOUSE,004,INDEPENDENT,ETHAN KEITH OSBORNE,22
BOONE,B117,US HOUSE,004,REPUBLICAN,THOMAS MASSIE,624
BOONE,B117,US HOUSE,004,DEMOCRAT,MATTHEW LEHMAN,260
BOONE,B117,US HOUSE,004,INDEPENDENT,ETHAN KEITH OSBORNE,50
BOONE,B118,US HOUSE,004,REPUBLICAN,THOMAS MASSIE,284
BOONE,B118,US HOUSE,004,DEMOCRAT,MATTHEW LEHMAN,164
BOONE,B118,US HOUSE,004,INDEPENDENT,ETHAN KEITH OSBORNE,16
BOONE,B119,US HOUSE,004,REPUBLICAN,THOMAS MASSIE,260
BOONE,B119,US HOUSE,004,DEMOCRAT,MATTHEW LEHMAN,127
BOONE,B119,US HOUSE,004,INDEPENDENT,ETHAN KEITH OSBORNE,18
BOONE,B120,US HOUSE,004,REPUBLICAN,THOMAS MASSIE,421
BOONE,B120,US HOUSE,004,DEMOCRAT,MATTHEW LEHMAN,157
BOONE,B120,US HOUSE,004,INDEPENDENT,ETHAN KEITH OSBORNE,21
BOONE,B121,US HOUSE,004,REPUBLICAN,THOMAS MASSIE,989
BOONE,B121,US HOUSE,004,DEMOCRAT,MATTHEW LEHMAN,358
BOONE,B121,US HOUSE,004,INDEPENDENT,ETHAN KEITH OSBORNE,52
BOONE,B122,US HOUSE,004,REPUBLICAN,THOMAS MASSIE,806
BOONE,B122,US HOUSE,004,DEMOCRAT,MATTHEW LEHMAN,362
BOONE,B122,US HOUSE,004,INDEPENDENT,ETHAN KEITH OSBORNE,44
BOONE,B123,US HOUSE,004,REPUBLICAN,THOMAS MASSIE,997
BOONE,B123,US HOUSE,004,DEMOCRAT,MATTHEW LEHMAN,452
BOONE,B123,US HOUSE,004,INDEPENDENT,ETHAN KEITH OSBORNE,61
BOONE,B124,US HOUSE,004,REPUBLICAN,THOMAS MASSIE,397
BOONE,B124,US HOUSE,004,DEMOCRAT,MATTHEW LEHMAN,186
BOONE,B124,US HOUSE,004,INDEPENDENT,ETHAN KEITH OSBORNE,28
BOONE,B125,US HOUSE,004,REPUBLICAN,THOMAS MASSIE,652
BOONE,B125,US HOUSE,004,DEMOCRAT,MATTHEW LEHMAN,325
BOONE,B125,US HOUSE,004,INDEPENDENT,ETHAN KEITH OSBORNE,48
BOONE,B126,US HOUSE,004,REPUBLICAN,THOMAS MASSIE,640
BOONE,B126,US HOUSE,004,DEMOCRAT,MATTHEW LEHMAN,126
BOONE,B126,US HOUSE,004,INDEPENDENT,ETHAN KEITH OSBORNE,23
BOONE,B127,US HOUSE,004,REPUBLICAN,THOMAS MASSIE,696
BOONE,B127,US HOUSE,004,DEMOCRAT,MATTHEW LEHMAN,260
BOONE,B127,US HOUSE,004,INDEPENDENT,ETHAN KEITH OSBORNE,49
BOONE,B128,US HOUSE,004,REPUBLICAN,THOMAS MASSIE,498
BOONE,B128,US HOUSE,004,DEMOCRAT,MATTHEW LEHMAN,141
BOONE,B128,US HOUSE,004,INDEPENDENT,ETHAN KEITH OSBORNE,30
BOONE,B129,US HOUSE,004,REPUBLICAN,THOMAS MASSIE,571
BOONE,B129,US HOUSE,004,DEMOCRAT,MATTHEW LEHMAN,288
BOONE,B129,US HOUSE,004,INDEPENDENT,ETHAN KEITH OSBORNE,40
BOONE,B130,US HOUSE,004,REPUBLICAN,THOMAS MASSIE,669
BOONE,B130,US HOUSE,004,DEMOCRAT,MATTHEW LEHMAN,339
BOONE,B130,US HOUSE,004,INDEPENDENT,ETHAN KEITH OSBORNE,26
BOONE,B131,US HOUSE,004,REPUBLICAN,THOMAS MASSIE,542
BOONE,B131,US HOUSE,004,DEMOCRAT,MATTHEW LEHMAN,283
BOONE,B131,US HOUSE,004,INDEPENDENT,ETHAN KEITH OSBORNE,47
BOONE,B132,US HOUSE,004,REPUBLICAN,THOMAS MASSIE,654
BOONE,B132,US HOUSE,004,DEMOCRAT,MATTHEW LEHMAN,359
BOONE,B132,US HOUSE,004,INDEPENDENT,ETHAN KEITH OSBORNE,48
BOONE,B133,US HOUSE,004,REPUBLICAN,THOMAS MASSIE,667
BOONE,B133,US HOUSE,004,DEMOCRAT,MATTHEW LEHMAN,368
BOONE,B133,US HOUSE,004,INDEPENDENT,ETHAN KEITH OSBORNE,51
BOONE,B134,US HOUSE,004,REPUBLICAN,THOMAS MASSIE,559
BOONE,B134,US HOUSE,004,DEMOCRAT,MATTHEW LEHMAN,185
BOONE,B134,US HOUSE,004,INDEPENDENT,ETHAN KEITH OSBORNE,33
BOONE,B135,US HOUSE,004,REPUBLICAN,THOMAS MASSIE,824
BOONE,B135,US HOUSE,004,DEMOCRAT,MATTHEW LEHMAN,379
BOONE,B135,US HOUSE,004,INDEPENDENT,ETHAN KEITH OSBORNE,37
BOONE,B136,US HOUSE,004,REPUBLICAN,THOMAS MASSIE,223
BOONE,B136,US HOUSE,004,DEMOCRAT,MATTHEW LEHMAN,91
BOONE,B136,US HOUSE,004,INDEPENDENT,ETHAN KEITH OSBORNE,14
BOONE,C102,US HOUSE,004,REPUBLICAN,THOMAS MASSIE,490
BOONE,C102,US HOUSE,004,DEMOCRAT,MATTHEW LEHMAN,211
BOONE,C102,US HOUSE,004,INDEPENDENT,ETHAN KEITH OSBORNE,35
BOONE,C110,US HOUSE,004,REPUBLICAN,THOMAS MASSIE,427
BOONE,C110,US HOUSE,004,DEMOCRAT,MATTHEW LEHMAN,171
BOONE,C110,US HOUSE,004,INDEPENDENT,ETHAN KEITH OSBORNE,30
BOONE,C117,US HOUSE,004,REPUBLICAN,THOMAS MASSIE,438
BOONE,C117,US HOUSE,004,DEMOCRAT,MATTHEW LEHMAN,147
BOONE,C117,US HOUSE,004,INDEPENDENT,ETHAN KEITH OSBORNE,22
BOONE,C121,US HOUSE,004,REPUBLICAN,THOMAS MASSIE,306
BOONE,C121,US HOUSE,004,DEMOCRAT,MATTHEW LEHMAN,224
BOONE,C121,US HOUSE,004,INDEPENDENT,ETHAN KEITH OSBORNE,32
BOONE,C123,US HOUSE,004,REPUBLICAN,THOMAS MASSIE,140
BOONE,C123,US HOUSE,004,DEMOCRAT,MATTHEW LEHMAN,79
BOONE,C123,US HOUSE,004,INDEPENDENT,ETHAN KEITH OSBORNE,14
BOONE,C124,US HOUSE,004,REPUBLICAN,THOMAS MASSIE,270
BOONE,C124,US HOUSE,004,DEMOCRAT,MATTHEW LEHMAN,154
BOONE,C124,US HOUSE,004,INDEPENDENT,ETHAN KEITH OSBORNE,27
BOONE,C125,US HOUSE,004,REPUBLICAN,THOMAS MASSIE,180
BOONE,C125,US HOUSE,004,DEMOCRAT,MATTHEW LEHMAN,83
BOONE,C125,US HOUSE,004,INDEPENDENT,ETHAN KEITH OSBORNE,21
BOONE,C126,US HOUSE,004,DEMOCRAT,MATTHEW LEHMAN,75
BOONE,C126,US HOUSE,004,REPUBLICAN,THOMAS MASSIE,72
BOONE,C126,US HOUSE,004,INDEPENDENT,ETHAN KEITH OSBORNE,12
BOONE,C127,US HOUSE,004,REPUBLICAN,THOMAS MASSIE,252
BOONE,C127,US HOUSE,004,DEMOCRAT,MATTHEW LEHMAN,119
BOONE,C127,US HOUSE,004,INDEPENDENT,ETHAN KEITH OSBORNE,29
BOONE,C128,US HOUSE,004,REPUBLICAN,THOMAS MASSIE,225
BOONE,C128,US HOUSE,004,DEMOCRAT,MATTHEW LEHMAN,96
BOONE,C128,US HOUSE,004,INDEPENDENT,ETHAN KEITH OSBORNE,11
BOONE,C129,US HOUSE,004,REPUBLICAN,THOMAS MASSIE,233
BOONE,C129,US HOUSE,004,DEMOCRAT,MATTHEW LEHMAN,143
BOONE,C129,US HOUSE,004,INDEPENDENT,ETHAN KEITH OSBORNE,25
BOONE,C130,US HOUSE,004,REPUBLICAN,THOMAS MASSIE,359
BOONE,C130,US HOUSE,004,DEMOCRAT,MATTHEW LEHMAN,189
BOONE,C130,US HOUSE,004,INDEPENDENT,ETHAN KEITH OSBORNE,33
BOONE,C131,US HOUSE,004,REPUBLICAN,THOMAS MASSIE,245
BOONE,C131,US HOUSE,004,DEMOCRAT,MATTHEW LEHMAN,165
BOONE,C131,US HOUSE,004,INDEPENDENT,ETHAN KEITH OSBORNE,23
BOONE,C132,US HOUSE,004,REPUBLICAN,THOMAS MASSIE,276
BOONE,C132,US HOUSE,004,DEMOCRAT,MATTHEW LEHMAN,124
BOONE,C132,US HOUSE,004,INDEPENDENT,ETHAN KEITH OSBORNE,28
BOONE,C133,US HOUSE,004,REPUBLICAN,THOMAS MASSIE,140
BOONE,C133,US HOUSE,004,DEMOCRAT,MATTHEW LEHMAN,55
BOONE,C133,US HOUSE,004,INDEPENDENT,ETHAN KEITH OSBORNE,16
BOONE,C134,US HOUSE,004,REPUBLICAN,THOMAS MASSIE,652
BOONE,C134,US HOUSE,004,DEMOCRAT,MATTHEW LEHMAN,391
BOONE,C134,US HOUSE,004,INDEPENDENT,ETHAN KEITH OSBORNE,48
BOONE,C135,US HOUSE,004,REPUBLICAN,THOMAS MASSIE,302
BOONE,C135,US HOUSE,004,DEMOCRAT,MATTHEW LEHMAN,185
BOONE,C135,US HOUSE,004,INDEPENDENT,ETHAN KEITH OSBORNE,24
BOONE,C136,US HOUSE,004,REPUBLICAN,THOMAS MASSIE,276
BOONE,C136,US HOUSE,004,DEMOCRAT,MATTHEW LEHMAN,126
BOONE,C136,US HOUSE,004,INDEPENDENT,ETHAN KEITH OSBORNE,26
BOONE,C137,US HOUSE,004,REPUBLICAN,THOMAS MASSIE,516
BOONE,C137,US HOUSE,004,DEMOCRAT,MATTHEW LEHMAN,292
BOONE,C137,US HOUSE,004,INDEPENDENT,ETHAN KEITH OSBORNE,36
BOURBON,B101,US HOUSE,006,REPUBLICAN,ANDY BARR,419
BOURBON,B101,US HOUSE,006,DEMOCRAT,GEOFFREY M GEOFF YOUNG,98
BOURBON,B101,US HOUSE,006,,MAURICE RANDALL CRAVENS II,5
BOURBON,B101,US HOUSE,006,,MAXWELL KEITH FROEDGE,0
BOURBON,B103,US HOUSE,006,REPUBLICAN,ANDY BARR,177
BOURBON,B103,US HOUSE,006,DEMOCRAT,GEOFFREY M GEOFF YOUNG,82
BOURBON,B103,US HOUSE,006,,MAURICE RANDALL CRAVENS II,7
BOURBON,B103,US HOUSE,006,,MAXWELL KEITH FROEDGE,0
BOURBON,C101,US HOUSE,006,REPUBLICAN,ANDY BARR,302
BOURBON,C101,US HOUSE,006,DEMOCRAT,GEOFFREY M GEOFF YOUNG,72
BOURBON,C101,US HOUSE,006,,MAURICE RANDALL CRAVENS II,7
BOURBON,C101,US HOUSE,006,,MAXWELL KEITH FROEDGE,0
BOURBON,C102,US HOUSE,006,REPUBLICAN,ANDY BARR,146
BOURBON,C102,US HOUSE,006,DEMOCRAT,GEOFFREY M GEOFF YOUNG,45
BOURBON,C102,US HOUSE,006,,MAURICE RANDALL CRAVENS II,4
BOURBON,C102,US HOUSE,006,,MAXWELL KEITH FROEDGE,0
BOURBON,C103,US HOUSE,006,REPUBLICAN,ANDY BARR,217
BOURBON,C103,US HOUSE,006,DEMOCRAT,GEOFFREY M GEOFF YOUNG,143
BOURBON,C103,US HOUSE,006,,MAURICE RANDALL CRAVENS II,10
BOURBON,C103,US HOUSE,006,,MAXWELL KEITH FROEDGE,0
BOURBON,D101,US HOUSE,006,REPUBLICAN,ANDY BARR,423
BOURBON,D101,US HOUSE,006,DEMOCRAT,GEOFFREY M GEOFF YOUNG,117
BOURBON,D101,US HOUSE,006,,MAURICE RANDALL CRAVENS II,3
BOURBON,D101,US HOUSE,006,,MAXWELL KEITH FROEDGE,0
BOURBON,D103,US HOUSE,006,REPUBLICAN,ANDY BARR,223
BOURBON,D103,US HOUSE,006,DEMOCRAT,GEOFFREY M GEOFF YOUNG,85
BOURBON,D103,US HOUSE,006,,MAURICE RANDALL CRAVENS II,2
BOURBON,D103,US HOUSE,006,,MAXWELL KEITH FROEDGE,0
BOURBON,E101,US HOUSE,006,REPUBLICAN,ANDY BARR,448
BOURBON,E101,US HOUSE,006,DEMOCRAT,GEOFFREY M GEOFF YOUNG,114
BOURBON,E101,US HOUSE,006,,MAURICE RANDALL CRAVENS II,10
BOURBON,E101,US HOUSE,006,,MAXWELL KEITH FROEDGE,0
BOURBON,E103,US HOUSE,006,REPUBLICAN,ANDY BARR,307
BOURBON,E103,US HOUSE,006,DEMOCRAT,GEOFFREY M GEOFF YOUNG,120
BOURBON,E103,US HOUSE,006,,MAURICE RANDALL CRAVENS II,1
BOURBON,E103,US HOUSE,006,,MAXWELL KEITH FROEDGE,0
BOURBON,F101,US HOUSE,006,REPUBLICAN,ANDY BARR,293
BOURBON,F101,US HOUSE,006,DEMOCRAT,GEOFFREY M GEOFF YOUNG,100
BOURBON,F101,US HOUSE,006,,MAURICE RANDALL CRAVENS II,2
BOURBON,F101,US HOUSE,006,,MAXWELL KEITH FROEDGE,0
BOURBON,F102,US HOUSE,006,REPUBLICAN,ANDY BARR,413
BOURBON,F102,US HOUSE,006,DEMOCRAT,GEOFFREY M GEOFF YOUNG,143
BOURBON,F102,US HOUSE,006,,MAURICE RANDALL CRAVENS II,3
BOURBON,F102,US HOUSE,006,,MAXWELL KEITH FROEDGE,0
BOURBON,F103,US HOUSE,006,REPUBLICAN,ANDY BARR,209
BOURBON,F103,US HOUSE,006,DEMOCRAT,GEOFFREY M GEOFF YOUNG,54
BOURBON,F103,US HOUSE,006,,MAURICE RANDALL CRAVENS II,10
BOURBON,F103,US HOUSE,006,,MAXWELL KEITH FROEDGE,0
BOURBON,G101,US HOUSE,006,REPUBLICAN,ANDY BARR,410
BOURBON,G101,US HOUSE,006,DEMOCRAT,GEOFFREY M GEOFF YOUNG,109
BOURBON,G101,US HOUSE,006,,MAURICE RANDALL CRAVENS II,17
BOURBON,G101,US HOUSE,006,,MAXWELL KEITH FROEDGE,0
BOURBON,G102,US HOUSE,006,REPUBLICAN,ANDY BARR,300
BOURBON,G102,US HOUSE,006,DEMOCRAT,GEOFFREY M GEOFF YOUNG,152
BOURBON,G102,US HOUSE,006,,MAURICE RANDALL CRAVENS II,10
BOURBON,G102,US HOUSE,006,,MAXWELL KEITH FROEDGE,0
BOURBON,H101,US HOUSE,006,REPUBLICAN,ANDY BARR,434
BOURBON,H101,US HOUSE,006,DEMOCRAT,GEOFFREY M GEOFF YOUNG,119
BOURBON,H101,US HOUSE,006,,MAURICE RANDALL CRAVENS II,4
BOURBON,H101,US HOUSE,006,,MAXWELL KEITH FROEDGE,0
BOURBON,H102,US HOUSE,006,REPUBLICAN,ANDY BARR,198
BOURBON,H102,US HOUSE,006,DEMOCRAT,GEOFFREY M GEOFF YOUNG,156
BOURBON,H102,US HOUSE,006,,MAURICE RANDALL CRAVENS II,6
BOURBON,H102,US HOUSE,006,,MAXWELL KEITH FROEDGE,0
BOYD,A101,US HOUSE,005,REPUBLICAN,HAROLD HAL ROGERS,253
BOYD,A101,US HOUSE,005,DEMOCRAT,CONOR HALBLEIB,146
BOYD,A101,US HOUSE,005,,STEPHAN WILLIAM MAZUR,0
BOYD,A105,US HOUSE,005,REPUBLICAN,HAROLD HAL ROGERS,217
BOYD,A105,US HOUSE,005,DEMOCRAT,CONOR HALBLEIB,68
BOYD,A105,US HOUSE,005,,STEPHAN WILLIAM MAZUR,0
BOYD,A106,US HOUSE,005,REPUBLICAN,HAROLD HAL ROGERS,205
BOYD,A106,US HOUSE,005,DEMOCRAT,CONOR HALBLEIB,85
BOYD,A106,US HOUSE,005,,STEPHAN WILLIAM MAZUR,0
BOYD,A107,US HOUSE,005,REPUBLICAN,HAROLD HAL ROGERS,400
BOYD,A107,US HOUSE,005,DEMOCRAT,CONOR HALBLEIB,123
BOYD,A107,US HOUSE,005,,STEPHAN WILLIAM MAZUR,0
BOYD,A108,US HOUSE,005,REPUBLICAN,HAROLD HAL ROGERS,215
BOYD,A108,US HOUSE,005,DEMOCRAT,CONOR HALBLEIB,49
BOYD,A108,US HOUSE,005,,STEPHAN WILLIAM MAZUR,0
BOYD,A109,US HOUSE,005,REPUBLICAN,HAROLD HAL ROGERS,178
BOYD,A109,US HOUSE,005,DEMOCRAT,CONOR HALBLEIB,36
BOYD,A109,US HOUSE,005,,STEPHAN WILLIAM MAZUR,0
BOYD,A110,US HOUSE,005,REPUBLICAN,HAROLD HAL ROGERS,161
BOYD,A110,US HOUSE,005,DEMOCRAT,CONOR HALBLEIB,89
BOYD,A110,US HOUSE,005,,STEPHAN WILLIAM MAZUR,0
BOYD,A111,US HOUSE,005,REPUBLICAN,HAROLD HAL ROGERS,163
BOYD,A111,US HOUSE,005,DEMOCRAT,CONOR HALBLEIB,126
BOYD,A111,US HOUSE,005,,STEPHAN WILLIAM MAZUR,0
BOYD,A113,US HOUSE,005,REPUBLICAN,HAROLD HAL ROGERS,249
BOYD,A113,US HOUSE,005,DEMOCRAT,CONOR HALBLEIB,117
BOYD,A113,US HOUSE,005,,STEPHAN WILLIAM MAZUR,0
BOYD,A114,US HOUSE,005,REPUBLICAN,HAROLD HAL ROGERS,40
BOYD,A114,US HOUSE,005,DEMOCRAT,CONOR HALBLEIB,32
BOYD,A114,US HOUSE,005,,STEPHAN WILLIAM MAZUR,0
BOYD,A115,US HOUSE,005,REPUBLICAN,HAROLD HAL ROGERS,189
BOYD,A115,US HOUSE,005,DEMOCRAT,CONOR HALBLEIB,106
BOYD,A115,US HOUSE,005,,STEPHAN WILLIAM MAZUR,0
BOYD,A116,US HOUSE,005,REPUBLICAN,HAROLD HAL ROGERS,165
BOYD,A116,US HOUSE,005,DEMOCRAT,CONOR HALBLEIB,82
BOYD,A116,US HOUSE,005,,STEPHAN WILLIAM MAZUR,0
BOYD,A118,US HOUSE,005,REPUBLICAN,HAROLD HAL ROGERS,485
BOYD,A118,US HOUSE,005,DEMOCRAT,CONOR HALBLEIB,123
BOYD,A118,US HOUSE,005,,STEPHAN WILLIAM MAZUR,0
BOYD,A119,US HOUSE,005,REPUBLICAN,HAROLD HAL ROGERS,255
BOYD,A119,US HOUSE,005,DEMOCRAT,CONOR HALBLEIB,98
BOYD,A119,US HOUSE,005,,STEPHAN WILLIAM MAZUR,0
BOYD,A121,US HOUSE,005,REPUBLICAN,HAROLD HAL ROGERS,308
BOYD,A121,US HOUSE,005,DEMOCRAT,CONOR HALBLEIB,106
BOYD,A121,US HOUSE,005,,STEPHAN WILLIAM MAZUR,0
BOYD,A122,US HOUSE,005,REPUBLICAN,HAROLD HAL ROGERS,4
BOYD,A122,US HOUSE,005,DEMOCRAT,CONOR HALBLEIB,0
BOYD,A122,US HOUSE,005,,STEPHAN WILLIAM MAZUR,0
BOYD,B101,US HOUSE,005,REPUBLICAN,HAROLD HAL ROGERS,146
BOYD,B101,US HOUSE,005,DEMOCRAT,CONOR HALBLEIB,121
BOYD,B101,US HOUSE,005,,STEPHAN WILLIAM MAZUR,0
BOYD,B102,US HOUSE,005,REPUBLICAN,HAROLD HAL ROGERS,139
BOYD,B102,US HOUSE,005,DEMOCRAT,CONOR HALBLEIB,90
BOYD,B102,US HOUSE,005,,STEPHAN WILLIAM MAZUR,0
BOYD,B103,US HOUSE,005,REPUBLICAN,HAROLD HAL ROGERS,118
BOYD,B103,US HOUSE,005,DEMOCRAT,CONOR HALBLEIB,108
BOYD,B103,US HOUSE,005,,STEPHAN WILLIAM MAZUR,0
BOYD,B105,US HOUSE,005,REPUBLICAN,HAROLD HAL ROGERS,111
BOYD,B105,US HOUSE,005,DEMOCRAT,CONOR HALBLEIB,82
BOYD,B105,US HOUSE,005,,STEPHAN WILLIAM MAZUR,0
BOYD,B106,US HOUSE,005,REPUBLICAN,HAROLD HAL ROGERS,193
BOYD,B106,US HOUSE,005,DEMOCRAT,CONOR HALBLEIB,113
BOYD,B106,US HOUSE,005,,STEPHAN WILLIAM MAZUR,0
BOYD,B107,US HOUSE,005,REPUBLICAN,HAROLD HAL ROGERS,150
BOYD,B107,US HOUSE,005,DEMOCRAT,CONOR HALBLEIB,78
BOYD,B107,US HOUSE,005,,STEPHAN WILLIAM MAZUR,0
BOYD,B108,US HOUSE,005,REPUBLICAN,HAROLD HAL ROGERS,223
BOYD,B108,US HOUSE,005,DEMOCRAT,CONOR HALBLEIB,91
BOYD,B108,US HOUSE,005,,STEPHAN WILLIAM MAZUR,0
BOYD,B109,US HOUSE,005,REPUBLICAN,HAROLD HAL ROGERS,219
BOYD,B109,US HOUSE,005,DEMOCRAT,CONOR HALBLEIB,140
BOYD,B109,US HOUSE,005,,STEPHAN WILLIAM MAZUR,0
BOYD,B110,US HOUSE,005,REPUBLICAN,HAROLD HAL ROGERS,192
BOYD,B110,US HOUSE,005,DEMOCRAT,CONOR HALBLEIB,150
BOYD,B110,US HOUSE,005,,STEPHAN WILLIAM MAZUR,0
BOYD,B114,US HOUSE,005,REPUBLICAN,HAROLD HAL ROGERS,169
BOYD,B114,US HOUSE,005,DEMOCRAT,CONOR HALBLEIB,105
BOYD,B114,US HOUSE,005,,STEPHAN WILLIAM MAZUR,0
BOYD,B115,US HOUSE,005,REPUBLICAN,HAROLD HAL ROGERS,258
BOYD,B115,US HOUSE,005,DEMOCRAT,CONOR HALBLEIB,142
BOYD,B115,US HOUSE,005,,STEPHAN WILLIAM MAZUR,0
BOYD,B116,US HOUSE,005,REPUBLICAN,HAROLD HAL ROGERS,180
BOYD,B116,US HOUSE,005,DEMOCRAT,CONOR HALBLEIB,110
BOYD,B116,US HOUSE,005,,STEPHAN WILLIAM MAZUR,0
BOYD,B117,US HOUSE,005,REPUBLICAN,HAROLD HAL ROGERS,175
BOYD,B117,US HOUSE,005,DEMOCRAT,CONOR HALBLEIB,103
BOYD,B117,US HOUSE,005,,STEPHAN WILLIAM MAZUR,1
BOYD,B118,US HOUSE,005,REPUBLICAN,HAROLD HAL ROGERS,216
BOYD,B118,US HOUSE,005,DEMOCRAT,CONOR HALBLEIB,60
BOYD,B118,US HOUSE,005,,STEPHAN WILLIAM MAZUR,0
BOYD,B119,US HOUSE,005,REPUBLICAN,HAROLD HAL ROGERS,228
BOYD,B119,US HOUSE,005,DEMOCRAT,CONOR HALBLEIB,99
BOYD,B119,US HOUSE,005,,STEPHAN WILLIAM MAZUR,0
BOYD,B121,US HOUSE,005,REPUBLICAN,HAROLD HAL ROGERS,240
BOYD,B121,US HOUSE,005,DEMOCRAT,CONOR HALBLEIB,97
BOYD,B121,US HOUSE,005,,STEPHAN WILLIAM MAZUR,0
BOYD,C102,US HOUSE,005,REPUBLICAN,HAROLD HAL ROGERS,189
BOYD,C102,US HOUSE,005,DEMOCRAT,CONOR HALBLEIB,66
BOYD,C102,US HOUSE,005,,STEPHAN WILLIAM MAZUR,0
BOYD,C103,US HOUSE,005,REPUBLICAN,HAROLD HAL ROGERS,196
BOYD,C103,US HOUSE,005,DEMOCRAT,CONOR HALBLEIB,63
BOYD,C103,US HOUSE,005,,STEPHAN WILLIAM MAZUR,0
BOYD,C104,US HOUSE,005,REPUBLICAN,HAROLD HAL ROGERS,315
BOYD,C104,US HOUSE,005,DEMOCRAT,CONOR HALBLEIB,91
BOYD,C104,US HOUSE,005,,STEPHAN WILLIAM MAZUR,0
BOYD,C105,US HOUSE,005,REPUBLICAN,HAROLD HAL ROGERS,216
BOYD,C105,US HOUSE,005,DEMOCRAT,CONOR HALBLEIB,90
BOYD,C105,US HOUSE,005,,STEPHAN WILLIAM MAZUR,0
BOYD,C106,US HOUSE,005,REPUBLICAN,HAROLD HAL ROGERS,255
BOYD,C106,US HOUSE,005,DEMOCRAT,CONOR HALBLEIB,86
BOYD,C106,US HOUSE,005,,STEPHAN WILLIAM MAZUR,0
BOYD,C107,US HOUSE,005,REPUBLICAN,HAROLD HAL ROGERS,111
BOYD,C107,US HOUSE,005,DEMOCRAT,CONOR HALBLEIB,67
BOYD,C107,US HOUSE,005,,STEPHAN WILLIAM MAZUR,0
BOYD,C108,US HOUSE,005,REPUBLICAN,HAROLD HAL ROGERS,189
BOYD,C108,US HOUSE,005,DEMOCRAT,CONOR HALBLEIB,99
BOYD,C108,US HOUSE,005,,STEPHAN WILLIAM MAZUR,0
BOYD,C109,US HOUSE,005,REPUBLICAN,HAROLD HAL ROGERS,111
BOYD,C109,US HOUSE,005,DEMOCRAT,CONOR HALBLEIB,81
BOYD,C109,US HOUSE,005,,STEPHAN WILLIAM MAZUR,0
BOYD,C110,US HOUSE,005,REPUBLICAN,HAROLD HAL ROGERS,1
BOYD,C110,US HOUSE,005,DEMOCRAT,CONOR HALBLEIB,1
BOYD,C110,US HOUSE,005,,STEPHAN WILLIAM MAZUR,0
BOYD,C111,US HOUSE,005,REPUBLICAN,HAROLD HAL ROGERS,71
BOYD,C111,US HOUSE,005,DEMOCRAT,CONOR HALBLEIB,31
BOYD,C111,US HOUSE,005,,STEPHAN WILLIAM MAZUR,0
BOYD,C112,US HOUSE,005,REPUBLICAN,HAROLD HAL ROGERS,252
BOYD,C112,US HOUSE,005,DEMOCRAT,CONOR HALBLEIB,96
BOYD,C112,US HOUSE,005,,STEPHAN WILLIAM MAZUR,0
BOYD,C113,US HOUSE,005,REPUBLICAN,HAROLD HAL ROGERS,241
BOYD,C113,US HOUSE,005,DEMOCRAT,CONOR HALBLEIB,108
BOYD,C113,US HOUSE,005,,STEPHAN WILLIAM MAZUR,0
BOYD,C114,US HOUSE,005,REPUBLICAN,HAROLD HAL ROGERS,218
BOYD,C114,US HOUSE,005,DEMOCRAT,CONOR HALBLEIB,81
BOYD,C114,US HOUSE,005,,STEPHAN WILLIAM MAZUR,0
BOYD,C115,US HOUSE,005,REPUBLICAN,HAROLD HAL ROGERS,315
BOYD,C115,US HOUSE,005,DEMOCRAT,CONOR HALBLEIB,127
BOYD,C115,US HOUSE,005,,STEPHAN WILLIAM MAZUR,0
BOYD,C116,US HOUSE,005,REPUBLICAN,HAROLD HAL ROGERS,262
BOYD,C116,US HOUSE,005,DEMOCRAT,CONOR HALBLEIB,100
BOYD,C116,US HOUSE,005,,STEPHAN WILLIAM MAZUR,0
BOYD,C117,US HOUSE,005,REPUBLICAN,HAROLD HAL ROGERS,226
BOYD,C117,US HOUSE,005,DEMOCRAT,CONOR HALBLEIB,68
BOYD,C117,US HOUSE,005,,STEPHAN WILLIAM MAZUR,0
BOYLE,A101,US HOUSE,001,REPUBLICAN,JAMES R COMER,394
BOYLE,A101,US HOUSE,001,DEMOCRAT,JIMMY C AUSBROOKS,95
BOYLE,A102,US HOUSE,001,REPUBLICAN,JAMES R COMER,445
BOYLE,A102,US HOUSE,001,DEMOCRAT,JIMMY C AUSBROOKS,103
BOYLE,A103,US HOUSE,001,REPUBLICAN,JAMES R COMER,218
BOYLE,A103,US HOUSE,001,DEMOCRAT,JIMMY C AUSBROOKS,59
BOYLE,A104,US HOUSE,001,REPUBLICAN,JAMES R COMER,414
BOYLE,A104,US HOUSE,001,DEMOCRAT,JIMMY C AUSBROOKS,61
BOYLE,A105,US HOUSE,001,REPUBLICAN,JAMES R COMER,133
BOYLE,A105,US HOUSE,001,DEMOCRAT,JIMMY C AUSBROOKS,30
BOYLE,B101,US HOUSE,001,REPUBLICAN,JAMES R COMER,154
BOYLE,B101,US HOUSE,001,DEMOCRAT,JIMMY C AUSBROOKS,23
BOYLE,B102,US HOUSE,001,REPUBLICAN,JAMES R COMER,320
BOYLE,B102,US HOUSE,001,DEMOCRAT,JIMMY C AUSBROOKS,87
BOYLE,B103,US HOUSE,001,REPUBLICAN,JAMES R COMER,485
BOYLE,B103,US HOUSE,001,DEMOCRAT,JIMMY C AUSBROOKS,174
BOYLE,B104,US HOUSE,001,REPUBLICAN,JAMES R COMER,321
BOYLE,B104,US HOUSE,001,DEMOCRAT,JIMMY C AUSBROOKS,98
BOYLE,C101,US HOUSE,001,REPUBLICAN,JAMES R COMER,276
BOYLE,C101,US HOUSE,001,DEMOCRAT,JIMMY C AUSBROOKS,190
BOYLE,C102,US HOUSE,001,REPUBLICAN,JAMES R COMER,291
BOYLE,C102,US HOUSE,001,DEMOCRAT,JIMMY C AUSBROOKS,175
BOYLE,C103,US HOUSE,001,REPUBLICAN,JAMES R COMER,147
BOYLE,C103,US HOUSE,001,DEMOCRAT,JIMMY C AUSBROOKS,89
BOYLE,C104,US HOUSE,001,DEMOCRAT,JIMMY C AUSBROOKS,141
BOYLE,C104,US HOUSE,001,REPUBLICAN,JAMES R COMER,110
BOYLE,D101,US HOUSE,001,REPUBLICAN,JAMES R COMER,315
BOYLE,D101,US HOUSE,001,DEMOCRAT,JIMMY C AUSBROOKS,240
BOYLE,D102,US HOUSE,001,REPUBLICAN,JAMES R COMER,491
BOYLE,D102,US HOUSE,001,DEMOCRAT,JIMMY C AUSBROOKS,224
BOYLE,D103,US HOUSE,001,REPUBLICAN,JAMES R COMER,435
BOYLE,D103,US HOUSE,001,DEMOCRAT,JIMMY C AUSBROOKS,196
BOYLE,E101,US HOUSE,001,REPUBLICAN,JAMES R COMER,204
BOYLE,E101,US HOUSE,001,DEMOCRAT,JIMMY C AUSBROOKS,202
BOYLE,E102,US HOUSE,001,DEMOCRAT,JIMMY C AUSBROOKS,202
BOYLE,E102,US HOUSE,001,REPUBLICAN,JAMES R COMER,197
BOYLE,E103,US HOUSE,001,DEMOCRAT,JIMMY C AUSBROOKS,123
BOYLE,E103,US HOUSE,001,REPUBLICAN,JAMES R COMER,89
BOYLE,E104,US HOUSE,001,DEMOCRAT,JIMMY C AUSBROOKS,154
BOYLE,E104,US HOUSE,001,REPUBLICAN,JAMES R COMER,68
BOYLE,F101,US HOUSE,001,REPUBLICAN,JAMES R COMER,158
BOYLE,F101,US HOUSE,001,DEMOCRAT,JIMMY C AUSBROOKS,149
BOYLE,F102,US HOUSE,001,REPUBLICAN,JAMES R COMER,276
BOYLE,F102,US HOUSE,001,DEMOCRAT,JIMMY C AUSBROOKS,143
BOYLE,F103,US HOUSE,001,REPUBLICAN,JAMES R COMER,348
BOYLE,F103,US HOUSE,001,DEMOCRAT,JIMMY C AUSBROOKS,195
BOYLE,F104,US HOUSE,001,REPUBLICAN,JAMES R COMER,251
BOYLE,F104,US HOUSE,001,DEMOCRAT,JIMMY C AUSBROOKS,170
BOYLE,F105,US HOUSE,001,REPUBLICAN,JAMES R COMER,184
BOYLE,F105,US HOUSE,001,DEMOCRAT,JIMMY C AUSBROOKS,133
BRACKEN,A101,US HOUSE,004,REPUBLICAN,THOMAS MASSIE,363
BRACKEN,A101,US HOUSE,004,DEMOCRAT,MATTHEW LEHMAN,82
BRACKEN,A101,US HOUSE,004,INDEPENDENT,ETHAN KEITH OSBORNE,22
BRACKEN,B101,US HOUSE,004,REPUBLICAN,THOMAS MASSIE,250
BRACKEN,B101,US HOUSE,004,DEMOCRAT,MATTHEW LEHMAN,97
BRACKEN,B101,US HOUSE,004,INDEPENDENT,ETHAN KEITH OSBORNE,10
BRACKEN,C101,US HOUSE,004,REPUBLICAN,THOMAS MASSIE,268
BRACKEN,C101,US HOUSE,004,DEMOCRAT,MATTHEW LEHMAN,81
BRACKEN,C101,US HOUSE,004,INDEPENDENT,ETHAN KEITH OSBORNE,11
BRACKEN,D101,US HOUSE,004,REPUBLICAN,THOMAS MASSIE,370
BRACKEN,D101,US HOUSE,004,DEMOCRAT,MATTHEW LEHMAN,74
BRACKEN,D101,US HOUSE,004,INDEPENDENT,ETHAN KEITH OSBORNE,5
BRACKEN,E101,US HOUSE,004,REPUBLICAN,THOMAS MASSIE,299
BRACKEN,E101,US HOUSE,004,DEMOCRAT,MATTHEW LEHMAN,82
BRACKEN,E101,US HOUSE,004,INDEPENDENT,ETHAN KEITH OSBORNE,8
BRACKEN,F101,US HOUSE,004,REPUBLICAN,THOMAS MASSIE,312
BRACKEN,F101,US HOUSE,004,DEMOCRAT,MATTHEW LEHMAN,67
BRACKEN,F101,US HOUSE,004,INDEPENDENT,ETHAN KEITH OSBORNE,11
BRACKEN,G101,US HOUSE,004,REPUBLICAN,THOMAS MASSIE,345
BRACKEN,G101,US HOUSE,004,DEMOCRAT,MATTHEW LEHMAN,55
BRACKEN,G101,US HOUSE,004,INDEPENDENT,ETHAN KEITH OSBORNE,10
BRACKEN,H101,US HOUSE,004,REPUBLICAN,THOMAS MASSIE,310
BRACKEN,H101,US HOUSE,004,DEMOCRAT,MATTHEW LEHMAN,81
BRACKEN,H101,US HOUSE,004,INDEPENDENT,ETHAN KEITH OSBORNE,13
BREATHITT,A101,US HOUSE,005,REPUBLICAN,HAROLD HAL ROGERS,55
BREATHITT,A101,US HOUSE,005,DEMOCRAT,CONOR HALBLEIB,15
BREATHITT,A102,US HOUSE,005,REPUBLICAN,HAROLD HAL ROGERS,194
BREATHITT,A102,US HOUSE,005,DEMOCRAT,CONOR HALBLEIB,37
BREATHITT,A103,US HOUSE,005,REPUBLICAN,HAROLD HAL ROGERS,254
BREATHITT,A103,US HOUSE,005,DEMOCRAT,CONOR HALBLEIB,71
BREATHITT,A104,US HOUSE,005,REPUBLICAN,HAROLD HAL ROGERS,170
BREATHITT,A104,US HOUSE,005,DEMOCRAT,CONOR HALBLEIB,42
BREATHITT,A105,US HOUSE,005,REPUBLICAN,HAROLD HAL ROGERS,89
BREATHITT,A105,US HOUSE,005,DEMOCRAT,CONOR HALBLEIB,18
BREATHITT,ABSE,US HOUSE,005,REPUBLICAN,HAROLD HAL ROGERS,238
BREATHITT,ABSE,US HOUSE,005,DEMOCRAT,CONOR HALBLEIB,107
BREATHITT,B101,US HOUSE,005,REPUBLICAN,HAROLD HAL ROGERS,79
BREATHITT,B101,US HOUSE,005,DEMOCRAT,CONOR HALBLEIB,15
BREATHITT,B102,US HOUSE,005,REPUBLICAN,HAROLD HAL ROGERS,116
BREATHITT,B102,US HOUSE,005,DEMOCRAT,CONOR HALBLEIB,29
BREATHITT,B103,US HOUSE,005,REPUBLICAN,HAROLD HAL ROGERS,168
BREATHITT,B103,US HOUSE,005,DEMOCRAT,CONOR HALBLEIB,47
BREATHITT,B104,US HOUSE,005,REPUBLICAN,HAROLD HAL ROGERS,143
BREATHITT,B104,US HOUSE,005,DEMOCRAT,CONOR HALBLEIB,58
BREATHITT,B105,US HOUSE,005,REPUBLICAN,HAROLD HAL ROGERS,100
BREATHITT,B105,US HOUSE,005,DEMOCRAT,CONOR HALBLEIB,44
BREATHITT,C101,US HOUSE,005,REPUBLICAN,HAROLD HAL ROGERS,148
BREATHITT,C101,US HOUSE,005,DEMOCRAT,CONOR HALBLEIB,55
BREATHITT,C102,US HOUSE,005,REPUBLICAN,HAROLD HAL ROGERS,62
BREATHITT,C102,US HOUSE,005,DEMOCRAT,CONOR HALBLEIB,18
BREATHITT,C103,US HOUSE,005,REPUBLICAN,HAROLD HAL ROGERS,147
BREATHITT,C103,US HOUSE,005,DEMOCRAT,CONOR HALBLEIB,51
BREATHITT,C104,US HOUSE,005,REPUBLICAN,HAROLD HAL ROGERS,127
BREATHITT,C104,US HOUSE,005,DEMOCRAT,CONOR HALBLEIB,19
BREATHITT,C105,US HOUSE,005,REPUBLICAN,HAROLD HAL ROGERS,61
BREATHITT,C105,US HOUSE,005,DEMOCRAT,CONOR HALBLEIB,16
BREATHITT,D101,US HOUSE,005,REPUBLICAN,HAROLD HAL ROGERS,45
BREATHITT,D101,US HOUSE,005,DEMOCRAT,CONOR HALBLEIB,9
BREATHITT,D102,US HOUSE,005,REPUBLICAN,HAROLD HAL ROGERS,123
BREATHITT,D102,US HOUSE,005,DEMOCRAT,CONOR HALBLEIB,43
BREATHITT,D103,US HOUSE,005,REPUBLICAN,HAROLD HAL ROGERS,176
BREATHITT,D103,US HOUSE,005,DEMOCRAT,CONOR HALBLEIB,33
BREATHITT,D104,US HOUSE,005,REPUBLICAN,HAROLD HAL ROGERS,139
BREATHITT,D104,US HOUSE,005,DEMOCRAT,CONOR HALBLEIB,17
BREATHITT,D105,US HOUSE,005,REPUBLICAN,HAROLD HAL ROGERS,28
BREATHITT,D105,US HOUSE,005,DEMOCRAT,CONOR HALBLEIB,2
BREATHITT,D106,US HOUSE,005,REPUBLICAN,HAROLD HAL ROGERS,101
BREATHITT,D106,US HOUSE,005,DEMOCRAT,CONOR HALBLEIB,38
BRECKINRIDGE,A101,US HOUSE,002,REPUBLICAN,S BRETT GUTHRIE,445
BRECKINRIDGE,A101,US HOUSE,002,DEMOCRAT,HANK LINDERMAN,177
BRECKINRIDGE,A102,US HOUSE,002,REPUBLICAN,S BRETT GUTHRIE,317
BRECKINRIDGE,A102,US HOUSE,002,DEMOCRAT,HANK LINDERMAN,100
BRECKINRIDGE,B101,US HOUSE,002,REPUBLICAN,S BRETT GUTHRIE,282
BRECKINRIDGE,B101,US HOUSE,002,DEMOCRAT,HANK LINDERMAN,99
BRECKINRIDGE,B102,US HOUSE,002,REPUBLICAN,S BRETT GUTHRIE,290
BRECKINRIDGE,B102,US HOUSE,002,DEMOCRAT,HANK LINDERMAN,87
BRECKINRIDGE,B103,US HOUSE,002,REPUBLICAN,S BRETT GUTHRIE,331
BRECKINRIDGE,B103,US HOUSE,002,DEMOCRAT,HANK LINDERMAN,73
BRECKINRIDGE,C101,US HOUSE,002,REPUBLICAN,S BRETT GUTHRIE,391
BRECKINRIDGE,C101,US HOUSE,002,DEMOCRAT,HANK LINDERMAN,106
BRECKINRIDGE,C102,US HOUSE,002,REPUBLICAN,S BRETT GUTHRIE,495
BRECKINRIDGE,C102,US HOUSE,002,DEMOCRAT,HANK LINDERMAN,127
BRECKINRIDGE,D101,US HOUSE,002,REPUBLICAN,S BRETT GUTHRIE,371
BRECKINRIDGE,D101,US HOUSE,002,DEMOCRAT,HANK LINDERMAN,111
BRECKINRIDGE,D102,US HOUSE,002,REPUBLICAN,S BRETT GUTHRIE,270
BRECKINRIDGE,D102,US HOUSE,002,DEMOCRAT,HANK LINDERMAN,107
BRECKINRIDGE,D103,US HOUSE,002,REPUBLICAN,S BRETT GUTHRIE,240
BRECKINRIDGE,D103,US HOUSE,002,DEMOCRAT,HANK LINDERMAN,41
BRECKINRIDGE,E101,US HOUSE,002,REPUBLICAN,S BRETT GUTHRIE,229
BRECKINRIDGE,E101,US HOUSE,002,DEMOCRAT,HANK LINDERMAN,31
BRECKINRIDGE,E102,US HOUSE,002,REPUBLICAN,S BRETT GUTHRIE,320
BRECKINRIDGE,E102,US HOUSE,002,DEMOCRAT,HANK LINDERMAN,66
BRECKINRIDGE,E103,US HOUSE,002,REPUBLICAN,S BRETT GUTHRIE,224
BRECKINRIDGE,E103,US HOUSE,002,DEMOCRAT,HANK LINDERMAN,53
BRECKINRIDGE,F101,US HOUSE,002,REPUBLICAN,S BRETT GUTHRIE,699
BRECKINRIDGE,F101,US HOUSE,002,DEMOCRAT,HANK LINDERMAN,204
BRECKINRIDGE,F102,US HOUSE,002,REPUBLICAN,S BRETT GUTHRIE,188
BRECKINRIDGE,F102,US HOUSE,002,DEMOCRAT,HANK LINDERMAN,38
BRECKINRIDGE,F103,US HOUSE,002,REPUBLICAN,S BRETT GUTHRIE,202
BRECKINRIDGE,F103,US HOUSE,002,DEMOCRAT,HANK LINDERMAN,42
BULLITT,A101,US HOUSE,002,REPUBLICAN,S BRETT GUTHRIE,73
BULLITT,A101,US HOUSE,002,DEMOCRAT,HANK LINDERMAN,38
BULLITT,A102,US HOUSE,002,REPUBLICAN,S BRETT GUTHRIE,181
BULLITT,A102,US HOUSE,002,DEMOCRAT,HANK LINDERMAN,64
BULLITT,A103,US HOUSE,002,REPUBLICAN,S BRETT GUTHRIE,292
BULLITT,A103,US HOUSE,002,DEMOCRAT,HANK LINDERMAN,174
BULLITT,A104,US HOUSE,002,REPUBLICAN,S BRETT GUTHRIE,320
BULLITT,A104,US HOUSE,002,DEMOCRAT,HANK LINDERMAN,110
BULLITT,A105,US HOUSE,002,REPUBLICAN,S BRETT GUTHRIE,654
BULLITT,A105,US HOUSE,002,DEMOCRAT,HANK LINDERMAN,146
BULLITT,A106,US HOUSE,002,REPUBLICAN,S BRETT GUTHRIE,525
BULLITT,A106,US HOUSE,002,DEMOCRAT,HANK LINDERMAN,141
BULLITT,A107,US HOUSE,002,REPUBLICAN,S BRETT GUTHRIE,580
BULLITT,A107,US HOUSE,002,DEMOCRAT,HANK LINDERMAN,165
BULLITT,A108,US HOUSE,002,REPUBLICAN,S BRETT GUTHRIE,191
BULLITT,A108,US HOUSE,002,DEMOCRAT,HANK LINDERMAN,61
BULLITT,A111,US HOUSE,002,REPUBLICAN,S BRETT GUTHRIE,249
BULLITT,A111,US HOUSE,002,DEMOCRAT,HANK LINDERMAN,123
BULLITT,A112,US HOUSE,002,REPUBLICAN,S BRETT GUTHRIE,525
BULLITT,A112,US HOUSE,002,DEMOCRAT,HANK LINDERMAN,155
BULLITT,A113,US HOUSE,002,REPUBLICAN,S BRETT GUTHRIE,405
BULLITT,A113,US HOUSE,002,DEMOCRAT,HANK LINDERMAN,121
BULLITT,B101,US HOUSE,002,REPUBLICAN,S BRETT GUTHRIE,142
BULLITT,B101,US HOUSE,002,DEMOCRAT,HANK LINDERMAN,46
BULLITT,B102,US HOUSE,002,REPUBLICAN,S BRETT GUTHRIE,425
BULLITT,B102,US HOUSE,002,DEMOCRAT,HANK LINDERMAN,170
BULLITT,B103,US HOUSE,002,REPUBLICAN,S BRETT GUTHRIE,473
BULLITT,B103,US HOUSE,002,DEMOCRAT,HANK LINDERMAN,136
BULLITT,B104,US HOUSE,002,REPUBLICAN,S BRETT GUTHRIE,725
BULLITT,B104,US HOUSE,002,DEMOCRAT,HANK LINDERMAN,236
BULLITT,B108,US HOUSE,002,REPUBLICAN,S BRETT GUTHRIE,677
BULLITT,B108,US HOUSE,002,DEMOCRAT,HANK LINDERMAN,233
BULLITT,B109,US HOUSE,002,REPUBLICAN,S BRETT GUTHRIE,670
BULLITT,B109,US HOUSE,002,DEMOCRAT,HANK LINDERMAN,246
BULLITT,B110,US HOUSE,002,REPUBLICAN,S BRETT GUTHRIE,442
BULLITT,B110,US HOUSE,002,DEMOCRAT,HANK LINDERMAN,160
BULLITT,B111,US HOUSE,002,REPUBLICAN,S BRETT GUTHRIE,695
BULLITT,B111,US HOUSE,002,DEMOCRAT,HANK LINDERMAN,244
BULLITT,B112,US HOUSE,002,REPUBLICAN,S BRETT GUTHRIE,215
BULLITT,B112,US HOUSE,002,DEMOCRAT,HANK LINDERMAN,89
BULLITT,B113,US HOUSE,002,REPUBLICAN,S BRETT GUTHRIE,559
BULLITT,B113,US HOUSE,002,DEMOCRAT,HANK LINDERMAN,172
BULLITT,B114,US HOUSE,002,REPUBLICAN,S BRETT GUTHRIE,417
BULLITT,B114,US HOUSE,002,DEMOCRAT,HANK LINDERMAN,171
BULLITT,C101,US HOUSE,002,REPUBLICAN,S BRETT GUTHRIE,341
BULLITT,C101,US HOUSE,002,DEMOCRAT,HANK LINDERMAN,158
BULLITT,C102,US HOUSE,002,REPUBLICAN,S BRETT GUTHRIE,260
BULLITT,C102,US HOUSE,002,DEMOCRAT,HANK LINDERMAN,111
BULLITT,C103,US HOUSE,002,REPUBLICAN,S BRETT GUTHRIE,631
BULLITT,C103,US HOUSE,002,DEMOCRAT,HANK LINDERMAN,262
BULLITT,C104,US HOUSE,002,REPUBLICAN,S BRETT GUTHRIE,276
BULLITT,C104,US HOUSE,002,DEMOCRAT,HANK LINDERMAN,140
BULLITT,C105,US HOUSE,002,REPUBLICAN,S BRETT GUTHRIE,302
BULLITT,C105,US HOUSE,002,DEMOCRAT,HANK LINDERMAN,109
BULLITT,C106,US HOUSE,002,REPUBLICAN,S BRETT GUTHRIE,263
BULLITT,C106,US HOUSE,002,DEMOCRAT,HANK LINDERMAN,111
BULLITT,C107,US HOUSE,002,REPUBLICAN,S BRETT GUTHRIE,405
BULLITT,C107,US HOUSE,002,DEMOCRAT,HANK LINDERMAN,174
BULLITT,C108,US HOUSE,002,REPUBLICAN,S BRETT GUTHRIE,471
BULLITT,C108,US HOUSE,002,DEMOCRAT,HANK LINDERMAN,161
BULLITT,C109,US HOUSE,002,REPUBLICAN,S BRETT GUTHRIE,497
BULLITT,C109,US HOUSE,002,DEMOCRAT,HANK LINDERMAN,112
BULLITT,C110,US HOUSE,002,REPUBLICAN,S BRETT GUTHRIE,355
BULLITT,C110,US HOUSE,002,DEMOCRAT,HANK LINDERMAN,168
BULLITT,C111,US HOUSE,002,REPUBLICAN,S BRETT GUTHRIE,153
BULLITT,C111,US HOUSE,002,DEMOCRAT,HANK LINDERMAN,44
BULLITT,C112,US HOUSE,002,REPUBLICAN,S BRETT GUTHRIE,187
BULLITT,C112,US HOUSE,002,DEMOCRAT,HANK LINDERMAN,82
BULLITT,C113,US HOUSE,002,REPUBLICAN,S BRETT GUTHRIE,245
BULLITT,C113,US HOUSE,002,DEMOCRAT,HANK LINDERMAN,65
BULLITT,D101,US HOUSE,002,REPUBLICAN,S BRETT GUTHRIE,191
BULLITT,D101,US HOUSE,002,DEMOCRAT,HANK LINDERMAN,61
BULLITT,D102,US HOUSE,002,REPUBLICAN,S BRETT GUTHRIE,392
BULLITT,D102,US HOUSE,002,DEMOCRAT,HANK LINDERMAN,137
BULLITT,D103,US HOUSE,002,REPUBLICAN,S BRETT GUTHRIE,380
BULLITT,D103,US HOUSE,002,DEMOCRAT,HANK LINDERMAN,130
BULLITT,D104,US HOUSE,002,REPUBLICAN,S BRETT GUTHRIE,151
BULLITT,D104,US HOUSE,002,DEMOCRAT,HANK LINDERMAN,58
BULLITT,D105,US HOUSE,002,REPUBLICAN,S BRETT GUTHRIE,656
BULLITT,D105,US HOUSE,002,DEMOCRAT,HANK LINDERMAN,181
BULLITT,D106,US HOUSE,002,REPUBLICAN,S BRETT GUTHRIE,438
BULLITT,D106,US HOUSE,002,DEMOCRAT,HANK LINDERMAN,111
BULLITT,D107,US HOUSE,002,REPUBLICAN,S BRETT GUTHRIE,717
BULLITT,D107,US HOUSE,002,DEMOCRAT,HANK LINDERMAN,160
BULLITT,D108,US HOUSE,002,REPUBLICAN,S BRETT GUTHRIE,310
BULLITT,D108,US HOUSE,002,DEMOCRAT,HANK LINDERMAN,129
BULLITT,D110,US HOUSE,002,REPUBLICAN,S BRETT GUTHRIE,714
BULLITT,D110,US HOUSE,002,DEMOCRAT,HANK LINDERMAN,211
BULLITT,D111,US HOUSE,002,REPUBLICAN,S BRETT GUTHRIE,267
BULLITT,D111,US HOUSE,002,DEMOCRAT,HANK LINDERMAN,97
BULLITT,D113,US HOUSE,002,REPUBLICAN,S BRETT GUTHRIE,156
BULLITT,D113,US HOUSE,002,DEMOCRAT,HANK LINDERMAN,46
BULLITT,D114,US HOUSE,002,REPUBLICAN,S BRETT GUTHRIE,142
BULLITT,D114,US HOUSE,002,DEMOCRAT,HANK LINDERMAN,43
BUTLER,A110,US HOUSE,002,REPUBLICAN,S BRETT GUTHRIE,203
BUTLER,A110,US HOUSE,002,DEMOCRAT,HANK LINDERMAN,60
BUTLER,A111,US HOUSE,002,REPUBLICAN,S BRETT GUTHRIE,267
BUTLER,A111,US HOUSE,002,DEMOCRAT,HANK LINDERMAN,66
BUTLER,B106,US HOUSE,002,REPUBLICAN,S BRETT GUTHRIE,398
BUTLER,B106,US HOUSE,002,DEMOCRAT,HANK LINDERMAN,61
BUTLER,B107,US HOUSE,002,REPUBLICAN,S BRETT GUTHRIE,469
BUTLER,B107,US HOUSE,002,DEMOCRAT,HANK LINDERMAN,84
BUTLER,C103,US HOUSE,002,REPUBLICAN,S BRETT GUTHRIE,11
BUTLER,C103,US HOUSE,002,DEMOCRAT,HANK LINDERMAN,4
BUTLER,C106,US HOUSE,002,REPUBLICAN,S BRETT GUTHRIE,479
BUTLER,C106,US HOUSE,002,DEMOCRAT,HANK LINDERMAN,82
BUTLER,C107,US HOUSE,002,REPUBLICAN,S BRETT GUTHRIE,320
BUTLER,C107,US HOUSE,002,DEMOCRAT,HANK LINDERMAN,47
BUTLER,D103,US HOUSE,002,REPUBLICAN,S BRETT GUTHRIE,204
BUTLER,D103,US HOUSE,002,DEMOCRAT,HANK LINDERMAN,43
BUTLER,D105,US HOUSE,002,REPUBLICAN,S BRETT GUTHRIE,224
BUTLER,D105,US HOUSE,002,DEMOCRAT,HANK LINDERMAN,23
BUTLER,D106,US HOUSE,002,REPUBLICAN,S BRETT GUTHRIE,258
BUTLER,D106,US HOUSE,002,DEMOCRAT,HANK LINDERMAN,41
BUTLER,E105,US HOUSE,002,REPUBLICAN,S BRETT GUTHRIE,390
BUTLER,E105,US HOUSE,002,DEMOCRAT,HANK LINDERMAN,52
BUTLER,E106,US HOUSE,002,REPUBLICAN,S BRETT GUTHRIE,346
BUTLER,E106,US HOUSE,002,DEMOCRAT,HANK LINDERMAN,46
CALDWELL,A101,US HOUSE,001,REPUBLICAN,JAMES R COMER,284
CALDWELL,A101,US HOUSE,001,DEMOCRAT,JIMMY C AUSBROOKS,59
CALDWELL,A102,US HOUSE,001,REPUBLICAN,JAMES R COMER,270
CALDWELL,A102,US HOUSE,001,DEMOCRAT,JIMMY C AUSBROOKS,35
CALDWELL,A103,US HOUSE,001,REPUBLICAN,JAMES R COMER,331
CALDWELL,A103,US HOUSE,001,DEMOCRAT,JIMMY C AUSBROOKS,109
CALDWELL,B101,US HOUSE,001,REPUBLICAN,JAMES R COMER,377
CALDWELL,B101,US HOUSE,001,DEMOCRAT,JIMMY C AUSBROOKS,71
CALDWELL,B102,US HOUSE,001,REPUBLICAN,JAMES R COMER,269
CALDWELL,B102,US HOUSE,001,DEMOCRAT,JIMMY C AUSBROOKS,65
CALDWELL,B103,US HOUSE,001,REPUBLICAN,JAMES R COMER,159
CALDWELL,B103,US HOUSE,001,DEMOCRAT,JIMMY C AUSBROOKS,106
CALDWELL,C101,US HOUSE,001,REPUBLICAN,JAMES R COMER,387
CALDWELL,C101,US HOUSE,001,DEMOCRAT,JIMMY C AUSBROOKS,78
CALDWELL,C102,US HOUSE,001,REPUBLICAN,JAMES R COMER,192
CALDWELL,C102,US HOUSE,001,DEMOCRAT,JIMMY C AUSBROOKS,49
CALDWELL,C103,US HOUSE,001,REPUBLICAN,JAMES R COMER,282
CALDWELL,C103,US HOUSE,001,DEMOCRAT,JIMMY C AUSBROOKS,102
CALDWELL,D101,US HOUSE,001,REPUBLICAN,JAMES R COMER,270
CALDWELL,D101,US HOUSE,001,DEMOCRAT,JIMMY C AUSBROOKS,55
CALDWELL,D102,US HOUSE,001,REPUBLICAN,JAMES R COMER,164
CALDWELL,D102,US HOUSE,001,DEMOCRAT,JIMMY C AUSBROOKS,45
CALDWELL,D103,US HOUSE,001,REPUBLICAN,JAMES R COMER,412
CALDWELL,D103,US HOUSE,001,DEMOCRAT,JIMMY C AUSBROOKS,81
CALDWELL,D104,US HOUSE,001,REPUBLICAN,JAMES R COMER,330
CALDWELL,D104,US HOUSE,001,DEMOCRAT,JIMMY C AUSBROOKS,79
CALLOWAY,A101,US HOUSE,001,DEMOCRAT,JIMMY C AUSBROOKS,235
CALLOWAY,A101,US HOUSE,001,REPUBLICAN,JAMES R COMER,168
CALLOWAY,A102,US HOUSE,001,REPUBLICAN,JAMES R COMER,85
CALLOWAY,A102,US HOUSE,001,DEMOCRAT,JIMMY C AUSBROOKS,84
CALLOWAY,A103,US HOUSE,001,REPUBLICAN,JAMES R COMER,811
CALLOWAY,A103,US HOUSE,001,DEMOCRAT,JIMMY C AUSBROOKS,191
CALLOWAY,A104,US HOUSE,001,REPUBLICAN,JAMES R COMER,467
CALLOWAY,A104,US HOUSE,001,DEMOCRAT,JIMMY C AUSBROOKS,140
CALLOWAY,A106,US HOUSE,001,REPUBLICAN,JAMES R COMER,317
CALLOWAY,A106,US HOUSE,001,DEMOCRAT,JIMMY C AUSBROOKS,76
CALLOWAY,B101,US HOUSE,001,REPUBLICAN,JAMES R COMER,184
CALLOWAY,B101,US HOUSE,001,DEMOCRAT,JIMMY C AUSBROOKS,152
CALLOWAY,B103,US HOUSE,001,REPUBLICAN,JAMES R COMER,324
CALLOWAY,B103,US HOUSE,001,DEMOCRAT,JIMMY C AUSBROOKS,91
CALLOWAY,B104,US HOUSE,001,REPUBLICAN,JAMES R COMER,237
CALLOWAY,B104,US HOUSE,001,DEMOCRAT,JIMMY C AUSBROOKS,86
CALLOWAY,B105,US HOUSE,001,REPUBLICAN,JAMES R COMER,196
CALLOWAY,B105,US HOUSE,001,DEMOCRAT,JIMMY C AUSBROOKS,162
CALLOWAY,B107,US HOUSE,001,REPUBLICAN,JAMES R COMER,293
CALLOWAY,B107,US HOUSE,001,DEMOCRAT,JIMMY C AUSBROOKS,70
CALLOWAY,B108,US HOUSE,001,REPUBLICAN,JAMES R COMER,193
CALLOWAY,B108,US HOUSE,001,DEMOCRAT,JIMMY C AUSBROOKS,65
CALLOWAY,B109,US HOUSE,001,DEMOCRAT,JIMMY C AUSBROOKS,196
CALLOWAY,B109,US HOUSE,001,REPUBLICAN,JAMES R COMER,178
CALLOWAY,C101,US HOUSE,001,REPUBLICAN,JAMES R COMER,299
CALLOWAY,C101,US HOUSE,001,DEMOCRAT,JIMMY C AUSBROOKS,168
CALLOWAY,C102,US HOUSE,001,REPUBLICAN,JAMES R COMER,739
CALLOWAY,C102,US HOUSE,001,DEMOCRAT,JIMMY C AUSBROOKS,222
CALLOWAY,C103,US HOUSE,001,REPUBLICAN,JAMES R COMER,255
CALLOWAY,C103,US HOUSE,001,DEMOCRAT,JIMMY C AUSBROOKS,95
CALLOWAY,C104,US HOUSE,001,REPUBLICAN,JAMES R COMER,289
CALLOWAY,C104,US HOUSE,001,DEMOCRAT,JIMMY C AUSBROOKS,76
CALLOWAY,C105,US HOUSE,001,REPUBLICAN,JAMES R COMER,580
CALLOWAY,C105,US HOUSE,001,DEMOCRAT,JIMMY C AUSBROOKS,391
CALLOWAY,C108,US HOUSE,001,REPUBLICAN,JAMES R COMER,252
CALLOWAY,C108,US HOUSE,001,DEMOCRAT,JIMMY C AUSBROOKS,104
CALLOWAY,C109,US HOUSE,001,REPUBLICAN,JAMES R COMER,485
CALLOWAY,C109,US HOUSE,001,DEMOCRAT,JIMMY C AUSBROOKS,225
CALLOWAY,D103,US HOUSE,001,REPUBLICAN,JAMES R COMER,496
CALLOWAY,D103,US HOUSE,001,DEMOCRAT,JIMMY C AUSBROOKS,134
CALLOWAY,D105,US HOUSE,001,REPUBLICAN,JAMES R COMER,610
CALLOWAY,D105,US HOUSE,001,DEMOCRAT,JIMMY C AUSBROOKS,227
CALLOWAY,D106,US HOUSE,001,REPUBLICAN,JAMES R COMER,659
CALLOWAY,D106,US HOUSE,001,DEMOCRAT,JIMMY C AUSBROOKS,116
CALLOWAY,D108,US HOUSE,001,DEMOCRAT,JIMMY C AUSBROOKS,177
CALLOWAY,D108,US HOUSE,001,REPUBLICAN,JAMES R COMER,171
CAMPBELL,A402,US HOUSE,004,REPUBLICAN,THOMAS MASSIE,493
CAMPBELL,A402,US HOUSE,004,DEMOCRAT,MATTHEW LEHMAN,360
CAMPBELL,A402,US HOUSE,004,INDEPENDENT,ETHAN KEITH OSBORNE,28
CAMPBELL,A403,US HOUSE,004,REPUBLICAN,THOMAS MASSIE,352
CAMPBELL,A403,US HOUSE,004,DEMOCRAT,MATTHEW LEHMAN,317
CAMPBELL,A403,US HOUSE,004,INDEPENDENT,ETHAN KEITH OSBORNE,25
CAMPBELL,A405,US HOUSE,004,REPUBLICAN,THOMAS MASSIE,277
CAMPBELL,A405,US HOUSE,004,DEMOCRAT,MATTHEW LEHMAN,218
CAMPBELL,A405,US HOUSE,004,INDEPENDENT,ETHAN KEITH OSBORNE,24
CAMPBELL,A406,US HOUSE,004,DEMOCRAT,MATTHEW LEHMAN,89
CAMPBELL,A406,US HOUSE,004,REPUBLICAN,THOMAS MASSIE,74
CAMPBELL,A406,US HOUSE,004,INDEPENDENT,ETHAN KEITH OSBORNE,6
CAMPBELL,A408,US HOUSE,004,REPUBLICAN,THOMAS MASSIE,415
CAMPBELL,A408,US HOUSE,004,DEMOCRAT,MATTHEW LEHMAN,369
CAMPBELL,A408,US HOUSE,004,INDEPENDENT,ETHAN KEITH OSBORNE,29
CAMPBELL,A409,US HOUSE,004,DEMOCRAT,MATTHEW LEHMAN,309
CAMPBELL,A409,US HOUSE,004,REPUBLICAN,THOMAS MASSIE,295
CAMPBELL,A409,US HOUSE,004,INDEPENDENT,ETHAN KEITH OSBORNE,26
CAMPBELL,A410,US HOUSE,004,REPUBLICAN,THOMAS MASSIE,282
CAMPBELL,A410,US HOUSE,004,DEMOCRAT,MATTHEW LEHMAN,242
CAMPBELL,A410,US HOUSE,004,INDEPENDENT,ETHAN KEITH OSBORNE,23
CAMPBELL,A411,US HOUSE,004,DEMOCRAT,MATTHEW LEHMAN,141
CAMPBELL,A411,US HOUSE,004,REPUBLICAN,THOMAS MASSIE,140
CAMPBELL,A411,US HOUSE,004,INDEPENDENT,ETHAN KEITH OSBORNE,12
CAMPBELL,A412,US HOUSE,004,REPUBLICAN,THOMAS MASSIE,393
CAMPBELL,A412,US HOUSE,004,DEMOCRAT,MATTHEW LEHMAN,253
CAMPBELL,A412,US HOUSE,004,INDEPENDENT,ETHAN KEITH OSBORNE,17
CAMPBELL,A414,US HOUSE,004,REPUBLICAN,THOMAS MASSIE,191
CAMPBELL,A414,US HOUSE,004,DEMOCRAT,MATTHEW LEHMAN,165
CAMPBELL,A414,US HOUSE,004,INDEPENDENT,ETHAN KEITH OSBORNE,12
CAMPBELL,A415,US HOUSE,004,DEMOCRAT,MATTHEW LEHMAN,117
CAMPBELL,A415,US HOUSE,004,REPUBLICAN,THOMAS MASSIE,97
CAMPBELL,A415,US HOUSE,004,INDEPENDENT,ETHAN KEITH OSBORNE,10
CAMPBELL,A417,US HOUSE,004,DEMOCRAT,MATTHEW LEHMAN,0
CAMPBELL,A417,US HOUSE,004,INDEPENDENT,ETHAN KEITH OSBORNE,0
CAMPBELL,A417,US HOUSE,004,REPUBLICAN,THOMAS MASSIE,0
CAMPBELL,A418,US HOUSE,004,REPUBLICAN,THOMAS MASSIE,419
CAMPBELL,A418,US HOUSE,004,DEMOCRAT,MATTHEW LEHMAN,384
CAMPBELL,A418,US HOUSE,004,INDEPENDENT,ETHAN KEITH OSBORNE,44
CAMPBELL,A419,US HOUSE,004,REPUBLICAN,THOMAS MASSIE,200
CAMPBELL,A419,US HOUSE,004,DEMOCRAT,MATTHEW LEHMAN,167
CAMPBELL,A419,US HOUSE,004,INDEPENDENT,ETHAN KEITH OSBORNE,14
CAMPBELL,A502,US HOUSE,004,REPUBLICAN,THOMAS MASSIE,247
CAMPBELL,A502,US HOUSE,004,DEMOCRAT,MATTHEW LEHMAN,197
CAMPBELL,A502,US HOUSE,004,INDEPENDENT,ETHAN KEITH OSBORNE,22
CAMPBELL,A503,US HOUSE,004,REPUBLICAN,THOMAS MASSIE,131
CAMPBELL,A503,US HOUSE,004,DEMOCRAT,MATTHEW LEHMAN,66
CAMPBELL,A503,US HOUSE,004,INDEPENDENT,ETHAN KEITH OSBORNE,3
CAMPBELL,A504,US HOUSE,004,DEMOCRAT,MATTHEW LEHMAN,132
CAMPBELL,A504,US HOUSE,004,REPUBLICAN,THOMAS MASSIE,116
CAMPBELL,A504,US HOUSE,004,INDEPENDENT,ETHAN KEITH OSBORNE,13
CAMPBELL,A601,US HOUSE,004,REPUBLICAN,THOMAS MASSIE,157
CAMPBELL,A601,US HOUSE,004,DEMOCRAT,MATTHEW LEHMAN,111
CAMPBELL,A601,US HOUSE,004,INDEPENDENT,ETHAN KEITH OSBORNE,14
CAMPBELL,A602,US HOUSE,004,REPUBLICAN,THOMAS MASSIE,209
CAMPBELL,A602,US HOUSE,004,DEMOCRAT,MATTHEW LEHMAN,128
CAMPBELL,A602,US HOUSE,004,INDEPENDENT,ETHAN KEITH OSBORNE,19
CAMPBELL,A603,US HOUSE,004,REPUBLICAN,THOMAS MASSIE,135
CAMPBELL,A603,US HOUSE,004,DEMOCRAT,MATTHEW LEHMAN,73
CAMPBELL,A603,US HOUSE,004,INDEPENDENT,ETHAN KEITH OSBORNE,13
CAMPBELL,A604,US HOUSE,004,DEMOCRAT,MATTHEW LEHMAN,92
CAMPBELL,A604,US HOUSE,004,REPUBLICAN,THOMAS MASSIE,65
CAMPBELL,A604,US HOUSE,004,INDEPENDENT,ETHAN KEITH OSBORNE,4
CAMPBELL,A605,US HOUSE,004,REPUBLICAN,THOMAS MASSIE,380
CAMPBELL,A605,US HOUSE,004,DEMOCRAT,MATTHEW LEHMAN,329
CAMPBELL,A605,US HOUSE,004,INDEPENDENT,ETHAN KEITH OSBORNE,20
CAMPBELL,A701,US HOUSE,004,REPUBLICAN,THOMAS MASSIE,330
CAMPBELL,A701,US HOUSE,004,DEMOCRAT,MATTHEW LEHMAN,164
CAMPBELL,A701,US HOUSE,004,INDEPENDENT,ETHAN KEITH OSBORNE,22
CAMPBELL,A703,US HOUSE,004,REPUBLICAN,THOMAS MASSIE,464
CAMPBELL,A703,US HOUSE,004,DEMOCRAT,MATTHEW LEHMAN,290
CAMPBELL,A703,US HOUSE,004,INDEPENDENT,ETHAN KEITH OSBORNE,32
CAMPBELL,A801,US HOUSE,004,REPUBLICAN,THOMAS MASSIE,461
CAMPBELL,A801,US HOUSE,004,DEMOCRAT,MATTHEW LEHMAN,189
CAMPBELL,A801,US HOUSE,004,INDEPENDENT,ETHAN KEITH OSBORNE,24
CAMPBELL,A802,US HOUSE,004,REPUBLICAN,THOMAS MASSIE,334
CAMPBELL,A802,US HOUSE,004,DEMOCRAT,MATTHEW LEHMAN,160
CAMPBELL,A802,US HOUSE,004,INDEPENDENT,ETHAN KEITH OSBORNE,21
CAMPBELL,A803,US HOUSE,004,REPUBLICAN,THOMAS MASSIE,815
CAMPBELL,A803,US HOUSE,004,DEMOCRAT,MATTHEW LEHMAN,418
CAMPBELL,A803,US HOUSE,004,INDEPENDENT,ETHAN KEITH OSBORNE,58
CAMPBELL,A804,US HOUSE,004,REPUBLICAN,THOMAS MASSIE,503
CAMPBELL,A804,US HOUSE,004,DEMOCRAT,MATTHEW LEHMAN,165
CAMPBELL,A804,US HOUSE,004,INDEPENDENT,ETHAN KEITH OSBORNE,13
CAMPBELL,B702,US HOUSE,004,REPUBLICAN,THOMAS MASSIE,409
CAMPBELL,B702,US HOUSE,004,DEMOCRAT,MATTHEW LEHMAN,220
CAMPBELL,B702,US HOUSE,004,INDEPENDENT,ETHAN KEITH OSBORNE,26
CAMPBELL,B704,US HOUSE,004,REPUBLICAN,THOMAS MASSIE,468
CAMPBELL,B704,US HOUSE,004,DEMOCRAT,MATTHEW LEHMAN,231
CAMPBELL,B704,US HOUSE,004,INDEPENDENT,ETHAN KEITH OSBORNE,30
CAMPBELL,B705,US HOUSE,004,REPUBLICAN,THOMAS MASSIE,272
CAMPBELL,B705,US HOUSE,004,DEMOCRAT,MATTHEW LEHMAN,100
CAMPBELL,B705,US HOUSE,004,INDEPENDENT,ETHAN KEITH OSBORNE,24
CAMPBELL,B706,US HOUSE,004,REPUBLICAN,THOMAS MASSIE,782
CAMPBELL,B706,US HOUSE,004,DEMOCRAT,MATTHEW LEHMAN,461
CAMPBELL,B706,US HOUSE,004,INDEPENDENT,ETHAN KEITH OSBORNE,36
CAMPBELL,B805,US HOUSE,004,REPUBLICAN,THOMAS MASSIE,473
CAMPBELL,B805,US HOUSE,004,DEMOCRAT,MATTHEW LEHMAN,178
CAMPBELL,B805,US HOUSE,004,INDEPENDENT,ETHAN KEITH OSBORNE,30
CAMPBELL,B806,US HOUSE,004,REPUBLICAN,THOMAS MASSIE,732
CAMPBELL,B806,US HOUSE,004,DEMOCRAT,MATTHEW LEHMAN,275
CAMPBELL,B806,US HOUSE,004,INDEPENDENT,ETHAN KEITH OSBORNE,34
CAMPBELL,B807,US HOUSE,004,REPUBLICAN,THOMAS MASSIE,392
CAMPBELL,B807,US HOUSE,004,DEMOCRAT,MATTHEW LEHMAN,131
CAMPBELL,B807,US HOUSE,004,INDEPENDENT,ETHAN KEITH OSBORNE,28
CAMPBELL,B901,US HOUSE,004,REPUBLICAN,THOMAS MASSIE,377
CAMPBELL,B901,US HOUSE,004,DEMOCRAT,MATTHEW LEHMAN,77
CAMPBELL,B901,US HOUSE,004,INDEPENDENT,ETHAN KEITH OSBORNE,13
CAMPBELL,B902,US HOUSE,004,REPUBLICAN,THOMAS MASSIE,322
CAMPBELL,B902,US HOUSE,004,DEMOCRAT,MATTHEW LEHMAN,102
CAMPBELL,B902,US HOUSE,004,INDEPENDENT,ETHAN KEITH OSBORNE,17
CAMPBELL,B903,US HOUSE,004,REPUBLICAN,THOMAS MASSIE,857
CAMPBELL,B903,US HOUSE,004,DEMOCRAT,MATTHEW LEHMAN,224
CAMPBELL,B903,US HOUSE,004,INDEPENDENT,ETHAN KEITH OSBORNE,35
CAMPBELL,B904,US HOUSE,004,REPUBLICAN,THOMAS MASSIE,919
CAMPBELL,B904,US HOUSE,004,DEMOCRAT,MATTHEW LEHMAN,226
CAMPBELL,B904,US HOUSE,004,INDEPENDENT,ETHAN KEITH OSBORNE,41
CAMPBELL,B905,US HOUSE,004,REPUBLICAN,THOMAS MASSIE,734
CAMPBELL,B905,US HOUSE,004,DEMOCRAT,MATTHEW LEHMAN,245
CAMPBELL,B905,US HOUSE,004,INDEPENDENT,ETHAN KEITH OSBORNE,32
CAMPBELL,B906,US HOUSE,004,REPUBLICAN,THOMAS MASSIE,444
CAMPBELL,B906,US HOUSE,004,DEMOCRAT,MATTHEW LEHMAN,188
CAMPBELL,B906,US HOUSE,004,INDEPENDENT,ETHAN KEITH OSBORNE,18
CAMPBELL,B907,US HOUSE,004,REPUBLICAN,THOMAS MASSIE,351
CAMPBELL,B907,US HOUSE,004,DEMOCRAT,MATTHEW LEHMAN,94
CAMPBELL,B907,US HOUSE,004,INDEPENDENT,ETHAN KEITH OSBORNE,17
CAMPBELL,B909,US HOUSE,004,REPUBLICAN,THOMAS MASSIE,479
CAMPBELL,B909,US HOUSE,004,DEMOCRAT,MATTHEW LEHMAN,338
CAMPBELL,B909,US HOUSE,004,INDEPENDENT,ETHAN KEITH OSBORNE,33
CAMPBELL,B910,US HOUSE,004,REPUBLICAN,THOMAS MASSIE,94
CAMPBELL,B910,US HOUSE,004,DEMOCRAT,MATTHEW LEHMAN,72
CAMPBELL,B910,US HOUSE,004,INDEPENDENT,ETHAN KEITH OSBORNE,5
CAMPBELL,B912,US HOUSE,004,REPUBLICAN,THOMAS MASSIE,174
CAMPBELL,B912,US HOUSE,004,DEMOCRAT,MATTHEW LEHMAN,87
CAMPBELL,B912,US HOUSE,004,INDEPENDENT,ETHAN KEITH OSBORNE,14
CAMPBELL,B913,US HOUSE,004,REPUBLICAN,THOMAS MASSIE,271
CAMPBELL,B913,US HOUSE,004,DEMOCRAT,MATTHEW LEHMAN,246
CAMPBELL,B913,US HOUSE,004,INDEPENDENT,ETHAN KEITH OSBORNE,23
CAMPBELL,C101,US HOUSE,004,DEMOCRAT,MATTHEW LEHMAN,200
CAMPBELL,C101,US HOUSE,004,REPUBLICAN,THOMAS MASSIE,199
CAMPBELL,C101,US HOUSE,004,INDEPENDENT,ETHAN KEITH OSBORNE,23
CAMPBELL,C102,US HOUSE,004,DEMOCRAT,MATTHEW LEHMAN,278
CAMPBELL,C102,US HOUSE,004,REPUBLICAN,THOMAS MASSIE,258
CAMPBELL,C102,US HOUSE,004,INDEPENDENT,ETHAN KEITH OSBORNE,26
CAMPBELL,C103,US HOUSE,004,REPUBLICAN,THOMAS MASSIE,232
CAMPBELL,C103,US HOUSE,004,DEMOCRAT,MATTHEW LEHMAN,185
CAMPBELL,C103,US HOUSE,004,INDEPENDENT,ETHAN KEITH OSBORNE,17
CAMPBELL,C201,US HOUSE,004,DEMOCRAT,MATTHEW LEHMAN,319
CAMPBELL,C201,US HOUSE,004,REPUBLICAN,THOMAS MASSIE,259
CAMPBELL,C201,US HOUSE,004,INDEPENDENT,ETHAN KEITH OSBORNE,30
CAMPBELL,C202,US HOUSE,004,DEMOCRAT,MATTHEW LEHMAN,224
CAMPBELL,C202,US HOUSE,004,REPUBLICAN,THOMAS MASSIE,199
CAMPBELL,C202,US HOUSE,004,INDEPENDENT,ETHAN KEITH OSBORNE,26
CAMPBELL,C203,US HOUSE,004,DEMOCRAT,MATTHEW LEHMAN,260
CAMPBELL,C203,US HOUSE,004,REPUBLICAN,THOMAS MASSIE,244
CAMPBELL,C203,US HOUSE,004,INDEPENDENT,ETHAN KEITH OSBORNE,21
CAMPBELL,C204,US HOUSE,004,DEMOCRAT,MATTHEW LEHMAN,360
CAMPBELL,C204,US HOUSE,004,REPUBLICAN,THOMAS MASSIE,205
CAMPBELL,C204,US HOUSE,004,INDEPENDENT,ETHAN KEITH OSBORNE,21
CAMPBELL,C301,US HOUSE,004,DEMOCRAT,MATTHEW LEHMAN,411
CAMPBELL,C301,US HOUSE,004,REPUBLICAN,THOMAS MASSIE,179
CAMPBELL,C301,US HOUSE,004,INDEPENDENT,ETHAN KEITH OSBORNE,36
CAMPBELL,C302,US HOUSE,004,DEMOCRAT,MATTHEW LEHMAN,274
CAMPBELL,C302,US HOUSE,004,REPUBLICAN,THOMAS MASSIE,157
CAMPBELL,C302,US HOUSE,004,INDEPENDENT,ETHAN KEITH OSBORNE,27
CAMPBELL,C303,US HOUSE,004,DEMOCRAT,MATTHEW LEHMAN,95
CAMPBELL,C303,US HOUSE,004,REPUBLICAN,THOMAS MASSIE,40
CAMPBELL,C303,US HOUSE,004,INDEPENDENT,ETHAN KEITH OSBORNE,10
CAMPBELL,C304,US HOUSE,004,DEMOCRAT,MATTHEW LEHMAN,303
CAMPBELL,C304,US HOUSE,004,REPUBLICAN,THOMAS MASSIE,128
CAMPBELL,C304,US HOUSE,004,INDEPENDENT,ETHAN KEITH OSBORNE,16
CAMPBELL,C305,US HOUSE,004,DEMOCRAT,MATTHEW LEHMAN,165
CAMPBELL,C305,US HOUSE,004,REPUBLICAN,THOMAS MASSIE,93
CAMPBELL,C305,US HOUSE,004,INDEPENDENT,ETHAN KEITH OSBORNE,11
CAMPBELL,C306,US HOUSE,004,DEMOCRAT,MATTHEW LEHMAN,76
CAMPBELL,C306,US HOUSE,004,REPUBLICAN,THOMAS MASSIE,65
CAMPBELL,C306,US HOUSE,004,INDEPENDENT,ETHAN KEITH OSBORNE,12
CAMPBELL,C307,US HOUSE,004,DEMOCRAT,MATTHEW LEHMAN,88
CAMPBELL,C307,US HOUSE,004,REPUBLICAN,THOMAS MASSIE,77
CAMPBELL,C307,US HOUSE,004,INDEPENDENT,ETHAN KEITH OSBORNE,12
CAMPBELL,C308,US HOUSE,004,DEMOCRAT,MATTHEW LEHMAN,217
CAMPBELL,C308,US HOUSE,004,REPUBLICAN,THOMAS MASSIE,190
CAMPBELL,C308,US HOUSE,004,INDEPENDENT,ETHAN KEITH OSBORNE,23
CAMPBELL,C309,US HOUSE,004,REPUBLICAN,THOMAS MASSIE,204
CAMPBELL,C309,US HOUSE,004,DEMOCRAT,MATTHEW LEHMAN,200
CAMPBELL,C309,US HOUSE,004,INDEPENDENT,ETHAN KEITH OSBORNE,18
CAMPBELL,C310,US HOUSE,004,DEMOCRAT,MATTHEW LEHMAN,204
CAMPBELL,C310,US HOUSE,004,REPUBLICAN,THOMAS MASSIE,177
CAMPBELL,C310,US HOUSE,004,INDEPENDENT,ETHAN KEITH OSBORNE,20
CAMPBELL,C311,US HOUSE,004,DEMOCRAT,MATTHEW LEHMAN,180
CAMPBELL,C311,US HOUSE,004,REPUBLICAN,THOMAS MASSIE,163
CAMPBELL,C311,US HOUSE,004,INDEPENDENT,ETHAN KEITH OSBORNE,10
CAMPBELL,C401,US HOUSE,004,REPUBLICAN,THOMAS MASSIE,389
CAMPBELL,C401,US HOUSE,004,DEMOCRAT,MATTHEW LEHMAN,240
CAMPBELL,C401,US HOUSE,004,INDEPENDENT,ETHAN KEITH OSBORNE,22
CAMPBELL,C416,US HOUSE,004,REPUBLICAN,THOMAS MASSIE,230
CAMPBELL,C416,US HOUSE,004,DEMOCRAT,MATTHEW LEHMAN,225
CAMPBELL,C416,US HOUSE,004,INDEPENDENT,ETHAN KEITH OSBORNE,16
CAMPBELL,C501,US HOUSE,004,DEMOCRAT,MATTHEW LEHMAN,153
CAMPBELL,C501,US HOUSE,004,REPUBLICAN,THOMAS MASSIE,149
CAMPBELL,C501,US HOUSE,004,INDEPENDENT,ETHAN KEITH OSBORNE,12
CARLISLE,A101,US HOUSE,001,REPUBLICAN,JAMES R COMER,274
CARLISLE,A101,US HOUSE,001,DEMOCRAT,JIMMY C AUSBROOKS,66
CARLISLE,A102,US HOUSE,001,REPUBLICAN,JAMES R COMER,263
CARLISLE,A102,US HOUSE,001,DEMOCRAT,JIMMY C AUSBROOKS,63
CARLISLE,B101,US HOUSE,001,REPUBLICAN,JAMES R COMER,484
CARLISLE,B101,US HOUSE,001,DEMOCRAT,JIMMY C AUSBROOKS,59
CARLISLE,B102,US HOUSE,001,REPUBLICAN,JAMES R COMER,218
CARLISLE,B102,US HOUSE,001,DEMOCRAT,JIMMY C AUSBROOKS,23
CARLISLE,C101,US HOUSE,001,REPUBLICAN,JAMES R COMER,258
CARLISLE,C101,US HOUSE,001,DEMOCRAT,JIMMY C AUSBROOKS,39
CARLISLE,C102,US HOUSE,001,REPUBLICAN,JAMES R COMER,293
CARLISLE,C102,US HOUSE,001,DEMOCRAT,JIMMY C AUSBROOKS,74
CARROLL,A101,US HOUSE,004,REPUBLICAN,THOMAS MASSIE,183
CARROLL,A101,US HOUSE,004,DEMOCRAT,MATTHEW LEHMAN,62
CARROLL,A101,US HOUSE,004,INDEPENDENT,ETHAN KEITH OSBORNE,12
CARROLL,A102,US HOUSE,004,REPUBLICAN,THOMAS MASSIE,285
CARROLL,A102,US HOUSE,004,DEMOCRAT,MATTHEW LEHMAN,94
CARROLL,A102,US HOUSE,004,INDEPENDENT,ETHAN KEITH OSBORNE,13
CARROLL,A103,US HOUSE,004,REPUBLICAN,THOMAS MASSIE,183
CARROLL,A103,US HOUSE,004,DEMOCRAT,MATTHEW LEHMAN,120
CARROLL,A103,US HOUSE,004,INDEPENDENT,ETHAN KEITH OSBORNE,15
CARROLL,B101,US HOUSE,004,REPUBLICAN,THOMAS MASSIE,109
CARROLL,B101,US HOUSE,004,DEMOCRAT,MATTHEW LEHMAN,75
CARROLL,B101,US HOUSE,004,INDEPENDENT,ETHAN KEITH OSBORNE,6
CARROLL,B102,US HOUSE,004,REPUBLICAN,THOMAS MASSIE,170
CARROLL,B102,US HOUSE,004,DEMOCRAT,MATTHEW LEHMAN,86
CARROLL,B102,US HOUSE,004,INDEPENDENT,ETHAN KEITH OSBORNE,17
CARROLL,B103,US HOUSE,004,REPUBLICAN,THOMAS MASSIE,155
CARROLL,B103,US HOUSE,004,DEMOCRAT,MATTHEW LEHMAN,52
CARROLL,B103,US HOUSE,004,INDEPENDENT,ETHAN KEITH OSBORNE,10
CARROLL,B104,US HOUSE,004,REPUBLICAN,THOMAS MASSIE,80
CARROLL,B104,US HOUSE,004,DEMOCRAT,MATTHEW LEHMAN,20
CARROLL,B104,US HOUSE,004,INDEPENDENT,ETHAN KEITH OSBORNE,7
CARROLL,C101,US HOUSE,004,REPUBLICAN,THOMAS MASSIE,79
CARROLL,C101,US HOUSE,004,DEMOCRAT,MATTHEW LEHMAN,14
CARROLL,C101,US HOUSE,004,INDEPENDENT,ETHAN KEITH OSBORNE,7
CARROLL,C102,US HOUSE,004,REPUBLICAN,THOMAS MASSIE,103
CARROLL,C102,US HOUSE,004,DEMOCRAT,MATTHEW LEHMAN,19
CARROLL,C102,US HOUSE,004,INDEPENDENT,ETHAN KEITH OSBORNE,2
CARROLL,C103,US HOUSE,004,REPUBLICAN,THOMAS MASSIE,192
CARROLL,C103,US HOUSE,004,DEMOCRAT,MATTHEW LEHMAN,57
CARROLL,C103,US HOUSE,004,INDEPENDENT,ETHAN KEITH OSBORNE,12
CARROLL,C104,US HOUSE,004,REPUBLICAN,THOMAS MASSIE,406
CARROLL,C104,US HOUSE,004,DEMOCRAT,MATTHEW LEHMAN,181
CARROLL,C104,US HOUSE,004,INDEPENDENT,ETHAN KEITH OSBORNE,21
CARTER,A103,US HOUSE,004,REPUBLICAN,THOMAS MASSIE,197
CARTER,A103,US HOUSE,004,DEMOCRAT,MATTHEW LEHMAN,40
CARTER,A103,US HOUSE,004,INDEPENDENT,ETHAN KEITH OSBORNE,10
CARTER,D101,US HOUSE,004,REPUBLICAN,THOMAS MASSIE,1
CARTER,D101,US HOUSE,004,DEMOCRAT,MATTHEW LEHMAN,0
CARTER,D101,US HOUSE,004,INDEPENDENT,ETHAN KEITH OSBORNE,0
CARTER,E102,US HOUSE,004,REPUBLICAN,THOMAS MASSIE,262
CARTER,E102,US HOUSE,004,DEMOCRAT,MATTHEW LEHMAN,76
CARTER,E102,US HOUSE,004,INDEPENDENT,ETHAN KEITH OSBORNE,8
CARTER,E104,US HOUSE,004,REPUBLICAN,THOMAS MASSIE,109
CARTER,E104,US HOUSE,004,DEMOCRAT,MATTHEW LEHMAN,10
CARTER,E104,US HOUSE,004,INDEPENDENT,ETHAN KEITH OSBORNE,3
CARTER,E105,US HOUSE,004,REPUBLICAN,THOMAS MASSIE,191
CARTER,E105,US HOUSE,004,DEMOCRAT,MATTHEW LEHMAN,43
CARTER,E105,US HOUSE,004,INDEPENDENT,ETHAN KEITH OSBORNE,3
CARTER,A101,US HOUSE,005,REPUBLICAN,HAROLD HAL ROGERS,366
CARTER,A101,US HOUSE,005,DEMOCRAT,CONOR HALBLEIB,96
CARTER,A101,US HOUSE,005,,STEPHAN WILLIAM MAZUR,0
CARTER,A102,US HOUSE,005,REPUBLICAN,HAROLD HAL ROGERS,168
CARTER,A102,US HOUSE,005,DEMOCRAT,CONOR HALBLEIB,53
CARTER,A102,US HOUSE,005,,STEPHAN WILLIAM MAZUR,0
CARTER,A104,US HOUSE,005,REPUBLICAN,HAROLD HAL ROGERS,170
CARTER,A104,US HOUSE,005,DEMOCRAT,CONOR HALBLEIB,47
CARTER,A104,US HOUSE,005,,STEPHAN WILLIAM MAZUR,0
CARTER,A105,US HOUSE,005,REPUBLICAN,HAROLD HAL ROGERS,353
CARTER,A105,US HOUSE,005,DEMOCRAT,CONOR HALBLEIB,131
CARTER,A105,US HOUSE,005,,STEPHAN WILLIAM MAZUR,0
CARTER,B101,US HOUSE,005,REPUBLICAN,HAROLD HAL ROGERS,341
CARTER,B101,US HOUSE,005,DEMOCRAT,CONOR HALBLEIB,106
CARTER,B101,US HOUSE,005,,STEPHAN WILLIAM MAZUR,0
CARTER,B102,US HOUSE,005,REPUBLICAN,HAROLD HAL ROGERS,192
CARTER,B102,US HOUSE,005,DEMOCRAT,CONOR HALBLEIB,38
CARTER,B102,US HOUSE,005,,STEPHAN WILLIAM MAZUR,0
CARTER,B103,US HOUSE,005,REPUBLICAN,HAROLD HAL ROGERS,308
CARTER,B103,US HOUSE,005,DEMOCRAT,CONOR HALBLEIB,84
CARTER,B103,US HOUSE,005,,STEPHAN WILLIAM MAZUR,0
CARTER,B104,US HOUSE,005,REPUBLICAN,HAROLD HAL ROGERS,273
CARTER,B104,US HOUSE,005,DEMOCRAT,CONOR HALBLEIB,71
CARTER,B104,US HOUSE,005,,STEPHAN WILLIAM MAZUR,1
CARTER,B105,US HOUSE,005,REPUBLICAN,HAROLD HAL ROGERS,254
CARTER,B105,US HOUSE,005,DEMOCRAT,CONOR HALBLEIB,86
CARTER,B105,US HOUSE,005,,STEPHAN WILLIAM MAZUR,0
CARTER,C101,US HOUSE,005,REPUBLICAN,HAROLD HAL ROGERS,422
CARTER,C101,US HOUSE,005,DEMOCRAT,CONOR HALBLEIB,147
CARTER,C101,US HOUSE,005,,STEPHAN WILLIAM MAZUR,1
CARTER,C102,US HOUSE,005,REPUBLICAN,HAROLD HAL ROGERS,70
CARTER,C102,US HOUSE,005,DEMOCRAT,CONOR HALBLEIB,22
CARTER,C102,US HOUSE,005,,STEPHAN WILLIAM MAZUR,0
CARTER,C103,US HOUSE,005,REPUBLICAN,HAROLD HAL ROGERS,318
CARTER,C103,US HOUSE,005,DEMOCRAT,CONOR HALBLEIB,76
CARTER,C103,US HOUSE,005,,STEPHAN WILLIAM MAZUR,0
CARTER,C104,US HOUSE,005,REPUBLICAN,HAROLD HAL ROGERS,344
CARTER,C104,US HOUSE,005,DEMOCRAT,CONOR HALBLEIB,88
CARTER,C104,US HOUSE,005,,STEPHAN WILLIAM MAZUR,0
CARTER,D102,US HOUSE,005,REPUBLICAN,HAROLD HAL ROGERS,191
CARTER,D102,US HOUSE,005,DEMOCRAT,CONOR HALBLEIB,58
CARTER,D102,US HOUSE,005,,STEPHAN WILLIAM MAZUR,0
CARTER,D103,US HOUSE,005,REPUBLICAN,HAROLD HAL ROGERS,95
CARTER,D103,US HOUSE,005,DEMOCRAT,CONOR HALBLEIB,25
CARTER,D103,US HOUSE,005,,STEPHAN WILLIAM MAZUR,0
CARTER,D104,US HOUSE,005,REPUBLICAN,HAROLD HAL ROGERS,170
CARTER,D104,US HOUSE,005,DEMOCRAT,CONOR HALBLEIB,66
CARTER,D104,US HOUSE,005,,STEPHAN WILLIAM MAZUR,0
CARTER,D105,US HOUSE,005,REPUBLICAN,HAROLD HAL ROGERS,164
CARTER,D105,US HOUSE,005,DEMOCRAT,CONOR HALBLEIB,52
CARTER,D105,US HOUSE,005,,STEPHAN WILLIAM MAZUR,0
CARTER,D106,US HOUSE,005,REPUBLICAN,HAROLD HAL ROGERS,72
CARTER,D106,US HOUSE,005,DEMOCRAT,CONOR HALBLEIB,30
CARTER,D106,US HOUSE,005,,STEPHAN WILLIAM MAZUR,0
CARTER,D107,US HOUSE,005,REPUBLICAN,HAROLD HAL ROGERS,236
CARTER,D107,US HOUSE,005,DEMOCRAT,CONOR HALBLEIB,51
CARTER,D107,US HOUSE,005,,STEPHAN WILLIAM MAZUR,0
CARTER,D108,US HOUSE,005,REPUBLICAN,HAROLD HAL ROGERS,186
CARTER,D108,US HOUSE,005,DEMOCRAT,CONOR HALBLEIB,63
CARTER,D108,US HOUSE,005,,STEPHAN WILLIAM MAZUR,0
CARTER,E101,US HOUSE,005,REPUBLICAN,HAROLD HAL ROGERS,274
CARTER,E101,US HOUSE,005,DEMOCRAT,CONOR HALBLEIB,74
CARTER,E101,US HOUSE,005,,STEPHAN WILLIAM MAZUR,0
CARTER,E103,US HOUSE,005,REPUBLICAN,HAROLD HAL ROGERS,292
CARTER,E103,US HOUSE,005,DEMOCRAT,CONOR HALBLEIB,73
CARTER,E103,US HOUSE,005,,STEPHAN WILLIAM MAZUR,0
CARTER,E106,US HOUSE,005,REPUBLICAN,HAROLD HAL ROGERS,236
CARTER,E106,US HOUSE,005,DEMOCRAT,CONOR HALBLEIB,50
CARTER,E106,US HOUSE,005,,STEPHAN WILLIAM MAZUR,0
CASEY,A101,US HOUSE,001,REPUBLICAN,JAMES R COMER,363
CASEY,A101,US HOUSE,001,DEMOCRAT,JIMMY C AUSBROOKS,32
CASEY,A102,US HOUSE,001,REPUBLICAN,JAMES R COMER,218
CASEY,A102,US HOUSE,001,DEMOCRAT,JIMMY C AUSBROOKS,18
CASEY,A103,US HOUSE,001,REPUBLICAN,JAMES R COMER,364
CASEY,A103,US HOUSE,001,DEMOCRAT,JIMMY C AUSBROOKS,30
CASEY,A104,US HOUSE,001,REPUBLICAN,JAMES R COMER,194
CASEY,A104,US HOUSE,001,DEMOCRAT,JIMMY C AUSBROOKS,13
CASEY,B101,US HOUSE,001,REPUBLICAN,JAMES R COMER,287
CASEY,B101,US HOUSE,001,DEMOCRAT,JIMMY C AUSBROOKS,48
CASEY,B102,US HOUSE,001,REPUBLICAN,JAMES R COMER,639
CASEY,B102,US HOUSE,001,DEMOCRAT,JIMMY C AUSBROOKS,81
CASEY,B103,US HOUSE,001,REPUBLICAN,JAMES R COMER,168
CASEY,B103,US HOUSE,001,DEMOCRAT,JIMMY C AUSBROOKS,52
CASEY,C101,US HOUSE,001,REPUBLICAN,JAMES R COMER,260
CASEY,C101,US HOUSE,001,DEMOCRAT,JIMMY C AUSBROOKS,57
CASEY,C102,US HOUSE,001,REPUBLICAN,JAMES R COMER,487
CASEY,C102,US HOUSE,001,DEMOCRAT,JIMMY C AUSBROOKS,39
CASEY,C103,US HOUSE,001,REPUBLICAN,JAMES R COMER,253
CASEY,C103,US HOUSE,001,DEMOCRAT,JIMMY C AUSBROOKS,14
CASEY,C104,US HOUSE,001,REPUBLICAN,JAMES R COMER,204
CASEY,C104,US HOUSE,001,DEMOCRAT,JIMMY C AUSBROOKS,35
CASEY,D101,US HOUSE,001,REPUBLICAN,JAMES R COMER,422
CASEY,D101,US HOUSE,001,DEMOCRAT,JIMMY C AUSBROOKS,44
CASEY,D102,US HOUSE,001,REPUBLICAN,JAMES R COMER,233
CASEY,D102,US HOUSE,001,DEMOCRAT,JIMMY C AUSBROOKS,28
CASEY,D103,US HOUSE,001,REPUBLICAN,JAMES R COMER,371
CASEY,D103,US HOUSE,001,DEMOCRAT,JIMMY C AUSBROOKS,34
CASEY,D104,US HOUSE,001,REPUBLICAN,JAMES R COMER,110
CASEY,D104,US HOUSE,001,DEMOCRAT,JIMMY C AUSBROOKS,26
CHRISTIAN,A101,US HOUSE,001,DEMOCRAT,JIMMY C AUSBROOKS,75
CHRISTIAN,A101,US HOUSE,001,REPUBLICAN,JAMES R COMER,24
CHRISTIAN,A102,US HOUSE,001,DEMOCRAT,JIMMY C AUSBROOKS,159
CHRISTIAN,A102,US HOUSE,001,REPUBLICAN,JAMES R COMER,12
CHRISTIAN,A103,US HOUSE,001,DEMOCRAT,JIMMY C AUSBROOKS,262
CHRISTIAN,A103,US HOUSE,001,REPUBLICAN,JAMES R COMER,27
CHRISTIAN,A104,US HOUSE,001,REPUBLICAN,JAMES R COMER,162
CHRISTIAN,A104,US HOUSE,001,DEMOCRAT,JIMMY C AUSBROOKS,127
CHRISTIAN,A105,US HOUSE,001,DEMOCRAT,JIMMY C AUSBROOKS,115
CHRISTIAN,A105,US HOUSE,001,REPUBLICAN,JAMES R COMER,36
CHRISTIAN,B101,US HOUSE,001,REPUBLICAN,JAMES R COMER,236
CHRISTIAN,B101,US HOUSE,001,DEMOCRAT,JIMMY C AUSBROOKS,230
CHRISTIAN,B102,US HOUSE,001,DEMOCRAT,JIMMY C AUSBROOKS,263
CHRISTIAN,B102,US HOUSE,001,REPUBLICAN,JAMES R COMER,248
CHRISTIAN,B103,US HOUSE,001,REPUBLICAN,JAMES R COMER,419
CHRISTIAN,B103,US HOUSE,001,DEMOCRAT,JIMMY C AUSBROOKS,60
CHRISTIAN,B104,US HOUSE,001,REPUBLICAN,JAMES R COMER,221
CHRISTIAN,B104,US HOUSE,001,DEMOCRAT,JIMMY C AUSBROOKS,52
CHRISTIAN,C101,US HOUSE,001,REPUBLICAN,JAMES R COMER,139
CHRISTIAN,C101,US HOUSE,001,DEMOCRAT,JIMMY C AUSBROOKS,69
CHRISTIAN,C102,US HOUSE,001,DEMOCRAT,JIMMY C AUSBROOKS,107
CHRISTIAN,C102,US HOUSE,001,REPUBLICAN,JAMES R COMER,50
CHRISTIAN,C103,US HOUSE,001,REPUBLICAN,JAMES R COMER,140
CHRISTIAN,C103,US HOUSE,001,DEMOCRAT,JIMMY C AUSBROOKS,84
CHRISTIAN,C104,US HOUSE,001,REPUBLICAN,JAMES R COMER,341
CHRISTIAN,C104,US HOUSE,001,DEMOCRAT,JIMMY C AUSBROOKS,79
CHRISTIAN,C105,US HOUSE,001,REPUBLICAN,JAMES R COMER,843
CHRISTIAN,C105,US HOUSE,001,DEMOCRAT,JIMMY C AUSBROOKS,119
CHRISTIAN,C106,US HOUSE,001,REPUBLICAN,JAMES R COMER,351
CHRISTIAN,C106,US HOUSE,001,DEMOCRAT,JIMMY C AUSBROOKS,125
CHRISTIAN,D101,US HOUSE,001,REPUBLICAN,JAMES R COMER,347
CHRISTIAN,D101,US HOUSE,001,DEMOCRAT,JIMMY C AUSBROOKS,120
CHRISTIAN,D102,US HOUSE,001,REPUBLICAN,JAMES R COMER,411
CHRISTIAN,D102,US HOUSE,001,DEMOCRAT,JIMMY C AUSBROOKS,127
CHRISTIAN,D103,US HOUSE,001,REPUBLICAN,JAMES R COMER,346
CHRISTIAN,D103,US HOUSE,001,DEMOCRAT,JIMMY C AUSBROOKS,119
CHRISTIAN,D104,US HOUSE,001,REPUBLICAN,JAMES R COMER,260
CHRISTIAN,D104,US HOUSE,001,DEMOCRAT,JIMMY C AUSBROOKS,50
CHRISTIAN,D105,US HOUSE,001,REPUBLICAN,JAMES R COMER,163
CHRISTIAN,D105,US HOUSE,001,DEMOCRAT,JIMMY C AUSBROOKS,22
CHRISTIAN,D106,US HOUSE,001,REPUBLICAN,JAMES R COMER,165
CHRISTIAN,D106,US HOUSE,001,DEMOCRAT,JIMMY C AUSBROOKS,36
CHRISTIAN,D107,US HOUSE,001,REPUBLICAN,JAMES R COMER,433
CHRISTIAN,D107,US HOUSE,001,DEMOCRAT,JIMMY C AUSBROOKS,208
CHRISTIAN,E101,US HOUSE,001,DEMOCRAT,JIMMY C AUSBROOKS,133
CHRISTIAN,E101,US HOUSE,001,REPUBLICAN,JAMES R COMER,118
CHRISTIAN,E102,US HOUSE,001,REPUBLICAN,JAMES R COMER,320
CHRISTIAN,E102,US HOUSE,001,DEMOCRAT,JIMMY C AUSBROOKS,163
CHRISTIAN,E103,US HOUSE,001,REPUBLICAN,JAMES R COMER,383
CHRISTIAN,E103,US HOUSE,001,DEMOCRAT,JIMMY C AUSBROOKS,155
CHRISTIAN,E104,US HOUSE,001,REPUBLICAN,JAMES R COMER,215
CHRISTIAN,E104,US HOUSE,001,DEMOCRAT,JIMMY C AUSBROOKS,125
CHRISTIAN,E105,US HOUSE,001,REPUBLICAN,JAMES R COMER,160
CHRISTIAN,E105,US HOUSE,001,DEMOCRAT,JIMMY C AUSBROOKS,113
CHRISTIAN,F101,US HOUSE,001,REPUBLICAN,JAMES R COMER,103
CHRISTIAN,F101,US HOUSE,001,DEMOCRAT,JIMMY C AUSBROOKS,17
CHRISTIAN,F102,US HOUSE,001,REPUBLICAN,JAMES R COMER,300
CHRISTIAN,F102,US HOUSE,001,DEMOCRAT,JIMMY C AUSBROOKS,131
CHRISTIAN,F103,US HOUSE,001,REPUBLICAN,JAMES R COMER,120
CHRISTIAN,F103,US HOUSE,001,DEMOCRAT,JIMMY C AUSBROOKS,17
CHRISTIAN,F104,US HOUSE,001,REPUBLICAN,JAMES R COMER,248
CHRISTIAN,F104,US HOUSE,001,DEMOCRAT,JIMMY C AUSBROOKS,199
CHRISTIAN,G101,US HOUSE,001,REPUBLICAN,JAMES R COMER,332
CHRISTIAN,G101,US HOUSE,001,DEMOCRAT,JIMMY C AUSBROOKS,87
CHRISTIAN,G102,US HOUSE,001,DEMOCRAT,JIMMY C AUSBROOKS,89
CHRISTIAN,G102,US HOUSE,001,REPUBLICAN,JAMES R COMER,70
CHRISTIAN,G103,US HOUSE,001,REPUBLICAN,JAMES R COMER,201
CHRISTIAN,G103,US HOUSE,001,DEMOCRAT,JIMMY C AUSBROOKS,88
CHRISTIAN,G104,US HOUSE,001,REPUBLICAN,JAMES R COMER,562
CHRISTIAN,G104,US HOUSE,001,DEMOCRAT,JIMMY C AUSBROOKS,241
CHRISTIAN,G105,US HOUSE,001,DEMOCRAT,JIMMY C AUSBROOKS,33
CHRISTIAN,G105,US HOUSE,001,REPUBLICAN,JAMES R COMER,28
CHRISTIAN,G106,US HOUSE,001,REPUBLICAN,JAMES R COMER,340
CHRISTIAN,G106,US HOUSE,001,DEMOCRAT,JIMMY C AUSBROOKS,116
CHRISTIAN,H101,US HOUSE,001,REPUBLICAN,JAMES R COMER,296
CHRISTIAN,H101,US HOUSE,001,DEMOCRAT,JIMMY C AUSBROOKS,71
CHRISTIAN,H102,US HOUSE,001,REPUBLICAN,JAMES R COMER,542
CHRISTIAN,H102,US HOUSE,001,DEMOCRAT,JIMMY C AUSBROOKS,113
CHRISTIAN,H103,US HOUSE,001,REPUBLICAN,JAMES R COMER,367
CHRISTIAN,H103,US HOUSE,001,DEMOCRAT,JIMMY C AUSBROOKS,117
CHRISTIAN,H104,US HOUSE,001,REPUBLICAN,JAMES R COMER,559
CHRISTIAN,H104,US HOUSE,001,DEMOCRAT,JIMMY C AUSBROOKS,72
CLARK,A101,US HOUSE,006,REPUBLICAN,ANDY BARR,780
CLARK,A101,US HOUSE,006,DEMOCRAT,GEOFFREY M GEOFF YOUNG,221
CLARK,A101,US HOUSE,006,,MAURICE RANDALL CRAVENS II,15
CLARK,A101,US HOUSE,006,,MAXWELL KEITH FROEDGE,0
CLARK,A102,US HOUSE,006,REPUBLICAN,ANDY BARR,358
CLARK,A102,US HOUSE,006,DEMOCRAT,GEOFFREY M GEOFF YOUNG,102
CLARK,A102,US HOUSE,006,,MAURICE RANDALL CRAVENS II,2
CLARK,A102,US HOUSE,006,,MAXWELL KEITH FROEDGE,0
CLARK,A103,US HOUSE,006,REPUBLICAN,ANDY BARR,399
CLARK,A103,US HOUSE,006,DEMOCRAT,GEOFFREY M GEOFF YOUNG,154
CLARK,A103,US HOUSE,006,,MAURICE RANDALL CRAVENS II,12
CLARK,A103,US HOUSE,006,,MAXWELL KEITH FROEDGE,1
CLARK,A104,US HOUSE,006,REPUBLICAN,ANDY BARR,499
CLARK,A104,US HOUSE,006,DEMOCRAT,GEOFFREY M GEOFF YOUNG,150
CLARK,A104,US HOUSE,006,,MAURICE RANDALL CRAVENS II,6
CLARK,A104,US HOUSE,006,,MAXWELL KEITH FROEDGE,0
CLARK,B101,US HOUSE,006,REPUBLICAN,ANDY BARR,432
CLARK,B101,US HOUSE,006,DEMOCRAT,GEOFFREY M GEOFF YOUNG,115
CLARK,B101,US HOUSE,006,,MAURICE RANDALL CRAVENS II,13
CLARK,B101,US HOUSE,006,,MAXWELL KEITH FROEDGE,0
CLARK,B102,US HOUSE,006,REPUBLICAN,ANDY BARR,546
CLARK,B102,US HOUSE,006,DEMOCRAT,GEOFFREY M GEOFF YOUNG,189
CLARK,B102,US HOUSE,006,,MAURICE RANDALL CRAVENS II,9
CLARK,B102,US HOUSE,006,,MAXWELL KEITH FROEDGE,1
CLARK,B103,US HOUSE,006,REPUBLICAN,ANDY BARR,150
CLARK,B103,US HOUSE,006,DEMOCRAT,GEOFFREY M GEOFF YOUNG,75
CLARK,B103,US HOUSE,006,,MAURICE RANDALL CRAVENS II,0
CLARK,B103,US HOUSE,006,,MAXWELL KEITH FROEDGE,0
CLARK,B104,US HOUSE,006,REPUBLICAN,ANDY BARR,369
CLARK,B104,US HOUSE,006,DEMOCRAT,GEOFFREY M GEOFF YOUNG,74
CLARK,B104,US HOUSE,006,,MAURICE RANDALL CRAVENS II,4
CLARK,B104,US HOUSE,006,,MAXWELL KEITH FROEDGE,0
CLARK,B105,US HOUSE,006,REPUBLICAN,ANDY BARR,433
CLARK,B105,US HOUSE,006,DEMOCRAT,GEOFFREY M GEOFF YOUNG,105
CLARK,B105,US HOUSE,006,,MAURICE RANDALL CRAVENS II,2
CLARK,B105,US HOUSE,006,,MAXWELL KEITH FROEDGE,0
CLARK,C101,US HOUSE,006,REPUBLICAN,ANDY BARR,487
CLARK,C101,US HOUSE,006,DEMOCRAT,GEOFFREY M GEOFF YOUNG,134
CLARK,C101,US HOUSE,006,,MAURICE RANDALL CRAVENS II,7
CLARK,C101,US HOUSE,006,,MAXWELL KEITH FROEDGE,0
CLARK,C102,US HOUSE,006,REPUBLICAN,ANDY BARR,352
CLARK,C102,US HOUSE,006,DEMOCRAT,GEOFFREY M GEOFF YOUNG,125
CLARK,C102,US HOUSE,006,,MAURICE RANDALL CRAVENS II,5
CLARK,C102,US HOUSE,006,,MAXWELL KEITH FROEDGE,0
CLARK,C103,US HOUSE,006,REPUBLICAN,ANDY BARR,605
CLARK,C103,US HOUSE,006,DEMOCRAT,GEOFFREY M GEOFF YOUNG,139
CLARK,C103,US HOUSE,006,,MAURICE RANDALL CRAVENS II,8
CLARK,C103,US HOUSE,006,,MAXWELL KEITH FROEDGE,0
CLARK,C104,US HOUSE,006,REPUBLICAN,ANDY BARR,530
CLARK,C104,US HOUSE,006,DEMOCRAT,GEOFFREY M GEOFF YOUNG,144
CLARK,C104,US HOUSE,006,,MAURICE RANDALL CRAVENS II,11
CLARK,C104,US HOUSE,006,,MAXWELL KEITH FROEDGE,0
CLARK,D101,US HOUSE,006,REPUBLICAN,ANDY BARR,62
CLARK,D101,US HOUSE,006,DEMOCRAT,GEOFFREY M GEOFF YOUNG,20
CLARK,D101,US HOUSE,006,,MAURICE RANDALL CRAVENS II,1
CLARK,D101,US HOUSE,006,,MAXWELL KEITH FROEDGE,0
CLARK,D102,US HOUSE,006,REPUBLICAN,ANDY BARR,395
CLARK,D102,US HOUSE,006,DEMOCRAT,GEOFFREY M GEOFF YOUNG,211
CLARK,D102,US HOUSE,006,,MAURICE RANDALL CRAVENS II,4
CLARK,D102,US HOUSE,006,,MAXWELL KEITH FROEDGE,0
CLARK,D103,US HOUSE,006,REPUBLICAN,ANDY BARR,379
CLARK,D103,US HOUSE,006,DEMOCRAT,GEOFFREY M GEOFF YOUNG,102
CLARK,D103,US HOUSE,006,,MAURICE RANDALL CRAVENS II,5
CLARK,D103,US HOUSE,006,,MAXWELL KEITH FROEDGE,0
CLARK,D104,US HOUSE,006,REPUBLICAN,ANDY BARR,260
CLARK,D104,US HOUSE,006,DEMOCRAT,GEOFFREY M GEOFF YOUNG,151
CLARK,D104,US HOUSE,006,,MAURICE RANDALL CRAVENS II,4
CLARK,D104,US HOUSE,006,,MAXWELL KEITH FROEDGE,0
CLARK,E101,US HOUSE,006,REPUBLICAN,ANDY BARR,224
CLARK,E101,US HOUSE,006,DEMOCRAT,GEOFFREY M GEOFF YOUNG,95
CLARK,E101,US HOUSE,006,,MAURICE RANDALL CRAVENS II,8
CLARK,E101,US HOUSE,006,,MAXWELL KEITH FROEDGE,0
CLARK,E102,US HOUSE,006,REPUBLICAN,ANDY BARR,748
CLARK,E102,US HOUSE,006,DEMOCRAT,GEOFFREY M GEOFF YOUNG,298
CLARK,E102,US HOUSE,006,,MAURICE RANDALL CRAVENS II,17
CLARK,E102,US HOUSE,006,,MAXWELL KEITH FROEDGE,0
CLARK,E103,US HOUSE,006,REPUBLICAN,ANDY BARR,230
CLARK,E103,US HOUSE,006,DEMOCRAT,GEOFFREY M GEOFF YOUNG,88
CLARK,E103,US HOUSE,006,,MAURICE RANDALL CRAVENS II,2
CLARK,E103,US HOUSE,006,,MAXWELL KEITH FROEDGE,0
CLARK,F101,US HOUSE,006,DEMOCRAT,GEOFFREY M GEOFF YOUNG,105
CLARK,F101,US HOUSE,006,REPUBLICAN,ANDY BARR,43
CLARK,F101,US HOUSE,006,,MAURICE RANDALL CRAVENS II,1
CLARK,F101,US HOUSE,006,,MAXWELL KEITH FROEDGE,0
CLARK,F102,US HOUSE,006,REPUBLICAN,ANDY BARR,116
CLARK,F102,US HOUSE,006,DEMOCRAT,GEOFFREY M GEOFF YOUNG,60
CLARK,F102,US HOUSE,006,,MAURICE RANDALL CRAVENS II,8
CLARK,F102,US HOUSE,006,,MAXWELL KEITH FROEDGE,0
CLARK,F103,US HOUSE,006,REPUBLICAN,ANDY BARR,228
CLARK,F103,US HOUSE,006,DEMOCRAT,GEOFFREY M GEOFF YOUNG,166
CLARK,F103,US HOUSE,006,,MAURICE RANDALL CRAVENS II,21
CLARK,F103,US HOUSE,006,,MAXWELL KEITH FROEDGE,0
CLARK,F104,US HOUSE,006,DEMOCRAT,GEOFFREY M GEOFF YOUNG,109
CLARK,F104,US HOUSE,006,REPUBLICAN,ANDY BARR,41
CLARK,F104,US HOUSE,006,,MAURICE RANDALL CRAVENS II,1
CLARK,F104,US HOUSE,006,,MAXWELL KEITH FROEDGE,0
CLARK,F105,US HOUSE,006,REPUBLICAN,ANDY BARR,235
CLARK,F105,US HOUSE,006,DEMOCRAT,GEOFFREY M GEOFF YOUNG,129
CLARK,F105,US HOUSE,006,,MAURICE RANDALL CRAVENS II,7
CLARK,F105,US HOUSE,006,,MAXWELL KEITH FROEDGE,0
CLARK,F106,US HOUSE,006,REPUBLICAN,ANDY BARR,174
CLARK,F106,US HOUSE,006,DEMOCRAT,GEOFFREY M GEOFF YOUNG,120
CLARK,F106,US HOUSE,006,,MAURICE RANDALL CRAVENS II,11
CLARK,F106,US HOUSE,006,,MAXWELL KEITH FROEDGE,0
CLAY,A101,US HOUSE,005,REPUBLICAN,HAROLD HAL ROGERS,310
CLAY,A101,US HOUSE,005,DEMOCRAT,CONOR HALBLEIB,64
CLAY,A106,US HOUSE,005,REPUBLICAN,HAROLD HAL ROGERS,295
CLAY,A106,US HOUSE,005,DEMOCRAT,CONOR HALBLEIB,35
CLAY,A107,US HOUSE,005,REPUBLICAN,HAROLD HAL ROGERS,131
CLAY,A107,US HOUSE,005,DEMOCRAT,CONOR HALBLEIB,19
CLAY,ABSE,US HOUSE,005,REPUBLICAN,HAROLD HAL ROGERS,160
CLAY,ABSE,US HOUSE,005,DEMOCRAT,CONOR HALBLEIB,42
CLAY,B101,US HOUSE,005,REPUBLICAN,HAROLD HAL ROGERS,253
CLAY,B101,US HOUSE,005,DEMOCRAT,CONOR HALBLEIB,20
CLAY,B103,US HOUSE,005,REPUBLICAN,HAROLD HAL ROGERS,145
CLAY,B103,US HOUSE,005,DEMOCRAT,CONOR HALBLEIB,28
CLAY,B104,US HOUSE,005,REPUBLICAN,HAROLD HAL ROGERS,372
CLAY,B104,US HOUSE,005,DEMOCRAT,CONOR HALBLEIB,41
CLAY,C101,US HOUSE,005,REPUBLICAN,HAROLD HAL ROGERS,123
CLAY,C101,US HOUSE,005,DEMOCRAT,CONOR HALBLEIB,14
CLAY,C102,US HOUSE,005,REPUBLICAN,HAROLD HAL ROGERS,170
CLAY,C102,US HOUSE,005,DEMOCRAT,CONOR HALBLEIB,9
CLAY,C103,US HOUSE,005,REPUBLICAN,HAROLD HAL ROGERS,173
CLAY,C103,US HOUSE,005,DEMOCRAT,CONOR HALBLEIB,17
CLAY,C104,US HOUSE,005,REPUBLICAN,HAROLD HAL ROGERS,291
CLAY,C104,US HOUSE,005,DEMOCRAT,CONOR HALBLEIB,23
CLAY,D102,US HOUSE,005,REPUBLICAN,HAROLD HAL ROGERS,80
CLAY,D102,US HOUSE,005,DEMOCRAT,CONOR HALBLEIB,14
CLAY,D103,US HOUSE,005,REPUBLICAN,HAROLD HAL ROGERS,210
CLAY,D103,US HOUSE,005,DEMOCRAT,CONOR HALBLEIB,18
CLAY,D104,US HOUSE,005,REPUBLICAN,HAROLD HAL ROGERS,198
CLAY,D104,US HOUSE,005,DEMOCRAT,CONOR HALBLEIB,5
CLAY,E101,US HOUSE,005,REPUBLICAN,HAROLD HAL ROGERS,140
CLAY,E101,US HOUSE,005,DEMOCRAT,CONOR HALBLEIB,24
CLAY,E102,US HOUSE,005,REPUBLICAN,HAROLD HAL ROGERS,179
CLAY,E102,US HOUSE,005,DEMOCRAT,CONOR HALBLEIB,23
CLAY,E103,US HOUSE,005,REPUBLICAN,HAROLD HAL ROGERS,327
CLAY,E103,US HOUSE,005,DEMOCRAT,CONOR HALBLEIB,44
CLAY,E104,US HOUSE,005,REPUBLICAN,HAROLD HAL ROGERS,85
CLAY,E104,US HOUSE,005,DEMOCRAT,CONOR HALBLEIB,12
CLAY,F101,US HOUSE,005,REPUBLICAN,HAROLD HAL ROGERS,244
CLAY,F101,US HOUSE,005,DEMOCRAT,CONOR HALBLEIB,30
CLAY,F102,US HOUSE,005,REPUBLICAN,HAROLD HAL ROGERS,257
CLAY,F102,US HOUSE,005,DEMOCRAT,CONOR HALBLEIB,21
CLAY,F104,US HOUSE,005,REPUBLICAN,HAROLD HAL ROGERS,233
CLAY,F104,US HOUSE,005,DEMOCRAT,CONOR HALBLEIB,18
CLINTON,A101,US HOUSE,001,REPUBLICAN,JAMES R COMER,260
CLINTON,A101,US HOUSE,001,DEMOCRAT,JIMMY C AUSBROOKS,39
CLINTON,A104,US HOUSE,001,REPUBLICAN,JAMES R COMER,233
CLINTON,A104,US HOUSE,001,DEMOCRAT,JIMMY C AUSBROOKS,24
CLINTON,ABSE,US HOUSE,001,REPUBLICAN,JAMES R COMER,325
CLINTON,ABSE,US HOUSE,001,DEMOCRAT,JIMMY C AUSBROOKS,37
CLINTON,B101,US HOUSE,001,REPUBLICAN,JAMES R COMER,185
CLINTON,B101,US HOUSE,001,DEMOCRAT,JIMMY C AUSBROOKS,23
CLINTON,B102,US HOUSE,001,REPUBLICAN,JAMES R COMER,183
CLINTON,B102,US HOUSE,001,DEMOCRAT,JIMMY C AUSBROOKS,11
CLINTON,C101,US HOUSE,001,REPUBLICAN,JAMES R COMER,227
CLINTON,C101,US HOUSE,001,DEMOCRAT,JIMMY C AUSBROOKS,15
CLINTON,C102,US HOUSE,001,REPUBLICAN,JAMES R COMER,151
CLINTON,C102,US HOUSE,001,DEMOCRAT,JIMMY C AUSBROOKS,22
CLINTON,C103,US HOUSE,001,REPUBLICAN,JAMES R COMER,233
CLINTON,C103,US HOUSE,001,DEMOCRAT,JIMMY C AUSBROOKS,19
CLINTON,D101,US HOUSE,001,REPUBLICAN,JAMES R COMER,172
CLINTON,D101,US HOUSE,001,DEMOCRAT,JIMMY C AUSBROOKS,20
CLINTON,D102,US HOUSE,001,REPUBLICAN,JAMES R COMER,294
CLINTON,D102,US HOUSE,001,DEMOCRAT,JIMMY C AUSBROOKS,28
CLINTON,E101,US HOUSE,001,REPUBLICAN,JAMES R COMER,201
CLINTON,E101,US HOUSE,001,DEMOCRAT,JIMMY C AUSBROOKS,24
CLINTON,E102,US HOUSE,001,REPUBLICAN,JAMES R COMER,231
CLINTON,E102,US HOUSE,001,DEMOCRAT,JIMMY C AUSBROOKS,18
CLINTON,F101,US HOUSE,001,REPUBLICAN,JAMES R COMER,181
CLINTON,F101,US HOUSE,001,DEMOCRAT,JIMMY C AUSBROOKS,14
CLINTON,F102,US HOUSE,001,REPUBLICAN,JAMES R COMER,205
CLINTON,F102,US HOUSE,001,DEMOCRAT,JIMMY C AUSBROOKS,17
CRITTENDEN,A101,US HOUSE,001,REPUBLICAN,JAMES R COMER,217
CRITTENDEN,A101,US HOUSE,001,DEMOCRAT,JIMMY C AUSBROOKS,45
CRITTENDEN,A102,US HOUSE,001,REPUBLICAN,JAMES R COMER,173
CRITTENDEN,A102,US HOUSE,001,DEMOCRAT,JIMMY C AUSBROOKS,36
CRITTENDEN,B101,US HOUSE,001,REPUBLICAN,JAMES R COMER,351
CRITTENDEN,B101,US HOUSE,001,DEMOCRAT,JIMMY C AUSBROOKS,41
CRITTENDEN,B102,US HOUSE,001,REPUBLICAN,JAMES R COMER,223
CRITTENDEN,B102,US HOUSE,001,DEMOCRAT,JIMMY C AUSBROOKS,31
CRITTENDEN,C101,US HOUSE,001,REPUBLICAN,JAMES R COMER,228
CRITTENDEN,C101,US HOUSE,001,DEMOCRAT,JIMMY C AUSBROOKS,49
CRITTENDEN,C102,US HOUSE,001,REPUBLICAN,JAMES R COMER,78
CRITTENDEN,C102,US HOUSE,001,DEMOCRAT,JIMMY C AUSBROOKS,13
CRITTENDEN,D101,US HOUSE,001,REPUBLICAN,JAMES R COMER,296
CRITTENDEN,D101,US HOUSE,001,DEMOCRAT,JIMMY C AUSBROOKS,47
CRITTENDEN,D102,US HOUSE,001,REPUBLICAN,JAMES R COMER,93
CRITTENDEN,D102,US HOUSE,001,DEMOCRAT,JIMMY C AUSBROOKS,17
CRITTENDEN,E101,US HOUSE,001,REPUBLICAN,JAMES R COMER,206
CRITTENDEN,E101,US HOUSE,001,DEMOCRAT,JIMMY C AUSBROOKS,50
CRITTENDEN,E102,US HOUSE,001,REPUBLICAN,JAMES R COMER,318
CRITTENDEN,E102,US HOUSE,001,DEMOCRAT,JIMMY C AUSBROOKS,40
CRITTENDEN,F101,US HOUSE,001,REPUBLICAN,JAMES R COMER,292
CRITTENDEN,F101,US HOUSE,001,DEMOCRAT,JIMMY C AUSBROOKS,56
CRITTENDEN,F102,US HOUSE,001,REPUBLICAN,JAMES R COMER,133
CRITTENDEN,F102,US HOUSE,001,DEMOCRAT,JIMMY C AUSBROOKS,35
CUMBERLAND,A101,US HOUSE,001,REPUBLICAN,JAMES R COMER,260
CUMBERLAND,A101,US HOUSE,001,DEMOCRAT,JIMMY C AUSBROOKS,27
CUMBERLAND,A102,US HOUSE,001,REPUBLICAN,JAMES R COMER,367
CUMBERLAND,A102,US HOUSE,001,DEMOCRAT,JIMMY C AUSBROOKS,38
CUMBERLAND,B101,US HOUSE,001,REPUBLICAN,JAMES R COMER,162
CUMBERLAND,B101,US HOUSE,001,DEMOCRAT,JIMMY C AUSBROOKS,22
CUMBERLAND,B102,US HOUSE,001,REPUBLICAN,JAMES R COMER,168
CUMBERLAND,B102,US HOUSE,001,DEMOCRAT,JIMMY C AUSBROOKS,14
CUMBERLAND,B103,US HOUSE,001,REPUBLICAN,JAMES R COMER,198
CUMBERLAND,B103,US HOUSE,001,DEMOCRAT,JIMMY C AUSBROOKS,20
CUMBERLAND,C101,US HOUSE,001,REPUBLICAN,JAMES R COMER,238
CUMBERLAND,C101,US HOUSE,001,DEMOCRAT,JIMMY C AUSBROOKS,19
CUMBERLAND,C102,US HOUSE,001,REPUBLICAN,JAMES R COMER,221
CUMBERLAND,C102,US HOUSE,001,DEMOCRAT,JIMMY C AUSBROOKS,43
CUMBERLAND,C103,US HOUSE,001,REPUBLICAN,JAMES R COMER,44
CUMBERLAND,C103,US HOUSE,001,DEMOCRAT,JIMMY C AUSBROOKS,22
CUMBERLAND,D101,US HOUSE,001,REPUBLICAN,JAMES R COMER,297
CUMBERLAND,D101,US HOUSE,001,DEMOCRAT,JIMMY C AUSBROOKS,25
CUMBERLAND,D102,US HOUSE,001,REPUBLICAN,JAMES R COMER,251
CUMBERLAND,D102,US HOUSE,001,DEMOCRAT,JIMMY C AUSBROOKS,36
DAVIESS,A101,US HOUSE,002,REPUBLICAN,S BRETT GUTHRIE,313
DAVIESS,A101,US HOUSE,002,DEMOCRAT,HANK LINDERMAN,222
DAVIESS,A102,US HOUSE,002,DEMOCRAT,HANK LINDERMAN,312
DAVIESS,A102,US HOUSE,002,REPUBLICAN,S BRETT GUTHRIE,237
DAVIESS,A103,US HOUSE,002,REPUBLICAN,S BRETT GUTHRIE,157
DAVIESS,A103,US HOUSE,002,DEMOCRAT,HANK LINDERMAN,126
DAVIESS,A105,US HOUSE,002,REPUBLICAN,S BRETT GUTHRIE,564
DAVIESS,A105,US HOUSE,002,DEMOCRAT,HANK LINDERMAN,265
DAVIESS,A106,US HOUSE,002,REPUBLICAN,S BRETT GUTHRIE,160
DAVIESS,A106,US HOUSE,002,DEMOCRAT,HANK LINDERMAN,113
DAVIESS,A107,US HOUSE,002,DEMOCRAT,HANK LINDERMAN,313
DAVIESS,A107,US HOUSE,002,REPUBLICAN,S BRETT GUTHRIE,272
DAVIESS,A108,US HOUSE,002,REPUBLICAN,S BRETT GUTHRIE,333
DAVIESS,A108,US HOUSE,002,DEMOCRAT,HANK LINDERMAN,234
DAVIESS,A110,US HOUSE,002,REPUBLICAN,S BRETT GUTHRIE,428
DAVIESS,A110,US HOUSE,002,DEMOCRAT,HANK LINDERMAN,273
DAVIESS,A111,US HOUSE,002,REPUBLICAN,S BRETT GUTHRIE,610
DAVIESS,A111,US HOUSE,002,DEMOCRAT,HANK LINDERMAN,299
DAVIESS,A112,US HOUSE,002,DEMOCRAT,HANK LINDERMAN,76
DAVIESS,A112,US HOUSE,002,REPUBLICAN,S BRETT GUTHRIE,37
DAVIESS,A113,US HOUSE,002,REPUBLICAN,S BRETT GUTHRIE,585
DAVIESS,A113,US HOUSE,002,DEMOCRAT,HANK LINDERMAN,373
DAVIESS,A114,US HOUSE,002,REPUBLICAN,S BRETT GUTHRIE,752
DAVIESS,A114,US HOUSE,002,DEMOCRAT,HANK LINDERMAN,607
DAVIESS,A115,US HOUSE,002,REPUBLICAN,S BRETT GUTHRIE,373
DAVIESS,A115,US HOUSE,002,DEMOCRAT,HANK LINDERMAN,138
DAVIESS,A119,US HOUSE,002,REPUBLICAN,S BRETT GUTHRIE,358
DAVIESS,A119,US HOUSE,002,DEMOCRAT,HANK LINDERMAN,279
DAVIESS,A120,US HOUSE,002,REPUBLICAN,S BRETT GUTHRIE,749
DAVIESS,A120,US HOUSE,002,DEMOCRAT,HANK LINDERMAN,430
DAVIESS,A122,US HOUSE,002,REPUBLICAN,S BRETT GUTHRIE,70
DAVIESS,A122,US HOUSE,002,DEMOCRAT,HANK LINDERMAN,49
DAVIESS,A128,US HOUSE,002,REPUBLICAN,S BRETT GUTHRIE,302
DAVIESS,A128,US HOUSE,002,DEMOCRAT,HANK LINDERMAN,184
DAVIESS,A129,US HOUSE,002,REPUBLICAN,S BRETT GUTHRIE,436
DAVIESS,A129,US HOUSE,002,DEMOCRAT,HANK LINDERMAN,279
DAVIESS,A130,US HOUSE,002,REPUBLICAN,S BRETT GUTHRIE,324
DAVIESS,A130,US HOUSE,002,DEMOCRAT,HANK LINDERMAN,254
DAVIESS,A135,US HOUSE,002,REPUBLICAN,S BRETT GUTHRIE,85
DAVIESS,A135,US HOUSE,002,DEMOCRAT,HANK LINDERMAN,56
DAVIESS,A136,US HOUSE,002,REPUBLICAN,S BRETT GUTHRIE,164
DAVIESS,A136,US HOUSE,002,DEMOCRAT,HANK LINDERMAN,117
DAVIESS,A138,US HOUSE,002,REPUBLICAN,S BRETT GUTHRIE,257
DAVIESS,A138,US HOUSE,002,DEMOCRAT,HANK LINDERMAN,174
DAVIESS,A139,US HOUSE,002,REPUBLICAN,S BRETT GUTHRIE,306
DAVIESS,A139,US HOUSE,002,DEMOCRAT,HANK LINDERMAN,163
DAVIESS,A140,US HOUSE,002,REPUBLICAN,S BRETT GUTHRIE,365
DAVIESS,A140,US HOUSE,002,DEMOCRAT,HANK LINDERMAN,216
DAVIESS,A143,US HOUSE,002,REPUBLICAN,S BRETT GUTHRIE,100
DAVIESS,A143,US HOUSE,002,DEMOCRAT,HANK LINDERMAN,73
DAVIESS,A146,US HOUSE,002,REPUBLICAN,S BRETT GUTHRIE,618
DAVIESS,A146,US HOUSE,002,DEMOCRAT,HANK LINDERMAN,276
DAVIESS,B101,US HOUSE,002,REPUBLICAN,S BRETT GUTHRIE,338
DAVIESS,B101,US HOUSE,002,DEMOCRAT,HANK LINDERMAN,232
DAVIESS,B102,US HOUSE,002,REPUBLICAN,S BRETT GUTHRIE,719
DAVIESS,B102,US HOUSE,002,DEMOCRAT,HANK LINDERMAN,298
DAVIESS,B103,US HOUSE,002,REPUBLICAN,S BRETT GUTHRIE,630
DAVIESS,B103,US HOUSE,002,DEMOCRAT,HANK LINDERMAN,184
DAVIESS,B104,US HOUSE,002,REPUBLICAN,S BRETT GUTHRIE,333
DAVIESS,B104,US HOUSE,002,DEMOCRAT,HANK LINDERMAN,116
DAVIESS,C101,US HOUSE,002,REPUBLICAN,S BRETT GUTHRIE,798
DAVIESS,C101,US HOUSE,002,DEMOCRAT,HANK LINDERMAN,284
DAVIESS,C102,US HOUSE,002,REPUBLICAN,S BRETT GUTHRIE,270
DAVIESS,C102,US HOUSE,002,DEMOCRAT,HANK LINDERMAN,102
DAVIESS,D102,US HOUSE,002,REPUBLICAN,S BRETT GUTHRIE,328
DAVIESS,D102,US HOUSE,002,DEMOCRAT,HANK LINDERMAN,101
DAVIESS,D103,US HOUSE,002,REPUBLICAN,S BRETT GUTHRIE,207
DAVIESS,D103,US HOUSE,002,DEMOCRAT,HANK LINDERMAN,61
DAVIESS,E102,US HOUSE,002,REPUBLICAN,S BRETT GUTHRIE,454
DAVIESS,E102,US HOUSE,002,DEMOCRAT,HANK LINDERMAN,116
DAVIESS,E103,US HOUSE,002,REPUBLICAN,S BRETT GUTHRIE,449
DAVIESS,E103,US HOUSE,002,DEMOCRAT,HANK LINDERMAN,110
DAVIESS,E104,US HOUSE,002,REPUBLICAN,S BRETT GUTHRIE,108
DAVIESS,E104,US HOUSE,002,DEMOCRAT,HANK LINDERMAN,24
DAVIESS,F101,US HOUSE,002,REPUBLICAN,S BRETT GUTHRIE,744
DAVIESS,F101,US HOUSE,002,DEMOCRAT,HANK LINDERMAN,216
DAVIESS,F102,US HOUSE,002,REPUBLICAN,S BRETT GUTHRIE,725
DAVIESS,F102,US HOUSE,002,DEMOCRAT,HANK LINDERMAN,231
DAVIESS,F103,US HOUSE,002,REPUBLICAN,S BRETT GUTHRIE,428
DAVIESS,F103,US HOUSE,002,DEMOCRAT,HANK LINDERMAN,144
DAVIESS,G101,US HOUSE,002,REPUBLICAN,S BRETT GUTHRIE,678
DAVIESS,G101,US HOUSE,002,DEMOCRAT,HANK LINDERMAN,189
DAVIESS,G102,US HOUSE,002,REPUBLICAN,S BRETT GUTHRIE,175
DAVIESS,G102,US HOUSE,002,DEMOCRAT,HANK LINDERMAN,80
DAVIESS,G103,US HOUSE,002,REPUBLICAN,S BRETT GUTHRIE,419
DAVIESS,G103,US HOUSE,002,DEMOCRAT,HANK LINDERMAN,160
DAVIESS,H101,US HOUSE,002,REPUBLICAN,S BRETT GUTHRIE,254
DAVIESS,H101,US HOUSE,002,DEMOCRAT,HANK LINDERMAN,105
DAVIESS,H102,US HOUSE,002,REPUBLICAN,S BRETT GUTHRIE,471
DAVIESS,H102,US HOUSE,002,DEMOCRAT,HANK LINDERMAN,198
DAVIESS,H103,US HOUSE,002,REPUBLICAN,S BRETT GUTHRIE,663
DAVIESS,H103,US HOUSE,002,DEMOCRAT,HANK LINDERMAN,193
DAVIESS,H104,US HOUSE,002,REPUBLICAN,S BRETT GUTHRIE,685
DAVIESS,H104,US HOUSE,002,DEMOCRAT,HANK LINDERMAN,281
DAVIESS,H105,US HOUSE,002,REPUBLICAN,S BRETT GUTHRIE,494
DAVIESS,H105,US HOUSE,002,DEMOCRAT,HANK LINDERMAN,198
DAVIESS,H107,US HOUSE,002,REPUBLICAN,S BRETT GUTHRIE,416
DAVIESS,H107,US HOUSE,002,DEMOCRAT,HANK LINDERMAN,126
DAVIESS,H109,US HOUSE,002,REPUBLICAN,S BRETT GUTHRIE,260
DAVIESS,H109,US HOUSE,002,DEMOCRAT,HANK LINDERMAN,101
DAVIESS,H112,US HOUSE,002,REPUBLICAN,S BRETT GUTHRIE,433
DAVIESS,H112,US HOUSE,002,DEMOCRAT,HANK LINDERMAN,137
DAVIESS,H113,US HOUSE,002,REPUBLICAN,S BRETT GUTHRIE,184
DAVIESS,H113,US HOUSE,002,DEMOCRAT,HANK LINDERMAN,72
DAVIESS,H114,US HOUSE,002,REPUBLICAN,S BRETT GUTHRIE,204
DAVIESS,H114,US HOUSE,002,DEMOCRAT,HANK LINDERMAN,84
DAVIESS,H115,US HOUSE,002,REPUBLICAN,S BRETT GUTHRIE,590
DAVIESS,H115,US HOUSE,002,DEMOCRAT,HANK LINDERMAN,230
DAVIESS,H116,US HOUSE,002,REPUBLICAN,S BRETT GUTHRIE,82
DAVIESS,H116,US HOUSE,002,DEMOCRAT,HANK LINDERMAN,32
DAVIESS,H117,US HOUSE,002,REPUBLICAN,S BRETT GUTHRIE,706
DAVIESS,H117,US HOUSE,002,DEMOCRAT,HANK LINDERMAN,274
EDMONSON,A101,US HOUSE,002,REPUBLICAN,S BRETT GUTHRIE,213
EDMONSON,A101,US HOUSE,002,DEMOCRAT,HANK LINDERMAN,61
EDMONSON,A102,US HOUSE,002,REPUBLICAN,S BRETT GUTHRIE,464
EDMONSON,A102,US HOUSE,002,DEMOCRAT,HANK LINDERMAN,110
EDMONSON,B101,US HOUSE,002,REPUBLICAN,S BRETT GUTHRIE,610
EDMONSON,B101,US HOUSE,002,DEMOCRAT,HANK LINDERMAN,129
EDMONSON,C101,US HOUSE,002,REPUBLICAN,S BRETT GUTHRIE,256
EDMONSON,C101,US HOUSE,002,DEMOCRAT,HANK LINDERMAN,71
EDMONSON,C102,US HOUSE,002,REPUBLICAN,S BRETT GUTHRIE,314
EDMONSON,C102,US HOUSE,002,DEMOCRAT,HANK LINDERMAN,58
EDMONSON,D101,US HOUSE,002,REPUBLICAN,S BRETT GUTHRIE,585
EDMONSON,D101,US HOUSE,002,DEMOCRAT,HANK LINDERMAN,100
EDMONSON,E101,US HOUSE,002,REPUBLICAN,S BRETT GUTHRIE,509
EDMONSON,E101,US HOUSE,002,DEMOCRAT,HANK LINDERMAN,121
EDMONSON,F101,US HOUSE,002,REPUBLICAN,S BRETT GUTHRIE,551
EDMONSON,F101,US HOUSE,002,DEMOCRAT,HANK LINDERMAN,126
ELLIOTT,A101,US HOUSE,005,REPUBLICAN,HAROLD HAL ROGERS,166
ELLIOTT,A101,US HOUSE,005,DEMOCRAT,CONOR HALBLEIB,63
ELLIOTT,ABSE,US HOUSE,005,REPUBLICAN,HAROLD HAL ROGERS,105
ELLIOTT,ABSE,US HOUSE,005,DEMOCRAT,CONOR HALBLEIB,77
ELLIOTT,B101,US HOUSE,005,REPUBLICAN,HAROLD HAL ROGERS,199
ELLIOTT,B101,US HOUSE,005,DEMOCRAT,CONOR HALBLEIB,76
ELLIOTT,C101,US HOUSE,005,REPUBLICAN,HAROLD HAL ROGERS,189
ELLIOTT,C101,US HOUSE,005,DEMOCRAT,CONOR HALBLEIB,47
ELLIOTT,D101,US HOUSE,005,REPUBLICAN,HAROLD HAL ROGERS,249
ELLIOTT,D101,US HOUSE,005,DEMOCRAT,CONOR HALBLEIB,116
ELLIOTT,E101,US HOUSE,005,REPUBLICAN,HAROLD HAL ROGERS,200
ELLIOTT,E101,US HOUSE,005,DEMOCRAT,CONOR HALBLEIB,65
ELLIOTT,F101,US HOUSE,005,REPUBLICAN,HAROLD HAL ROGERS,189
ELLIOTT,F101,US HOUSE,005,DEMOCRAT,CONOR HALBLEIB,51
ELLIOTT,G101,US HOUSE,005,REPUBLICAN,HAROLD HAL ROGERS,168
ELLIOTT,G101,US HOUSE,005,DEMOCRAT,CONOR HALBLEIB,60
ESTILL,A101,US HOUSE,006,REPUBLICAN,ANDY BARR,137
ESTILL,A101,US HOUSE,006,DEMOCRAT,GEOFFREY M GEOFF YOUNG,32
ESTILL,A101,US HOUSE,006,,MAURICE RANDALL CRAVENS II,2
ESTILL,A101,US HOUSE,006,,MAXWELL KEITH FROEDGE,0
ESTILL,A102,US HOUSE,006,REPUBLICAN,ANDY BARR,153
ESTILL,A102,US HOUSE,006,DEMOCRAT,GEOFFREY M GEOFF YOUNG,31
ESTILL,A102,US HOUSE,006,,MAURICE RANDALL CRAVENS II,1
ESTILL,A102,US HOUSE,006,,MAXWELL KEITH FROEDGE,0
ESTILL,A103,US HOUSE,006,REPUBLICAN,ANDY BARR,109
ESTILL,A103,US HOUSE,006,DEMOCRAT,GEOFFREY M GEOFF YOUNG,21
ESTILL,A103,US HOUSE,006,,MAURICE RANDALL CRAVENS II,1
ESTILL,A103,US HOUSE,006,,MAXWELL KEITH FROEDGE,0
ESTILL,A104,US HOUSE,006,REPUBLICAN,ANDY BARR,161
ESTILL,A104,US HOUSE,006,DEMOCRAT,GEOFFREY M GEOFF YOUNG,23
ESTILL,A104,US HOUSE,006,,MAURICE RANDALL CRAVENS II,6
ESTILL,A104,US HOUSE,006,,MAXWELL KEITH FROEDGE,1
ESTILL,A105,US HOUSE,006,REPUBLICAN,ANDY BARR,187
ESTILL,A105,US HOUSE,006,DEMOCRAT,GEOFFREY M GEOFF YOUNG,34
ESTILL,A105,US HOUSE,006,,MAURICE RANDALL CRAVENS II,0
ESTILL,A105,US HOUSE,006,,MAXWELL KEITH FROEDGE,0
ESTILL,A106,US HOUSE,006,REPUBLICAN,ANDY BARR,315
ESTILL,A106,US HOUSE,006,DEMOCRAT,GEOFFREY M GEOFF YOUNG,58
ESTILL,A106,US HOUSE,006,,MAURICE RANDALL CRAVENS II,3
ESTILL,A106,US HOUSE,006,,MAXWELL KEITH FROEDGE,0
ESTILL,B102,US HOUSE,006,REPUBLICAN,ANDY BARR,354
ESTILL,B102,US HOUSE,006,DEMOCRAT,GEOFFREY M GEOFF YOUNG,43
ESTILL,B102,US HOUSE,006,,MAURICE RANDALL CRAVENS II,0
ESTILL,B102,US HOUSE,006,,MAXWELL KEITH FROEDGE,0
ESTILL,B103,US HOUSE,006,REPUBLICAN,ANDY BARR,172
ESTILL,B103,US HOUSE,006,DEMOCRAT,GEOFFREY M GEOFF YOUNG,39
ESTILL,B103,US HOUSE,006,,MAURICE RANDALL CRAVENS II,3
ESTILL,B103,US HOUSE,006,,MAXWELL KEITH FROEDGE,0
ESTILL,B104,US HOUSE,006,REPUBLICAN,ANDY BARR,195
ESTILL,B104,US HOUSE,006,DEMOCRAT,GEOFFREY M GEOFF YOUNG,35
ESTILL,B104,US HOUSE,006,,MAURICE RANDALL CRAVENS II,2
ESTILL,B104,US HOUSE,006,,MAXWELL KEITH FROEDGE,0
ESTILL,B105,US HOUSE,006,REPUBLICAN,ANDY BARR,453
ESTILL,B105,US HOUSE,006,DEMOCRAT,GEOFFREY M GEOFF YOUNG,110
ESTILL,B105,US HOUSE,006,,MAURICE RANDALL CRAVENS II,5
ESTILL,B105,US HOUSE,006,,MAXWELL KEITH FROEDGE,2
ESTILL,B106,US HOUSE,006,REPUBLICAN,ANDY BARR,154
ESTILL,B106,US HOUSE,006,DEMOCRAT,GEOFFREY M GEOFF YOUNG,32
ESTILL,B106,US HOUSE,006,,MAURICE RANDALL CRAVENS II,0
ESTILL,B106,US HOUSE,006,,MAXWELL KEITH FROEDGE,0
ESTILL,C103,US HOUSE,006,REPUBLICAN,ANDY BARR,439
ESTILL,C103,US HOUSE,006,DEMOCRAT,GEOFFREY M GEOFF YOUNG,80
ESTILL,C103,US HOUSE,006,,MAURICE RANDALL CRAVENS II,3
ESTILL,C103,US HOUSE,006,,MAXWELL KEITH FROEDGE,0
ESTILL,C104,US HOUSE,006,REPUBLICAN,ANDY BARR,347
ESTILL,C104,US HOUSE,006,DEMOCRAT,GEOFFREY M GEOFF YOUNG,34
ESTILL,C104,US HOUSE,006,,MAURICE RANDALL CRAVENS II,10
ESTILL,C104,US HOUSE,006,,MAXWELL KEITH FROEDGE,0
ESTILL,C105,US HOUSE,006,REPUBLICAN,ANDY BARR,237
ESTILL,C105,US HOUSE,006,DEMOCRAT,GEOFFREY M GEOFF YOUNG,32
ESTILL,C105,US HOUSE,006,,MAURICE RANDALL CRAVENS II,1
ESTILL,C105,US HOUSE,006,,MAXWELL KEITH FROEDGE,0
ESTILL,C106,US HOUSE,006,REPUBLICAN,ANDY BARR,475
ESTILL,C106,US HOUSE,006,DEMOCRAT,GEOFFREY M GEOFF YOUNG,81
ESTILL,C106,US HOUSE,006,,MAURICE RANDALL CRAVENS II,4
ESTILL,C106,US HOUSE,006,,MAXWELL KEITH FROEDGE,0
FAYETTE,A101,US HOUSE,006,REPUBLICAN,ANDY BARR,121
FAYETTE,A101,US HOUSE,006,DEMOCRAT,GEOFFREY M GEOFF YOUNG,110
FAYETTE,A101,US HOUSE,006,,MAURICE RANDALL CRAVENS II,15
FAYETTE,A101,US HOUSE,006,,MAXWELL KEITH FROEDGE,0
FAYETTE,A102,US HOUSE,006,DEMOCRAT,GEOFFREY M GEOFF YOUNG,176
FAYETTE,A102,US HOUSE,006,REPUBLICAN,ANDY BARR,161
FAYETTE,A102,US HOUSE,006,,MAURICE RANDALL CRAVENS II,52
FAYETTE,A102,US HOUSE,006,,MAXWELL KEITH FROEDGE,0
FAYETTE,A103,US HOUSE,006,REPUBLICAN,ANDY BARR,166
FAYETTE,A103,US HOUSE,006,DEMOCRAT,GEOFFREY M GEOFF YOUNG,133
FAYETTE,A103,US HOUSE,006,,MAURICE RANDALL CRAVENS II,32
FAYETTE,A103,US HOUSE,006,,MAXWELL KEITH FROEDGE,0
FAYETTE,A104,US HOUSE,006,REPUBLICAN,ANDY BARR,123
FAYETTE,A104,US HOUSE,006,DEMOCRAT,GEOFFREY M GEOFF YOUNG,49
FAYETTE,A104,US HOUSE,006,,MAURICE RANDALL CRAVENS II,7
FAYETTE,A104,US HOUSE,006,,MAXWELL KEITH FROEDGE,0
FAYETTE,A106,US HOUSE,006,DEMOCRAT,GEOFFREY M GEOFF YOUNG,70
FAYETTE,A106,US HOUSE,006,REPUBLICAN,ANDY BARR,61
FAYETTE,A106,US HOUSE,006,,MAURICE RANDALL CRAVENS II,6
FAYETTE,A106,US HOUSE,006,,MAXWELL KEITH FROEDGE,0
FAYETTE,A109,US HOUSE,006,DEMOCRAT,GEOFFREY M GEOFF YOUNG,229
FAYETTE,A109,US HOUSE,006,REPUBLICAN,ANDY BARR,41
FAYETTE,A109,US HOUSE,006,,MAURICE RANDALL CRAVENS II,4
FAYETTE,A109,US HOUSE,006,,MAXWELL KEITH FROEDGE,0
FAYETTE,A111,US HOUSE,006,DEMOCRAT,GEOFFREY M GEOFF YOUNG,185
FAYETTE,A111,US HOUSE,006,REPUBLICAN,ANDY BARR,110
FAYETTE,A111,US HOUSE,006,,MAURICE RANDALL CRAVENS II,27
FAYETTE,A111,US HOUSE,006,,MAXWELL KEITH FROEDGE,0
FAYETTE,A113,US HOUSE,006,DEMOCRAT,GEOFFREY M GEOFF YOUNG,167
FAYETTE,A113,US HOUSE,006,REPUBLICAN,ANDY BARR,140
FAYETTE,A113,US HOUSE,006,,MAURICE RANDALL CRAVENS II,33
FAYETTE,A113,US HOUSE,006,,MAXWELL KEITH FROEDGE,0
FAYETTE,A114,US HOUSE,006,DEMOCRAT,GEOFFREY M GEOFF YOUNG,115
FAYETTE,A114,US HOUSE,006,REPUBLICAN,ANDY BARR,55
FAYETTE,A114,US HOUSE,006,,MAURICE RANDALL CRAVENS II,17
FAYETTE,A114,US HOUSE,006,,MAXWELL KEITH FROEDGE,0
FAYETTE,A115,US HOUSE,006,DEMOCRAT,GEOFFREY M GEOFF YOUNG,277
FAYETTE,A115,US HOUSE,006,REPUBLICAN,ANDY BARR,26
FAYETTE,A115,US HOUSE,006,,MAURICE RANDALL CRAVENS II,3
FAYETTE,A115,US HOUSE,006,,MAXWELL KEITH FROEDGE,1
FAYETTE,A116,US HOUSE,006,DEMOCRAT,GEOFFREY M GEOFF YOUNG,168
FAYETTE,A116,US HOUSE,006,REPUBLICAN,ANDY BARR,162
FAYETTE,A116,US HOUSE,006,,MAURICE RANDALL CRAVENS II,19
FAYETTE,A116,US HOUSE,006,,MAXWELL KEITH FROEDGE,0
FAYETTE,A117,US HOUSE,006,DEMOCRAT,GEOFFREY M GEOFF YOUNG,225
FAYETTE,A117,US HOUSE,006,REPUBLICAN,ANDY BARR,99
FAYETTE,A117,US HOUSE,006,,MAURICE RANDALL CRAVENS II,88
FAYETTE,A117,US HOUSE,006,,MAXWELL KEITH FROEDGE,0
FAYETTE,A118,US HOUSE,006,DEMOCRAT,GEOFFREY M GEOFF YOUNG,157
FAYETTE,A118,US HOUSE,006,REPUBLICAN,ANDY BARR,152
FAYETTE,A118,US HOUSE,006,,MAURICE RANDALL CRAVENS II,14
FAYETTE,A118,US HOUSE,006,,MAXWELL KEITH FROEDGE,1
FAYETTE,A120,US HOUSE,006,DEMOCRAT,GEOFFREY M GEOFF YOUNG,166
FAYETTE,A120,US HOUSE,006,REPUBLICAN,ANDY BARR,26
FAYETTE,A120,US HOUSE,006,,MAURICE RANDALL CRAVENS II,4
FAYETTE,A120,US HOUSE,006,,MAXWELL KEITH FROEDGE,0
FAYETTE,A121,US HOUSE,006,DEMOCRAT,GEOFFREY M GEOFF YOUNG,151
FAYETTE,A121,US HOUSE,006,REPUBLICAN,ANDY BARR,76
FAYETTE,A121,US HOUSE,006,,MAURICE RANDALL CRAVENS II,13
FAYETTE,A121,US HOUSE,006,,MAXWELL KEITH FROEDGE,0
FAYETTE,A123,US HOUSE,006,DEMOCRAT,GEOFFREY M GEOFF YOUNG,184
FAYETTE,A123,US HOUSE,006,REPUBLICAN,ANDY BARR,158
FAYETTE,A123,US HOUSE,006,,MAURICE RANDALL CRAVENS II,46
FAYETTE,A123,US HOUSE,006,,MAXWELL KEITH FROEDGE,0
FAYETTE,A126,US HOUSE,006,DEMOCRAT,GEOFFREY M GEOFF YOUNG,174
FAYETTE,A126,US HOUSE,006,REPUBLICAN,ANDY BARR,62
FAYETTE,A126,US HOUSE,006,,MAURICE RANDALL CRAVENS II,9
FAYETTE,A126,US HOUSE,006,,MAXWELL KEITH FROEDGE,0
FAYETTE,A128,US HOUSE,006,DEMOCRAT,GEOFFREY M GEOFF YOUNG,251
FAYETTE,A128,US HOUSE,006,REPUBLICAN,ANDY BARR,186
FAYETTE,A128,US HOUSE,006,,MAURICE RANDALL CRAVENS II,39
FAYETTE,A128,US HOUSE,006,,MAXWELL KEITH FROEDGE,0
FAYETTE,A130,US HOUSE,006,DEMOCRAT,GEOFFREY M GEOFF YOUNG,170
FAYETTE,A130,US HOUSE,006,REPUBLICAN,ANDY BARR,26
FAYETTE,A130,US HOUSE,006,,MAURICE RANDALL CRAVENS II,9
FAYETTE,A130,US HOUSE,006,,MAXWELL KEITH FROEDGE,0
FAYETTE,A131,US HOUSE,006,DEMOCRAT,GEOFFREY M GEOFF YOUNG,135
FAYETTE,A131,US HOUSE,006,REPUBLICAN,ANDY BARR,73
FAYETTE,A131,US HOUSE,006,,MAURICE RANDALL CRAVENS II,17
FAYETTE,A131,US HOUSE,006,,MAXWELL KEITH FROEDGE,0
FAYETTE,A132,US HOUSE,006,DEMOCRAT,GEOFFREY M GEOFF YOUNG,176
FAYETTE,A132,US HOUSE,006,REPUBLICAN,ANDY BARR,169
FAYETTE,A132,US HOUSE,006,,MAURICE RANDALL CRAVENS II,34
FAYETTE,A132,US HOUSE,006,,MAXWELL KEITH FROEDGE,0
FAYETTE,A133,US HOUSE,006,DEMOCRAT,GEOFFREY M GEOFF YOUNG,221
FAYETTE,A133,US HOUSE,006,REPUBLICAN,ANDY BARR,80
FAYETTE,A133,US HOUSE,006,,MAURICE RANDALL CRAVENS II,25
FAYETTE,A133,US HOUSE,006,,MAXWELL KEITH FROEDGE,0
FAYETTE,A134,US HOUSE,006,DEMOCRAT,GEOFFREY M GEOFF YOUNG,141
FAYETTE,A134,US HOUSE,006,REPUBLICAN,ANDY BARR,44
FAYETTE,A134,US HOUSE,006,,MAURICE RANDALL CRAVENS II,3
FAYETTE,A134,US HOUSE,006,,MAXWELL KEITH FROEDGE,0
FAYETTE,A135,US HOUSE,006,DEMOCRAT,GEOFFREY M GEOFF YOUNG,198
FAYETTE,A135,US HOUSE,006,REPUBLICAN,ANDY BARR,64
FAYETTE,A135,US HOUSE,006,,MAURICE RANDALL CRAVENS II,3
FAYETTE,A135,US HOUSE,006,,MAXWELL KEITH FROEDGE,0
FAYETTE,A136,US HOUSE,006,DEMOCRAT,GEOFFREY M GEOFF YOUNG,191
FAYETTE,A136,US HOUSE,006,REPUBLICAN,ANDY BARR,172
FAYETTE,A136,US HOUSE,006,,MAURICE RANDALL CRAVENS II,36
FAYETTE,A136,US HOUSE,006,,MAXWELL KEITH FROEDGE,2
FAYETTE,A138,US HOUSE,006,REPUBLICAN,ANDY BARR,310
FAYETTE,A138,US HOUSE,006,DEMOCRAT,GEOFFREY M GEOFF YOUNG,220
FAYETTE,A138,US HOUSE,006,,MAURICE RANDALL CRAVENS II,56
FAYETTE,A138,US HOUSE,006,,MAXWELL KEITH FROEDGE,0
FAYETTE,A139,US HOUSE,006,REPUBLICAN,ANDY BARR,206
FAYETTE,A139,US HOUSE,006,DEMOCRAT,GEOFFREY M GEOFF YOUNG,159
FAYETTE,A139,US HOUSE,006,,MAURICE RANDALL CRAVENS II,20
FAYETTE,A139,US HOUSE,006,,MAXWELL KEITH FROEDGE,0
FAYETTE,A140,US HOUSE,006,DEMOCRAT,GEOFFREY M GEOFF YOUNG,124
FAYETTE,A140,US HOUSE,006,REPUBLICAN,ANDY BARR,102
FAYETTE,A140,US HOUSE,006,,MAURICE RANDALL CRAVENS II,27
FAYETTE,A140,US HOUSE,006,,MAXWELL KEITH FROEDGE,0
FAYETTE,A143,US HOUSE,006,DEMOCRAT,GEOFFREY M GEOFF YOUNG,117
FAYETTE,A143,US HOUSE,006,REPUBLICAN,ANDY BARR,55
FAYETTE,A143,US HOUSE,006,,MAURICE RANDALL CRAVENS II,2
FAYETTE,A143,US HOUSE,006,,MAXWELL KEITH FROEDGE,0
FAYETTE,A144,US HOUSE,006,DEMOCRAT,GEOFFREY M GEOFF YOUNG,194
FAYETTE,A144,US HOUSE,006,REPUBLICAN,ANDY BARR,58
FAYETTE,A144,US HOUSE,006,,MAURICE RANDALL CRAVENS II,4
FAYETTE,A144,US HOUSE,006,,MAXWELL KEITH FROEDGE,0
FAYETTE,A145,US HOUSE,006,REPUBLICAN,ANDY BARR,206
FAYETTE,A145,US HOUSE,006,DEMOCRAT,GEOFFREY M GEOFF YOUNG,173
FAYETTE,A145,US HOUSE,006,,MAURICE RANDALL CRAVENS II,40
FAYETTE,A145,US HOUSE,006,,MAXWELL KEITH FROEDGE,0
FAYETTE,A146,US HOUSE,006,DEMOCRAT,GEOFFREY M GEOFF YOUNG,148
FAYETTE,A146,US HOUSE,006,REPUBLICAN,ANDY BARR,87
FAYETTE,A146,US HOUSE,006,,MAURICE RANDALL CRAVENS II,33
FAYETTE,A146,US HOUSE,006,,MAXWELL KEITH FROEDGE,0
FAYETTE,A148,US HOUSE,006,DEMOCRAT,GEOFFREY M GEOFF YOUNG,276
FAYETTE,A148,US HOUSE,006,REPUBLICAN,ANDY BARR,66
FAYETTE,A148,US HOUSE,006,,MAURICE RANDALL CRAVENS II,43
FAYETTE,A148,US HOUSE,006,,MAXWELL KEITH FROEDGE,0
FAYETTE,A149,US HOUSE,006,DEMOCRAT,GEOFFREY M GEOFF YOUNG,151
FAYETTE,A149,US HOUSE,006,REPUBLICAN,ANDY BARR,23
FAYETTE,A149,US HOUSE,006,,MAURICE RANDALL CRAVENS II,11
FAYETTE,A149,US HOUSE,006,,MAXWELL KEITH FROEDGE,0
FAYETTE,A150,US HOUSE,006,DEMOCRAT,GEOFFREY M GEOFF YOUNG,252
FAYETTE,A150,US HOUSE,006,REPUBLICAN,ANDY BARR,43
FAYETTE,A150,US HOUSE,006,,MAURICE RANDALL CRAVENS II,30
FAYETTE,A150,US HOUSE,006,,MAXWELL KEITH FROEDGE,1
FAYETTE,A151,US HOUSE,006,DEMOCRAT,GEOFFREY M GEOFF YOUNG,170
FAYETTE,A151,US HOUSE,006,REPUBLICAN,ANDY BARR,153
FAYETTE,A151,US HOUSE,006,,MAURICE RANDALL CRAVENS II,35
FAYETTE,A151,US HOUSE,006,,MAXWELL KEITH FROEDGE,2
FAYETTE,A152,US HOUSE,006,DEMOCRAT,GEOFFREY M GEOFF YOUNG,256
FAYETTE,A152,US HOUSE,006,REPUBLICAN,ANDY BARR,162
FAYETTE,A152,US HOUSE,006,,MAURICE RANDALL CRAVENS II,14
FAYETTE,A152,US HOUSE,006,,MAXWELL KEITH FROEDGE,0
FAYETTE,A155,US HOUSE,006,DEMOCRAT,GEOFFREY M GEOFF YOUNG,294
FAYETTE,A155,US HOUSE,006,REPUBLICAN,ANDY BARR,66
FAYETTE,A155,US HOUSE,006,,MAURICE RANDALL CRAVENS II,26
FAYETTE,A155,US HOUSE,006,,MAXWELL KEITH FROEDGE,0
FAYETTE,A156,US HOUSE,006,DEMOCRAT,GEOFFREY M GEOFF YOUNG,135
FAYETTE,A156,US HOUSE,006,REPUBLICAN,ANDY BARR,106
FAYETTE,A156,US HOUSE,006,,MAURICE RANDALL CRAVENS II,28
FAYETTE,A156,US HOUSE,006,,MAXWELL KEITH FROEDGE,1
FAYETTE,A157,US HOUSE,006,REPUBLICAN,ANDY BARR,277
FAYETTE,A157,US HOUSE,006,DEMOCRAT,GEOFFREY M GEOFF YOUNG,172
FAYETTE,A157,US HOUSE,006,,MAURICE RANDALL CRAVENS II,38
FAYETTE,A157,US HOUSE,006,,MAXWELL KEITH FROEDGE,2
FAYETTE,A158,US HOUSE,006,REPUBLICAN,ANDY BARR,338
FAYETTE,A158,US HOUSE,006,DEMOCRAT,GEOFFREY M GEOFF YOUNG,107
FAYETTE,A158,US HOUSE,006,,MAURICE RANDALL CRAVENS II,14
FAYETTE,A158,US HOUSE,006,,MAXWELL KEITH FROEDGE,0
FAYETTE,A161,US HOUSE,006,DEMOCRAT,GEOFFREY M GEOFF YOUNG,276
FAYETTE,A161,US HOUSE,006,REPUBLICAN,ANDY BARR,66
FAYETTE,A161,US HOUSE,006,,MAURICE RANDALL CRAVENS II,31
FAYETTE,A161,US HOUSE,006,,MAXWELL KEITH FROEDGE,0
FAYETTE,A163,US HOUSE,006,DEMOCRAT,GEOFFREY M GEOFF YOUNG,111
FAYETTE,A163,US HOUSE,006,REPUBLICAN,ANDY BARR,61
FAYETTE,A163,US HOUSE,006,,MAURICE RANDALL CRAVENS II,6
FAYETTE,A163,US HOUSE,006,,MAXWELL KEITH FROEDGE,0
FAYETTE,A164,US HOUSE,006,DEMOCRAT,GEOFFREY M GEOFF YOUNG,188
FAYETTE,A164,US HOUSE,006,REPUBLICAN,ANDY BARR,79
FAYETTE,A164,US HOUSE,006,,MAURICE RANDALL CRAVENS II,5
FAYETTE,A164,US HOUSE,006,,MAXWELL KEITH FROEDGE,0
FAYETTE,A165,US HOUSE,006,REPUBLICAN,ANDY BARR,158
FAYETTE,A165,US HOUSE,006,DEMOCRAT,GEOFFREY M GEOFF YOUNG,103
FAYETTE,A165,US HOUSE,006,,MAURICE RANDALL CRAVENS II,12
FAYETTE,A165,US HOUSE,006,,MAXWELL KEITH FROEDGE,0
FAYETTE,A166,US HOUSE,006,REPUBLICAN,ANDY BARR,252
FAYETTE,A166,US HOUSE,006,DEMOCRAT,GEOFFREY M GEOFF YOUNG,156
FAYETTE,A166,US HOUSE,006,,MAURICE RANDALL CRAVENS II,20
FAYETTE,A166,US HOUSE,006,,MAXWELL KEITH FROEDGE,0
FAYETTE,A167,US HOUSE,006,REPUBLICAN,ANDY BARR,119
FAYETTE,A167,US HOUSE,006,DEMOCRAT,GEOFFREY M GEOFF YOUNG,99
FAYETTE,A167,US HOUSE,006,,MAURICE RANDALL CRAVENS II,29
FAYETTE,A167,US HOUSE,006,,MAXWELL KEITH FROEDGE,0
FAYETTE,A168,US HOUSE,006,DEMOCRAT,GEOFFREY M GEOFF YOUNG,236
FAYETTE,A168,US HOUSE,006,REPUBLICAN,ANDY BARR,150
FAYETTE,A168,US HOUSE,006,,MAURICE RANDALL CRAVENS II,37
FAYETTE,A168,US HOUSE,006,,MAXWELL KEITH FROEDGE,0
FAYETTE,A169,US HOUSE,006,DEMOCRAT,GEOFFREY M GEOFF YOUNG,177
FAYETTE,A169,US HOUSE,006,REPUBLICAN,ANDY BARR,116
FAYETTE,A169,US HOUSE,006,,MAURICE RANDALL CRAVENS II,23
FAYETTE,A169,US HOUSE,006,,MAXWELL KEITH FROEDGE,1
FAYETTE,A170,US HOUSE,006,DEMOCRAT,GEOFFREY M GEOFF YOUNG,95
FAYETTE,A170,US HOUSE,006,REPUBLICAN,ANDY BARR,77
FAYETTE,A170,US HOUSE,006,,MAURICE RANDALL CRAVENS II,19
FAYETTE,A170,US HOUSE,006,,MAXWELL KEITH FROEDGE,0
FAYETTE,A171,US HOUSE,006,REPUBLICAN,ANDY BARR,191
FAYETTE,A171,US HOUSE,006,DEMOCRAT,GEOFFREY M GEOFF YOUNG,131
FAYETTE,A171,US HOUSE,006,,MAURICE RANDALL CRAVENS II,27
FAYETTE,A171,US HOUSE,006,,MAXWELL KEITH FROEDGE,0
FAYETTE,A172,US HOUSE,006,DEMOCRAT,GEOFFREY M GEOFF YOUNG,150
FAYETTE,A172,US HOUSE,006,REPUBLICAN,ANDY BARR,96
FAYETTE,A172,US HOUSE,006,,MAURICE RANDALL CRAVENS II,21
FAYETTE,A172,US HOUSE,006,,MAXWELL KEITH FROEDGE,0
FAYETTE,A173,US HOUSE,006,DEMOCRAT,GEOFFREY M GEOFF YOUNG,147
FAYETTE,A173,US HOUSE,006,REPUBLICAN,ANDY BARR,54
FAYETTE,A173,US HOUSE,006,,MAURICE RANDALL CRAVENS II,17
FAYETTE,A173,US HOUSE,006,,MAXWELL KEITH FROEDGE,0
FAYETTE,A174,US HOUSE,006,DEMOCRAT,GEOFFREY M GEOFF YOUNG,49
FAYETTE,A174,US HOUSE,006,REPUBLICAN,ANDY BARR,36
FAYETTE,A174,US HOUSE,006,,MAURICE RANDALL CRAVENS II,8
FAYETTE,A174,US HOUSE,006,,MAXWELL KEITH FROEDGE,0
FAYETTE,A175,US HOUSE,006,REPUBLICAN,ANDY BARR,178
FAYETTE,A175,US HOUSE,006,DEMOCRAT,GEOFFREY M GEOFF YOUNG,106
FAYETTE,A175,US HOUSE,006,,MAURICE RANDALL CRAVENS II,8
FAYETTE,A175,US HOUSE,006,,MAXWELL KEITH FROEDGE,0
FAYETTE,A176,US HOUSE,006,REPUBLICAN,ANDY BARR,249
FAYETTE,A176,US HOUSE,006,DEMOCRAT,GEOFFREY M GEOFF YOUNG,108
FAYETTE,A176,US HOUSE,006,,MAURICE RANDALL CRAVENS II,20
FAYETTE,A176,US HOUSE,006,,MAXWELL KEITH FROEDGE,0
FAYETTE,A177,US HOUSE,006,DEMOCRAT,GEOFFREY M GEOFF YOUNG,146
FAYETTE,A177,US HOUSE,006,REPUBLICAN,ANDY BARR,61
FAYETTE,A177,US HOUSE,006,,MAURICE RANDALL CRAVENS II,12
FAYETTE,A177,US HOUSE,006,,MAXWELL KEITH FROEDGE,0
FAYETTE,A178,US HOUSE,006,DEMOCRAT,GEOFFREY M GEOFF YOUNG,121
FAYETTE,A178,US HOUSE,006,REPUBLICAN,ANDY BARR,88
FAYETTE,A178,US HOUSE,006,,MAURICE RANDALL CRAVENS II,3
FAYETTE,A178,US HOUSE,006,,MAXWELL KEITH FROEDGE,0
FAYETTE,A179,US HOUSE,006,DEMOCRAT,GEOFFREY M GEOFF YOUNG,158
FAYETTE,A179,US HOUSE,006,REPUBLICAN,ANDY BARR,12
FAYETTE,A179,US HOUSE,006,,MAURICE RANDALL CRAVENS II,5
FAYETTE,A179,US HOUSE,006,,MAXWELL KEITH FROEDGE,0
FAYETTE,A180,US HOUSE,006,DEMOCRAT,GEOFFREY M GEOFF YOUNG,145
FAYETTE,A180,US HOUSE,006,REPUBLICAN,ANDY BARR,116
FAYETTE,A180,US HOUSE,006,,MAURICE RANDALL CRAVENS II,21
FAYETTE,A180,US HOUSE,006,,MAXWELL KEITH FROEDGE,1
FAYETTE,A181,US HOUSE,006,DEMOCRAT,GEOFFREY M GEOFF YOUNG,205
FAYETTE,A181,US HOUSE,006,REPUBLICAN,ANDY BARR,196
FAYETTE,A181,US HOUSE,006,,MAURICE RANDALL CRAVENS II,44
FAYETTE,A181,US HOUSE,006,,MAXWELL KEITH FROEDGE,0
FAYETTE,A182,US HOUSE,006,REPUBLICAN,ANDY BARR,265
FAYETTE,A182,US HOUSE,006,DEMOCRAT,GEOFFREY M GEOFF YOUNG,134
FAYETTE,A182,US HOUSE,006,,MAURICE RANDALL CRAVENS II,19
FAYETTE,A182,US HOUSE,006,,MAXWELL KEITH FROEDGE,0
FAYETTE,A183,US HOUSE,006,DEMOCRAT,GEOFFREY M GEOFF YOUNG,204
FAYETTE,A183,US HOUSE,006,REPUBLICAN,ANDY BARR,187
FAYETTE,A183,US HOUSE,006,,MAURICE RANDALL CRAVENS II,15
FAYETTE,A183,US HOUSE,006,,MAXWELL KEITH FROEDGE,0
FAYETTE,A184,US HOUSE,006,DEMOCRAT,GEOFFREY M GEOFF YOUNG,59
FAYETTE,A184,US HOUSE,006,REPUBLICAN,ANDY BARR,19
FAYETTE,A184,US HOUSE,006,,MAURICE RANDALL CRAVENS II,7
FAYETTE,A184,US HOUSE,006,,MAXWELL KEITH FROEDGE,2
FAYETTE,A185,US HOUSE,006,DEMOCRAT,GEOFFREY M GEOFF YOUNG,200
FAYETTE,A185,US HOUSE,006,REPUBLICAN,ANDY BARR,79
FAYETTE,A185,US HOUSE,006,,MAURICE RANDALL CRAVENS II,21
FAYETTE,A185,US HOUSE,006,,MAXWELL KEITH FROEDGE,0
FAYETTE,A187,US HOUSE,006,DEMOCRAT,GEOFFREY M GEOFF YOUNG,268
FAYETTE,A187,US HOUSE,006,REPUBLICAN,ANDY BARR,192
FAYETTE,A187,US HOUSE,006,,MAURICE RANDALL CRAVENS II,31
FAYETTE,A187,US HOUSE,006,,MAXWELL KEITH FROEDGE,0
FAYETTE,A188,US HOUSE,006,REPUBLICAN,ANDY BARR,223
FAYETTE,A188,US HOUSE,006,DEMOCRAT,GEOFFREY M GEOFF YOUNG,193
FAYETTE,A188,US HOUSE,006,,MAURICE RANDALL CRAVENS II,31
FAYETTE,A188,US HOUSE,006,,MAXWELL KEITH FROEDGE,0
FAYETTE,A189,US HOUSE,006,REPUBLICAN,ANDY BARR,175
FAYETTE,A189,US HOUSE,006,DEMOCRAT,GEOFFREY M GEOFF YOUNG,76
FAYETTE,A189,US HOUSE,006,,MAURICE RANDALL CRAVENS II,21
FAYETTE,A189,US HOUSE,006,,MAXWELL KEITH FROEDGE,0
FAYETTE,A190,US HOUSE,006,DEMOCRAT,GEOFFREY M GEOFF YOUNG,170
FAYETTE,A190,US HOUSE,006,REPUBLICAN,ANDY BARR,158
FAYETTE,A190,US HOUSE,006,,MAURICE RANDALL CRAVENS II,15
FAYETTE,A190,US HOUSE,006,,MAXWELL KEITH FROEDGE,0
FAYETTE,A191,US HOUSE,006,DEMOCRAT,GEOFFREY M GEOFF YOUNG,248
FAYETTE,A191,US HOUSE,006,REPUBLICAN,ANDY BARR,201
FAYETTE,A191,US HOUSE,006,,MAURICE RANDALL CRAVENS II,24
FAYETTE,A191,US HOUSE,006,,MAXWELL KEITH FROEDGE,0
FAYETTE,A192,US HOUSE,006,REPUBLICAN,ANDY BARR,232
FAYETTE,A192,US HOUSE,006,DEMOCRAT,GEOFFREY M GEOFF YOUNG,165
FAYETTE,A192,US HOUSE,006,,MAURICE RANDALL CRAVENS II,27
FAYETTE,A192,US HOUSE,006,,MAXWELL KEITH FROEDGE,0
FAYETTE,A193,US HOUSE,006,REPUBLICAN,ANDY BARR,319
FAYETTE,A193,US HOUSE,006,DEMOCRAT,GEOFFREY M GEOFF YOUNG,151
FAYETTE,A193,US HOUSE,006,,MAURICE RANDALL CRAVENS II,46
FAYETTE,A193,US HOUSE,006,,MAXWELL KEITH FROEDGE,0
FAYETTE,A194,US HOUSE,006,DEMOCRAT,GEOFFREY M GEOFF YOUNG,212
FAYETTE,A194,US HOUSE,006,REPUBLICAN,ANDY BARR,173
FAYETTE,A194,US HOUSE,006,,MAURICE RANDALL CRAVENS II,13
FAYETTE,A194,US HOUSE,006,,MAXWELL KEITH FROEDGE,0
FAYETTE,A195,US HOUSE,006,DEMOCRAT,GEOFFREY M GEOFF YOUNG,200
FAYETTE,A195,US HOUSE,006,REPUBLICAN,ANDY BARR,162
FAYETTE,A195,US HOUSE,006,,MAURICE RANDALL CRAVENS II,11
FAYETTE,A195,US HOUSE,006,,MAXWELL KEITH FROEDGE,0
FAYETTE,A196,US HOUSE,006,DEMOCRAT,GEOFFREY M GEOFF YOUNG,200
FAYETTE,A196,US HOUSE,006,REPUBLICAN,ANDY BARR,121
FAYETTE,A196,US HOUSE,006,,MAURICE RANDALL CRAVENS II,22
FAYETTE,A196,US HOUSE,006,,MAXWELL KEITH FROEDGE,0
FAYETTE,A197,US HOUSE,006,DEMOCRAT,GEOFFREY M GEOFF YOUNG,194
FAYETTE,A197,US HOUSE,006,REPUBLICAN,ANDY BARR,162
FAYETTE,A197,US HOUSE,006,,MAURICE RANDALL CRAVENS II,23
FAYETTE,A197,US HOUSE,006,,MAXWELL KEITH FROEDGE,0
FAYETTE,A198,US HOUSE,006,DEMOCRAT,GEOFFREY M GEOFF YOUNG,193
FAYETTE,A198,US HOUSE,006,REPUBLICAN,ANDY BARR,131
FAYETTE,A198,US HOUSE,006,,MAURICE RANDALL CRAVENS II,9
FAYETTE,A198,US HOUSE,006,,MAXWELL KEITH FROEDGE,0
FAYETTE,A199,US HOUSE,006,DEMOCRAT,GEOFFREY M GEOFF YOUNG,187
FAYETTE,A199,US HOUSE,006,REPUBLICAN,ANDY BARR,106
FAYETTE,A199,US HOUSE,006,,MAURICE RANDALL CRAVENS II,12
FAYETTE,A199,US HOUSE,006,,MAXWELL KEITH FROEDGE,0
FAYETTE,A200,US HOUSE,006,DEMOCRAT,GEOFFREY M GEOFF YOUNG,390
FAYETTE,A200,US HOUSE,006,REPUBLICAN,ANDY BARR,327
FAYETTE,A200,US HOUSE,006,,MAURICE RANDALL CRAVENS II,43
FAYETTE,A200,US HOUSE,006,,MAXWELL KEITH FROEDGE,0
FAYETTE,A201,US HOUSE,006,DEMOCRAT,GEOFFREY M GEOFF YOUNG,168
FAYETTE,A201,US HOUSE,006,REPUBLICAN,ANDY BARR,86
FAYETTE,A201,US HOUSE,006,,MAURICE RANDALL CRAVENS II,13
FAYETTE,A201,US HOUSE,006,,MAXWELL KEITH FROEDGE,0
FAYETTE,A202,US HOUSE,006,REPUBLICAN,ANDY BARR,0
FAYETTE,A202,US HOUSE,006,DEMOCRAT,GEOFFREY M GEOFF YOUNG,0
FAYETTE,A202,US HOUSE,006,,MAURICE RANDALL CRAVENS II,0
FAYETTE,A202,US HOUSE,006,,MAXWELL KEITH FROEDGE,0
FAYETTE,A203,US HOUSE,006,DEMOCRAT,GEOFFREY M GEOFF YOUNG,16
FAYETTE,A203,US HOUSE,006,REPUBLICAN,ANDY BARR,1
FAYETTE,A203,US HOUSE,006,,MAURICE RANDALL CRAVENS II,0
FAYETTE,A203,US HOUSE,006,,MAXWELL KEITH FROEDGE,0
FAYETTE,A204,US HOUSE,006,DEMOCRAT,GEOFFREY M GEOFF YOUNG,179
FAYETTE,A204,US HOUSE,006,REPUBLICAN,ANDY BARR,144
FAYETTE,A204,US HOUSE,006,,MAURICE RANDALL CRAVENS II,9
FAYETTE,A204,US HOUSE,006,,MAXWELL KEITH FROEDGE,0
FAYETTE,A205,US HOUSE,006,DEMOCRAT,GEOFFREY M GEOFF YOUNG,362
FAYETTE,A205,US HOUSE,006,REPUBLICAN,ANDY BARR,232
FAYETTE,A205,US HOUSE,006,,MAURICE RANDALL CRAVENS II,26
FAYETTE,A205,US HOUSE,006,,MAXWELL KEITH FROEDGE,0
FAYETTE,B101,US HOUSE,006,REPUBLICAN,ANDY BARR,226
FAYETTE,B101,US HOUSE,006,DEMOCRAT,GEOFFREY M GEOFF YOUNG,150
FAYETTE,B101,US HOUSE,006,,MAURICE RANDALL CRAVENS II,18
FAYETTE,B101,US HOUSE,006,,MAXWELL KEITH FROEDGE,0
FAYETTE,B102,US HOUSE,006,DEMOCRAT,GEOFFREY M GEOFF YOUNG,240
FAYETTE,B102,US HOUSE,006,REPUBLICAN,ANDY BARR,170
FAYETTE,B102,US HOUSE,006,,MAURICE RANDALL CRAVENS II,53
FAYETTE,B102,US HOUSE,006,,MAXWELL KEITH FROEDGE,0
FAYETTE,B103,US HOUSE,006,REPUBLICAN,ANDY BARR,210
FAYETTE,B103,US HOUSE,006,DEMOCRAT,GEOFFREY M GEOFF YOUNG,149
FAYETTE,B103,US HOUSE,006,,MAURICE RANDALL CRAVENS II,24
FAYETTE,B103,US HOUSE,006,,MAXWELL KEITH FROEDGE,0
FAYETTE,B104,US HOUSE,006,REPUBLICAN,ANDY BARR,154
FAYETTE,B104,US HOUSE,006,DEMOCRAT,GEOFFREY M GEOFF YOUNG,129
FAYETTE,B104,US HOUSE,006,,MAURICE RANDALL CRAVENS II,26
FAYETTE,B104,US HOUSE,006,,MAXWELL KEITH FROEDGE,0
FAYETTE,B105,US HOUSE,006,REPUBLICAN,ANDY BARR,165
FAYETTE,B105,US HOUSE,006,DEMOCRAT,GEOFFREY M GEOFF YOUNG,161
FAYETTE,B105,US HOUSE,006,,MAURICE RANDALL CRAVENS II,29
FAYETTE,B105,US HOUSE,006,,MAXWELL KEITH FROEDGE,1
FAYETTE,B106,US HOUSE,006,REPUBLICAN,ANDY BARR,157
FAYETTE,B106,US HOUSE,006,DEMOCRAT,GEOFFREY M GEOFF YOUNG,130
FAYETTE,B106,US HOUSE,006,,MAURICE RANDALL CRAVENS II,24
FAYETTE,B106,US HOUSE,006,,MAXWELL KEITH FROEDGE,0
FAYETTE,B108,US HOUSE,006,DEMOCRAT,GEOFFREY M GEOFF YOUNG,162
FAYETTE,B108,US HOUSE,006,REPUBLICAN,ANDY BARR,132
FAYETTE,B108,US HOUSE,006,,MAURICE RANDALL CRAVENS II,22
FAYETTE,B108,US HOUSE,006,,MAXWELL KEITH FROEDGE,0
FAYETTE,B110,US HOUSE,006,REPUBLICAN,ANDY BARR,158
FAYETTE,B110,US HOUSE,006,DEMOCRAT,GEOFFREY M GEOFF YOUNG,156
FAYETTE,B110,US HOUSE,006,,MAURICE RANDALL CRAVENS II,31
FAYETTE,B110,US HOUSE,006,,MAXWELL KEITH FROEDGE,0
FAYETTE,B111,US HOUSE,006,DEMOCRAT,GEOFFREY M GEOFF YOUNG,146
FAYETTE,B111,US HOUSE,006,REPUBLICAN,ANDY BARR,110
FAYETTE,B111,US HOUSE,006,,MAURICE RANDALL CRAVENS II,11
FAYETTE,B111,US HOUSE,006,,MAXWELL KEITH FROEDGE,0
FAYETTE,B112,US HOUSE,006,REPUBLICAN,ANDY BARR,183
FAYETTE,B112,US HOUSE,006,DEMOCRAT,GEOFFREY M GEOFF YOUNG,120
FAYETTE,B112,US HOUSE,006,,MAURICE RANDALL CRAVENS II,46
FAYETTE,B112,US HOUSE,006,,MAXWELL KEITH FROEDGE,0
FAYETTE,B113,US HOUSE,006,DEMOCRAT,GEOFFREY M GEOFF YOUNG,269
FAYETTE,B113,US HOUSE,006,REPUBLICAN,ANDY BARR,143
FAYETTE,B113,US HOUSE,006,,MAURICE RANDALL CRAVENS II,81
FAYETTE,B113,US HOUSE,006,,MAXWELL KEITH FROEDGE,0
FAYETTE,B114,US HOUSE,006,REPUBLICAN,ANDY BARR,159
FAYETTE,B114,US HOUSE,006,DEMOCRAT,GEOFFREY M GEOFF YOUNG,151
FAYETTE,B114,US HOUSE,006,,MAURICE RANDALL CRAVENS II,39
FAYETTE,B114,US HOUSE,006,,MAXWELL KEITH FROEDGE,0
FAYETTE,B117,US HOUSE,006,REPUBLICAN,ANDY BARR,306
FAYETTE,B117,US HOUSE,006,DEMOCRAT,GEOFFREY M GEOFF YOUNG,161
FAYETTE,B117,US HOUSE,006,,MAURICE RANDALL CRAVENS II,39
FAYETTE,B117,US HOUSE,006,,MAXWELL KEITH FROEDGE,2
FAYETTE,B118,US HOUSE,006,DEMOCRAT,GEOFFREY M GEOFF YOUNG,236
FAYETTE,B118,US HOUSE,006,REPUBLICAN,ANDY BARR,154
FAYETTE,B118,US HOUSE,006,,MAURICE RANDALL CRAVENS II,51
FAYETTE,B118,US HOUSE,006,,MAXWELL KEITH FROEDGE,0
FAYETTE,B119,US HOUSE,006,DEMOCRAT,GEOFFREY M GEOFF YOUNG,123
FAYETTE,B119,US HOUSE,006,REPUBLICAN,ANDY BARR,112
FAYETTE,B119,US HOUSE,006,,MAURICE RANDALL CRAVENS II,16
FAYETTE,B119,US HOUSE,006,,MAXWELL KEITH FROEDGE,0
FAYETTE,B120,US HOUSE,006,REPUBLICAN,ANDY BARR,121
FAYETTE,B120,US HOUSE,006,DEMOCRAT,GEOFFREY M GEOFF YOUNG,113
FAYETTE,B120,US HOUSE,006,,MAURICE RANDALL CRAVENS II,21
FAYETTE,B120,US HOUSE,006,,MAXWELL KEITH FROEDGE,0
FAYETTE,B121,US HOUSE,006,REPUBLICAN,ANDY BARR,139
FAYETTE,B121,US HOUSE,006,DEMOCRAT,GEOFFREY M GEOFF YOUNG,117
FAYETTE,B121,US HOUSE,006,,MAURICE RANDALL CRAVENS II,32
FAYETTE,B121,US HOUSE,006,,MAXWELL KEITH FROEDGE,1
FAYETTE,B123,US HOUSE,006,REPUBLICAN,ANDY BARR,407
FAYETTE,B123,US HOUSE,006,DEMOCRAT,GEOFFREY M GEOFF YOUNG,159
FAYETTE,B123,US HOUSE,006,,MAURICE RANDALL CRAVENS II,62
FAYETTE,B123,US HOUSE,006,,MAXWELL KEITH FROEDGE,0
FAYETTE,B125,US HOUSE,006,REPUBLICAN,ANDY BARR,188
FAYETTE,B125,US HOUSE,006,DEMOCRAT,GEOFFREY M GEOFF YOUNG,182
FAYETTE,B125,US HOUSE,006,,MAURICE RANDALL CRAVENS II,30
FAYETTE,B125,US HOUSE,006,,MAXWELL KEITH FROEDGE,0
FAYETTE,B127,US HOUSE,006,REPUBLICAN,ANDY BARR,178
FAYETTE,B127,US HOUSE,006,DEMOCRAT,GEOFFREY M GEOFF YOUNG,175
FAYETTE,B127,US HOUSE,006,,MAURICE RANDALL CRAVENS II,29
FAYETTE,B127,US HOUSE,006,,MAXWELL KEITH FROEDGE,0
FAYETTE,B128,US HOUSE,006,REPUBLICAN,ANDY BARR,188
FAYETTE,B128,US HOUSE,006,DEMOCRAT,GEOFFREY M GEOFF YOUNG,123
FAYETTE,B128,US HOUSE,006,,MAURICE RANDALL CRAVENS II,29
FAYETTE,B128,US HOUSE,006,,MAXWELL KEITH FROEDGE,0
FAYETTE,B129,US HOUSE,006,REPUBLICAN,ANDY BARR,341
FAYETTE,B129,US HOUSE,006,DEMOCRAT,GEOFFREY M GEOFF YOUNG,203
FAYETTE,B129,US HOUSE,006,,MAURICE RANDALL CRAVENS II,26
FAYETTE,B129,US HOUSE,006,,MAXWELL KEITH FROEDGE,0
FAYETTE,B130,US HOUSE,006,REPUBLICAN,ANDY BARR,274
FAYETTE,B130,US HOUSE,006,DEMOCRAT,GEOFFREY M GEOFF YOUNG,208
FAYETTE,B130,US HOUSE,006,,MAURICE RANDALL CRAVENS II,38
FAYETTE,B130,US HOUSE,006,,MAXWELL KEITH FROEDGE,0
FAYETTE,B132,US HOUSE,006,DEMOCRAT,GEOFFREY M GEOFF YOUNG,170
FAYETTE,B132,US HOUSE,006,REPUBLICAN,ANDY BARR,103
FAYETTE,B132,US HOUSE,006,,MAURICE RANDALL CRAVENS II,38
FAYETTE,B132,US HOUSE,006,,MAXWELL KEITH FROEDGE,0
FAYETTE,B133,US HOUSE,006,DEMOCRAT,GEOFFREY M GEOFF YOUNG,145
FAYETTE,B133,US HOUSE,006,REPUBLICAN,ANDY BARR,77
FAYETTE,B133,US HOUSE,006,,MAURICE RANDALL CRAVENS II,27
FAYETTE,B133,US HOUSE,006,,MAXWELL KEITH FROEDGE,1
FAYETTE,B135,US HOUSE,006,DEMOCRAT,GEOFFREY M GEOFF YOUNG,198
FAYETTE,B135,US HOUSE,006,REPUBLICAN,ANDY BARR,116
FAYETTE,B135,US HOUSE,006,,MAURICE RANDALL CRAVENS II,41
FAYETTE,B135,US HOUSE,006,,MAXWELL KEITH FROEDGE,0
FAYETTE,B137,US HOUSE,006,REPUBLICAN,ANDY BARR,261
FAYETTE,B137,US HOUSE,006,DEMOCRAT,GEOFFREY M GEOFF YOUNG,133
FAYETTE,B137,US HOUSE,006,,MAURICE RANDALL CRAVENS II,48
FAYETTE,B137,US HOUSE,006,,MAXWELL KEITH FROEDGE,0
FAYETTE,B138,US HOUSE,006,DEMOCRAT,GEOFFREY M GEOFF YOUNG,208
FAYETTE,B138,US HOUSE,006,REPUBLICAN,ANDY BARR,166
FAYETTE,B138,US HOUSE,006,,MAURICE RANDALL CRAVENS II,63
FAYETTE,B138,US HOUSE,006,,MAXWELL KEITH FROEDGE,0
FAYETTE,B139,US HOUSE,006,REPUBLICAN,ANDY BARR,290
FAYETTE,B139,US HOUSE,006,DEMOCRAT,GEOFFREY M GEOFF YOUNG,96
FAYETTE,B139,US HOUSE,006,,MAURICE RANDALL CRAVENS II,30
FAYETTE,B139,US HOUSE,006,,MAXWELL KEITH FROEDGE,0
FAYETTE,B140,US HOUSE,006,REPUBLICAN,ANDY BARR,160
FAYETTE,B140,US HOUSE,006,DEMOCRAT,GEOFFREY M GEOFF YOUNG,160
FAYETTE,B140,US HOUSE,006,,MAURICE RANDALL CRAVENS II,23
FAYETTE,B140,US HOUSE,006,,MAXWELL KEITH FROEDGE,1
FAYETTE,B141,US HOUSE,006,REPUBLICAN,ANDY BARR,217
FAYETTE,B141,US HOUSE,006,DEMOCRAT,GEOFFREY M GEOFF YOUNG,148
FAYETTE,B141,US HOUSE,006,,MAURICE RANDALL CRAVENS II,33
FAYETTE,B141,US HOUSE,006,,MAXWELL KEITH FROEDGE,0
FAYETTE,B142,US HOUSE,006,REPUBLICAN,ANDY BARR,381
FAYETTE,B142,US HOUSE,006,DEMOCRAT,GEOFFREY M GEOFF YOUNG,254
FAYETTE,B142,US HOUSE,006,,MAURICE RANDALL CRAVENS II,49
FAYETTE,B142,US HOUSE,006,,MAXWELL KEITH FROEDGE,2
FAYETTE,B143,US HOUSE,006,REPUBLICAN,ANDY BARR,192
FAYETTE,B143,US HOUSE,006,DEMOCRAT,GEOFFREY M GEOFF YOUNG,190
FAYETTE,B143,US HOUSE,006,,MAURICE RANDALL CRAVENS II,40
FAYETTE,B143,US HOUSE,006,,MAXWELL KEITH FROEDGE,0
FAYETTE,B146,US HOUSE,006,REPUBLICAN,ANDY BARR,244
FAYETTE,B146,US HOUSE,006,DEMOCRAT,GEOFFREY M GEOFF YOUNG,204
FAYETTE,B146,US HOUSE,006,,MAURICE RANDALL CRAVENS II,25
FAYETTE,B146,US HOUSE,006,,MAXWELL KEITH FROEDGE,0
FAYETTE,B147,US HOUSE,006,DEMOCRAT,GEOFFREY M GEOFF YOUNG,166
FAYETTE,B147,US HOUSE,006,REPUBLICAN,ANDY BARR,164
FAYETTE,B147,US HOUSE,006,,MAURICE RANDALL CRAVENS II,53
FAYETTE,B147,US HOUSE,006,,MAXWELL KEITH FROEDGE,1
FAYETTE,B150,US HOUSE,006,REPUBLICAN,ANDY BARR,204
FAYETTE,B150,US HOUSE,006,DEMOCRAT,GEOFFREY M GEOFF YOUNG,156
FAYETTE,B150,US HOUSE,006,,MAURICE RANDALL CRAVENS II,26
FAYETTE,B150,US HOUSE,006,,MAXWELL KEITH FROEDGE,0
FAYETTE,B151,US HOUSE,006,REPUBLICAN,ANDY BARR,148
FAYETTE,B151,US HOUSE,006,DEMOCRAT,GEOFFREY M GEOFF YOUNG,87
FAYETTE,B151,US HOUSE,006,,MAURICE RANDALL CRAVENS II,38
FAYETTE,B151,US HOUSE,006,,MAXWELL KEITH FROEDGE,0
FAYETTE,B152,US HOUSE,006,REPUBLICAN,ANDY BARR,348
FAYETTE,B152,US HOUSE,006,DEMOCRAT,GEOFFREY M GEOFF YOUNG,132
FAYETTE,B152,US HOUSE,006,,MAURICE RANDALL CRAVENS II,46
FAYETTE,B152,US HOUSE,006,,MAXWELL KEITH FROEDGE,0
FAYETTE,B155,US HOUSE,006,DEMOCRAT,GEOFFREY M GEOFF YOUNG,176
FAYETTE,B155,US HOUSE,006,REPUBLICAN,ANDY BARR,145
FAYETTE,B155,US HOUSE,006,,MAURICE RANDALL CRAVENS II,10
FAYETTE,B155,US HOUSE,006,,MAXWELL KEITH FROEDGE,0
FAYETTE,B156,US HOUSE,006,REPUBLICAN,ANDY BARR,287
FAYETTE,B156,US HOUSE,006,DEMOCRAT,GEOFFREY M GEOFF YOUNG,165
FAYETTE,B156,US HOUSE,006,,MAURICE RANDALL CRAVENS II,33
FAYETTE,B156,US HOUSE,006,,MAXWELL KEITH FROEDGE,0
FAYETTE,B157,US HOUSE,006,DEMOCRAT,GEOFFREY M GEOFF YOUNG,132
FAYETTE,B157,US HOUSE,006,REPUBLICAN,ANDY BARR,70
FAYETTE,B157,US HOUSE,006,,MAURICE RANDALL CRAVENS II,9
FAYETTE,B157,US HOUSE,006,,MAXWELL KEITH FROEDGE,0
FAYETTE,B158,US HOUSE,006,DEMOCRAT,GEOFFREY M GEOFF YOUNG,159
FAYETTE,B158,US HOUSE,006,REPUBLICAN,ANDY BARR,105
FAYETTE,B158,US HOUSE,006,,MAURICE RANDALL CRAVENS II,10
FAYETTE,B158,US HOUSE,006,,MAXWELL KEITH FROEDGE,0
FAYETTE,B159,US HOUSE,006,REPUBLICAN,ANDY BARR,238
FAYETTE,B159,US HOUSE,006,DEMOCRAT,GEOFFREY M GEOFF YOUNG,154
FAYETTE,B159,US HOUSE,006,,MAURICE RANDALL CRAVENS II,28
FAYETTE,B159,US HOUSE,006,,MAXWELL KEITH FROEDGE,0
FAYETTE,B163,US HOUSE,006,REPUBLICAN,ANDY BARR,293
FAYETTE,B163,US HOUSE,006,DEMOCRAT,GEOFFREY M GEOFF YOUNG,208
FAYETTE,B163,US HOUSE,006,,MAURICE RANDALL CRAVENS II,28
FAYETTE,B163,US HOUSE,006,,MAXWELL KEITH FROEDGE,0
FAYETTE,B164,US HOUSE,006,REPUBLICAN,ANDY BARR,129
FAYETTE,B164,US HOUSE,006,DEMOCRAT,GEOFFREY M GEOFF YOUNG,111
FAYETTE,B164,US HOUSE,006,,MAURICE RANDALL CRAVENS II,17
FAYETTE,B164,US HOUSE,006,,MAXWELL KEITH FROEDGE,0
FAYETTE,B165,US HOUSE,006,DEMOCRAT,GEOFFREY M GEOFF YOUNG,192
FAYETTE,B165,US HOUSE,006,REPUBLICAN,ANDY BARR,155
FAYETTE,B165,US HOUSE,006,,MAURICE RANDALL CRAVENS II,19
FAYETTE,B165,US HOUSE,006,,MAXWELL KEITH FROEDGE,2
FAYETTE,B166,US HOUSE,006,REPUBLICAN,ANDY BARR,253
FAYETTE,B166,US HOUSE,006,DEMOCRAT,GEOFFREY M GEOFF YOUNG,140
FAYETTE,B166,US HOUSE,006,,MAURICE RANDALL CRAVENS II,33
FAYETTE,B166,US HOUSE,006,,MAXWELL KEITH FROEDGE,0
FAYETTE,B167,US HOUSE,006,REPUBLICAN,ANDY BARR,122
FAYETTE,B167,US HOUSE,006,DEMOCRAT,GEOFFREY M GEOFF YOUNG,110
FAYETTE,B167,US HOUSE,006,,MAURICE RANDALL CRAVENS II,11
FAYETTE,B167,US HOUSE,006,,MAXWELL KEITH FROEDGE,0
FAYETTE,B168,US HOUSE,006,REPUBLICAN,ANDY BARR,178
FAYETTE,B168,US HOUSE,006,DEMOCRAT,GEOFFREY M GEOFF YOUNG,167
FAYETTE,B168,US HOUSE,006,,MAURICE RANDALL CRAVENS II,36
FAYETTE,B168,US HOUSE,006,,MAXWELL KEITH FROEDGE,0
FAYETTE,B169,US HOUSE,006,REPUBLICAN,ANDY BARR,153
FAYETTE,B169,US HOUSE,006,DEMOCRAT,GEOFFREY M GEOFF YOUNG,100
FAYETTE,B169,US HOUSE,006,,MAURICE RANDALL CRAVENS II,18
FAYETTE,B169,US HOUSE,006,,MAXWELL KEITH FROEDGE,0
FAYETTE,B170,US HOUSE,006,REPUBLICAN,ANDY BARR,187
FAYETTE,B170,US HOUSE,006,DEMOCRAT,GEOFFREY M GEOFF YOUNG,162
FAYETTE,B170,US HOUSE,006,,MAURICE RANDALL CRAVENS II,20
FAYETTE,B170,US HOUSE,006,,MAXWELL KEITH FROEDGE,0
FAYETTE,B174,US HOUSE,006,DEMOCRAT,GEOFFREY M GEOFF YOUNG,107
FAYETTE,B174,US HOUSE,006,REPUBLICAN,ANDY BARR,47
FAYETTE,B174,US HOUSE,006,,MAURICE RANDALL CRAVENS II,9
FAYETTE,B174,US HOUSE,006,,MAXWELL KEITH FROEDGE,0
FAYETTE,B179,US HOUSE,006,REPUBLICAN,ANDY BARR,286
FAYETTE,B179,US HOUSE,006,DEMOCRAT,GEOFFREY M GEOFF YOUNG,207
FAYETTE,B179,US HOUSE,006,,MAURICE RANDALL CRAVENS II,44
FAYETTE,B179,US HOUSE,006,,MAXWELL KEITH FROEDGE,0
FAYETTE,B181,US HOUSE,006,REPUBLICAN,ANDY BARR,310
FAYETTE,B181,US HOUSE,006,DEMOCRAT,GEOFFREY M GEOFF YOUNG,195
FAYETTE,B181,US HOUSE,006,,MAURICE RANDALL CRAVENS II,47
FAYETTE,B181,US HOUSE,006,,MAXWELL KEITH FROEDGE,2
FAYETTE,B182,US HOUSE,006,REPUBLICAN,ANDY BARR,222
FAYETTE,B182,US HOUSE,006,DEMOCRAT,GEOFFREY M GEOFF YOUNG,151
FAYETTE,B182,US HOUSE,006,,MAURICE RANDALL CRAVENS II,50
FAYETTE,B182,US HOUSE,006,,MAXWELL KEITH FROEDGE,1
FAYETTE,B183,US HOUSE,006,REPUBLICAN,ANDY BARR,196
FAYETTE,B183,US HOUSE,006,DEMOCRAT,GEOFFREY M GEOFF YOUNG,148
FAYETTE,B183,US HOUSE,006,,MAURICE RANDALL CRAVENS II,29
FAYETTE,B183,US HOUSE,006,,MAXWELL KEITH FROEDGE,0
FAYETTE,B184,US HOUSE,006,REPUBLICAN,ANDY BARR,261
FAYETTE,B184,US HOUSE,006,DEMOCRAT,GEOFFREY M GEOFF YOUNG,175
FAYETTE,B184,US HOUSE,006,,MAURICE RANDALL CRAVENS II,22
FAYETTE,B184,US HOUSE,006,,MAXWELL KEITH FROEDGE,0
FAYETTE,B185,US HOUSE,006,REPUBLICAN,ANDY BARR,365
FAYETTE,B185,US HOUSE,006,DEMOCRAT,GEOFFREY M GEOFF YOUNG,173
FAYETTE,B185,US HOUSE,006,,MAURICE RANDALL CRAVENS II,27
FAYETTE,B185,US HOUSE,006,,MAXWELL KEITH FROEDGE,0
FAYETTE,B186,US HOUSE,006,REPUBLICAN,ANDY BARR,286
FAYETTE,B186,US HOUSE,006,DEMOCRAT,GEOFFREY M GEOFF YOUNG,136
FAYETTE,B186,US HOUSE,006,,MAURICE RANDALL CRAVENS II,16
FAYETTE,B186,US HOUSE,006,,MAXWELL KEITH FROEDGE,0
FAYETTE,B187,US HOUSE,006,REPUBLICAN,ANDY BARR,252
FAYETTE,B187,US HOUSE,006,DEMOCRAT,GEOFFREY M GEOFF YOUNG,140
FAYETTE,B187,US HOUSE,006,,MAURICE RANDALL CRAVENS II,18
FAYETTE,B187,US HOUSE,006,,MAXWELL KEITH FROEDGE,1
FAYETTE,B188,US HOUSE,006,REPUBLICAN,ANDY BARR,299
FAYETTE,B188,US HOUSE,006,DEMOCRAT,GEOFFREY M GEOFF YOUNG,134
FAYETTE,B188,US HOUSE,006,,MAURICE RANDALL CRAVENS II,45
FAYETTE,B188,US HOUSE,006,,MAXWELL KEITH FROEDGE,0
FAYETTE,B189,US HOUSE,006,DEMOCRAT,GEOFFREY M GEOFF YOUNG,152
FAYETTE,B189,US HOUSE,006,REPUBLICAN,ANDY BARR,122
FAYETTE,B189,US HOUSE,006,,MAURICE RANDALL CRAVENS II,8
FAYETTE,B189,US HOUSE,006,,MAXWELL KEITH FROEDGE,0
FAYETTE,B190,US HOUSE,006,DEMOCRAT,GEOFFREY M GEOFF YOUNG,198
FAYETTE,B190,US HOUSE,006,REPUBLICAN,ANDY BARR,111
FAYETTE,B190,US HOUSE,006,,MAURICE RANDALL CRAVENS II,19
FAYETTE,B190,US HOUSE,006,,MAXWELL KEITH FROEDGE,0
FAYETTE,B191,US HOUSE,006,REPUBLICAN,ANDY BARR,230
FAYETTE,B191,US HOUSE,006,DEMOCRAT,GEOFFREY M GEOFF YOUNG,122
FAYETTE,B191,US HOUSE,006,,MAURICE RANDALL CRAVENS II,21
FAYETTE,B191,US HOUSE,006,,MAXWELL KEITH FROEDGE,0
FAYETTE,B192,US HOUSE,006,REPUBLICAN,ANDY BARR,313
FAYETTE,B192,US HOUSE,006,DEMOCRAT,GEOFFREY M GEOFF YOUNG,157
FAYETTE,B192,US HOUSE,006,,MAURICE RANDALL CRAVENS II,36
FAYETTE,B192,US HOUSE,006,,MAXWELL KEITH FROEDGE,0
FAYETTE,B195,US HOUSE,006,DEMOCRAT,GEOFFREY M GEOFF YOUNG,185
FAYETTE,B195,US HOUSE,006,REPUBLICAN,ANDY BARR,124
FAYETTE,B195,US HOUSE,006,,MAURICE RANDALL CRAVENS II,18
FAYETTE,B195,US HOUSE,006,,MAXWELL KEITH FROEDGE,0
FAYETTE,B196,US HOUSE,006,DEMOCRAT,GEOFFREY M GEOFF YOUNG,166
FAYETTE,B196,US HOUSE,006,REPUBLICAN,ANDY BARR,126
FAYETTE,B196,US HOUSE,006,,MAURICE RANDALL CRAVENS II,18
FAYETTE,B196,US HOUSE,006,,MAXWELL KEITH FROEDGE,0
FAYETTE,B197,US HOUSE,006,DEMOCRAT,GEOFFREY M GEOFF YOUNG,145
FAYETTE,B197,US HOUSE,006,REPUBLICAN,ANDY BARR,85
FAYETTE,B197,US HOUSE,006,,MAURICE RANDALL CRAVENS II,11
FAYETTE,B197,US HOUSE,006,,MAXWELL KEITH FROEDGE,0
FAYETTE,B198,US HOUSE,006,REPUBLICAN,ANDY BARR,310
FAYETTE,B198,US HOUSE,006,DEMOCRAT,GEOFFREY M GEOFF YOUNG,155
FAYETTE,B198,US HOUSE,006,,MAURICE RANDALL CRAVENS II,31
FAYETTE,B198,US HOUSE,006,,MAXWELL KEITH FROEDGE,0
FAYETTE,B199,US HOUSE,006,REPUBLICAN,ANDY BARR,232
FAYETTE,B199,US HOUSE,006,DEMOCRAT,GEOFFREY M GEOFF YOUNG,129
FAYETTE,B199,US HOUSE,006,,MAURICE RANDALL CRAVENS II,28
FAYETTE,B199,US HOUSE,006,,MAXWELL KEITH FROEDGE,0
FAYETTE,B200,US HOUSE,006,REPUBLICAN,ANDY BARR,140
FAYETTE,B200,US HOUSE,006,DEMOCRAT,GEOFFREY M GEOFF YOUNG,105
FAYETTE,B200,US HOUSE,006,,MAURICE RANDALL CRAVENS II,14
FAYETTE,B200,US HOUSE,006,,MAXWELL KEITH FROEDGE,0
FAYETTE,B201,US HOUSE,006,REPUBLICAN,ANDY BARR,236
FAYETTE,B201,US HOUSE,006,DEMOCRAT,GEOFFREY M GEOFF YOUNG,118
FAYETTE,B201,US HOUSE,006,,MAURICE RANDALL CRAVENS II,21
FAYETTE,B201,US HOUSE,006,,MAXWELL KEITH FROEDGE,0
FAYETTE,B202,US HOUSE,006,REPUBLICAN,ANDY BARR,266
FAYETTE,B202,US HOUSE,006,DEMOCRAT,GEOFFREY M GEOFF YOUNG,203
FAYETTE,B202,US HOUSE,006,,MAURICE RANDALL CRAVENS II,13
FAYETTE,B202,US HOUSE,006,,MAXWELL KEITH FROEDGE,0
FAYETTE,B203,US HOUSE,006,REPUBLICAN,ANDY BARR,303
FAYETTE,B203,US HOUSE,006,DEMOCRAT,GEOFFREY M GEOFF YOUNG,140
FAYETTE,B203,US HOUSE,006,,MAURICE RANDALL CRAVENS II,22
FAYETTE,B203,US HOUSE,006,,MAXWELL KEITH FROEDGE,0
FAYETTE,B204,US HOUSE,006,REPUBLICAN,ANDY BARR,295
FAYETTE,B204,US HOUSE,006,DEMOCRAT,GEOFFREY M GEOFF YOUNG,150
FAYETTE,B204,US HOUSE,006,,MAURICE RANDALL CRAVENS II,30
FAYETTE,B204,US HOUSE,006,,MAXWELL KEITH FROEDGE,0
FAYETTE,B205,US HOUSE,006,REPUBLICAN,ANDY BARR,412
FAYETTE,B205,US HOUSE,006,DEMOCRAT,GEOFFREY M GEOFF YOUNG,181
FAYETTE,B205,US HOUSE,006,,MAURICE RANDALL CRAVENS II,42
FAYETTE,B205,US HOUSE,006,,MAXWELL KEITH FROEDGE,0
FAYETTE,B206,US HOUSE,006,REPUBLICAN,ANDY BARR,263
FAYETTE,B206,US HOUSE,006,DEMOCRAT,GEOFFREY M GEOFF YOUNG,163
FAYETTE,B206,US HOUSE,006,,MAURICE RANDALL CRAVENS II,28
FAYETTE,B206,US HOUSE,006,,MAXWELL KEITH FROEDGE,0
FAYETTE,B207,US HOUSE,006,REPUBLICAN,ANDY BARR,209
FAYETTE,B207,US HOUSE,006,DEMOCRAT,GEOFFREY M GEOFF YOUNG,184
FAYETTE,B207,US HOUSE,006,,MAURICE RANDALL CRAVENS II,27
FAYETTE,B207,US HOUSE,006,,MAXWELL KEITH FROEDGE,0
FAYETTE,B208,US HOUSE,006,REPUBLICAN,ANDY BARR,309
FAYETTE,B208,US HOUSE,006,DEMOCRAT,GEOFFREY M GEOFF YOUNG,156
FAYETTE,B208,US HOUSE,006,,MAURICE RANDALL CRAVENS II,17
FAYETTE,B208,US HOUSE,006,,MAXWELL KEITH FROEDGE,2
FAYETTE,B209,US HOUSE,006,REPUBLICAN,ANDY BARR,273
FAYETTE,B209,US HOUSE,006,DEMOCRAT,GEOFFREY M GEOFF YOUNG,151
FAYETTE,B209,US HOUSE,006,,MAURICE RANDALL CRAVENS II,26
FAYETTE,B209,US HOUSE,006,,MAXWELL KEITH FROEDGE,0
FAYETTE,B210,US HOUSE,006,REPUBLICAN,ANDY BARR,252
FAYETTE,B210,US HOUSE,006,DEMOCRAT,GEOFFREY M GEOFF YOUNG,203
FAYETTE,B210,US HOUSE,006,,MAURICE RANDALL CRAVENS II,21
FAYETTE,B210,US HOUSE,006,,MAXWELL KEITH FROEDGE,0
FAYETTE,B211,US HOUSE,006,DEMOCRAT,GEOFFREY M GEOFF YOUNG,164
FAYETTE,B211,US HOUSE,006,REPUBLICAN,ANDY BARR,142
FAYETTE,B211,US HOUSE,006,,MAURICE RANDALL CRAVENS II,14
FAYETTE,B211,US HOUSE,006,,MAXWELL KEITH FROEDGE,0
FAYETTE,B212,US HOUSE,006,DEMOCRAT,GEOFFREY M GEOFF YOUNG,223
FAYETTE,B212,US HOUSE,006,REPUBLICAN,ANDY BARR,211
FAYETTE,B212,US HOUSE,006,,MAURICE RANDALL CRAVENS II,28
FAYETTE,B212,US HOUSE,006,,MAXWELL KEITH FROEDGE,0
FAYETTE,B213,US HOUSE,006,DEMOCRAT,GEOFFREY M GEOFF YOUNG,108
FAYETTE,B213,US HOUSE,006,REPUBLICAN,ANDY BARR,100
FAYETTE,B213,US HOUSE,006,,MAURICE RANDALL CRAVENS II,7
FAYETTE,B213,US HOUSE,006,,MAXWELL KEITH FROEDGE,0
FAYETTE,B215,US HOUSE,006,REPUBLICAN,ANDY BARR,275
FAYETTE,B215,US HOUSE,006,DEMOCRAT,GEOFFREY M GEOFF YOUNG,144
FAYETTE,B215,US HOUSE,006,,MAURICE RANDALL CRAVENS II,27
FAYETTE,B215,US HOUSE,006,,MAXWELL KEITH FROEDGE,0
FAYETTE,B216,US HOUSE,006,REPUBLICAN,ANDY BARR,260
FAYETTE,B216,US HOUSE,006,DEMOCRAT,GEOFFREY M GEOFF YOUNG,155
FAYETTE,B216,US HOUSE,006,,MAURICE RANDALL CRAVENS II,25
FAYETTE,B216,US HOUSE,006,,MAXWELL KEITH FROEDGE,0
FAYETTE,B217,US HOUSE,006,REPUBLICAN,ANDY BARR,190
FAYETTE,B217,US HOUSE,006,DEMOCRAT,GEOFFREY M GEOFF YOUNG,117
FAYETTE,B217,US HOUSE,006,,MAURICE RANDALL CRAVENS II,7
FAYETTE,B217,US HOUSE,006,,MAXWELL KEITH FROEDGE,0
FAYETTE,B218,US HOUSE,006,REPUBLICAN,ANDY BARR,272
FAYETTE,B218,US HOUSE,006,DEMOCRAT,GEOFFREY M GEOFF YOUNG,157
FAYETTE,B218,US HOUSE,006,,MAURICE RANDALL CRAVENS II,45
FAYETTE,B218,US HOUSE,006,,MAXWELL KEITH FROEDGE,0
FAYETTE,B219,US HOUSE,006,REPUBLICAN,ANDY BARR,205
FAYETTE,B219,US HOUSE,006,DEMOCRAT,GEOFFREY M GEOFF YOUNG,127
FAYETTE,B219,US HOUSE,006,,MAURICE RANDALL CRAVENS II,16
FAYETTE,B219,US HOUSE,006,,MAXWELL KEITH FROEDGE,1
FAYETTE,B221,US HOUSE,006,REPUBLICAN,ANDY BARR,244
FAYETTE,B221,US HOUSE,006,DEMOCRAT,GEOFFREY M GEOFF YOUNG,120
FAYETTE,B221,US HOUSE,006,,MAURICE RANDALL CRAVENS II,29
FAYETTE,B221,US HOUSE,006,,MAXWELL KEITH FROEDGE,0
FAYETTE,B222,US HOUSE,006,REPUBLICAN,ANDY BARR,221
FAYETTE,B222,US HOUSE,006,DEMOCRAT,GEOFFREY M GEOFF YOUNG,158
FAYETTE,B222,US HOUSE,006,,MAURICE RANDALL CRAVENS II,13
FAYETTE,B222,US HOUSE,006,,MAXWELL KEITH FROEDGE,0
FAYETTE,B223,US HOUSE,006,REPUBLICAN,ANDY BARR,259
FAYETTE,B223,US HOUSE,006,DEMOCRAT,GEOFFREY M GEOFF YOUNG,189
FAYETTE,B223,US HOUSE,006,,MAURICE RANDALL CRAVENS II,13
FAYETTE,B223,US HOUSE,006,,MAXWELL KEITH FROEDGE,0
FAYETTE,B224,US HOUSE,006,REPUBLICAN,ANDY BARR,347
FAYETTE,B224,US HOUSE,006,DEMOCRAT,GEOFFREY M GEOFF YOUNG,203
FAYETTE,B224,US HOUSE,006,,MAURICE RANDALL CRAVENS II,22
FAYETTE,B224,US HOUSE,006,,MAXWELL KEITH FROEDGE,0
FAYETTE,B225,US HOUSE,006,REPUBLICAN,ANDY BARR,212
FAYETTE,B225,US HOUSE,006,DEMOCRAT,GEOFFREY M GEOFF YOUNG,162
FAYETTE,B225,US HOUSE,006,,MAURICE RANDALL CRAVENS II,17
FAYETTE,B225,US HOUSE,006,,MAXWELL KEITH FROEDGE,0
FAYETTE,B226,US HOUSE,006,REPUBLICAN,ANDY BARR,226
FAYETTE,B226,US HOUSE,006,DEMOCRAT,GEOFFREY M GEOFF YOUNG,119
FAYETTE,B226,US HOUSE,006,,MAURICE RANDALL CRAVENS II,12
FAYETTE,B226,US HOUSE,006,,MAXWELL KEITH FROEDGE,0
FAYETTE,B227,US HOUSE,006,REPUBLICAN,ANDY BARR,178
FAYETTE,B227,US HOUSE,006,DEMOCRAT,GEOFFREY M GEOFF YOUNG,154
FAYETTE,B227,US HOUSE,006,,MAURICE RANDALL CRAVENS II,13
FAYETTE,B227,US HOUSE,006,,MAXWELL KEITH FROEDGE,0
FAYETTE,B229,US HOUSE,006,DEMOCRAT,GEOFFREY M GEOFF YOUNG,135
FAYETTE,B229,US HOUSE,006,REPUBLICAN,ANDY BARR,65
FAYETTE,B229,US HOUSE,006,,MAURICE RANDALL CRAVENS II,25
FAYETTE,B229,US HOUSE,006,,MAXWELL KEITH FROEDGE,0
FAYETTE,B231,US HOUSE,006,REPUBLICAN,ANDY BARR,149
FAYETTE,B231,US HOUSE,006,DEMOCRAT,GEOFFREY M GEOFF YOUNG,147
FAYETTE,B231,US HOUSE,006,,MAURICE RANDALL CRAVENS II,16
FAYETTE,B231,US HOUSE,006,,MAXWELL KEITH FROEDGE,0
FAYETTE,B232,US HOUSE,006,REPUBLICAN,ANDY BARR,240
FAYETTE,B232,US HOUSE,006,DEMOCRAT,GEOFFREY M GEOFF YOUNG,121
FAYETTE,B232,US HOUSE,006,,MAURICE RANDALL CRAVENS II,16
FAYETTE,B232,US HOUSE,006,,MAXWELL KEITH FROEDGE,0
FAYETTE,C103,US HOUSE,006,DEMOCRAT,GEOFFREY M GEOFF YOUNG,224
FAYETTE,C103,US HOUSE,006,REPUBLICAN,ANDY BARR,195
FAYETTE,C103,US HOUSE,006,,MAURICE RANDALL CRAVENS II,81
FAYETTE,C103,US HOUSE,006,,MAXWELL KEITH FROEDGE,0
FAYETTE,C105,US HOUSE,006,DEMOCRAT,GEOFFREY M GEOFF YOUNG,176
FAYETTE,C105,US HOUSE,006,REPUBLICAN,ANDY BARR,38
FAYETTE,C105,US HOUSE,006,,MAURICE RANDALL CRAVENS II,25
FAYETTE,C105,US HOUSE,006,,MAXWELL KEITH FROEDGE,0
FAYETTE,C109,US HOUSE,006,REPUBLICAN,ANDY BARR,165
FAYETTE,C109,US HOUSE,006,DEMOCRAT,GEOFFREY M GEOFF YOUNG,123
FAYETTE,C109,US HOUSE,006,,MAURICE RANDALL CRAVENS II,10
FAYETTE,C109,US HOUSE,006,,MAXWELL KEITH FROEDGE,0
FAYETTE,C113,US HOUSE,006,REPUBLICAN,ANDY BARR,204
FAYETTE,C113,US HOUSE,006,DEMOCRAT,GEOFFREY M GEOFF YOUNG,178
FAYETTE,C113,US HOUSE,006,,MAURICE RANDALL CRAVENS II,116
FAYETTE,C113,US HOUSE,006,,MAXWELL KEITH FROEDGE,1
FAYETTE,C114,US HOUSE,006,REPUBLICAN,ANDY BARR,193
FAYETTE,C114,US HOUSE,006,DEMOCRAT,GEOFFREY M GEOFF YOUNG,122
FAYETTE,C114,US HOUSE,006,,MAURICE RANDALL CRAVENS II,16
FAYETTE,C114,US HOUSE,006,,MAXWELL KEITH FROEDGE,0
FAYETTE,C115,US HOUSE,006,DEMOCRAT,GEOFFREY M GEOFF YOUNG,121
FAYETTE,C115,US HOUSE,006,REPUBLICAN,ANDY BARR,23
FAYETTE,C115,US HOUSE,006,,MAURICE RANDALL CRAVENS II,20
FAYETTE,C115,US HOUSE,006,,MAXWELL KEITH FROEDGE,0
FAYETTE,C118,US HOUSE,006,REPUBLICAN,ANDY BARR,184
FAYETTE,C118,US HOUSE,006,DEMOCRAT,GEOFFREY M GEOFF YOUNG,117
FAYETTE,C118,US HOUSE,006,,MAURICE RANDALL CRAVENS II,13
FAYETTE,C118,US HOUSE,006,,MAXWELL KEITH FROEDGE,0
FAYETTE,C120,US HOUSE,006,REPUBLICAN,ANDY BARR,227
FAYETTE,C120,US HOUSE,006,DEMOCRAT,GEOFFREY M GEOFF YOUNG,190
FAYETTE,C120,US HOUSE,006,,MAURICE RANDALL CRAVENS II,59
FAYETTE,C120,US HOUSE,006,,MAXWELL KEITH FROEDGE,0
FAYETTE,C121,US HOUSE,006,REPUBLICAN,ANDY BARR,44
FAYETTE,C121,US HOUSE,006,DEMOCRAT,GEOFFREY M GEOFF YOUNG,40
FAYETTE,C121,US HOUSE,006,,MAURICE RANDALL CRAVENS II,4
FAYETTE,C121,US HOUSE,006,,MAXWELL KEITH FROEDGE,0
FAYETTE,C124,US HOUSE,006,DEMOCRAT,GEOFFREY M GEOFF YOUNG,226
FAYETTE,C124,US HOUSE,006,REPUBLICAN,ANDY BARR,185
FAYETTE,C124,US HOUSE,006,,MAURICE RANDALL CRAVENS II,80
FAYETTE,C124,US HOUSE,006,,MAXWELL KEITH FROEDGE,0
FAYETTE,C125,US HOUSE,006,REPUBLICAN,ANDY BARR,365
FAYETTE,C125,US HOUSE,006,DEMOCRAT,GEOFFREY M GEOFF YOUNG,115
FAYETTE,C125,US HOUSE,006,,MAURICE RANDALL CRAVENS II,21
FAYETTE,C125,US HOUSE,006,,MAXWELL KEITH FROEDGE,0
FAYETTE,C126,US HOUSE,006,DEMOCRAT,GEOFFREY M GEOFF YOUNG,145
FAYETTE,C126,US HOUSE,006,REPUBLICAN,ANDY BARR,140
FAYETTE,C126,US HOUSE,006,,MAURICE RANDALL CRAVENS II,50
FAYETTE,C126,US HOUSE,006,,MAXWELL KEITH FROEDGE,0
FAYETTE,C127,US HOUSE,006,REPUBLICAN,ANDY BARR,169
FAYETTE,C127,US HOUSE,006,DEMOCRAT,GEOFFREY M GEOFF YOUNG,145
FAYETTE,C127,US HOUSE,006,,MAURICE RANDALL CRAVENS II,16
FAYETTE,C127,US HOUSE,006,,MAXWELL KEITH FROEDGE,0
FAYETTE,C128,US HOUSE,006,DEMOCRAT,GEOFFREY M GEOFF YOUNG,172
FAYETTE,C128,US HOUSE,006,REPUBLICAN,ANDY BARR,81
FAYETTE,C128,US HOUSE,006,,MAURICE RANDALL CRAVENS II,36
FAYETTE,C128,US HOUSE,006,,MAXWELL KEITH FROEDGE,0
FAYETTE,C129,US HOUSE,006,REPUBLICAN,ANDY BARR,119
FAYETTE,C129,US HOUSE,006,DEMOCRAT,GEOFFREY M GEOFF YOUNG,101
FAYETTE,C129,US HOUSE,006,,MAURICE RANDALL CRAVENS II,14
FAYETTE,C129,US HOUSE,006,,MAXWELL KEITH FROEDGE,0
FAYETTE,C130,US HOUSE,006,REPUBLICAN,ANDY BARR,183
FAYETTE,C130,US HOUSE,006,DEMOCRAT,GEOFFREY M GEOFF YOUNG,119
FAYETTE,C130,US HOUSE,006,,MAURICE RANDALL CRAVENS II,36
FAYETTE,C130,US HOUSE,006,,MAXWELL KEITH FROEDGE,0
FAYETTE,C132,US HOUSE,006,DEMOCRAT,GEOFFREY M GEOFF YOUNG,178
FAYETTE,C132,US HOUSE,006,REPUBLICAN,ANDY BARR,112
FAYETTE,C132,US HOUSE,006,,MAURICE RANDALL CRAVENS II,19
FAYETTE,C132,US HOUSE,006,,MAXWELL KEITH FROEDGE,1
FAYETTE,C137,US HOUSE,006,REPUBLICAN,ANDY BARR,181
FAYETTE,C137,US HOUSE,006,DEMOCRAT,GEOFFREY M GEOFF YOUNG,123
FAYETTE,C137,US HOUSE,006,,MAURICE RANDALL CRAVENS II,13
FAYETTE,C137,US HOUSE,006,,MAXWELL KEITH FROEDGE,0
FAYETTE,C138,US HOUSE,006,DEMOCRAT,GEOFFREY M GEOFF YOUNG,237
FAYETTE,C138,US HOUSE,006,REPUBLICAN,ANDY BARR,143
FAYETTE,C138,US HOUSE,006,,MAURICE RANDALL CRAVENS II,70
FAYETTE,C138,US HOUSE,006,,MAXWELL KEITH FROEDGE,0
FAYETTE,C140,US HOUSE,006,DEMOCRAT,GEOFFREY M GEOFF YOUNG,284
FAYETTE,C140,US HOUSE,006,REPUBLICAN,ANDY BARR,136
FAYETTE,C140,US HOUSE,006,,MAURICE RANDALL CRAVENS II,128
FAYETTE,C140,US HOUSE,006,,MAXWELL KEITH FROEDGE,0
FAYETTE,C142,US HOUSE,006,DEMOCRAT,GEOFFREY M GEOFF YOUNG,335
FAYETTE,C142,US HOUSE,006,REPUBLICAN,ANDY BARR,161
FAYETTE,C142,US HOUSE,006,,MAURICE RANDALL CRAVENS II,115
FAYETTE,C142,US HOUSE,006,,MAXWELL KEITH FROEDGE,0
FAYETTE,C143,US HOUSE,006,DEMOCRAT,GEOFFREY M GEOFF YOUNG,159
FAYETTE,C143,US HOUSE,006,REPUBLICAN,ANDY BARR,91
FAYETTE,C143,US HOUSE,006,,MAURICE RANDALL CRAVENS II,13
FAYETTE,C143,US HOUSE,006,,MAXWELL KEITH FROEDGE,1
FAYETTE,C144,US HOUSE,006,DEMOCRAT,GEOFFREY M GEOFF YOUNG,182
FAYETTE,C144,US HOUSE,006,REPUBLICAN,ANDY BARR,83
FAYETTE,C144,US HOUSE,006,,MAURICE RANDALL CRAVENS II,8
FAYETTE,C144,US HOUSE,006,,MAXWELL KEITH FROEDGE,0
FAYETTE,C148,US HOUSE,006,DEMOCRAT,GEOFFREY M GEOFF YOUNG,141
FAYETTE,C148,US HOUSE,006,REPUBLICAN,ANDY BARR,109
FAYETTE,C148,US HOUSE,006,,MAURICE RANDALL CRAVENS II,17
FAYETTE,C148,US HOUSE,006,,MAXWELL KEITH FROEDGE,0
FAYETTE,C150,US HOUSE,006,DEMOCRAT,GEOFFREY M GEOFF YOUNG,140
FAYETTE,C150,US HOUSE,006,REPUBLICAN,ANDY BARR,70
FAYETTE,C150,US HOUSE,006,,MAURICE RANDALL CRAVENS II,10
FAYETTE,C150,US HOUSE,006,,MAXWELL KEITH FROEDGE,0
FAYETTE,C151,US HOUSE,006,DEMOCRAT,GEOFFREY M GEOFF YOUNG,172
FAYETTE,C151,US HOUSE,006,REPUBLICAN,ANDY BARR,148
FAYETTE,C151,US HOUSE,006,,MAURICE RANDALL CRAVENS II,4
FAYETTE,C151,US HOUSE,006,,MAXWELL KEITH FROEDGE,0
FAYETTE,C152,US HOUSE,006,REPUBLICAN,ANDY BARR,424
FAYETTE,C152,US HOUSE,006,DEMOCRAT,GEOFFREY M GEOFF YOUNG,133
FAYETTE,C152,US HOUSE,006,,MAURICE RANDALL CRAVENS II,35
FAYETTE,C152,US HOUSE,006,,MAXWELL KEITH FROEDGE,0
FAYETTE,C153,US HOUSE,006,REPUBLICAN,ANDY BARR,158
FAYETTE,C153,US HOUSE,006,DEMOCRAT,GEOFFREY M GEOFF YOUNG,92
FAYETTE,C153,US HOUSE,006,,MAURICE RANDALL CRAVENS II,13
FAYETTE,C153,US HOUSE,006,,MAXWELL KEITH FROEDGE,0
FAYETTE,C154,US HOUSE,006,REPUBLICAN,ANDY BARR,155
FAYETTE,C154,US HOUSE,006,DEMOCRAT,GEOFFREY M GEOFF YOUNG,78
FAYETTE,C154,US HOUSE,006,,MAURICE RANDALL CRAVENS II,6
FAYETTE,C154,US HOUSE,006,,MAXWELL KEITH FROEDGE,0
FAYETTE,C155,US HOUSE,006,REPUBLICAN,ANDY BARR,136
FAYETTE,C155,US HOUSE,006,DEMOCRAT,GEOFFREY M GEOFF YOUNG,80
FAYETTE,C155,US HOUSE,006,,MAURICE RANDALL CRAVENS II,2
FAYETTE,C155,US HOUSE,006,,MAXWELL KEITH FROEDGE,0
FAYETTE,C156,US HOUSE,006,DEMOCRAT,GEOFFREY M GEOFF YOUNG,186
FAYETTE,C156,US HOUSE,006,REPUBLICAN,ANDY BARR,127
FAYETTE,C156,US HOUSE,006,,MAURICE RANDALL CRAVENS II,18
FAYETTE,C156,US HOUSE,006,,MAXWELL KEITH FROEDGE,0
FAYETTE,C157,US HOUSE,006,DEMOCRAT,GEOFFREY M GEOFF YOUNG,120
FAYETTE,C157,US HOUSE,006,REPUBLICAN,ANDY BARR,47
FAYETTE,C157,US HOUSE,006,,MAURICE RANDALL CRAVENS II,9
FAYETTE,C157,US HOUSE,006,,MAXWELL KEITH FROEDGE,1
FAYETTE,C159,US HOUSE,006,DEMOCRAT,GEOFFREY M GEOFF YOUNG,104
FAYETTE,C159,US HOUSE,006,REPUBLICAN,ANDY BARR,96
FAYETTE,C159,US HOUSE,006,,MAURICE RANDALL CRAVENS II,6
FAYETTE,C159,US HOUSE,006,,MAXWELL KEITH FROEDGE,0
FAYETTE,C160,US HOUSE,006,REPUBLICAN,ANDY BARR,247
FAYETTE,C160,US HOUSE,006,DEMOCRAT,GEOFFREY M GEOFF YOUNG,77
FAYETTE,C160,US HOUSE,006,,MAURICE RANDALL CRAVENS II,18
FAYETTE,C160,US HOUSE,006,,MAXWELL KEITH FROEDGE,0
FAYETTE,C161,US HOUSE,006,DEMOCRAT,GEOFFREY M GEOFF YOUNG,132
FAYETTE,C161,US HOUSE,006,REPUBLICAN,ANDY BARR,111
FAYETTE,C161,US HOUSE,006,,MAURICE RANDALL CRAVENS II,8
FAYETTE,C161,US HOUSE,006,,MAXWELL KEITH FROEDGE,1
FAYETTE,C162,US HOUSE,006,DEMOCRAT,GEOFFREY M GEOFF YOUNG,183
FAYETTE,C162,US HOUSE,006,REPUBLICAN,ANDY BARR,134
FAYETTE,C162,US HOUSE,006,,MAURICE RANDALL CRAVENS II,8
FAYETTE,C162,US HOUSE,006,,MAXWELL KEITH FROEDGE,1
FAYETTE,C163,US HOUSE,006,REPUBLICAN,ANDY BARR,282
FAYETTE,C163,US HOUSE,006,DEMOCRAT,GEOFFREY M GEOFF YOUNG,99
FAYETTE,C163,US HOUSE,006,,MAURICE RANDALL CRAVENS II,15
FAYETTE,C163,US HOUSE,006,,MAXWELL KEITH FROEDGE,0
FAYETTE,C164,US HOUSE,006,REPUBLICAN,ANDY BARR,265
FAYETTE,C164,US HOUSE,006,DEMOCRAT,GEOFFREY M GEOFF YOUNG,219
FAYETTE,C164,US HOUSE,006,,MAURICE RANDALL CRAVENS II,22
FAYETTE,C164,US HOUSE,006,,MAXWELL KEITH FROEDGE,0
FAYETTE,C165,US HOUSE,006,DEMOCRAT,GEOFFREY M GEOFF YOUNG,190
FAYETTE,C165,US HOUSE,006,REPUBLICAN,ANDY BARR,95
FAYETTE,C165,US HOUSE,006,,MAURICE RANDALL CRAVENS II,14
FAYETTE,C165,US HOUSE,006,,MAXWELL KEITH FROEDGE,0
FAYETTE,C167,US HOUSE,006,DEMOCRAT,GEOFFREY M GEOFF YOUNG,180
FAYETTE,C167,US HOUSE,006,REPUBLICAN,ANDY BARR,106
FAYETTE,C167,US HOUSE,006,,MAURICE RANDALL CRAVENS II,16
FAYETTE,C167,US HOUSE,006,,MAXWELL KEITH FROEDGE,0
FAYETTE,C170,US HOUSE,006,DEMOCRAT,GEOFFREY M GEOFF YOUNG,126
FAYETTE,C170,US HOUSE,006,REPUBLICAN,ANDY BARR,79
FAYETTE,C170,US HOUSE,006,,MAURICE RANDALL CRAVENS II,26
FAYETTE,C170,US HOUSE,006,,MAXWELL KEITH FROEDGE,0
FAYETTE,C171,US HOUSE,006,DEMOCRAT,GEOFFREY M GEOFF YOUNG,136
FAYETTE,C171,US HOUSE,006,REPUBLICAN,ANDY BARR,97
FAYETTE,C171,US HOUSE,006,,MAURICE RANDALL CRAVENS II,16
FAYETTE,C171,US HOUSE,006,,MAXWELL KEITH FROEDGE,0
FAYETTE,C173,US HOUSE,006,REPUBLICAN,ANDY BARR,353
FAYETTE,C173,US HOUSE,006,DEMOCRAT,GEOFFREY M GEOFF YOUNG,237
FAYETTE,C173,US HOUSE,006,,MAURICE RANDALL CRAVENS II,30
FAYETTE,C173,US HOUSE,006,,MAXWELL KEITH FROEDGE,1
FAYETTE,C174,US HOUSE,006,DEMOCRAT,GEOFFREY M GEOFF YOUNG,163
FAYETTE,C174,US HOUSE,006,REPUBLICAN,ANDY BARR,159
FAYETTE,C174,US HOUSE,006,,MAURICE RANDALL CRAVENS II,25
FAYETTE,C174,US HOUSE,006,,MAXWELL KEITH FROEDGE,0
FAYETTE,C175,US HOUSE,006,DEMOCRAT,GEOFFREY M GEOFF YOUNG,206
FAYETTE,C175,US HOUSE,006,REPUBLICAN,ANDY BARR,164
FAYETTE,C175,US HOUSE,006,,MAURICE RANDALL CRAVENS II,13
FAYETTE,C175,US HOUSE,006,,MAXWELL KEITH FROEDGE,1
FAYETTE,C176,US HOUSE,006,REPUBLICAN,ANDY BARR,228
FAYETTE,C176,US HOUSE,006,DEMOCRAT,GEOFFREY M GEOFF YOUNG,195
FAYETTE,C176,US HOUSE,006,,MAURICE RANDALL CRAVENS II,43
FAYETTE,C176,US HOUSE,006,,MAXWELL KEITH FROEDGE,0
FAYETTE,C177,US HOUSE,006,DEMOCRAT,GEOFFREY M GEOFF YOUNG,212
FAYETTE,C177,US HOUSE,006,REPUBLICAN,ANDY BARR,152
FAYETTE,C177,US HOUSE,006,,MAURICE RANDALL CRAVENS II,11
FAYETTE,C177,US HOUSE,006,,MAXWELL KEITH FROEDGE,0
FAYETTE,C178,US HOUSE,006,REPUBLICAN,ANDY BARR,214
FAYETTE,C178,US HOUSE,006,DEMOCRAT,GEOFFREY M GEOFF YOUNG,111
FAYETTE,C178,US HOUSE,006,,MAURICE RANDALL CRAVENS II,29
FAYETTE,C178,US HOUSE,006,,MAXWELL KEITH FROEDGE,0
FAYETTE,C179,US HOUSE,006,DEMOCRAT,GEOFFREY M GEOFF YOUNG,129
FAYETTE,C179,US HOUSE,006,REPUBLICAN,ANDY BARR,89
FAYETTE,C179,US HOUSE,006,,MAURICE RANDALL CRAVENS II,14
FAYETTE,C179,US HOUSE,006,,MAXWELL KEITH FROEDGE,0
FAYETTE,C180,US HOUSE,006,REPUBLICAN,ANDY BARR,427
FAYETTE,C180,US HOUSE,006,DEMOCRAT,GEOFFREY M GEOFF YOUNG,225
FAYETTE,C180,US HOUSE,006,,MAURICE RANDALL CRAVENS II,32
FAYETTE,C180,US HOUSE,006,,MAXWELL KEITH FROEDGE,1
FAYETTE,C182,US HOUSE,006,REPUBLICAN,ANDY BARR,226
FAYETTE,C182,US HOUSE,006,DEMOCRAT,GEOFFREY M GEOFF YOUNG,131
FAYETTE,C182,US HOUSE,006,,MAURICE RANDALL CRAVENS II,15
FAYETTE,C182,US HOUSE,006,,MAXWELL KEITH FROEDGE,0
FAYETTE,C183,US HOUSE,006,DEMOCRAT,GEOFFREY M GEOFF YOUNG,124
FAYETTE,C183,US HOUSE,006,REPUBLICAN,ANDY BARR,43
FAYETTE,C183,US HOUSE,006,,MAURICE RANDALL CRAVENS II,5
FAYETTE,C183,US HOUSE,006,,MAXWELL KEITH FROEDGE,0
FAYETTE,C184,US HOUSE,006,DEMOCRAT,GEOFFREY M GEOFF YOUNG,61
FAYETTE,C184,US HOUSE,006,REPUBLICAN,ANDY BARR,58
FAYETTE,C184,US HOUSE,006,,MAURICE RANDALL CRAVENS II,3
FAYETTE,C184,US HOUSE,006,,MAXWELL KEITH FROEDGE,0
FAYETTE,C185,US HOUSE,006,REPUBLICAN,ANDY BARR,84
FAYETTE,C185,US HOUSE,006,DEMOCRAT,GEOFFREY M GEOFF YOUNG,43
FAYETTE,C185,US HOUSE,006,,MAURICE RANDALL CRAVENS II,1
FAYETTE,C185,US HOUSE,006,,MAXWELL KEITH FROEDGE,0
FAYETTE,C186,US HOUSE,006,DEMOCRAT,GEOFFREY M GEOFF YOUNG,208
FAYETTE,C186,US HOUSE,006,REPUBLICAN,ANDY BARR,136
FAYETTE,C186,US HOUSE,006,,MAURICE RANDALL CRAVENS II,17
FAYETTE,C186,US HOUSE,006,,MAXWELL KEITH FROEDGE,0
FAYETTE,C187,US HOUSE,006,REPUBLICAN,ANDY BARR,323
FAYETTE,C187,US HOUSE,006,DEMOCRAT,GEOFFREY M GEOFF YOUNG,139
FAYETTE,C187,US HOUSE,006,,MAURICE RANDALL CRAVENS II,8
FAYETTE,C187,US HOUSE,006,,MAXWELL KEITH FROEDGE,0
FAYETTE,C188,US HOUSE,006,REPUBLICAN,ANDY BARR,122
FAYETTE,C188,US HOUSE,006,DEMOCRAT,GEOFFREY M GEOFF YOUNG,118
FAYETTE,C188,US HOUSE,006,,MAURICE RANDALL CRAVENS II,14
FAYETTE,C188,US HOUSE,006,,MAXWELL KEITH FROEDGE,0
FAYETTE,C189,US HOUSE,006,DEMOCRAT,GEOFFREY M GEOFF YOUNG,125
FAYETTE,C189,US HOUSE,006,REPUBLICAN,ANDY BARR,38
FAYETTE,C189,US HOUSE,006,,MAURICE RANDALL CRAVENS II,1
FAYETTE,C189,US HOUSE,006,,MAXWELL KEITH FROEDGE,0
FAYETTE,C190,US HOUSE,006,REPUBLICAN,ANDY BARR,176
FAYETTE,C190,US HOUSE,006,DEMOCRAT,GEOFFREY M GEOFF YOUNG,164
FAYETTE,C190,US HOUSE,006,,MAURICE RANDALL CRAVENS II,14
FAYETTE,C190,US HOUSE,006,,MAXWELL KEITH FROEDGE,0
FAYETTE,C191,US HOUSE,006,DEMOCRAT,GEOFFREY M GEOFF YOUNG,209
FAYETTE,C191,US HOUSE,006,REPUBLICAN,ANDY BARR,152
FAYETTE,C191,US HOUSE,006,,MAURICE RANDALL CRAVENS II,24
FAYETTE,C191,US HOUSE,006,,MAXWELL KEITH FROEDGE,0
FAYETTE,C192,US HOUSE,006,REPUBLICAN,ANDY BARR,310
FAYETTE,C192,US HOUSE,006,DEMOCRAT,GEOFFREY M GEOFF YOUNG,154
FAYETTE,C192,US HOUSE,006,,MAURICE RANDALL CRAVENS II,18
FAYETTE,C192,US HOUSE,006,,MAXWELL KEITH FROEDGE,0
FAYETTE,C193,US HOUSE,006,REPUBLICAN,ANDY BARR,191
FAYETTE,C193,US HOUSE,006,DEMOCRAT,GEOFFREY M GEOFF YOUNG,81
FAYETTE,C193,US HOUSE,006,,MAURICE RANDALL CRAVENS II,23
FAYETTE,C193,US HOUSE,006,,MAXWELL KEITH FROEDGE,0
FAYETTE,C194,US HOUSE,006,REPUBLICAN,ANDY BARR,242
FAYETTE,C194,US HOUSE,006,DEMOCRAT,GEOFFREY M GEOFF YOUNG,173
FAYETTE,C194,US HOUSE,006,,MAURICE RANDALL CRAVENS II,24
FAYETTE,C194,US HOUSE,006,,MAXWELL KEITH FROEDGE,0
FAYETTE,C195,US HOUSE,006,REPUBLICAN,ANDY BARR,174
FAYETTE,C195,US HOUSE,006,DEMOCRAT,GEOFFREY M GEOFF YOUNG,151
FAYETTE,C195,US HOUSE,006,,MAURICE RANDALL CRAVENS II,14
FAYETTE,C195,US HOUSE,006,,MAXWELL KEITH FROEDGE,0
FAYETTE,C196,US HOUSE,006,DEMOCRAT,GEOFFREY M GEOFF YOUNG,149
FAYETTE,C196,US HOUSE,006,REPUBLICAN,ANDY BARR,107
FAYETTE,C196,US HOUSE,006,,MAURICE RANDALL CRAVENS II,8
FAYETTE,C196,US HOUSE,006,,MAXWELL KEITH FROEDGE,0
FAYETTE,C197,US HOUSE,006,REPUBLICAN,ANDY BARR,109
FAYETTE,C197,US HOUSE,006,DEMOCRAT,GEOFFREY M GEOFF YOUNG,90
FAYETTE,C197,US HOUSE,006,,MAURICE RANDALL CRAVENS II,5
FAYETTE,C197,US HOUSE,006,,MAXWELL KEITH FROEDGE,0
FAYETTE,C198,US HOUSE,006,DEMOCRAT,GEOFFREY M GEOFF YOUNG,115
FAYETTE,C198,US HOUSE,006,REPUBLICAN,ANDY BARR,95
FAYETTE,C198,US HOUSE,006,,MAURICE RANDALL CRAVENS II,12
FAYETTE,C198,US HOUSE,006,,MAXWELL KEITH FROEDGE,0
FAYETTE,C199,US HOUSE,006,REPUBLICAN,ANDY BARR,213
FAYETTE,C199,US HOUSE,006,DEMOCRAT,GEOFFREY M GEOFF YOUNG,84
FAYETTE,C199,US HOUSE,006,,MAURICE RANDALL CRAVENS II,45
FAYETTE,C199,US HOUSE,006,,MAXWELL KEITH FROEDGE,0
FAYETTE,C200,US HOUSE,006,REPUBLICAN,ANDY BARR,280
FAYETTE,C200,US HOUSE,006,DEMOCRAT,GEOFFREY M GEOFF YOUNG,144
FAYETTE,C200,US HOUSE,006,,MAURICE RANDALL CRAVENS II,16
FAYETTE,C200,US HOUSE,006,,MAXWELL KEITH FROEDGE,0
FAYETTE,C201,US HOUSE,006,REPUBLICAN,ANDY BARR,170
FAYETTE,C201,US HOUSE,006,DEMOCRAT,GEOFFREY M GEOFF YOUNG,108
FAYETTE,C201,US HOUSE,006,,MAURICE RANDALL CRAVENS II,13
FAYETTE,C201,US HOUSE,006,,MAXWELL KEITH FROEDGE,0
FAYETTE,C203,US HOUSE,006,REPUBLICAN,ANDY BARR,294
FAYETTE,C203,US HOUSE,006,DEMOCRAT,GEOFFREY M GEOFF YOUNG,151
FAYETTE,C203,US HOUSE,006,,MAURICE RANDALL CRAVENS II,23
FAYETTE,C203,US HOUSE,006,,MAXWELL KEITH FROEDGE,1
FAYETTE,C205,US HOUSE,006,DEMOCRAT,GEOFFREY M GEOFF YOUNG,178
FAYETTE,C205,US HOUSE,006,REPUBLICAN,ANDY BARR,172
FAYETTE,C205,US HOUSE,006,,MAURICE RANDALL CRAVENS II,15
FAYETTE,C205,US HOUSE,006,,MAXWELL KEITH FROEDGE,0
FAYETTE,C207,US HOUSE,006,DEMOCRAT,GEOFFREY M GEOFF YOUNG,258
FAYETTE,C207,US HOUSE,006,REPUBLICAN,ANDY BARR,150
FAYETTE,C207,US HOUSE,006,,MAURICE RANDALL CRAVENS II,8
FAYETTE,C207,US HOUSE,006,,MAXWELL KEITH FROEDGE,0
FAYETTE,C208,US HOUSE,006,REPUBLICAN,ANDY BARR,279
FAYETTE,C208,US HOUSE,006,DEMOCRAT,GEOFFREY M GEOFF YOUNG,90
FAYETTE,C208,US HOUSE,006,,MAURICE RANDALL CRAVENS II,14
FAYETTE,C208,US HOUSE,006,,MAXWELL KEITH FROEDGE,0
FAYETTE,C209,US HOUSE,006,REPUBLICAN,ANDY BARR,231
FAYETTE,C209,US HOUSE,006,DEMOCRAT,GEOFFREY M GEOFF YOUNG,200
FAYETTE,C209,US HOUSE,006,,MAURICE RANDALL CRAVENS II,24
FAYETTE,C209,US HOUSE,006,,MAXWELL KEITH FROEDGE,0
FAYETTE,C210,US HOUSE,006,REPUBLICAN,ANDY BARR,312
FAYETTE,C210,US HOUSE,006,DEMOCRAT,GEOFFREY M GEOFF YOUNG,155
FAYETTE,C210,US HOUSE,006,,MAURICE RANDALL CRAVENS II,11
FAYETTE,C210,US HOUSE,006,,MAXWELL KEITH FROEDGE,0
FAYETTE,C211,US HOUSE,006,DEMOCRAT,GEOFFREY M GEOFF YOUNG,123
FAYETTE,C211,US HOUSE,006,REPUBLICAN,ANDY BARR,113
FAYETTE,C211,US HOUSE,006,,MAURICE RANDALL CRAVENS II,7
FAYETTE,C211,US HOUSE,006,,MAXWELL KEITH FROEDGE,0
FAYETTE,C212,US HOUSE,006,DEMOCRAT,GEOFFREY M GEOFF YOUNG,141
FAYETTE,C212,US HOUSE,006,REPUBLICAN,ANDY BARR,123
FAYETTE,C212,US HOUSE,006,,MAURICE RANDALL CRAVENS II,8
FAYETTE,C212,US HOUSE,006,,MAXWELL KEITH FROEDGE,0
FAYETTE,C213,US HOUSE,006,REPUBLICAN,ANDY BARR,104
FAYETTE,C213,US HOUSE,006,DEMOCRAT,GEOFFREY M GEOFF YOUNG,79
FAYETTE,C213,US HOUSE,006,,MAURICE RANDALL CRAVENS II,5
FAYETTE,C213,US HOUSE,006,,MAXWELL KEITH FROEDGE,0
FAYETTE,C215,US HOUSE,006,REPUBLICAN,ANDY BARR,171
FAYETTE,C215,US HOUSE,006,DEMOCRAT,GEOFFREY M GEOFF YOUNG,132
FAYETTE,C215,US HOUSE,006,,MAURICE RANDALL CRAVENS II,17
FAYETTE,C215,US HOUSE,006,,MAXWELL KEITH FROEDGE,0
FAYETTE,C216,US HOUSE,006,REPUBLICAN,ANDY BARR,129
FAYETTE,C216,US HOUSE,006,DEMOCRAT,GEOFFREY M GEOFF YOUNG,84
FAYETTE,C216,US HOUSE,006,,MAURICE RANDALL CRAVENS II,28
FAYETTE,C216,US HOUSE,006,,MAXWELL KEITH FROEDGE,1
FAYETTE,C217,US HOUSE,006,REPUBLICAN,ANDY BARR,268
FAYETTE,C217,US HOUSE,006,DEMOCRAT,GEOFFREY M GEOFF YOUNG,199
FAYETTE,C217,US HOUSE,006,,MAURICE RANDALL CRAVENS II,13
FAYETTE,C217,US HOUSE,006,,MAXWELL KEITH FROEDGE,0
FAYETTE,C218,US HOUSE,006,REPUBLICAN,ANDY BARR,257
FAYETTE,C218,US HOUSE,006,DEMOCRAT,GEOFFREY M GEOFF YOUNG,160
FAYETTE,C218,US HOUSE,006,,MAURICE RANDALL CRAVENS II,12
FAYETTE,C218,US HOUSE,006,,MAXWELL KEITH FROEDGE,0
FAYETTE,C219,US HOUSE,006,DEMOCRAT,GEOFFREY M GEOFF YOUNG,185
FAYETTE,C219,US HOUSE,006,REPUBLICAN,ANDY BARR,162
FAYETTE,C219,US HOUSE,006,,MAURICE RANDALL CRAVENS II,4
FAYETTE,C219,US HOUSE,006,,MAXWELL KEITH FROEDGE,0
FAYETTE,C220,US HOUSE,006,REPUBLICAN,ANDY BARR,132
FAYETTE,C220,US HOUSE,006,DEMOCRAT,GEOFFREY M GEOFF YOUNG,131
FAYETTE,C220,US HOUSE,006,,MAURICE RANDALL CRAVENS II,12
FAYETTE,C220,US HOUSE,006,,MAXWELL KEITH FROEDGE,0
FAYETTE,C221,US HOUSE,006,REPUBLICAN,ANDY BARR,177
FAYETTE,C221,US HOUSE,006,DEMOCRAT,GEOFFREY M GEOFF YOUNG,134
FAYETTE,C221,US HOUSE,006,,MAURICE RANDALL CRAVENS II,9
FAYETTE,C221,US HOUSE,006,,MAXWELL KEITH FROEDGE,0
FAYETTE,C222,US HOUSE,006,DEMOCRAT,GEOFFREY M GEOFF YOUNG,95
FAYETTE,C222,US HOUSE,006,REPUBLICAN,ANDY BARR,94
FAYETTE,C222,US HOUSE,006,,MAURICE RANDALL CRAVENS II,11
FAYETTE,C222,US HOUSE,006,,MAXWELL KEITH FROEDGE,1
FAYETTE,C223,US HOUSE,006,REPUBLICAN,ANDY BARR,319
FAYETTE,C223,US HOUSE,006,DEMOCRAT,GEOFFREY M GEOFF YOUNG,212
FAYETTE,C223,US HOUSE,006,,MAURICE RANDALL CRAVENS II,10
FAYETTE,C223,US HOUSE,006,,MAXWELL KEITH FROEDGE,1
FAYETTE,C224,US HOUSE,006,REPUBLICAN,ANDY BARR,459
FAYETTE,C224,US HOUSE,006,DEMOCRAT,GEOFFREY M GEOFF YOUNG,317
FAYETTE,C224,US HOUSE,006,,MAURICE RANDALL CRAVENS II,20
FAYETTE,C224,US HOUSE,006,,MAXWELL KEITH FROEDGE,1
FAYETTE,C225,US HOUSE,006,REPUBLICAN,ANDY BARR,236
FAYETTE,C225,US HOUSE,006,DEMOCRAT,GEOFFREY M GEOFF YOUNG,115
FAYETTE,C225,US HOUSE,006,,MAURICE RANDALL CRAVENS II,20
FAYETTE,C225,US HOUSE,006,,MAXWELL KEITH FROEDGE,2
FAYETTE,C226,US HOUSE,006,DEMOCRAT,GEOFFREY M GEOFF YOUNG,102
FAYETTE,C226,US HOUSE,006,REPUBLICAN,ANDY BARR,90
FAYETTE,C226,US HOUSE,006,,MAURICE RANDALL CRAVENS II,20
FAYETTE,C226,US HOUSE,006,,MAXWELL KEITH FROEDGE,0
FAYETTE,C227,US HOUSE,006,REPUBLICAN,ANDY BARR,416
FAYETTE,C227,US HOUSE,006,DEMOCRAT,GEOFFREY M GEOFF YOUNG,324
FAYETTE,C227,US HOUSE,006,,MAURICE RANDALL CRAVENS II,34
FAYETTE,C227,US HOUSE,006,,MAXWELL KEITH FROEDGE,0
FAYETTE,C228,US HOUSE,006,DEMOCRAT,GEOFFREY M GEOFF YOUNG,172
FAYETTE,C228,US HOUSE,006,REPUBLICAN,ANDY BARR,163
FAYETTE,C228,US HOUSE,006,,MAURICE RANDALL CRAVENS II,16
FAYETTE,C228,US HOUSE,006,,MAXWELL KEITH FROEDGE,0
FAYETTE,C229,US HOUSE,006,REPUBLICAN,ANDY BARR,185
FAYETTE,C229,US HOUSE,006,DEMOCRAT,GEOFFREY M GEOFF YOUNG,95
FAYETTE,C229,US HOUSE,006,,MAURICE RANDALL CRAVENS II,16
FAYETTE,C229,US HOUSE,006,,MAXWELL KEITH FROEDGE,0
FAYETTE,C230,US HOUSE,006,REPUBLICAN,ANDY BARR,183
FAYETTE,C230,US HOUSE,006,DEMOCRAT,GEOFFREY M GEOFF YOUNG,178
FAYETTE,C230,US HOUSE,006,,MAURICE RANDALL CRAVENS II,13
FAYETTE,C230,US HOUSE,006,,MAXWELL KEITH FROEDGE,0
FAYETTE,C231,US HOUSE,006,REPUBLICAN,ANDY BARR,282
FAYETTE,C231,US HOUSE,006,DEMOCRAT,GEOFFREY M GEOFF YOUNG,135
FAYETTE,C231,US HOUSE,006,,MAURICE RANDALL CRAVENS II,30
FAYETTE,C231,US HOUSE,006,,MAXWELL KEITH FROEDGE,0
FAYETTE,C232,US HOUSE,006,REPUBLICAN,ANDY BARR,198
FAYETTE,C232,US HOUSE,006,DEMOCRAT,GEOFFREY M GEOFF YOUNG,139
FAYETTE,C232,US HOUSE,006,,MAURICE RANDALL CRAVENS II,8
FAYETTE,C232,US HOUSE,006,,MAXWELL KEITH FROEDGE,0
FAYETTE,C233,US HOUSE,006,REPUBLICAN,ANDY BARR,202
FAYETTE,C233,US HOUSE,006,DEMOCRAT,GEOFFREY M GEOFF YOUNG,134
FAYETTE,C233,US HOUSE,006,,MAURICE RANDALL CRAVENS II,25
FAYETTE,C233,US HOUSE,006,,MAXWELL KEITH FROEDGE,0
FAYETTE,C235,US HOUSE,006,REPUBLICAN,ANDY BARR,111
FAYETTE,C235,US HOUSE,006,DEMOCRAT,GEOFFREY M GEOFF YOUNG,102
FAYETTE,C235,US HOUSE,006,,MAURICE RANDALL CRAVENS II,9
FAYETTE,C235,US HOUSE,006,,MAXWELL KEITH FROEDGE,0
FAYETTE,C236,US HOUSE,006,REPUBLICAN,ANDY BARR,249
FAYETTE,C236,US HOUSE,006,DEMOCRAT,GEOFFREY M GEOFF YOUNG,205
FAYETTE,C236,US HOUSE,006,,MAURICE RANDALL CRAVENS II,21
FAYETTE,C236,US HOUSE,006,,MAXWELL KEITH FROEDGE,0
FAYETTE,C237,US HOUSE,006,REPUBLICAN,ANDY BARR,195
FAYETTE,C237,US HOUSE,006,DEMOCRAT,GEOFFREY M GEOFF YOUNG,159
FAYETTE,C237,US HOUSE,006,,MAURICE RANDALL CRAVENS II,14
FAYETTE,C237,US HOUSE,006,,MAXWELL KEITH FROEDGE,0
FAYETTE,C238,US HOUSE,006,REPUBLICAN,ANDY BARR,263
FAYETTE,C238,US HOUSE,006,DEMOCRAT,GEOFFREY M GEOFF YOUNG,235
FAYETTE,C238,US HOUSE,006,,MAURICE RANDALL CRAVENS II,33
FAYETTE,C238,US HOUSE,006,,MAXWELL KEITH FROEDGE,0
FAYETTE,C239,US HOUSE,006,REPUBLICAN,ANDY BARR,418
FAYETTE,C239,US HOUSE,006,DEMOCRAT,GEOFFREY M GEOFF YOUNG,262
FAYETTE,C239,US HOUSE,006,,MAURICE RANDALL CRAVENS II,23
FAYETTE,C239,US HOUSE,006,,MAXWELL KEITH FROEDGE,0
FLEMING,A101,US HOUSE,006,REPUBLICAN,ANDY BARR,297
FLEMING,A101,US HOUSE,006,DEMOCRAT,GEOFFREY M GEOFF YOUNG,62
FLEMING,A101,US HOUSE,006,,MAURICE RANDALL CRAVENS II,0
FLEMING,A101,US HOUSE,006,,MAXWELL KEITH FROEDGE,0
FLEMING,A102,US HOUSE,006,REPUBLICAN,ANDY BARR,174
FLEMING,A102,US HOUSE,006,DEMOCRAT,GEOFFREY M GEOFF YOUNG,31
FLEMING,A102,US HOUSE,006,,MAURICE RANDALL CRAVENS II,0
FLEMING,A102,US HOUSE,006,,MAXWELL KEITH FROEDGE,0
FLEMING,A103,US HOUSE,006,REPUBLICAN,ANDY BARR,181
FLEMING,A103,US HOUSE,006,DEMOCRAT,GEOFFREY M GEOFF YOUNG,80
FLEMING,A103,US HOUSE,006,,MAURICE RANDALL CRAVENS II,1
FLEMING,A103,US HOUSE,006,,MAXWELL KEITH FROEDGE,0
FLEMING,B101,US HOUSE,006,REPUBLICAN,ANDY BARR,192
FLEMING,B101,US HOUSE,006,DEMOCRAT,GEOFFREY M GEOFF YOUNG,26
FLEMING,B101,US HOUSE,006,,MAURICE RANDALL CRAVENS II,0
FLEMING,B101,US HOUSE,006,,MAXWELL KEITH FROEDGE,0
FLEMING,B102,US HOUSE,006,REPUBLICAN,ANDY BARR,368
FLEMING,B102,US HOUSE,006,DEMOCRAT,GEOFFREY M GEOFF YOUNG,78
FLEMING,B102,US HOUSE,006,,MAURICE RANDALL CRAVENS II,2
FLEMING,B102,US HOUSE,006,,MAXWELL KEITH FROEDGE,0
FLEMING,B103,US HOUSE,006,REPUBLICAN,ANDY BARR,158
FLEMING,B103,US HOUSE,006,DEMOCRAT,GEOFFREY M GEOFF YOUNG,26
FLEMING,B103,US HOUSE,006,,MAXWELL KEITH FROEDGE,2
FLEMING,B103,US HOUSE,006,,MAURICE RANDALL CRAVENS II,0
FLEMING,C101,US HOUSE,006,REPUBLICAN,ANDY BARR,348
FLEMING,C101,US HOUSE,006,DEMOCRAT,GEOFFREY M GEOFF YOUNG,49
FLEMING,C101,US HOUSE,006,,MAURICE RANDALL CRAVENS II,0
FLEMING,C101,US HOUSE,006,,MAXWELL KEITH FROEDGE,0
FLEMING,C102,US HOUSE,006,REPUBLICAN,ANDY BARR,374
FLEMING,C102,US HOUSE,006,DEMOCRAT,GEOFFREY M GEOFF YOUNG,89
FLEMING,C102,US HOUSE,006,,MAURICE RANDALL CRAVENS II,0
FLEMING,C102,US HOUSE,006,,MAXWELL KEITH FROEDGE,0
FLEMING,D102,US HOUSE,006,REPUBLICAN,ANDY BARR,287
FLEMING,D102,US HOUSE,006,DEMOCRAT,GEOFFREY M GEOFF YOUNG,96
FLEMING,D102,US HOUSE,006,,MAURICE RANDALL CRAVENS II,0
FLEMING,D102,US HOUSE,006,,MAXWELL KEITH FROEDGE,0
FLEMING,D103,US HOUSE,006,REPUBLICAN,ANDY BARR,308
FLEMING,D103,US HOUSE,006,DEMOCRAT,GEOFFREY M GEOFF YOUNG,74
FLEMING,D103,US HOUSE,006,,MAURICE RANDALL CRAVENS II,2
FLEMING,D103,US HOUSE,006,,MAXWELL KEITH FROEDGE,0
FLEMING,E101,US HOUSE,006,REPUBLICAN,ANDY BARR,180
FLEMING,E101,US HOUSE,006,DEMOCRAT,GEOFFREY M GEOFF YOUNG,75
FLEMING,E101,US HOUSE,006,,MAURICE RANDALL CRAVENS II,3
FLEMING,E101,US HOUSE,006,,MAXWELL KEITH FROEDGE,0
FLEMING,E102,US HOUSE,006,REPUBLICAN,ANDY BARR,208
FLEMING,E102,US HOUSE,006,DEMOCRAT,GEOFFREY M GEOFF YOUNG,39
FLEMING,E102,US HOUSE,006,,MAURICE RANDALL CRAVENS II,1
FLEMING,E102,US HOUSE,006,,MAXWELL KEITH FROEDGE,0
FLEMING,E103,US HOUSE,006,REPUBLICAN,ANDY BARR,171
FLEMING,E103,US HOUSE,006,DEMOCRAT,GEOFFREY M GEOFF YOUNG,27
FLEMING,E103,US HOUSE,006,,MAURICE RANDALL CRAVENS II,3
FLEMING,E103,US HOUSE,006,,MAXWELL KEITH FROEDGE,0
FLEMING,E104,US HOUSE,006,REPUBLICAN,ANDY BARR,131
FLEMING,E104,US HOUSE,006,DEMOCRAT,GEOFFREY M GEOFF YOUNG,18
FLEMING,E104,US HOUSE,006,,MAURICE RANDALL CRAVENS II,0
FLEMING,E104,US HOUSE,006,,MAXWELL KEITH FROEDGE,0
FLEMING,F102,US HOUSE,006,REPUBLICAN,ANDY BARR,161
FLEMING,F102,US HOUSE,006,DEMOCRAT,GEOFFREY M GEOFF YOUNG,40
FLEMING,F102,US HOUSE,006,,MAURICE RANDALL CRAVENS II,0
FLEMING,F102,US HOUSE,006,,MAXWELL KEITH FROEDGE,0
FLEMING,F103,US HOUSE,006,REPUBLICAN,ANDY BARR,85
FLEMING,F103,US HOUSE,006,DEMOCRAT,GEOFFREY M GEOFF YOUNG,8
FLEMING,F103,US HOUSE,006,,MAURICE RANDALL CRAVENS II,2
FLEMING,F103,US HOUSE,006,,MAXWELL KEITH FROEDGE,0
FLEMING,F104,US HOUSE,006,REPUBLICAN,ANDY BARR,310
FLEMING,F104,US HOUSE,006,DEMOCRAT,GEOFFREY M GEOFF YOUNG,56
FLEMING,F104,US HOUSE,006,,MAURICE RANDALL CRAVENS II,1
FLEMING,F104,US HOUSE,006,,MAXWELL KEITH FROEDGE,0
FLEMING,F105,US HOUSE,006,REPUBLICAN,ANDY BARR,190
FLEMING,F105,US HOUSE,006,DEMOCRAT,GEOFFREY M GEOFF YOUNG,43
FLEMING,F105,US HOUSE,006,,MAURICE RANDALL CRAVENS II,0
FLEMING,F105,US HOUSE,006,,MAXWELL KEITH FROEDGE,0
FLOYD,A101,US HOUSE,005,REPUBLICAN,HAROLD HAL ROGERS,231
FLOYD,A101,US HOUSE,005,DEMOCRAT,CONOR HALBLEIB,69
FLOYD,A102,US HOUSE,005,REPUBLICAN,HAROLD HAL ROGERS,46
FLOYD,A102,US HOUSE,005,DEMOCRAT,CONOR HALBLEIB,4
FLOYD,A103,US HOUSE,005,REPUBLICAN,HAROLD HAL ROGERS,232
FLOYD,A103,US HOUSE,005,DEMOCRAT,CONOR HALBLEIB,44
FLOYD,A104,US HOUSE,005,REPUBLICAN,HAROLD HAL ROGERS,108
FLOYD,A104,US HOUSE,005,DEMOCRAT,CONOR HALBLEIB,37
FLOYD,A105,US HOUSE,005,REPUBLICAN,HAROLD HAL ROGERS,289
FLOYD,A105,US HOUSE,005,DEMOCRAT,CONOR HALBLEIB,65
FLOYD,A106,US HOUSE,005,REPUBLICAN,HAROLD HAL ROGERS,307
FLOYD,A106,US HOUSE,005,DEMOCRAT,CONOR HALBLEIB,60
FLOYD,A107,US HOUSE,005,REPUBLICAN,HAROLD HAL ROGERS,264
FLOYD,A107,US HOUSE,005,DEMOCRAT,CONOR HALBLEIB,70
FLOYD,A109,US HOUSE,005,REPUBLICAN,HAROLD HAL ROGERS,331
FLOYD,A109,US HOUSE,005,DEMOCRAT,CONOR HALBLEIB,65
FLOYD,A110,US HOUSE,005,REPUBLICAN,HAROLD HAL ROGERS,181
FLOYD,A110,US HOUSE,005,DEMOCRAT,CONOR HALBLEIB,49
FLOYD,A111,US HOUSE,005,REPUBLICAN,HAROLD HAL ROGERS,267
FLOYD,A111,US HOUSE,005,DEMOCRAT,CONOR HALBLEIB,79
FLOYD,A113,US HOUSE,005,REPUBLICAN,HAROLD HAL ROGERS,337
FLOYD,A113,US HOUSE,005,DEMOCRAT,CONOR HALBLEIB,53
FLOYD,A116,US HOUSE,005,REPUBLICAN,HAROLD HAL ROGERS,362
FLOYD,A116,US HOUSE,005,DEMOCRAT,CONOR HALBLEIB,72
FLOYD,ABSE,US HOUSE,005,REPUBLICAN,HAROLD HAL ROGERS,372
FLOYD,ABSE,US HOUSE,005,DEMOCRAT,CONOR HALBLEIB,226
FLOYD,B101,US HOUSE,005,REPUBLICAN,HAROLD HAL ROGERS,157
FLOYD,B101,US HOUSE,005,DEMOCRAT,CONOR HALBLEIB,53
FLOYD,B102,US HOUSE,005,REPUBLICAN,HAROLD HAL ROGERS,314
FLOYD,B102,US HOUSE,005,DEMOCRAT,CONOR HALBLEIB,86
FLOYD,B103,US HOUSE,005,REPUBLICAN,HAROLD HAL ROGERS,206
FLOYD,B103,US HOUSE,005,DEMOCRAT,CONOR HALBLEIB,46
FLOYD,B104,US HOUSE,005,REPUBLICAN,HAROLD HAL ROGERS,180
FLOYD,B104,US HOUSE,005,DEMOCRAT,CONOR HALBLEIB,56
FLOYD,B105,US HOUSE,005,REPUBLICAN,HAROLD HAL ROGERS,205
FLOYD,B105,US HOUSE,005,DEMOCRAT,CONOR HALBLEIB,71
FLOYD,B106,US HOUSE,005,REPUBLICAN,HAROLD HAL ROGERS,279
FLOYD,B106,US HOUSE,005,DEMOCRAT,CONOR HALBLEIB,69
FLOYD,B108,US HOUSE,005,REPUBLICAN,HAROLD HAL ROGERS,234
FLOYD,B108,US HOUSE,005,DEMOCRAT,CONOR HALBLEIB,47
FLOYD,B109,US HOUSE,005,REPUBLICAN,HAROLD HAL ROGERS,110
FLOYD,B109,US HOUSE,005,DEMOCRAT,CONOR HALBLEIB,22
FLOYD,B112,US HOUSE,005,REPUBLICAN,HAROLD HAL ROGERS,271
FLOYD,B112,US HOUSE,005,DEMOCRAT,CONOR HALBLEIB,53
FLOYD,C101,US HOUSE,005,REPUBLICAN,HAROLD HAL ROGERS,152
FLOYD,C101,US HOUSE,005,DEMOCRAT,CONOR HALBLEIB,48
FLOYD,C102,US HOUSE,005,REPUBLICAN,HAROLD HAL ROGERS,157
FLOYD,C102,US HOUSE,005,DEMOCRAT,CONOR HALBLEIB,62
FLOYD,C103,US HOUSE,005,REPUBLICAN,HAROLD HAL ROGERS,197
FLOYD,C103,US HOUSE,005,DEMOCRAT,CONOR HALBLEIB,61
FLOYD,C104,US HOUSE,005,REPUBLICAN,HAROLD HAL ROGERS,234
FLOYD,C104,US HOUSE,005,DEMOCRAT,CONOR HALBLEIB,101
FLOYD,C105,US HOUSE,005,REPUBLICAN,HAROLD HAL ROGERS,71
FLOYD,C105,US HOUSE,005,DEMOCRAT,CONOR HALBLEIB,11
FLOYD,C106,US HOUSE,005,REPUBLICAN,HAROLD HAL ROGERS,127
FLOYD,C106,US HOUSE,005,DEMOCRAT,CONOR HALBLEIB,58
FLOYD,C107,US HOUSE,005,REPUBLICAN,HAROLD HAL ROGERS,140
FLOYD,C107,US HOUSE,005,DEMOCRAT,CONOR HALBLEIB,48
FLOYD,C108,US HOUSE,005,REPUBLICAN,HAROLD HAL ROGERS,188
FLOYD,C108,US HOUSE,005,DEMOCRAT,CONOR HALBLEIB,81
FLOYD,C109,US HOUSE,005,REPUBLICAN,HAROLD HAL ROGERS,140
FLOYD,C109,US HOUSE,005,DEMOCRAT,CONOR HALBLEIB,47
FLOYD,C110,US HOUSE,005,REPUBLICAN,HAROLD HAL ROGERS,112
FLOYD,C110,US HOUSE,005,DEMOCRAT,CONOR HALBLEIB,47
FLOYD,C111,US HOUSE,005,REPUBLICAN,HAROLD HAL ROGERS,140
FLOYD,C111,US HOUSE,005,DEMOCRAT,CONOR HALBLEIB,31
FLOYD,D101,US HOUSE,005,REPUBLICAN,HAROLD HAL ROGERS,164
FLOYD,D101,US HOUSE,005,DEMOCRAT,CONOR HALBLEIB,55
FLOYD,D102,US HOUSE,005,REPUBLICAN,HAROLD HAL ROGERS,266
FLOYD,D102,US HOUSE,005,DEMOCRAT,CONOR HALBLEIB,59
FLOYD,D103,US HOUSE,005,REPUBLICAN,HAROLD HAL ROGERS,189
FLOYD,D103,US HOUSE,005,DEMOCRAT,CONOR HALBLEIB,54
FLOYD,D104,US HOUSE,005,REPUBLICAN,HAROLD HAL ROGERS,280
FLOYD,D104,US HOUSE,005,DEMOCRAT,CONOR HALBLEIB,50
FLOYD,D105,US HOUSE,005,REPUBLICAN,HAROLD HAL ROGERS,145
FLOYD,D105,US HOUSE,005,DEMOCRAT,CONOR HALBLEIB,29
FLOYD,D106,US HOUSE,005,REPUBLICAN,HAROLD HAL ROGERS,254
FLOYD,D106,US HOUSE,005,DEMOCRAT,CONOR HALBLEIB,46
FLOYD,D107,US HOUSE,005,REPUBLICAN,HAROLD HAL ROGERS,351
FLOYD,D107,US HOUSE,005,DEMOCRAT,CONOR HALBLEIB,78
FLOYD,D108,US HOUSE,005,REPUBLICAN,HAROLD HAL ROGERS,337
FLOYD,D108,US HOUSE,005,DEMOCRAT,CONOR HALBLEIB,75
FLOYD,D109,US HOUSE,005,REPUBLICAN,HAROLD HAL ROGERS,90
FLOYD,D109,US HOUSE,005,DEMOCRAT,CONOR HALBLEIB,26
FLOYD,D110,US HOUSE,005,REPUBLICAN,HAROLD HAL ROGERS,73
FLOYD,D110,US HOUSE,005,DEMOCRAT,CONOR HALBLEIB,31
FRANKLIN,A101,US HOUSE,001,REPUBLICAN,JAMES R COMER,413
FRANKLIN,A101,US HOUSE,001,DEMOCRAT,JIMMY C AUSBROOKS,320
FRANKLIN,A102,US HOUSE,001,REPUBLICAN,JAMES R COMER,215
FRANKLIN,A102,US HOUSE,001,DEMOCRAT,JIMMY C AUSBROOKS,211
FRANKLIN,A103,US HOUSE,001,DEMOCRAT,JIMMY C AUSBROOKS,228
FRANKLIN,A103,US HOUSE,001,REPUBLICAN,JAMES R COMER,72
FRANKLIN,A104,US HOUSE,001,DEMOCRAT,JIMMY C AUSBROOKS,202
FRANKLIN,A104,US HOUSE,001,REPUBLICAN,JAMES R COMER,157
FRANKLIN,A105,US HOUSE,001,DEMOCRAT,JIMMY C AUSBROOKS,251
FRANKLIN,A105,US HOUSE,001,REPUBLICAN,JAMES R COMER,103
FRANKLIN,A106,US HOUSE,001,REPUBLICAN,JAMES R COMER,327
FRANKLIN,A106,US HOUSE,001,DEMOCRAT,JIMMY C AUSBROOKS,124
FRANKLIN,A107,US HOUSE,001,DEMOCRAT,JIMMY C AUSBROOKS,329
FRANKLIN,A107,US HOUSE,001,REPUBLICAN,JAMES R COMER,120
FRANKLIN,A108,US HOUSE,001,REPUBLICAN,JAMES R COMER,279
FRANKLIN,A108,US HOUSE,001,DEMOCRAT,JIMMY C AUSBROOKS,178
FRANKLIN,B101,US HOUSE,001,REPUBLICAN,JAMES R COMER,430
FRANKLIN,B101,US HOUSE,001,DEMOCRAT,JIMMY C AUSBROOKS,311
FRANKLIN,B102,US HOUSE,001,DEMOCRAT,JIMMY C AUSBROOKS,368
FRANKLIN,B102,US HOUSE,001,REPUBLICAN,JAMES R COMER,361
FRANKLIN,B103,US HOUSE,001,REPUBLICAN,JAMES R COMER,161
FRANKLIN,B103,US HOUSE,001,DEMOCRAT,JIMMY C AUSBROOKS,152
FRANKLIN,B105,US HOUSE,001,REPUBLICAN,JAMES R COMER,167
FRANKLIN,B105,US HOUSE,001,DEMOCRAT,JIMMY C AUSBROOKS,131
FRANKLIN,B106,US HOUSE,001,REPUBLICAN,JAMES R COMER,811
FRANKLIN,B106,US HOUSE,001,DEMOCRAT,JIMMY C AUSBROOKS,662
FRANKLIN,B108,US HOUSE,001,REPUBLICAN,JAMES R COMER,240
FRANKLIN,B108,US HOUSE,001,DEMOCRAT,JIMMY C AUSBROOKS,227
FRANKLIN,B109,US HOUSE,001,DEMOCRAT,JIMMY C AUSBROOKS,86
FRANKLIN,B109,US HOUSE,001,REPUBLICAN,JAMES R COMER,69
FRANKLIN,C101,US HOUSE,001,REPUBLICAN,JAMES R COMER,141
FRANKLIN,C101,US HOUSE,001,DEMOCRAT,JIMMY C AUSBROOKS,96
FRANKLIN,C102,US HOUSE,001,DEMOCRAT,JIMMY C AUSBROOKS,173
FRANKLIN,C102,US HOUSE,001,REPUBLICAN,JAMES R COMER,86
FRANKLIN,C105,US HOUSE,001,REPUBLICAN,JAMES R COMER,147
FRANKLIN,C105,US HOUSE,001,DEMOCRAT,JIMMY C AUSBROOKS,132
FRANKLIN,C106,US HOUSE,001,REPUBLICAN,JAMES R COMER,172
FRANKLIN,C106,US HOUSE,001,DEMOCRAT,JIMMY C AUSBROOKS,145
FRANKLIN,C107,US HOUSE,001,DEMOCRAT,JIMMY C AUSBROOKS,355
FRANKLIN,C107,US HOUSE,001,REPUBLICAN,JAMES R COMER,346
FRANKLIN,C108,US HOUSE,001,REPUBLICAN,JAMES R COMER,299
FRANKLIN,C108,US HOUSE,001,DEMOCRAT,JIMMY C AUSBROOKS,227
FRANKLIN,C109,US HOUSE,001,DEMOCRAT,JIMMY C AUSBROOKS,312
FRANKLIN,C109,US HOUSE,001,REPUBLICAN,JAMES R COMER,295
FRANKLIN,C110,US HOUSE,001,DEMOCRAT,JIMMY C AUSBROOKS,187
FRANKLIN,C110,US HOUSE,001,REPUBLICAN,JAMES R COMER,176
FRANKLIN,D101,US HOUSE,001,REPUBLICAN,JAMES R COMER,252
FRANKLIN,D101,US HOUSE,001,DEMOCRAT,JIMMY C AUSBROOKS,111
FRANKLIN,D102,US HOUSE,001,REPUBLICAN,JAMES R COMER,419
FRANKLIN,D102,US HOUSE,001,DEMOCRAT,JIMMY C AUSBROOKS,212
FRANKLIN,D103,US HOUSE,001,REPUBLICAN,JAMES R COMER,201
FRANKLIN,D103,US HOUSE,001,DEMOCRAT,JIMMY C AUSBROOKS,82
FRANKLIN,D104,US HOUSE,001,REPUBLICAN,JAMES R COMER,261
FRANKLIN,D104,US HOUSE,001,DEMOCRAT,JIMMY C AUSBROOKS,146
FRANKLIN,D105,US HOUSE,001,REPUBLICAN,JAMES R COMER,93
FRANKLIN,D105,US HOUSE,001,DEMOCRAT,JIMMY C AUSBROOKS,84
FRANKLIN,D106,US HOUSE,001,DEMOCRAT,JIMMY C AUSBROOKS,111
FRANKLIN,D106,US HOUSE,001,REPUBLICAN,JAMES R COMER,64
FRANKLIN,D107,US HOUSE,001,DEMOCRAT,JIMMY C AUSBROOKS,131
FRANKLIN,D107,US HOUSE,001,REPUBLICAN,JAMES R COMER,116
FRANKLIN,D108,US HOUSE,001,REPUBLICAN,JAMES R COMER,143
FRANKLIN,D108,US HOUSE,001,DEMOCRAT,JIMMY C AUSBROOKS,100
FRANKLIN,D109,US HOUSE,001,DEMOCRAT,JIMMY C AUSBROOKS,101
FRANKLIN,D109,US HOUSE,001,REPUBLICAN,JAMES R COMER,65
FRANKLIN,E101,US HOUSE,001,REPUBLICAN,JAMES R COMER,426
FRANKLIN,E101,US HOUSE,001,DEMOCRAT,JIMMY C AUSBROOKS,358
FRANKLIN,E102,US HOUSE,001,REPUBLICAN,JAMES R COMER,649
FRANKLIN,E102,US HOUSE,001,DEMOCRAT,JIMMY C AUSBROOKS,451
FRANKLIN,E108,US HOUSE,001,REPUBLICAN,JAMES R COMER,258
FRANKLIN,E108,US HOUSE,001,DEMOCRAT,JIMMY C AUSBROOKS,252
FRANKLIN,E109,US HOUSE,001,REPUBLICAN,JAMES R COMER,241
FRANKLIN,E109,US HOUSE,001,DEMOCRAT,JIMMY C AUSBROOKS,234
FRANKLIN,E110,US HOUSE,001,DEMOCRAT,JIMMY C AUSBROOKS,180
FRANKLIN,E110,US HOUSE,001,REPUBLICAN,JAMES R COMER,165
FRANKLIN,F101,US HOUSE,001,REPUBLICAN,JAMES R COMER,256
FRANKLIN,F101,US HOUSE,001,DEMOCRAT,JIMMY C AUSBROOKS,83
FRANKLIN,F102,US HOUSE,001,DEMOCRAT,JIMMY C AUSBROOKS,193
FRANKLIN,F102,US HOUSE,001,REPUBLICAN,JAMES R COMER,57
FRANKLIN,F103,US HOUSE,001,REPUBLICAN,JAMES R COMER,324
FRANKLIN,F103,US HOUSE,001,DEMOCRAT,JIMMY C AUSBROOKS,144
FRANKLIN,F104,US HOUSE,001,REPUBLICAN,JAMES R COMER,231
FRANKLIN,F104,US HOUSE,001,DEMOCRAT,JIMMY C AUSBROOKS,229
FRANKLIN,F105,US HOUSE,001,DEMOCRAT,JIMMY C AUSBROOKS,213
FRANKLIN,F105,US HOUSE,001,REPUBLICAN,JAMES R COMER,123
FRANKLIN,F106,US HOUSE,001,REPUBLICAN,JAMES R COMER,275
FRANKLIN,F106,US HOUSE,001,DEMOCRAT,JIMMY C AUSBROOKS,158
FRANKLIN,F108,US HOUSE,001,REPUBLICAN,JAMES R COMER,432
FRANKLIN,F108,US HOUSE,001,DEMOCRAT,JIMMY C AUSBROOKS,230
FULTON,A101,US HOUSE,001,REPUBLICAN,JAMES R COMER,99
FULTON,A101,US HOUSE,001,DEMOCRAT,JIMMY C AUSBROOKS,68
FULTON,A102,US HOUSE,001,REPUBLICAN,JAMES R COMER,82
FULTON,A102,US HOUSE,001,DEMOCRAT,JIMMY C AUSBROOKS,62
FULTON,A103,US HOUSE,001,DEMOCRAT,JIMMY C AUSBROOKS,21
FULTON,A103,US HOUSE,001,REPUBLICAN,JAMES R COMER,19
FULTON,B101,US HOUSE,001,REPUBLICAN,JAMES R COMER,178
FULTON,B101,US HOUSE,001,DEMOCRAT,JIMMY C AUSBROOKS,22
FULTON,B102,US HOUSE,001,REPUBLICAN,JAMES R COMER,154
FULTON,B102,US HOUSE,001,DEMOCRAT,JIMMY C AUSBROOKS,55
FULTON,B104,US HOUSE,001,REPUBLICAN,JAMES R COMER,137
FULTON,B104,US HOUSE,001,DEMOCRAT,JIMMY C AUSBROOKS,20
FULTON,C102,US HOUSE,001,REPUBLICAN,JAMES R COMER,150
FULTON,C102,US HOUSE,001,DEMOCRAT,JIMMY C AUSBROOKS,45
FULTON,C103,US HOUSE,001,DEMOCRAT,JIMMY C AUSBROOKS,71
FULTON,C103,US HOUSE,001,REPUBLICAN,JAMES R COMER,35
FULTON,D101,US HOUSE,001,REPUBLICAN,JAMES R COMER,107
FULTON,D101,US HOUSE,001,DEMOCRAT,JIMMY C AUSBROOKS,29
FULTON,D102,US HOUSE,001,REPUBLICAN,JAMES R COMER,66
FULTON,D102,US HOUSE,001,DEMOCRAT,JIMMY C AUSBROOKS,9
FULTON,D103,US HOUSE,001,REPUBLICAN,JAMES R COMER,75
FULTON,D103,US HOUSE,001,DEMOCRAT,JIMMY C AUSBROOKS,12
GALLATIN,A101,US HOUSE,004,REPUBLICAN,THOMAS MASSIE,238
GALLATIN,A101,US HOUSE,004,DEMOCRAT,MATTHEW LEHMAN,124
GALLATIN,A101,US HOUSE,004,INDEPENDENT,ETHAN KEITH OSBORNE,17
GALLATIN,A102,US HOUSE,004,REPUBLICAN,THOMAS MASSIE,201
GALLATIN,A102,US HOUSE,004,DEMOCRAT,MATTHEW LEHMAN,100
GALLATIN,A102,US HOUSE,004,INDEPENDENT,ETHAN KEITH OSBORNE,13
GALLATIN,B101,US HOUSE,004,REPUBLICAN,THOMAS MASSIE,294
GALLATIN,B101,US HOUSE,004,DEMOCRAT,MATTHEW LEHMAN,66
GALLATIN,B101,US HOUSE,004,INDEPENDENT,ETHAN KEITH OSBORNE,15
GALLATIN,B102,US HOUSE,004,REPUBLICAN,THOMAS MASSIE,266
GALLATIN,B102,US HOUSE,004,DEMOCRAT,MATTHEW LEHMAN,65
GALLATIN,B102,US HOUSE,004,INDEPENDENT,ETHAN KEITH OSBORNE,12
GALLATIN,C101,US HOUSE,004,REPUBLICAN,THOMAS MASSIE,241
GALLATIN,C101,US HOUSE,004,DEMOCRAT,MATTHEW LEHMAN,50
GALLATIN,C101,US HOUSE,004,INDEPENDENT,ETHAN KEITH OSBORNE,20
GALLATIN,C102,US HOUSE,004,REPUBLICAN,THOMAS MASSIE,297
GALLATIN,C102,US HOUSE,004,DEMOCRAT,MATTHEW LEHMAN,88
GALLATIN,C102,US HOUSE,004,INDEPENDENT,ETHAN KEITH OSBORNE,14
GALLATIN,D101,US HOUSE,004,REPUBLICAN,THOMAS MASSIE,294
GALLATIN,D101,US HOUSE,004,DEMOCRAT,MATTHEW LEHMAN,80
GALLATIN,D101,US HOUSE,004,INDEPENDENT,ETHAN KEITH OSBORNE,18
GALLATIN,D102,US HOUSE,004,REPUBLICAN,THOMAS MASSIE,368
GALLATIN,D102,US HOUSE,004,DEMOCRAT,MATTHEW LEHMAN,78
GALLATIN,D102,US HOUSE,004,INDEPENDENT,ETHAN KEITH OSBORNE,16
GARRARD,A101,US HOUSE,006,REPUBLICAN,ANDY BARR,198
GARRARD,A101,US HOUSE,006,DEMOCRAT,GEOFFREY M GEOFF YOUNG,63
GARRARD,A101,US HOUSE,006,,MAURICE RANDALL CRAVENS II,2
GARRARD,A101,US HOUSE,006,,MAXWELL KEITH FROEDGE,0
GARRARD,A103,US HOUSE,006,REPUBLICAN,ANDY BARR,435
GARRARD,A103,US HOUSE,006,DEMOCRAT,GEOFFREY M GEOFF YOUNG,83
GARRARD,A103,US HOUSE,006,,MAURICE RANDALL CRAVENS II,4
GARRARD,A103,US HOUSE,006,,MAXWELL KEITH FROEDGE,0
GARRARD,A104,US HOUSE,006,REPUBLICAN,ANDY BARR,488
GARRARD,A104,US HOUSE,006,DEMOCRAT,GEOFFREY M GEOFF YOUNG,91
GARRARD,A104,US HOUSE,006,,MAURICE RANDALL CRAVENS II,5
GARRARD,A104,US HOUSE,006,,MAXWELL KEITH FROEDGE,0
GARRARD,B101,US HOUSE,006,REPUBLICAN,ANDY BARR,213
GARRARD,B101,US HOUSE,006,DEMOCRAT,GEOFFREY M GEOFF YOUNG,68
GARRARD,B101,US HOUSE,006,,MAURICE RANDALL CRAVENS II,0
GARRARD,B101,US HOUSE,006,,MAXWELL KEITH FROEDGE,0
GARRARD,B102,US HOUSE,006,REPUBLICAN,ANDY BARR,434
GARRARD,B102,US HOUSE,006,DEMOCRAT,GEOFFREY M GEOFF YOUNG,77
GARRARD,B102,US HOUSE,006,,MAURICE RANDALL CRAVENS II,4
GARRARD,B102,US HOUSE,006,,MAXWELL KEITH FROEDGE,0
GARRARD,B103,US HOUSE,006,REPUBLICAN,ANDY BARR,93
GARRARD,B103,US HOUSE,006,DEMOCRAT,GEOFFREY M GEOFF YOUNG,50
GARRARD,B103,US HOUSE,006,,MAURICE RANDALL CRAVENS II,1
GARRARD,B103,US HOUSE,006,,MAXWELL KEITH FROEDGE,0
GARRARD,C102,US HOUSE,006,REPUBLICAN,ANDY BARR,514
GARRARD,C102,US HOUSE,006,DEMOCRAT,GEOFFREY M GEOFF YOUNG,93
GARRARD,C102,US HOUSE,006,,MAURICE RANDALL CRAVENS II,2
GARRARD,C102,US HOUSE,006,,MAXWELL KEITH FROEDGE,1
GARRARD,C103,US HOUSE,006,REPUBLICAN,ANDY BARR,544
GARRARD,C103,US HOUSE,006,DEMOCRAT,GEOFFREY M GEOFF YOUNG,112
GARRARD,C103,US HOUSE,006,,MAURICE RANDALL CRAVENS II,3
GARRARD,C103,US HOUSE,006,,MAXWELL KEITH FROEDGE,0
GARRARD,D101,US HOUSE,006,REPUBLICAN,ANDY BARR,368
GARRARD,D101,US HOUSE,006,DEMOCRAT,GEOFFREY M GEOFF YOUNG,57
GARRARD,D101,US HOUSE,006,,MAURICE RANDALL CRAVENS II,3
GARRARD,D101,US HOUSE,006,,MAXWELL KEITH FROEDGE,0
GARRARD,D102,US HOUSE,006,REPUBLICAN,ANDY BARR,176
GARRARD,D102,US HOUSE,006,DEMOCRAT,GEOFFREY M GEOFF YOUNG,23
GARRARD,D102,US HOUSE,006,,MAURICE RANDALL CRAVENS II,3
GARRARD,D102,US HOUSE,006,,MAXWELL KEITH FROEDGE,0
GARRARD,D103,US HOUSE,006,REPUBLICAN,ANDY BARR,165
GARRARD,D103,US HOUSE,006,DEMOCRAT,GEOFFREY M GEOFF YOUNG,54
GARRARD,D103,US HOUSE,006,,MAURICE RANDALL CRAVENS II,2
GARRARD,D103,US HOUSE,006,,MAXWELL KEITH FROEDGE,0
GARRARD,D104,US HOUSE,006,REPUBLICAN,ANDY BARR,297
GARRARD,D104,US HOUSE,006,DEMOCRAT,GEOFFREY M GEOFF YOUNG,77
GARRARD,D104,US HOUSE,006,,MAURICE RANDALL CRAVENS II,0
GARRARD,D104,US HOUSE,006,,MAXWELL KEITH FROEDGE,0
GARRARD,E101,US HOUSE,006,REPUBLICAN,ANDY BARR,465
GARRARD,E101,US HOUSE,006,DEMOCRAT,GEOFFREY M GEOFF YOUNG,87
GARRARD,E101,US HOUSE,006,,MAURICE RANDALL CRAVENS II,2
GARRARD,E101,US HOUSE,006,,MAXWELL KEITH FROEDGE,0
GARRARD,E103,US HOUSE,006,REPUBLICAN,ANDY BARR,418
GARRARD,E103,US HOUSE,006,DEMOCRAT,GEOFFREY M GEOFF YOUNG,95
GARRARD,E103,US HOUSE,006,,MAURICE RANDALL CRAVENS II,3
GARRARD,E103,US HOUSE,006,,MAXWELL KEITH FROEDGE,0
GRANT,A101,US HOUSE,004,REPUBLICAN,THOMAS MASSIE,1997
GRANT,A101,US HOUSE,004,DEMOCRAT,MATTHEW LEHMAN,451
GRANT,A101,US HOUSE,004,INDEPENDENT,ETHAN KEITH OSBORNE,111
GRANT,B102,US HOUSE,004,REPUBLICAN,THOMAS MASSIE,1887
GRANT,B102,US HOUSE,004,DEMOCRAT,MATTHEW LEHMAN,454
GRANT,B102,US HOUSE,004,INDEPENDENT,ETHAN KEITH OSBORNE,83
GRANT,C103,US HOUSE,004,REPUBLICAN,THOMAS MASSIE,1902
GRANT,C103,US HOUSE,004,DEMOCRAT,MATTHEW LEHMAN,414
GRANT,C103,US HOUSE,004,INDEPENDENT,ETHAN KEITH OSBORNE,91
GRAVES,A101,US HOUSE,001,REPUBLICAN,JAMES R COMER,243
GRAVES,A101,US HOUSE,001,DEMOCRAT,JIMMY C AUSBROOKS,29
GRAVES,A102,US HOUSE,001,REPUBLICAN,JAMES R COMER,219
GRAVES,A102,US HOUSE,001,DEMOCRAT,JIMMY C AUSBROOKS,30
GRAVES,A103,US HOUSE,001,REPUBLICAN,JAMES R COMER,267
GRAVES,A103,US HOUSE,001,DEMOCRAT,JIMMY C AUSBROOKS,47
GRAVES,A104,US HOUSE,001,REPUBLICAN,JAMES R COMER,164
GRAVES,A104,US HOUSE,001,DEMOCRAT,JIMMY C AUSBROOKS,38
GRAVES,A105,US HOUSE,001,REPUBLICAN,JAMES R COMER,312
GRAVES,A105,US HOUSE,001,DEMOCRAT,JIMMY C AUSBROOKS,46
GRAVES,A106,US HOUSE,001,REPUBLICAN,JAMES R COMER,325
GRAVES,A106,US HOUSE,001,DEMOCRAT,JIMMY C AUSBROOKS,56
GRAVES,A107,US HOUSE,001,REPUBLICAN,JAMES R COMER,395
GRAVES,A107,US HOUSE,001,DEMOCRAT,JIMMY C AUSBROOKS,75
GRAVES,A108,US HOUSE,001,REPUBLICAN,JAMES R COMER,323
GRAVES,A108,US HOUSE,001,DEMOCRAT,JIMMY C AUSBROOKS,40
GRAVES,A109,US HOUSE,001,REPUBLICAN,JAMES R COMER,566
GRAVES,A109,US HOUSE,001,DEMOCRAT,JIMMY C AUSBROOKS,94
GRAVES,A110,US HOUSE,001,REPUBLICAN,JAMES R COMER,287
GRAVES,A110,US HOUSE,001,DEMOCRAT,JIMMY C AUSBROOKS,49
GRAVES,A111,US HOUSE,001,REPUBLICAN,JAMES R COMER,592
GRAVES,A111,US HOUSE,001,DEMOCRAT,JIMMY C AUSBROOKS,111
GRAVES,B101,US HOUSE,001,REPUBLICAN,JAMES R COMER,100
GRAVES,B101,US HOUSE,001,DEMOCRAT,JIMMY C AUSBROOKS,53
GRAVES,B102,US HOUSE,001,REPUBLICAN,JAMES R COMER,50
GRAVES,B102,US HOUSE,001,DEMOCRAT,JIMMY C AUSBROOKS,39
GRAVES,B103,US HOUSE,001,REPUBLICAN,JAMES R COMER,184
GRAVES,B103,US HOUSE,001,DEMOCRAT,JIMMY C AUSBROOKS,103
GRAVES,B104,US HOUSE,001,REPUBLICAN,JAMES R COMER,184
GRAVES,B104,US HOUSE,001,DEMOCRAT,JIMMY C AUSBROOKS,60
GRAVES,B105,US HOUSE,001,REPUBLICAN,JAMES R COMER,363
GRAVES,B105,US HOUSE,001,DEMOCRAT,JIMMY C AUSBROOKS,111
GRAVES,B106,US HOUSE,001,REPUBLICAN,JAMES R COMER,52
GRAVES,B106,US HOUSE,001,DEMOCRAT,JIMMY C AUSBROOKS,30
GRAVES,B107,US HOUSE,001,REPUBLICAN,JAMES R COMER,66
GRAVES,B107,US HOUSE,001,DEMOCRAT,JIMMY C AUSBROOKS,41
GRAVES,B108,US HOUSE,001,REPUBLICAN,JAMES R COMER,301
GRAVES,B108,US HOUSE,001,DEMOCRAT,JIMMY C AUSBROOKS,122
GRAVES,B109,US HOUSE,001,REPUBLICAN,JAMES R COMER,247
GRAVES,B109,US HOUSE,001,DEMOCRAT,JIMMY C AUSBROOKS,104
GRAVES,B110,US HOUSE,001,REPUBLICAN,JAMES R COMER,618
GRAVES,B110,US HOUSE,001,DEMOCRAT,JIMMY C AUSBROOKS,127
GRAVES,B111,US HOUSE,001,REPUBLICAN,JAMES R COMER,428
GRAVES,B111,US HOUSE,001,DEMOCRAT,JIMMY C AUSBROOKS,90
GRAVES,C101,US HOUSE,001,REPUBLICAN,JAMES R COMER,467
GRAVES,C101,US HOUSE,001,DEMOCRAT,JIMMY C AUSBROOKS,86
GRAVES,C102,US HOUSE,001,REPUBLICAN,JAMES R COMER,446
GRAVES,C102,US HOUSE,001,DEMOCRAT,JIMMY C AUSBROOKS,64
GRAVES,C104,US HOUSE,001,REPUBLICAN,JAMES R COMER,663
GRAVES,C104,US HOUSE,001,DEMOCRAT,JIMMY C AUSBROOKS,100
GRAVES,C106,US HOUSE,001,REPUBLICAN,JAMES R COMER,347
GRAVES,C106,US HOUSE,001,DEMOCRAT,JIMMY C AUSBROOKS,63
GRAVES,C107,US HOUSE,001,REPUBLICAN,JAMES R COMER,264
GRAVES,C107,US HOUSE,001,DEMOCRAT,JIMMY C AUSBROOKS,36
GRAVES,C108,US HOUSE,001,REPUBLICAN,JAMES R COMER,416
GRAVES,C108,US HOUSE,001,DEMOCRAT,JIMMY C AUSBROOKS,69
GRAVES,C109,US HOUSE,001,REPUBLICAN,JAMES R COMER,498
GRAVES,C109,US HOUSE,001,DEMOCRAT,JIMMY C AUSBROOKS,73
GRAVES,C110,US HOUSE,001,REPUBLICAN,JAMES R COMER,500
GRAVES,C110,US HOUSE,001,DEMOCRAT,JIMMY C AUSBROOKS,119
GRAYSON,A102,US HOUSE,002,REPUBLICAN,S BRETT GUTHRIE,185
GRAYSON,A102,US HOUSE,002,DEMOCRAT,HANK LINDERMAN,53
GRAYSON,A103,US HOUSE,002,REPUBLICAN,S BRETT GUTHRIE,516
GRAYSON,A103,US HOUSE,002,DEMOCRAT,HANK LINDERMAN,107
GRAYSON,A104,US HOUSE,002,REPUBLICAN,S BRETT GUTHRIE,121
GRAYSON,A104,US HOUSE,002,DEMOCRAT,HANK LINDERMAN,35
GRAYSON,B101,US HOUSE,002,REPUBLICAN,S BRETT GUTHRIE,336
GRAYSON,B101,US HOUSE,002,DEMOCRAT,HANK LINDERMAN,49
GRAYSON,B102,US HOUSE,002,REPUBLICAN,S BRETT GUTHRIE,122
GRAYSON,B102,US HOUSE,002,DEMOCRAT,HANK LINDERMAN,16
GRAYSON,B103,US HOUSE,002,REPUBLICAN,S BRETT GUTHRIE,170
GRAYSON,B103,US HOUSE,002,DEMOCRAT,HANK LINDERMAN,71
GRAYSON,B104,US HOUSE,002,REPUBLICAN,S BRETT GUTHRIE,111
GRAYSON,B104,US HOUSE,002,DEMOCRAT,HANK LINDERMAN,26
GRAYSON,B105,US HOUSE,002,REPUBLICAN,S BRETT GUTHRIE,392
GRAYSON,B105,US HOUSE,002,DEMOCRAT,HANK LINDERMAN,98
GRAYSON,C101,US HOUSE,002,REPUBLICAN,S BRETT GUTHRIE,162
GRAYSON,C101,US HOUSE,002,DEMOCRAT,HANK LINDERMAN,30
GRAYSON,C102,US HOUSE,002,REPUBLICAN,S BRETT GUTHRIE,470
GRAYSON,C102,US HOUSE,002,DEMOCRAT,HANK LINDERMAN,90
GRAYSON,C103,US HOUSE,002,REPUBLICAN,S BRETT GUTHRIE,514
GRAYSON,C103,US HOUSE,002,DEMOCRAT,HANK LINDERMAN,153
GRAYSON,D101,US HOUSE,002,REPUBLICAN,S BRETT GUTHRIE,394
GRAYSON,D101,US HOUSE,002,DEMOCRAT,HANK LINDERMAN,118
GRAYSON,D102,US HOUSE,002,REPUBLICAN,S BRETT GUTHRIE,462
GRAYSON,D102,US HOUSE,002,DEMOCRAT,HANK LINDERMAN,92
GRAYSON,D103,US HOUSE,002,REPUBLICAN,S BRETT GUTHRIE,253
GRAYSON,D103,US HOUSE,002,DEMOCRAT,HANK LINDERMAN,32
GRAYSON,E101,US HOUSE,002,REPUBLICAN,S BRETT GUTHRIE,249
GRAYSON,E101,US HOUSE,002,DEMOCRAT,HANK LINDERMAN,55
GRAYSON,E102,US HOUSE,002,REPUBLICAN,S BRETT GUTHRIE,519
GRAYSON,E102,US HOUSE,002,DEMOCRAT,HANK LINDERMAN,131
GRAYSON,E103,US HOUSE,002,REPUBLICAN,S BRETT GUTHRIE,180
GRAYSON,E103,US HOUSE,002,DEMOCRAT,HANK LINDERMAN,19
GRAYSON,E104,US HOUSE,002,REPUBLICAN,S BRETT GUTHRIE,195
GRAYSON,E104,US HOUSE,002,DEMOCRAT,HANK LINDERMAN,31
GRAYSON,F101,US HOUSE,002,REPUBLICAN,S BRETT GUTHRIE,256
GRAYSON,F101,US HOUSE,002,DEMOCRAT,HANK LINDERMAN,61
GRAYSON,F103,US HOUSE,002,REPUBLICAN,S BRETT GUTHRIE,511
GRAYSON,F103,US HOUSE,002,DEMOCRAT,HANK LINDERMAN,88
GRAYSON,F105,US HOUSE,002,REPUBLICAN,S BRETT GUTHRIE,166
GRAYSON,F105,US HOUSE,002,DEMOCRAT,HANK LINDERMAN,25
GRAYSON,F106,US HOUSE,002,REPUBLICAN,S BRETT GUTHRIE,216
GRAYSON,F106,US HOUSE,002,DEMOCRAT,HANK LINDERMAN,17
GREENUP,A101,US HOUSE,004,REPUBLICAN,THOMAS MASSIE,344
GREENUP,A101,US HOUSE,004,DEMOCRAT,MATTHEW LEHMAN,93
GREENUP,A101,US HOUSE,004,INDEPENDENT,ETHAN KEITH OSBORNE,17
GREENUP,A102,US HOUSE,004,REPUBLICAN,THOMAS MASSIE,348
GREENUP,A102,US HOUSE,004,DEMOCRAT,MATTHEW LEHMAN,120
GREENUP,A102,US HOUSE,004,INDEPENDENT,ETHAN KEITH OSBORNE,15
GREENUP,A103,US HOUSE,004,REPUBLICAN,THOMAS MASSIE,400
GREENUP,A103,US HOUSE,004,DEMOCRAT,MATTHEW LEHMAN,179
GREENUP,A103,US HOUSE,004,INDEPENDENT,ETHAN KEITH OSBORNE,26
GREENUP,A104,US HOUSE,004,REPUBLICAN,THOMAS MASSIE,300
GREENUP,A104,US HOUSE,004,DEMOCRAT,MATTHEW LEHMAN,101
GREENUP,A104,US HOUSE,004,INDEPENDENT,ETHAN KEITH OSBORNE,11
GREENUP,A105,US HOUSE,004,REPUBLICAN,THOMAS MASSIE,174
GREENUP,A105,US HOUSE,004,DEMOCRAT,MATTHEW LEHMAN,74
GREENUP,A105,US HOUSE,004,INDEPENDENT,ETHAN KEITH OSBORNE,7
GREENUP,A106,US HOUSE,004,REPUBLICAN,THOMAS MASSIE,224
GREENUP,A106,US HOUSE,004,DEMOCRAT,MATTHEW LEHMAN,102
GREENUP,A106,US HOUSE,004,INDEPENDENT,ETHAN KEITH OSBORNE,14
GREENUP,A107,US HOUSE,004,REPUBLICAN,THOMAS MASSIE,234
GREENUP,A107,US HOUSE,004,DEMOCRAT,MATTHEW LEHMAN,71
GREENUP,A107,US HOUSE,004,INDEPENDENT,ETHAN KEITH OSBORNE,11
GREENUP,A108,US HOUSE,004,REPUBLICAN,THOMAS MASSIE,138
GREENUP,A108,US HOUSE,004,DEMOCRAT,MATTHEW LEHMAN,102
GREENUP,A108,US HOUSE,004,INDEPENDENT,ETHAN KEITH OSBORNE,7
GREENUP,A109,US HOUSE,004,REPUBLICAN,THOMAS MASSIE,535
GREENUP,A109,US HOUSE,004,DEMOCRAT,MATTHEW LEHMAN,211
GREENUP,A109,US HOUSE,004,INDEPENDENT,ETHAN KEITH OSBORNE,23
GREENUP,A110,US HOUSE,004,REPUBLICAN,THOMAS MASSIE,468
GREENUP,A110,US HOUSE,004,DEMOCRAT,MATTHEW LEHMAN,138
GREENUP,A110,US HOUSE,004,INDEPENDENT,ETHAN KEITH OSBORNE,15
GREENUP,B101,US HOUSE,004,REPUBLICAN,THOMAS MASSIE,225
GREENUP,B101,US HOUSE,004,DEMOCRAT,MATTHEW LEHMAN,91
GREENUP,B101,US HOUSE,004,INDEPENDENT,ETHAN KEITH OSBORNE,6
GREENUP,B102,US HOUSE,004,REPUBLICAN,THOMAS MASSIE,244
GREENUP,B102,US HOUSE,004,DEMOCRAT,MATTHEW LEHMAN,113
GREENUP,B102,US HOUSE,004,INDEPENDENT,ETHAN KEITH OSBORNE,12
GREENUP,B103,US HOUSE,004,REPUBLICAN,THOMAS MASSIE,368
GREENUP,B103,US HOUSE,004,DEMOCRAT,MATTHEW LEHMAN,89
GREENUP,B103,US HOUSE,004,INDEPENDENT,ETHAN KEITH OSBORNE,5
GREENUP,B104,US HOUSE,004,REPUBLICAN,THOMAS MASSIE,277
GREENUP,B104,US HOUSE,004,DEMOCRAT,MATTHEW LEHMAN,76
GREENUP,B104,US HOUSE,004,INDEPENDENT,ETHAN KEITH OSBORNE,10
GREENUP,B105,US HOUSE,004,REPUBLICAN,THOMAS MASSIE,379
GREENUP,B105,US HOUSE,004,DEMOCRAT,MATTHEW LEHMAN,57
GREENUP,B105,US HOUSE,004,INDEPENDENT,ETHAN KEITH OSBORNE,12
GREENUP,B107,US HOUSE,004,REPUBLICAN,THOMAS MASSIE,303
GREENUP,B107,US HOUSE,004,DEMOCRAT,MATTHEW LEHMAN,85
GREENUP,B107,US HOUSE,004,INDEPENDENT,ETHAN KEITH OSBORNE,17
GREENUP,B108,US HOUSE,004,REPUBLICAN,THOMAS MASSIE,482
GREENUP,B108,US HOUSE,004,DEMOCRAT,MATTHEW LEHMAN,157
GREENUP,B108,US HOUSE,004,INDEPENDENT,ETHAN KEITH OSBORNE,23
GREENUP,B110,US HOUSE,004,REPUBLICAN,THOMAS MASSIE,247
GREENUP,B110,US HOUSE,004,DEMOCRAT,MATTHEW LEHMAN,38
GREENUP,B110,US HOUSE,004,INDEPENDENT,ETHAN KEITH OSBORNE,17
GREENUP,B111,US HOUSE,004,REPUBLICAN,THOMAS MASSIE,392
GREENUP,B111,US HOUSE,004,DEMOCRAT,MATTHEW LEHMAN,103
GREENUP,B111,US HOUSE,004,INDEPENDENT,ETHAN KEITH OSBORNE,15
GREENUP,C101,US HOUSE,004,REPUBLICAN,THOMAS MASSIE,307
GREENUP,C101,US HOUSE,004,DEMOCRAT,MATTHEW LEHMAN,151
GREENUP,C101,US HOUSE,004,INDEPENDENT,ETHAN KEITH OSBORNE,13
GREENUP,C102,US HOUSE,004,REPUBLICAN,THOMAS MASSIE,405
GREENUP,C102,US HOUSE,004,DEMOCRAT,MATTHEW LEHMAN,82
GREENUP,C102,US HOUSE,004,INDEPENDENT,ETHAN KEITH OSBORNE,17
GREENUP,C103,US HOUSE,004,REPUBLICAN,THOMAS MASSIE,211
GREENUP,C103,US HOUSE,004,DEMOCRAT,MATTHEW LEHMAN,101
GREENUP,C103,US HOUSE,004,INDEPENDENT,ETHAN KEITH OSBORNE,5
GREENUP,C104,US HOUSE,004,REPUBLICAN,THOMAS MASSIE,312
GREENUP,C104,US HOUSE,004,DEMOCRAT,MATTHEW LEHMAN,117
GREENUP,C104,US HOUSE,004,INDEPENDENT,ETHAN KEITH OSBORNE,13
GREENUP,C105,US HOUSE,004,REPUBLICAN,THOMAS MASSIE,300
GREENUP,C105,US HOUSE,004,DEMOCRAT,MATTHEW LEHMAN,116
GREENUP,C105,US HOUSE,004,INDEPENDENT,ETHAN KEITH OSBORNE,18
GREENUP,C106,US HOUSE,004,REPUBLICAN,THOMAS MASSIE,295
GREENUP,C106,US HOUSE,004,DEMOCRAT,MATTHEW LEHMAN,126
GREENUP,C106,US HOUSE,004,INDEPENDENT,ETHAN KEITH OSBORNE,12
GREENUP,C107,US HOUSE,004,REPUBLICAN,THOMAS MASSIE,241
GREENUP,C107,US HOUSE,004,DEMOCRAT,MATTHEW LEHMAN,97
GREENUP,C107,US HOUSE,004,INDEPENDENT,ETHAN KEITH OSBORNE,17
GREENUP,C108,US HOUSE,004,REPUBLICAN,THOMAS MASSIE,328
GREENUP,C108,US HOUSE,004,DEMOCRAT,MATTHEW LEHMAN,143
GREENUP,C108,US HOUSE,004,INDEPENDENT,ETHAN KEITH OSBORNE,16
GREENUP,C109,US HOUSE,004,REPUBLICAN,THOMAS MASSIE,274
GREENUP,C109,US HOUSE,004,DEMOCRAT,MATTHEW LEHMAN,86
GREENUP,C109,US HOUSE,004,INDEPENDENT,ETHAN KEITH OSBORNE,8
GREENUP,C110,US HOUSE,004,REPUBLICAN,THOMAS MASSIE,301
GREENUP,C110,US HOUSE,004,DEMOCRAT,MATTHEW LEHMAN,83
GREENUP,C110,US HOUSE,004,INDEPENDENT,ETHAN KEITH OSBORNE,14
GREEN,A101,US HOUSE,002,REPUBLICAN,S BRETT GUTHRIE,408
GREEN,A101,US HOUSE,002,DEMOCRAT,HANK LINDERMAN,89
GREEN,A102,US HOUSE,002,REPUBLICAN,S BRETT GUTHRIE,219
GREEN,A102,US HOUSE,002,DEMOCRAT,HANK LINDERMAN,53
GREEN,A103,US HOUSE,002,REPUBLICAN,S BRETT GUTHRIE,422
GREEN,A103,US HOUSE,002,DEMOCRAT,HANK LINDERMAN,63
GREEN,A104,US HOUSE,002,REPUBLICAN,S BRETT GUTHRIE,340
GREEN,A104,US HOUSE,002,DEMOCRAT,HANK LINDERMAN,57
GREEN,B101,US HOUSE,002,REPUBLICAN,S BRETT GUTHRIE,439
GREEN,B101,US HOUSE,002,DEMOCRAT,HANK LINDERMAN,68
GREEN,B102,US HOUSE,002,REPUBLICAN,S BRETT GUTHRIE,512
GREEN,B102,US HOUSE,002,DEMOCRAT,HANK LINDERMAN,50
GREEN,C101,US HOUSE,002,REPUBLICAN,S BRETT GUTHRIE,359
GREEN,C101,US HOUSE,002,DEMOCRAT,HANK LINDERMAN,43
GREEN,C102,US HOUSE,002,REPUBLICAN,S BRETT GUTHRIE,339
GREEN,C102,US HOUSE,002,DEMOCRAT,HANK LINDERMAN,36
GREEN,D101,US HOUSE,002,REPUBLICAN,S BRETT GUTHRIE,357
GREEN,D101,US HOUSE,002,DEMOCRAT,HANK LINDERMAN,30
GREEN,D102,US HOUSE,002,REPUBLICAN,S BRETT GUTHRIE,369
GREEN,D102,US HOUSE,002,DEMOCRAT,HANK LINDERMAN,30
HANCOCK,A101,US HOUSE,002,REPUBLICAN,S BRETT GUTHRIE,202
HANCOCK,A101,US HOUSE,002,DEMOCRAT,HANK LINDERMAN,86
HANCOCK,A102,US HOUSE,002,REPUBLICAN,S BRETT GUTHRIE,254
HANCOCK,A102,US HOUSE,002,DEMOCRAT,HANK LINDERMAN,162
HANCOCK,B101,US HOUSE,002,REPUBLICAN,S BRETT GUTHRIE,164
HANCOCK,B101,US HOUSE,002,DEMOCRAT,HANK LINDERMAN,88
HANCOCK,B102,US HOUSE,002,REPUBLICAN,S BRETT GUTHRIE,230
HANCOCK,B102,US HOUSE,002,DEMOCRAT,HANK LINDERMAN,94
HANCOCK,B103,US HOUSE,002,REPUBLICAN,S BRETT GUTHRIE,156
HANCOCK,B103,US HOUSE,002,DEMOCRAT,HANK LINDERMAN,72
HANCOCK,C101,US HOUSE,002,REPUBLICAN,S BRETT GUTHRIE,362
HANCOCK,C101,US HOUSE,002,DEMOCRAT,HANK LINDERMAN,147
HANCOCK,C102,US HOUSE,002,REPUBLICAN,S BRETT GUTHRIE,255
HANCOCK,C102,US HOUSE,002,DEMOCRAT,HANK LINDERMAN,108
HANCOCK,D101,US HOUSE,002,REPUBLICAN,S BRETT GUTHRIE,211
HANCOCK,D101,US HOUSE,002,DEMOCRAT,HANK LINDERMAN,49
HANCOCK,D102,US HOUSE,002,REPUBLICAN,S BRETT GUTHRIE,264
HANCOCK,D102,US HOUSE,002,DEMOCRAT,HANK LINDERMAN,62
HANCOCK,D103,US HOUSE,002,REPUBLICAN,S BRETT GUTHRIE,225
HANCOCK,D103,US HOUSE,002,DEMOCRAT,HANK LINDERMAN,55
HARDIN,A001,US HOUSE,002,REPUBLICAN,S BRETT GUTHRIE,226
HARDIN,A001,US HOUSE,002,DEMOCRAT,HANK LINDERMAN,84
HARDIN,A002,US HOUSE,002,REPUBLICAN,S BRETT GUTHRIE,204
HARDIN,A002,US HOUSE,002,DEMOCRAT,HANK LINDERMAN,186
HARDIN,A003,US HOUSE,002,DEMOCRAT,HANK LINDERMAN,104
HARDIN,A003,US HOUSE,002,REPUBLICAN,S BRETT GUTHRIE,82
HARDIN,A004,US HOUSE,002,REPUBLICAN,S BRETT GUTHRIE,228
HARDIN,A004,US HOUSE,002,DEMOCRAT,HANK LINDERMAN,203
HARDIN,A005,US HOUSE,002,REPUBLICAN,S BRETT GUTHRIE,212
HARDIN,A005,US HOUSE,002,DEMOCRAT,HANK LINDERMAN,168
HARDIN,A006,US HOUSE,002,DEMOCRAT,HANK LINDERMAN,246
HARDIN,A006,US HOUSE,002,REPUBLICAN,S BRETT GUTHRIE,219
HARDIN,A007,US HOUSE,002,DEMOCRAT,HANK LINDERMAN,40
HARDIN,A007,US HOUSE,002,REPUBLICAN,S BRETT GUTHRIE,24
HARDIN,A008,US HOUSE,002,REPUBLICAN,S BRETT GUTHRIE,236
HARDIN,A008,US HOUSE,002,DEMOCRAT,HANK LINDERMAN,204
HARDIN,A009,US HOUSE,002,REPUBLICAN,S BRETT GUTHRIE,108
HARDIN,A009,US HOUSE,002,DEMOCRAT,HANK LINDERMAN,101
HARDIN,A010,US HOUSE,002,DEMOCRAT,HANK LINDERMAN,18
HARDIN,A010,US HOUSE,002,REPUBLICAN,S BRETT GUTHRIE,18
HARDIN,B001,US HOUSE,002,REPUBLICAN,S BRETT GUTHRIE,143
HARDIN,B001,US HOUSE,002,DEMOCRAT,HANK LINDERMAN,91
HARDIN,B002,US HOUSE,002,REPUBLICAN,S BRETT GUTHRIE,268
HARDIN,B002,US HOUSE,002,DEMOCRAT,HANK LINDERMAN,261
HARDIN,B003,US HOUSE,002,DEMOCRAT,HANK LINDERMAN,357
HARDIN,B003,US HOUSE,002,REPUBLICAN,S BRETT GUTHRIE,327
HARDIN,B004,US HOUSE,002,DEMOCRAT,HANK LINDERMAN,253
HARDIN,B004,US HOUSE,002,REPUBLICAN,S BRETT GUTHRIE,207
HARDIN,B005,US HOUSE,002,REPUBLICAN,S BRETT GUTHRIE,265
HARDIN,B005,US HOUSE,002,DEMOCRAT,HANK LINDERMAN,102
HARDIN,B006,US HOUSE,002,REPUBLICAN,S BRETT GUTHRIE,213
HARDIN,B006,US HOUSE,002,DEMOCRAT,HANK LINDERMAN,173
HARDIN,C001,US HOUSE,002,REPUBLICAN,S BRETT GUTHRIE,315
HARDIN,C001,US HOUSE,002,DEMOCRAT,HANK LINDERMAN,154
HARDIN,C002,US HOUSE,002,REPUBLICAN,S BRETT GUTHRIE,258
HARDIN,C002,US HOUSE,002,DEMOCRAT,HANK LINDERMAN,212
HARDIN,C003,US HOUSE,002,REPUBLICAN,S BRETT GUTHRIE,517
HARDIN,C003,US HOUSE,002,DEMOCRAT,HANK LINDERMAN,144
HARDIN,C004,US HOUSE,002,REPUBLICAN,S BRETT GUTHRIE,724
HARDIN,C004,US HOUSE,002,DEMOCRAT,HANK LINDERMAN,265
HARDIN,C005,US HOUSE,002,REPUBLICAN,S BRETT GUTHRIE,339
HARDIN,C005,US HOUSE,002,DEMOCRAT,HANK LINDERMAN,115
HARDIN,C006,US HOUSE,002,REPUBLICAN,S BRETT GUTHRIE,534
HARDIN,C006,US HOUSE,002,DEMOCRAT,HANK LINDERMAN,239
HARDIN,C007,US HOUSE,002,REPUBLICAN,S BRETT GUTHRIE,193
HARDIN,C007,US HOUSE,002,DEMOCRAT,HANK LINDERMAN,160
HARDIN,D001,US HOUSE,002,REPUBLICAN,S BRETT GUTHRIE,212
HARDIN,D001,US HOUSE,002,DEMOCRAT,HANK LINDERMAN,139
HARDIN,D002,US HOUSE,002,REPUBLICAN,S BRETT GUTHRIE,590
HARDIN,D002,US HOUSE,002,DEMOCRAT,HANK LINDERMAN,251
HARDIN,D003,US HOUSE,002,REPUBLICAN,S BRETT GUTHRIE,427
HARDIN,D003,US HOUSE,002,DEMOCRAT,HANK LINDERMAN,244
HARDIN,D004,US HOUSE,002,REPUBLICAN,S BRETT GUTHRIE,650
HARDIN,D004,US HOUSE,002,DEMOCRAT,HANK LINDERMAN,420
HARDIN,D005,US HOUSE,002,REPUBLICAN,S BRETT GUTHRIE,643
HARDIN,D005,US HOUSE,002,DEMOCRAT,HANK LINDERMAN,417
HARDIN,D006,US HOUSE,002,REPUBLICAN,S BRETT GUTHRIE,200
HARDIN,D006,US HOUSE,002,DEMOCRAT,HANK LINDERMAN,117
HARDIN,E001,US HOUSE,002,REPUBLICAN,S BRETT GUTHRIE,201
HARDIN,E001,US HOUSE,002,DEMOCRAT,HANK LINDERMAN,158
HARDIN,E002,US HOUSE,002,REPUBLICAN,S BRETT GUTHRIE,187
HARDIN,E002,US HOUSE,002,DEMOCRAT,HANK LINDERMAN,148
HARDIN,E003,US HOUSE,002,REPUBLICAN,S BRETT GUTHRIE,527
HARDIN,E003,US HOUSE,002,DEMOCRAT,HANK LINDERMAN,277
HARDIN,E004,US HOUSE,002,REPUBLICAN,S BRETT GUTHRIE,182
HARDIN,E004,US HOUSE,002,DEMOCRAT,HANK LINDERMAN,105
HARDIN,E005,US HOUSE,002,REPUBLICAN,S BRETT GUTHRIE,319
HARDIN,E005,US HOUSE,002,DEMOCRAT,HANK LINDERMAN,161
HARDIN,E006,US HOUSE,002,REPUBLICAN,S BRETT GUTHRIE,212
HARDIN,E006,US HOUSE,002,DEMOCRAT,HANK LINDERMAN,112
HARDIN,E007,US HOUSE,002,REPUBLICAN,S BRETT GUTHRIE,247
HARDIN,E007,US HOUSE,002,DEMOCRAT,HANK LINDERMAN,223
HARDIN,F001,US HOUSE,002,REPUBLICAN,S BRETT GUTHRIE,461
HARDIN,F001,US HOUSE,002,DEMOCRAT,HANK LINDERMAN,183
HARDIN,F002,US HOUSE,002,REPUBLICAN,S BRETT GUTHRIE,424
HARDIN,F002,US HOUSE,002,DEMOCRAT,HANK LINDERMAN,110
HARDIN,F003,US HOUSE,002,REPUBLICAN,S BRETT GUTHRIE,755
HARDIN,F003,US HOUSE,002,DEMOCRAT,HANK LINDERMAN,253
HARDIN,F004,US HOUSE,002,REPUBLICAN,S BRETT GUTHRIE,644
HARDIN,F004,US HOUSE,002,DEMOCRAT,HANK LINDERMAN,215
HARDIN,F005,US HOUSE,002,REPUBLICAN,S BRETT GUTHRIE,490
HARDIN,F005,US HOUSE,002,DEMOCRAT,HANK LINDERMAN,141
HARDIN,F006,US HOUSE,002,REPUBLICAN,S BRETT GUTHRIE,489
HARDIN,F006,US HOUSE,002,DEMOCRAT,HANK LINDERMAN,139
HARDIN,F007,US HOUSE,002,REPUBLICAN,S BRETT GUTHRIE,229
HARDIN,F007,US HOUSE,002,DEMOCRAT,HANK LINDERMAN,68
HARDIN,F008,US HOUSE,002,REPUBLICAN,S BRETT GUTHRIE,45
HARDIN,F008,US HOUSE,002,DEMOCRAT,HANK LINDERMAN,7
HARDIN,G001,US HOUSE,002,REPUBLICAN,S BRETT GUTHRIE,260
HARDIN,G001,US HOUSE,002,DEMOCRAT,HANK LINDERMAN,64
HARDIN,G002,US HOUSE,002,REPUBLICAN,S BRETT GUTHRIE,357
HARDIN,G002,US HOUSE,002,DEMOCRAT,HANK LINDERMAN,87
HARDIN,G003,US HOUSE,002,REPUBLICAN,S BRETT GUTHRIE,362
HARDIN,G003,US HOUSE,002,DEMOCRAT,HANK LINDERMAN,56
HARDIN,G004,US HOUSE,002,REPUBLICAN,S BRETT GUTHRIE,316
HARDIN,G004,US HOUSE,002,DEMOCRAT,HANK LINDERMAN,74
HARDIN,G006,US HOUSE,002,REPUBLICAN,S BRETT GUTHRIE,675
HARDIN,G006,US HOUSE,002,DEMOCRAT,HANK LINDERMAN,194
HARDIN,G007,US HOUSE,002,REPUBLICAN,S BRETT GUTHRIE,411
HARDIN,G007,US HOUSE,002,DEMOCRAT,HANK LINDERMAN,122
HARDIN,G008,US HOUSE,002,REPUBLICAN,S BRETT GUTHRIE,605
HARDIN,G008,US HOUSE,002,DEMOCRAT,HANK LINDERMAN,112
HARDIN,G009,US HOUSE,002,REPUBLICAN,S BRETT GUTHRIE,360
HARDIN,G009,US HOUSE,002,DEMOCRAT,HANK LINDERMAN,178
HARDIN,H001,US HOUSE,002,REPUBLICAN,S BRETT GUTHRIE,571
HARDIN,H001,US HOUSE,002,DEMOCRAT,HANK LINDERMAN,185
HARDIN,H003,US HOUSE,002,REPUBLICAN,S BRETT GUTHRIE,51
HARDIN,H003,US HOUSE,002,DEMOCRAT,HANK LINDERMAN,8
HARDIN,H004,US HOUSE,002,REPUBLICAN,S BRETT GUTHRIE,535
HARDIN,H004,US HOUSE,002,DEMOCRAT,HANK LINDERMAN,186
HARDIN,H005,US HOUSE,002,REPUBLICAN,S BRETT GUTHRIE,554
HARDIN,H005,US HOUSE,002,DEMOCRAT,HANK LINDERMAN,448
HARDIN,H006,US HOUSE,002,REPUBLICAN,S BRETT GUTHRIE,518
HARDIN,H006,US HOUSE,002,DEMOCRAT,HANK LINDERMAN,297
HARDIN,H007,US HOUSE,002,REPUBLICAN,S BRETT GUTHRIE,549
HARDIN,H007,US HOUSE,002,DEMOCRAT,HANK LINDERMAN,180
HARDIN,H008,US HOUSE,002,REPUBLICAN,S BRETT GUTHRIE,439
HARDIN,H008,US HOUSE,002,DEMOCRAT,HANK LINDERMAN,146
HARLAN,A101,US HOUSE,005,REPUBLICAN,HAROLD HAL ROGERS,445
HARLAN,A101,US HOUSE,005,DEMOCRAT,CONOR HALBLEIB,90
HARLAN,A108,US HOUSE,005,REPUBLICAN,HAROLD HAL ROGERS,582
HARLAN,A108,US HOUSE,005,DEMOCRAT,CONOR HALBLEIB,72
HARLAN,A110,US HOUSE,005,REPUBLICAN,HAROLD HAL ROGERS,186
HARLAN,A110,US HOUSE,005,DEMOCRAT,CONOR HALBLEIB,16
HARLAN,A111,US HOUSE,005,REPUBLICAN,HAROLD HAL ROGERS,113
HARLAN,A111,US HOUSE,005,DEMOCRAT,CONOR HALBLEIB,6
HARLAN,A112,US HOUSE,005,REPUBLICAN,HAROLD HAL ROGERS,268
HARLAN,A112,US HOUSE,005,DEMOCRAT,CONOR HALBLEIB,23
HARLAN,B102,US HOUSE,005,REPUBLICAN,HAROLD HAL ROGERS,182
HARLAN,B102,US HOUSE,005,DEMOCRAT,CONOR HALBLEIB,21
HARLAN,B103,US HOUSE,005,REPUBLICAN,HAROLD HAL ROGERS,177
HARLAN,B103,US HOUSE,005,DEMOCRAT,CONOR HALBLEIB,18
HARLAN,B104,US HOUSE,005,REPUBLICAN,HAROLD HAL ROGERS,185
HARLAN,B104,US HOUSE,005,DEMOCRAT,CONOR HALBLEIB,20
HARLAN,B105,US HOUSE,005,REPUBLICAN,HAROLD HAL ROGERS,202
HARLAN,B105,US HOUSE,005,DEMOCRAT,CONOR HALBLEIB,16
HARLAN,B106,US HOUSE,005,REPUBLICAN,HAROLD HAL ROGERS,236
HARLAN,B106,US HOUSE,005,DEMOCRAT,CONOR HALBLEIB,25
HARLAN,B107,US HOUSE,005,REPUBLICAN,HAROLD HAL ROGERS,136
HARLAN,B107,US HOUSE,005,DEMOCRAT,CONOR HALBLEIB,17
HARLAN,B109,US HOUSE,005,REPUBLICAN,HAROLD HAL ROGERS,148
HARLAN,B109,US HOUSE,005,DEMOCRAT,CONOR HALBLEIB,18
HARLAN,C101,US HOUSE,005,REPUBLICAN,HAROLD HAL ROGERS,148
HARLAN,C101,US HOUSE,005,DEMOCRAT,CONOR HALBLEIB,9
HARLAN,C102,US HOUSE,005,REPUBLICAN,HAROLD HAL ROGERS,90
HARLAN,C102,US HOUSE,005,DEMOCRAT,CONOR HALBLEIB,8
HARLAN,C103,US HOUSE,005,REPUBLICAN,HAROLD HAL ROGERS,92
HARLAN,C103,US HOUSE,005,DEMOCRAT,CONOR HALBLEIB,15
HARLAN,C104,US HOUSE,005,REPUBLICAN,HAROLD HAL ROGERS,146
HARLAN,C104,US HOUSE,005,DEMOCRAT,CONOR HALBLEIB,36
HARLAN,C106,US HOUSE,005,REPUBLICAN,HAROLD HAL ROGERS,90
HARLAN,C106,US HOUSE,005,DEMOCRAT,CONOR HALBLEIB,9
HARLAN,C107,US HOUSE,005,REPUBLICAN,HAROLD HAL ROGERS,160
HARLAN,C107,US HOUSE,005,DEMOCRAT,CONOR HALBLEIB,38
HARLAN,C109,US HOUSE,005,REPUBLICAN,HAROLD HAL ROGERS,215
HARLAN,C109,US HOUSE,005,DEMOCRAT,CONOR HALBLEIB,38
HARLAN,C111,US HOUSE,005,REPUBLICAN,HAROLD HAL ROGERS,150
HARLAN,C111,US HOUSE,005,DEMOCRAT,CONOR HALBLEIB,44
HARLAN,D101,US HOUSE,005,REPUBLICAN,HAROLD HAL ROGERS,434
HARLAN,D101,US HOUSE,005,DEMOCRAT,CONOR HALBLEIB,54
HARLAN,D103,US HOUSE,005,REPUBLICAN,HAROLD HAL ROGERS,60
HARLAN,D103,US HOUSE,005,DEMOCRAT,CONOR HALBLEIB,19
HARLAN,D104,US HOUSE,005,REPUBLICAN,HAROLD HAL ROGERS,252
HARLAN,D104,US HOUSE,005,DEMOCRAT,CONOR HALBLEIB,32
HARLAN,D106,US HOUSE,005,REPUBLICAN,HAROLD HAL ROGERS,311
HARLAN,D106,US HOUSE,005,DEMOCRAT,CONOR HALBLEIB,49
HARLAN,D108,US HOUSE,005,REPUBLICAN,HAROLD HAL ROGERS,111
HARLAN,D108,US HOUSE,005,DEMOCRAT,CONOR HALBLEIB,12
HARLAN,D109,US HOUSE,005,REPUBLICAN,HAROLD HAL ROGERS,104
HARLAN,D109,US HOUSE,005,DEMOCRAT,CONOR HALBLEIB,12
HARLAN,E102,US HOUSE,005,REPUBLICAN,HAROLD HAL ROGERS,455
HARLAN,E102,US HOUSE,005,DEMOCRAT,CONOR HALBLEIB,62
HARLAN,E104,US HOUSE,005,REPUBLICAN,HAROLD HAL ROGERS,205
HARLAN,E104,US HOUSE,005,DEMOCRAT,CONOR HALBLEIB,31
HARLAN,E105,US HOUSE,005,REPUBLICAN,HAROLD HAL ROGERS,223
HARLAN,E105,US HOUSE,005,DEMOCRAT,CONOR HALBLEIB,28
HARLAN,E106,US HOUSE,005,REPUBLICAN,HAROLD HAL ROGERS,264
HARLAN,E106,US HOUSE,005,DEMOCRAT,CONOR HALBLEIB,28
HARLAN,E107,US HOUSE,005,REPUBLICAN,HAROLD HAL ROGERS,271
HARLAN,E107,US HOUSE,005,DEMOCRAT,CONOR HALBLEIB,26
HARLAN,E108,US HOUSE,005,REPUBLICAN,HAROLD HAL ROGERS,150
HARLAN,E108,US HOUSE,005,DEMOCRAT,CONOR HALBLEIB,15
HARRISON,A101,US HOUSE,004,REPUBLICAN,THOMAS MASSIE,212
HARRISON,A101,US HOUSE,004,DEMOCRAT,MATTHEW LEHMAN,124
HARRISON,A101,US HOUSE,004,INDEPENDENT,ETHAN KEITH OSBORNE,12
HARRISON,A102,US HOUSE,004,REPUBLICAN,THOMAS MASSIE,143
HARRISON,A102,US HOUSE,004,DEMOCRAT,MATTHEW LEHMAN,115
HARRISON,A102,US HOUSE,004,INDEPENDENT,ETHAN KEITH OSBORNE,10
HARRISON,A103,US HOUSE,004,REPUBLICAN,THOMAS MASSIE,23
HARRISON,A103,US HOUSE,004,DEMOCRAT,MATTHEW LEHMAN,18
HARRISON,A103,US HOUSE,004,INDEPENDENT,ETHAN KEITH OSBORNE,1
HARRISON,B101,US HOUSE,004,REPUBLICAN,THOMAS MASSIE,242
HARRISON,B101,US HOUSE,004,DEMOCRAT,MATTHEW LEHMAN,124
HARRISON,B101,US HOUSE,004,INDEPENDENT,ETHAN KEITH OSBORNE,15
HARRISON,B102,US HOUSE,004,REPUBLICAN,THOMAS MASSIE,105
HARRISON,B102,US HOUSE,004,DEMOCRAT,MATTHEW LEHMAN,74
HARRISON,B102,US HOUSE,004,INDEPENDENT,ETHAN KEITH OSBORNE,8
HARRISON,B103,US HOUSE,004,DEMOCRAT,MATTHEW LEHMAN,32
HARRISON,B103,US HOUSE,004,REPUBLICAN,THOMAS MASSIE,15
HARRISON,B103,US HOUSE,004,INDEPENDENT,ETHAN KEITH OSBORNE,2
HARRISON,C101,US HOUSE,004,REPUBLICAN,THOMAS MASSIE,327
HARRISON,C101,US HOUSE,004,DEMOCRAT,MATTHEW LEHMAN,103
HARRISON,C101,US HOUSE,004,INDEPENDENT,ETHAN KEITH OSBORNE,13
HARRISON,C102,US HOUSE,004,REPUBLICAN,THOMAS MASSIE,377
HARRISON,C102,US HOUSE,004,DEMOCRAT,MATTHEW LEHMAN,164
HARRISON,C102,US HOUSE,004,INDEPENDENT,ETHAN KEITH OSBORNE,8
HARRISON,D101,US HOUSE,004,REPUBLICAN,THOMAS MASSIE,249
HARRISON,D101,US HOUSE,004,DEMOCRAT,MATTHEW LEHMAN,103
HARRISON,D101,US HOUSE,004,INDEPENDENT,ETHAN KEITH OSBORNE,5
HARRISON,D102,US HOUSE,004,REPUBLICAN,THOMAS MASSIE,400
HARRISON,D102,US HOUSE,004,DEMOCRAT,MATTHEW LEHMAN,139
HARRISON,D102,US HOUSE,004,INDEPENDENT,ETHAN KEITH OSBORNE,10
HARRISON,D103,US HOUSE,004,REPUBLICAN,THOMAS MASSIE,62
HARRISON,D103,US HOUSE,004,DEMOCRAT,MATTHEW LEHMAN,46
HARRISON,D103,US HOUSE,004,INDEPENDENT,ETHAN KEITH OSBORNE,3
HARRISON,E101,US HOUSE,004,REPUBLICAN,THOMAS MASSIE,264
HARRISON,E101,US HOUSE,004,DEMOCRAT,MATTHEW LEHMAN,104
HARRISON,E101,US HOUSE,004,INDEPENDENT,ETHAN KEITH OSBORNE,9
HARRISON,E102,US HOUSE,004,REPUBLICAN,THOMAS MASSIE,325
HARRISON,E102,US HOUSE,004,DEMOCRAT,MATTHEW LEHMAN,125
HARRISON,E102,US HOUSE,004,INDEPENDENT,ETHAN KEITH OSBORNE,13
HARRISON,F101,US HOUSE,004,REPUBLICAN,THOMAS MASSIE,331
HARRISON,F101,US HOUSE,004,DEMOCRAT,MATTHEW LEHMAN,107
HARRISON,F101,US HOUSE,004,INDEPENDENT,ETHAN KEITH OSBORNE,13
HARRISON,F102,US HOUSE,004,REPUBLICAN,THOMAS MASSIE,371
HARRISON,F102,US HOUSE,004,DEMOCRAT,MATTHEW LEHMAN,123
HARRISON,F102,US HOUSE,004,INDEPENDENT,ETHAN KEITH OSBORNE,9
HARRISON,G101,US HOUSE,004,REPUBLICAN,THOMAS MASSIE,363
HARRISON,G101,US HOUSE,004,DEMOCRAT,MATTHEW LEHMAN,87
HARRISON,G101,US HOUSE,004,INDEPENDENT,ETHAN KEITH OSBORNE,12
HARRISON,G102,US HOUSE,004,REPUBLICAN,THOMAS MASSIE,242
HARRISON,G102,US HOUSE,004,DEMOCRAT,MATTHEW LEHMAN,54
HARRISON,G102,US HOUSE,004,INDEPENDENT,ETHAN KEITH OSBORNE,8
HARRISON,H101,US HOUSE,004,REPUBLICAN,THOMAS MASSIE,352
HARRISON,H101,US HOUSE,004,DEMOCRAT,MATTHEW LEHMAN,70
HARRISON,H101,US HOUSE,004,INDEPENDENT,ETHAN KEITH OSBORNE,13
HARRISON,H102,US HOUSE,004,REPUBLICAN,THOMAS MASSIE,246
HARRISON,H102,US HOUSE,004,DEMOCRAT,MATTHEW LEHMAN,78
HARRISON,H102,US HOUSE,004,INDEPENDENT,ETHAN KEITH OSBORNE,8
HART,A101,US HOUSE,002,REPUBLICAN,S BRETT GUTHRIE,129
HART,A101,US HOUSE,002,DEMOCRAT,HANK LINDERMAN,48
HART,A102,US HOUSE,002,REPUBLICAN,S BRETT GUTHRIE,380
HART,A102,US HOUSE,002,DEMOCRAT,HANK LINDERMAN,151
HART,A103,US HOUSE,002,REPUBLICAN,S BRETT GUTHRIE,80
HART,A103,US HOUSE,002,DEMOCRAT,HANK LINDERMAN,36
HART,A104,US HOUSE,002,REPUBLICAN,S BRETT GUTHRIE,299
HART,A104,US HOUSE,002,DEMOCRAT,HANK LINDERMAN,86
HART,B102,US HOUSE,002,REPUBLICAN,S BRETT GUTHRIE,249
HART,B102,US HOUSE,002,DEMOCRAT,HANK LINDERMAN,97
HART,B103,US HOUSE,002,REPUBLICAN,S BRETT GUTHRIE,222
HART,B103,US HOUSE,002,DEMOCRAT,HANK LINDERMAN,115
HART,B104,US HOUSE,002,REPUBLICAN,S BRETT GUTHRIE,256
HART,B104,US HOUSE,002,DEMOCRAT,HANK LINDERMAN,104
HART,C101,US HOUSE,002,REPUBLICAN,S BRETT GUTHRIE,390
HART,C101,US HOUSE,002,DEMOCRAT,HANK LINDERMAN,76
HART,C102,US HOUSE,002,REPUBLICAN,S BRETT GUTHRIE,434
HART,C102,US HOUSE,002,DEMOCRAT,HANK LINDERMAN,135
HART,C103,US HOUSE,002,REPUBLICAN,S BRETT GUTHRIE,227
HART,C103,US HOUSE,002,DEMOCRAT,HANK LINDERMAN,57
HART,C104,US HOUSE,002,REPUBLICAN,S BRETT GUTHRIE,140
HART,C104,US HOUSE,002,DEMOCRAT,HANK LINDERMAN,39
HART,D101,US HOUSE,002,REPUBLICAN,S BRETT GUTHRIE,305
HART,D101,US HOUSE,002,DEMOCRAT,HANK LINDERMAN,65
HART,D102,US HOUSE,002,REPUBLICAN,S BRETT GUTHRIE,142
HART,D102,US HOUSE,002,DEMOCRAT,HANK LINDERMAN,33
HART,D103,US HOUSE,002,REPUBLICAN,S BRETT GUTHRIE,190
HART,D103,US HOUSE,002,DEMOCRAT,HANK LINDERMAN,38
HART,D104,US HOUSE,002,REPUBLICAN,S BRETT GUTHRIE,322
HART,D104,US HOUSE,002,DEMOCRAT,HANK LINDERMAN,69
HART,D105,US HOUSE,002,REPUBLICAN,S BRETT GUTHRIE,135
HART,D105,US HOUSE,002,DEMOCRAT,HANK LINDERMAN,32
HART,E102,US HOUSE,002,REPUBLICAN,S BRETT GUTHRIE,137
HART,E102,US HOUSE,002,DEMOCRAT,HANK LINDERMAN,42
HART,E103,US HOUSE,002,REPUBLICAN,S BRETT GUTHRIE,409
HART,E103,US HOUSE,002,DEMOCRAT,HANK LINDERMAN,133
HART,E104,US HOUSE,002,REPUBLICAN,S BRETT GUTHRIE,308
HART,E104,US HOUSE,002,DEMOCRAT,HANK LINDERMAN,54
HENDERSON,A101,US HOUSE,001,REPUBLICAN,JAMES R COMER,241
HENDERSON,A101,US HOUSE,001,DEMOCRAT,JIMMY C AUSBROOKS,67
HENDERSON,A102,US HOUSE,001,REPUBLICAN,JAMES R COMER,174
HENDERSON,A102,US HOUSE,001,DEMOCRAT,JIMMY C AUSBROOKS,58
HENDERSON,A108,US HOUSE,001,REPUBLICAN,JAMES R COMER,200
HENDERSON,A108,US HOUSE,001,DEMOCRAT,JIMMY C AUSBROOKS,118
HENDERSON,A110,US HOUSE,001,REPUBLICAN,JAMES R COMER,375
HENDERSON,A110,US HOUSE,001,DEMOCRAT,JIMMY C AUSBROOKS,127
HENDERSON,A111,US HOUSE,001,REPUBLICAN,JAMES R COMER,218
HENDERSON,A111,US HOUSE,001,DEMOCRAT,JIMMY C AUSBROOKS,95
HENDERSON,A112,US HOUSE,001,REPUBLICAN,JAMES R COMER,268
HENDERSON,A112,US HOUSE,001,DEMOCRAT,JIMMY C AUSBROOKS,109
HENDERSON,A114,US HOUSE,001,REPUBLICAN,JAMES R COMER,512
HENDERSON,A114,US HOUSE,001,DEMOCRAT,JIMMY C AUSBROOKS,160
HENDERSON,A116,US HOUSE,001,REPUBLICAN,JAMES R COMER,187
HENDERSON,A116,US HOUSE,001,DEMOCRAT,JIMMY C AUSBROOKS,152
HENDERSON,B101,US HOUSE,001,REPUBLICAN,JAMES R COMER,234
HENDERSON,B101,US HOUSE,001,DEMOCRAT,JIMMY C AUSBROOKS,69
HENDERSON,B102,US HOUSE,001,REPUBLICAN,JAMES R COMER,165
HENDERSON,B102,US HOUSE,001,DEMOCRAT,JIMMY C AUSBROOKS,28
HENDERSON,B103,US HOUSE,001,REPUBLICAN,JAMES R COMER,319
HENDERSON,B103,US HOUSE,001,DEMOCRAT,JIMMY C AUSBROOKS,106
HENDERSON,B104,US HOUSE,001,REPUBLICAN,JAMES R COMER,372
HENDERSON,B104,US HOUSE,001,DEMOCRAT,JIMMY C AUSBROOKS,95
HENDERSON,B105,US HOUSE,001,REPUBLICAN,JAMES R COMER,288
HENDERSON,B105,US HOUSE,001,DEMOCRAT,JIMMY C AUSBROOKS,60
HENDERSON,B106,US HOUSE,001,REPUBLICAN,JAMES R COMER,223
HENDERSON,B106,US HOUSE,001,DEMOCRAT,JIMMY C AUSBROOKS,138
HENDERSON,B108,US HOUSE,001,REPUBLICAN,JAMES R COMER,215
HENDERSON,B108,US HOUSE,001,DEMOCRAT,JIMMY C AUSBROOKS,106
HENDERSON,B109,US HOUSE,001,REPUBLICAN,JAMES R COMER,82
HENDERSON,B109,US HOUSE,001,DEMOCRAT,JIMMY C AUSBROOKS,30
HENDERSON,B110,US HOUSE,001,REPUBLICAN,JAMES R COMER,347
HENDERSON,B110,US HOUSE,001,DEMOCRAT,JIMMY C AUSBROOKS,114
HENDERSON,B111,US HOUSE,001,REPUBLICAN,JAMES R COMER,336
HENDERSON,B111,US HOUSE,001,DEMOCRAT,JIMMY C AUSBROOKS,144
HENDERSON,B112,US HOUSE,001,REPUBLICAN,JAMES R COMER,148
HENDERSON,B112,US HOUSE,001,DEMOCRAT,JIMMY C AUSBROOKS,71
HENDERSON,C101,US HOUSE,001,REPUBLICAN,JAMES R COMER,229
HENDERSON,C101,US HOUSE,001,DEMOCRAT,JIMMY C AUSBROOKS,100
HENDERSON,C102,US HOUSE,001,REPUBLICAN,JAMES R COMER,161
HENDERSON,C102,US HOUSE,001,DEMOCRAT,JIMMY C AUSBROOKS,53
HENDERSON,C103,US HOUSE,001,REPUBLICAN,JAMES R COMER,174
HENDERSON,C103,US HOUSE,001,DEMOCRAT,JIMMY C AUSBROOKS,79
HENDERSON,C104,US HOUSE,001,REPUBLICAN,JAMES R COMER,330
HENDERSON,C104,US HOUSE,001,DEMOCRAT,JIMMY C AUSBROOKS,78
HENDERSON,C105,US HOUSE,001,REPUBLICAN,JAMES R COMER,161
HENDERSON,C105,US HOUSE,001,DEMOCRAT,JIMMY C AUSBROOKS,41
HENDERSON,C106,US HOUSE,001,REPUBLICAN,JAMES R COMER,143
HENDERSON,C106,US HOUSE,001,DEMOCRAT,JIMMY C AUSBROOKS,34
HENDERSON,C107,US HOUSE,001,REPUBLICAN,JAMES R COMER,204
HENDERSON,C107,US HOUSE,001,DEMOCRAT,JIMMY C AUSBROOKS,123
HENDERSON,C109,US HOUSE,001,REPUBLICAN,JAMES R COMER,164
HENDERSON,C109,US HOUSE,001,DEMOCRAT,JIMMY C AUSBROOKS,106
HENDERSON,C110,US HOUSE,001,REPUBLICAN,JAMES R COMER,132
HENDERSON,C110,US HOUSE,001,DEMOCRAT,JIMMY C AUSBROOKS,49
HENDERSON,C111,US HOUSE,001,REPUBLICAN,JAMES R COMER,124
HENDERSON,C111,US HOUSE,001,DEMOCRAT,JIMMY C AUSBROOKS,83
HENDERSON,D101,US HOUSE,001,REPUBLICAN,JAMES R COMER,140
HENDERSON,D101,US HOUSE,001,DEMOCRAT,JIMMY C AUSBROOKS,134
HENDERSON,D102,US HOUSE,001,DEMOCRAT,JIMMY C AUSBROOKS,108
HENDERSON,D102,US HOUSE,001,REPUBLICAN,JAMES R COMER,47
HENDERSON,D103,US HOUSE,001,REPUBLICAN,JAMES R COMER,105
HENDERSON,D103,US HOUSE,001,DEMOCRAT,JIMMY C AUSBROOKS,80
HENDERSON,D104,US HOUSE,001,DEMOCRAT,JIMMY C AUSBROOKS,112
HENDERSON,D104,US HOUSE,001,REPUBLICAN,JAMES R COMER,89
HENDERSON,D106,US HOUSE,001,DEMOCRAT,JIMMY C AUSBROOKS,150
HENDERSON,D106,US HOUSE,001,REPUBLICAN,JAMES R COMER,111
HENDERSON,D109,US HOUSE,001,REPUBLICAN,JAMES R COMER,138
HENDERSON,D109,US HOUSE,001,DEMOCRAT,JIMMY C AUSBROOKS,124
HENDERSON,D111,US HOUSE,001,REPUBLICAN,JAMES R COMER,261
HENDERSON,D111,US HOUSE,001,DEMOCRAT,JIMMY C AUSBROOKS,212
HENDERSON,E105,US HOUSE,001,REPUBLICAN,JAMES R COMER,234
HENDERSON,E105,US HOUSE,001,DEMOCRAT,JIMMY C AUSBROOKS,224
HENDERSON,E106,US HOUSE,001,REPUBLICAN,JAMES R COMER,139
HENDERSON,E106,US HOUSE,001,DEMOCRAT,JIMMY C AUSBROOKS,91
HENDERSON,E107,US HOUSE,001,REPUBLICAN,JAMES R COMER,180
HENDERSON,E107,US HOUSE,001,DEMOCRAT,JIMMY C AUSBROOKS,102
HENDERSON,E108,US HOUSE,001,REPUBLICAN,JAMES R COMER,175
HENDERSON,E108,US HOUSE,001,DEMOCRAT,JIMMY C AUSBROOKS,139
HENDERSON,E109,US HOUSE,001,REPUBLICAN,JAMES R COMER,196
HENDERSON,E109,US HOUSE,001,DEMOCRAT,JIMMY C AUSBROOKS,107
HENDERSON,E110,US HOUSE,001,REPUBLICAN,JAMES R COMER,182
HENDERSON,E110,US HOUSE,001,DEMOCRAT,JIMMY C AUSBROOKS,83
HENDERSON,E111,US HOUSE,001,DEMOCRAT,JIMMY C AUSBROOKS,118
HENDERSON,E111,US HOUSE,001,REPUBLICAN,JAMES R COMER,115
HENDERSON,E112,US HOUSE,001,REPUBLICAN,JAMES R COMER,162
HENDERSON,E112,US HOUSE,001,DEMOCRAT,JIMMY C AUSBROOKS,108
HENDERSON,E113,US HOUSE,001,REPUBLICAN,JAMES R COMER,267
HENDERSON,E113,US HOUSE,001,DEMOCRAT,JIMMY C AUSBROOKS,170
HENRY,A101,US HOUSE,004,REPUBLICAN,THOMAS MASSIE,269
HENRY,A101,US HOUSE,004,DEMOCRAT,MATTHEW LEHMAN,145
HENRY,A101,US HOUSE,004,INDEPENDENT,ETHAN KEITH OSBORNE,20
HENRY,A102,US HOUSE,004,REPUBLICAN,THOMAS MASSIE,241
HENRY,A102,US HOUSE,004,DEMOCRAT,MATTHEW LEHMAN,129
HENRY,A102,US HOUSE,004,INDEPENDENT,ETHAN KEITH OSBORNE,30
HENRY,A103,US HOUSE,004,REPUBLICAN,THOMAS MASSIE,100
HENRY,A103,US HOUSE,004,DEMOCRAT,MATTHEW LEHMAN,48
HENRY,A103,US HOUSE,004,INDEPENDENT,ETHAN KEITH OSBORNE,7
HENRY,B101,US HOUSE,004,REPUBLICAN,THOMAS MASSIE,518
HENRY,B101,US HOUSE,004,DEMOCRAT,MATTHEW LEHMAN,131
HENRY,B101,US HOUSE,004,INDEPENDENT,ETHAN KEITH OSBORNE,21
HENRY,B102,US HOUSE,004,REPUBLICAN,THOMAS MASSIE,94
HENRY,B102,US HOUSE,004,DEMOCRAT,MATTHEW LEHMAN,35
HENRY,B102,US HOUSE,004,INDEPENDENT,ETHAN KEITH OSBORNE,7
HENRY,B103,US HOUSE,004,REPUBLICAN,THOMAS MASSIE,325
HENRY,B103,US HOUSE,004,DEMOCRAT,MATTHEW LEHMAN,99
HENRY,B103,US HOUSE,004,INDEPENDENT,ETHAN KEITH OSBORNE,17
HENRY,C101,US HOUSE,004,REPUBLICAN,THOMAS MASSIE,390
HENRY,C101,US HOUSE,004,DEMOCRAT,MATTHEW LEHMAN,156
HENRY,C101,US HOUSE,004,INDEPENDENT,ETHAN KEITH OSBORNE,24
HENRY,C102,US HOUSE,004,REPUBLICAN,THOMAS MASSIE,201
HENRY,C102,US HOUSE,004,DEMOCRAT,MATTHEW LEHMAN,62
HENRY,C102,US HOUSE,004,INDEPENDENT,ETHAN KEITH OSBORNE,21
HENRY,C103,US HOUSE,004,REPUBLICAN,THOMAS MASSIE,136
HENRY,C103,US HOUSE,004,DEMOCRAT,MATTHEW LEHMAN,55
HENRY,C103,US HOUSE,004,INDEPENDENT,ETHAN KEITH OSBORNE,4
HENRY,D101,US HOUSE,004,REPUBLICAN,THOMAS MASSIE,491
HENRY,D101,US HOUSE,004,DEMOCRAT,MATTHEW LEHMAN,162
HENRY,D101,US HOUSE,004,INDEPENDENT,ETHAN KEITH OSBORNE,27
HENRY,D102,US HOUSE,004,REPUBLICAN,THOMAS MASSIE,155
HENRY,D102,US HOUSE,004,DEMOCRAT,MATTHEW LEHMAN,85
HENRY,D102,US HOUSE,004,INDEPENDENT,ETHAN KEITH OSBORNE,8
HENRY,E101,US HOUSE,004,REPUBLICAN,THOMAS MASSIE,51
HENRY,E101,US HOUSE,004,DEMOCRAT,MATTHEW LEHMAN,10
HENRY,E101,US HOUSE,004,INDEPENDENT,ETHAN KEITH OSBORNE,1
HENRY,E102,US HOUSE,004,REPUBLICAN,THOMAS MASSIE,105
HENRY,E102,US HOUSE,004,DEMOCRAT,MATTHEW LEHMAN,27
HENRY,E102,US HOUSE,004,INDEPENDENT,ETHAN KEITH OSBORNE,3
HENRY,E103,US HOUSE,004,REPUBLICAN,THOMAS MASSIE,156
HENRY,E103,US HOUSE,004,DEMOCRAT,MATTHEW LEHMAN,50
HENRY,E103,US HOUSE,004,INDEPENDENT,ETHAN KEITH OSBORNE,3
HENRY,E104,US HOUSE,004,REPUBLICAN,THOMAS MASSIE,136
HENRY,E104,US HOUSE,004,DEMOCRAT,MATTHEW LEHMAN,31
HENRY,E104,US HOUSE,004,INDEPENDENT,ETHAN KEITH OSBORNE,3
HENRY,E105,US HOUSE,004,REPUBLICAN,THOMAS MASSIE,101
HENRY,E105,US HOUSE,004,DEMOCRAT,MATTHEW LEHMAN,29
HENRY,E105,US HOUSE,004,INDEPENDENT,ETHAN KEITH OSBORNE,4
HENRY,E106,US HOUSE,004,REPUBLICAN,THOMAS MASSIE,187
HENRY,E106,US HOUSE,004,DEMOCRAT,MATTHEW LEHMAN,74
HENRY,E106,US HOUSE,004,INDEPENDENT,ETHAN KEITH OSBORNE,8
HENRY,F101,US HOUSE,004,REPUBLICAN,THOMAS MASSIE,140
HENRY,F101,US HOUSE,004,DEMOCRAT,MATTHEW LEHMAN,56
HENRY,F101,US HOUSE,004,INDEPENDENT,ETHAN KEITH OSBORNE,10
HENRY,F102,US HOUSE,004,REPUBLICAN,THOMAS MASSIE,125
HENRY,F102,US HOUSE,004,DEMOCRAT,MATTHEW LEHMAN,39
HENRY,F102,US HOUSE,004,INDEPENDENT,ETHAN KEITH OSBORNE,6
HENRY,F103,US HOUSE,004,REPUBLICAN,THOMAS MASSIE,300
HENRY,F103,US HOUSE,004,DEMOCRAT,MATTHEW LEHMAN,104
HENRY,F103,US HOUSE,004,INDEPENDENT,ETHAN KEITH OSBORNE,31
HICKMAN,A101,US HOUSE,001,REPUBLICAN,JAMES R COMER,119
HICKMAN,A101,US HOUSE,001,DEMOCRAT,JIMMY C AUSBROOKS,25
HICKMAN,A102,US HOUSE,001,REPUBLICAN,JAMES R COMER,196
HICKMAN,A102,US HOUSE,001,DEMOCRAT,JIMMY C AUSBROOKS,68
HICKMAN,B101,US HOUSE,001,REPUBLICAN,JAMES R COMER,249
HICKMAN,B101,US HOUSE,001,DEMOCRAT,JIMMY C AUSBROOKS,34
HICKMAN,B102,US HOUSE,001,REPUBLICAN,JAMES R COMER,206
HICKMAN,B102,US HOUSE,001,DEMOCRAT,JIMMY C AUSBROOKS,53
HICKMAN,C101,US HOUSE,001,REPUBLICAN,JAMES R COMER,213
HICKMAN,C101,US HOUSE,001,DEMOCRAT,JIMMY C AUSBROOKS,28
HICKMAN,C102,US HOUSE,001,REPUBLICAN,JAMES R COMER,302
HICKMAN,C102,US HOUSE,001,DEMOCRAT,JIMMY C AUSBROOKS,41
HOPKINS,A001,US HOUSE,001,REPUBLICAN,JAMES R COMER,200
HOPKINS,A001,US HOUSE,001,DEMOCRAT,JIMMY C AUSBROOKS,63
HOPKINS,A002,US HOUSE,001,REPUBLICAN,JAMES R COMER,197
HOPKINS,A002,US HOUSE,001,DEMOCRAT,JIMMY C AUSBROOKS,47
HOPKINS,A003,US HOUSE,001,REPUBLICAN,JAMES R COMER,459
HOPKINS,A003,US HOUSE,001,DEMOCRAT,JIMMY C AUSBROOKS,122
HOPKINS,A004,US HOUSE,001,REPUBLICAN,JAMES R COMER,131
HOPKINS,A004,US HOUSE,001,DEMOCRAT,JIMMY C AUSBROOKS,18
HOPKINS,A005,US HOUSE,001,REPUBLICAN,JAMES R COMER,161
HOPKINS,A005,US HOUSE,001,DEMOCRAT,JIMMY C AUSBROOKS,22
HOPKINS,A006,US HOUSE,001,REPUBLICAN,JAMES R COMER,206
HOPKINS,A006,US HOUSE,001,DEMOCRAT,JIMMY C AUSBROOKS,67
HOPKINS,A007,US HOUSE,001,REPUBLICAN,JAMES R COMER,327
HOPKINS,A007,US HOUSE,001,DEMOCRAT,JIMMY C AUSBROOKS,49
HOPKINS,B008,US HOUSE,001,REPUBLICAN,JAMES R COMER,195
HOPKINS,B008,US HOUSE,001,DEMOCRAT,JIMMY C AUSBROOKS,103
HOPKINS,B009,US HOUSE,001,REPUBLICAN,JAMES R COMER,219
HOPKINS,B009,US HOUSE,001,DEMOCRAT,JIMMY C AUSBROOKS,79
HOPKINS,B010,US HOUSE,001,REPUBLICAN,JAMES R COMER,182
HOPKINS,B010,US HOUSE,001,DEMOCRAT,JIMMY C AUSBROOKS,26
HOPKINS,B011,US HOUSE,001,REPUBLICAN,JAMES R COMER,223
HOPKINS,B011,US HOUSE,001,DEMOCRAT,JIMMY C AUSBROOKS,71
HOPKINS,B012,US HOUSE,001,REPUBLICAN,JAMES R COMER,189
HOPKINS,B012,US HOUSE,001,DEMOCRAT,JIMMY C AUSBROOKS,71
HOPKINS,B013,US HOUSE,001,REPUBLICAN,JAMES R COMER,144
HOPKINS,B013,US HOUSE,001,DEMOCRAT,JIMMY C AUSBROOKS,27
HOPKINS,B014,US HOUSE,001,REPUBLICAN,JAMES R COMER,117
HOPKINS,B014,US HOUSE,001,DEMOCRAT,JIMMY C AUSBROOKS,91
HOPKINS,B015,US HOUSE,001,REPUBLICAN,JAMES R COMER,92
HOPKINS,B015,US HOUSE,001,DEMOCRAT,JIMMY C AUSBROOKS,78
HOPKINS,C016,US HOUSE,001,REPUBLICAN,JAMES R COMER,368
HOPKINS,C016,US HOUSE,001,DEMOCRAT,JIMMY C AUSBROOKS,96
HOPKINS,C017,US HOUSE,001,REPUBLICAN,JAMES R COMER,284
HOPKINS,C017,US HOUSE,001,DEMOCRAT,JIMMY C AUSBROOKS,70
HOPKINS,C018,US HOUSE,001,REPUBLICAN,JAMES R COMER,404
HOPKINS,C018,US HOUSE,001,DEMOCRAT,JIMMY C AUSBROOKS,87
HOPKINS,C019,US HOUSE,001,REPUBLICAN,JAMES R COMER,260
HOPKINS,C019,US HOUSE,001,DEMOCRAT,JIMMY C AUSBROOKS,84
HOPKINS,C020,US HOUSE,001,REPUBLICAN,JAMES R COMER,165
HOPKINS,C020,US HOUSE,001,DEMOCRAT,JIMMY C AUSBROOKS,58
HOPKINS,C021,US HOUSE,001,REPUBLICAN,JAMES R COMER,305
HOPKINS,C021,US HOUSE,001,DEMOCRAT,JIMMY C AUSBROOKS,125
HOPKINS,C022,US HOUSE,001,DEMOCRAT,JIMMY C AUSBROOKS,116
HOPKINS,C022,US HOUSE,001,REPUBLICAN,JAMES R COMER,84
HOPKINS,D023,US HOUSE,001,REPUBLICAN,JAMES R COMER,487
HOPKINS,D023,US HOUSE,001,DEMOCRAT,JIMMY C AUSBROOKS,102
HOPKINS,D024,US HOUSE,001,REPUBLICAN,JAMES R COMER,388
HOPKINS,D024,US HOUSE,001,DEMOCRAT,JIMMY C AUSBROOKS,86
HOPKINS,D025,US HOUSE,001,DEMOCRAT,JIMMY C AUSBROOKS,136
HOPKINS,D025,US HOUSE,001,REPUBLICAN,JAMES R COMER,122
HOPKINS,D026,US HOUSE,001,REPUBLICAN,JAMES R COMER,149
HOPKINS,D026,US HOUSE,001,DEMOCRAT,JIMMY C AUSBROOKS,35
HOPKINS,D027,US HOUSE,001,REPUBLICAN,JAMES R COMER,516
HOPKINS,D027,US HOUSE,001,DEMOCRAT,JIMMY C AUSBROOKS,203
HOPKINS,D028,US HOUSE,001,REPUBLICAN,JAMES R COMER,304
HOPKINS,D028,US HOUSE,001,DEMOCRAT,JIMMY C AUSBROOKS,126
HOPKINS,D029,US HOUSE,001,REPUBLICAN,JAMES R COMER,87
HOPKINS,D029,US HOUSE,001,DEMOCRAT,JIMMY C AUSBROOKS,39
HOPKINS,E030,US HOUSE,001,REPUBLICAN,JAMES R COMER,245
HOPKINS,E030,US HOUSE,001,DEMOCRAT,JIMMY C AUSBROOKS,37
HOPKINS,E031,US HOUSE,001,REPUBLICAN,JAMES R COMER,265
HOPKINS,E031,US HOUSE,001,DEMOCRAT,JIMMY C AUSBROOKS,61
HOPKINS,E032,US HOUSE,001,REPUBLICAN,JAMES R COMER,185
HOPKINS,E032,US HOUSE,001,DEMOCRAT,JIMMY C AUSBROOKS,29
HOPKINS,E033,US HOUSE,001,REPUBLICAN,JAMES R COMER,311
HOPKINS,E033,US HOUSE,001,DEMOCRAT,JIMMY C AUSBROOKS,79
HOPKINS,E034,US HOUSE,001,REPUBLICAN,JAMES R COMER,307
HOPKINS,E034,US HOUSE,001,DEMOCRAT,JIMMY C AUSBROOKS,142
HOPKINS,E035,US HOUSE,001,REPUBLICAN,JAMES R COMER,97
HOPKINS,E035,US HOUSE,001,DEMOCRAT,JIMMY C AUSBROOKS,84
HOPKINS,E036,US HOUSE,001,REPUBLICAN,JAMES R COMER,154
HOPKINS,E036,US HOUSE,001,DEMOCRAT,JIMMY C AUSBROOKS,36
HOPKINS,F037,US HOUSE,001,REPUBLICAN,JAMES R COMER,106
HOPKINS,F037,US HOUSE,001,DEMOCRAT,JIMMY C AUSBROOKS,20
HOPKINS,F038,US HOUSE,001,REPUBLICAN,JAMES R COMER,236
HOPKINS,F038,US HOUSE,001,DEMOCRAT,JIMMY C AUSBROOKS,67
HOPKINS,F039,US HOUSE,001,REPUBLICAN,JAMES R COMER,207
HOPKINS,F039,US HOUSE,001,DEMOCRAT,JIMMY C AUSBROOKS,53
HOPKINS,F040,US HOUSE,001,REPUBLICAN,JAMES R COMER,268
HOPKINS,F040,US HOUSE,001,DEMOCRAT,JIMMY C AUSBROOKS,54
HOPKINS,F041,US HOUSE,001,REPUBLICAN,JAMES R COMER,123
HOPKINS,F041,US HOUSE,001,DEMOCRAT,JIMMY C AUSBROOKS,14
HOPKINS,F042,US HOUSE,001,REPUBLICAN,JAMES R COMER,240
HOPKINS,F042,US HOUSE,001,DEMOCRAT,JIMMY C AUSBROOKS,43
HOPKINS,F043,US HOUSE,001,REPUBLICAN,JAMES R COMER,243
HOPKINS,F043,US HOUSE,001,DEMOCRAT,JIMMY C AUSBROOKS,144
HOPKINS,G044,US HOUSE,001,REPUBLICAN,JAMES R COMER,117
HOPKINS,G044,US HOUSE,001,DEMOCRAT,JIMMY C AUSBROOKS,52
HOPKINS,G045,US HOUSE,001,REPUBLICAN,JAMES R COMER,182
HOPKINS,G045,US HOUSE,001,DEMOCRAT,JIMMY C AUSBROOKS,83
HOPKINS,G046,US HOUSE,001,REPUBLICAN,JAMES R COMER,99
HOPKINS,G046,US HOUSE,001,DEMOCRAT,JIMMY C AUSBROOKS,70
HOPKINS,G047,US HOUSE,001,REPUBLICAN,JAMES R COMER,121
HOPKINS,G047,US HOUSE,001,DEMOCRAT,JIMMY C AUSBROOKS,85
HOPKINS,G048,US HOUSE,001,REPUBLICAN,JAMES R COMER,186
HOPKINS,G048,US HOUSE,001,DEMOCRAT,JIMMY C AUSBROOKS,97
HOPKINS,G049,US HOUSE,001,REPUBLICAN,JAMES R COMER,243
HOPKINS,G049,US HOUSE,001,DEMOCRAT,JIMMY C AUSBROOKS,82
HOPKINS,G050,US HOUSE,001,REPUBLICAN,JAMES R COMER,93
HOPKINS,G050,US HOUSE,001,DEMOCRAT,JIMMY C AUSBROOKS,56
JACKSON,A101,US HOUSE,005,REPUBLICAN,HAROLD HAL ROGERS,206
JACKSON,A101,US HOUSE,005,DEMOCRAT,CONOR HALBLEIB,13
JACKSON,A102,US HOUSE,005,REPUBLICAN,HAROLD HAL ROGERS,226
JACKSON,A102,US HOUSE,005,DEMOCRAT,CONOR HALBLEIB,23
JACKSON,A103,US HOUSE,005,REPUBLICAN,HAROLD HAL ROGERS,376
JACKSON,A103,US HOUSE,005,DEMOCRAT,CONOR HALBLEIB,17
JACKSON,A104,US HOUSE,005,REPUBLICAN,HAROLD HAL ROGERS,82
JACKSON,A104,US HOUSE,005,DEMOCRAT,CONOR HALBLEIB,10
JACKSON,A105,US HOUSE,005,REPUBLICAN,HAROLD HAL ROGERS,70
JACKSON,A105,US HOUSE,005,DEMOCRAT,CONOR HALBLEIB,2
JACKSON,A106,US HOUSE,005,REPUBLICAN,HAROLD HAL ROGERS,108
JACKSON,A106,US HOUSE,005,DEMOCRAT,CONOR HALBLEIB,7
JACKSON,ABSE,US HOUSE,005,REPUBLICAN,HAROLD HAL ROGERS,178
JACKSON,ABSE,US HOUSE,005,DEMOCRAT,CONOR HALBLEIB,41
JACKSON,B101,US HOUSE,005,REPUBLICAN,HAROLD HAL ROGERS,298
JACKSON,B101,US HOUSE,005,DEMOCRAT,CONOR HALBLEIB,31
JACKSON,B102,US HOUSE,005,REPUBLICAN,HAROLD HAL ROGERS,486
JACKSON,B102,US HOUSE,005,DEMOCRAT,CONOR HALBLEIB,39
JACKSON,B103,US HOUSE,005,REPUBLICAN,HAROLD HAL ROGERS,397
JACKSON,B103,US HOUSE,005,DEMOCRAT,CONOR HALBLEIB,30
JACKSON,B104,US HOUSE,005,REPUBLICAN,HAROLD HAL ROGERS,270
JACKSON,B104,US HOUSE,005,DEMOCRAT,CONOR HALBLEIB,21
JACKSON,C101,US HOUSE,005,REPUBLICAN,HAROLD HAL ROGERS,223
JACKSON,C101,US HOUSE,005,DEMOCRAT,CONOR HALBLEIB,36
JACKSON,C102,US HOUSE,005,REPUBLICAN,HAROLD HAL ROGERS,135
JACKSON,C102,US HOUSE,005,DEMOCRAT,CONOR HALBLEIB,11
JACKSON,C103,US HOUSE,005,REPUBLICAN,HAROLD HAL ROGERS,131
JACKSON,C103,US HOUSE,005,DEMOCRAT,CONOR HALBLEIB,15
JACKSON,C104,US HOUSE,005,REPUBLICAN,HAROLD HAL ROGERS,130
JACKSON,C104,US HOUSE,005,DEMOCRAT,CONOR HALBLEIB,5
JEFFERSON,B153,US HOUSE,002,REPUBLICAN,S BRETT GUTHRIE,56
JEFFERSON,B153,US HOUSE,002,DEMOCRAT,HANK LINDERMAN,24
JEFFERSON,B158,US HOUSE,002,REPUBLICAN,S BRETT GUTHRIE,594
JEFFERSON,B158,US HOUSE,002,DEMOCRAT,HANK LINDERMAN,267
JEFFERSON,B161,US HOUSE,002,REPUBLICAN,S BRETT GUTHRIE,227
JEFFERSON,B161,US HOUSE,002,DEMOCRAT,HANK LINDERMAN,170
JEFFERSON,B162,US HOUSE,002,REPUBLICAN,S BRETT GUTHRIE,413
JEFFERSON,B162,US HOUSE,002,DEMOCRAT,HANK LINDERMAN,160
JEFFERSON,B177,US HOUSE,002,REPUBLICAN,S BRETT GUTHRIE,692
JEFFERSON,B177,US HOUSE,002,DEMOCRAT,HANK LINDERMAN,403
JEFFERSON,B192,US HOUSE,002,REPUBLICAN,S BRETT GUTHRIE,330
JEFFERSON,B192,US HOUSE,002,DEMOCRAT,HANK LINDERMAN,92
JEFFERSON,B194,US HOUSE,002,REPUBLICAN,S BRETT GUTHRIE,23
JEFFERSON,B194,US HOUSE,002,DEMOCRAT,HANK LINDERMAN,6
JEFFERSON,D153,US HOUSE,002,REPUBLICAN,S BRETT GUTHRIE,13
JEFFERSON,D153,US HOUSE,002,DEMOCRAT,HANK LINDERMAN,7
JEFFERSON,F189,US HOUSE,002,DEMOCRAT,HANK LINDERMAN,23
JEFFERSON,F189,US HOUSE,002,REPUBLICAN,S BRETT GUTHRIE,13
JEFFERSON,V104,US HOUSE,002,REPUBLICAN,S BRETT GUTHRIE,908
JEFFERSON,V104,US HOUSE,002,DEMOCRAT,HANK LINDERMAN,682
JEFFERSON,V105,US HOUSE,002,REPUBLICAN,S BRETT GUTHRIE,1054
JEFFERSON,V105,US HOUSE,002,DEMOCRAT,HANK LINDERMAN,396
JEFFERSON,V107,US HOUSE,002,REPUBLICAN,S BRETT GUTHRIE,105
JEFFERSON,V107,US HOUSE,002,DEMOCRAT,HANK LINDERMAN,60
JEFFERSON,V108,US HOUSE,002,REPUBLICAN,S BRETT GUTHRIE,1018
JEFFERSON,V108,US HOUSE,002,DEMOCRAT,HANK LINDERMAN,439
JEFFERSON,V110,US HOUSE,002,REPUBLICAN,S BRETT GUTHRIE,728
JEFFERSON,V110,US HOUSE,002,DEMOCRAT,HANK LINDERMAN,408
JEFFERSON,V111,US HOUSE,002,REPUBLICAN,S BRETT GUTHRIE,427
JEFFERSON,V111,US HOUSE,002,DEMOCRAT,HANK LINDERMAN,321
JEFFERSON,V112,US HOUSE,002,REPUBLICAN,S BRETT GUTHRIE,17
JEFFERSON,V112,US HOUSE,002,DEMOCRAT,HANK LINDERMAN,5
JEFFERSON,V113,US HOUSE,002,REPUBLICAN,S BRETT GUTHRIE,713
JEFFERSON,V113,US HOUSE,002,DEMOCRAT,HANK LINDERMAN,340
JEFFERSON,V114,US HOUSE,002,REPUBLICAN,S BRETT GUTHRIE,562
JEFFERSON,V114,US HOUSE,002,DEMOCRAT,HANK LINDERMAN,247
JEFFERSON,V121,US HOUSE,002,REPUBLICAN,S BRETT GUTHRIE,460
JEFFERSON,V121,US HOUSE,002,DEMOCRAT,HANK LINDERMAN,369
JEFFERSON,V125,US HOUSE,002,REPUBLICAN,S BRETT GUTHRIE,347
JEFFERSON,V125,US HOUSE,002,DEMOCRAT,HANK LINDERMAN,260
JEFFERSON,V127,US HOUSE,002,REPUBLICAN,S BRETT GUTHRIE,312
JEFFERSON,V127,US HOUSE,002,DEMOCRAT,HANK LINDERMAN,208
JEFFERSON,V129,US HOUSE,002,REPUBLICAN,S BRETT GUTHRIE,977
JEFFERSON,V129,US HOUSE,002,DEMOCRAT,HANK LINDERMAN,465
JEFFERSON,V131,US HOUSE,002,REPUBLICAN,S BRETT GUTHRIE,541
JEFFERSON,V131,US HOUSE,002,DEMOCRAT,HANK LINDERMAN,375
JEFFERSON,V135,US HOUSE,002,REPUBLICAN,S BRETT GUTHRIE,31
JEFFERSON,V135,US HOUSE,002,DEMOCRAT,HANK LINDERMAN,16
JEFFERSON,V136,US HOUSE,002,REPUBLICAN,S BRETT GUTHRIE,95
JEFFERSON,V136,US HOUSE,002,DEMOCRAT,HANK LINDERMAN,65
JEFFERSON,A107,US HOUSE,003,DEMOCRAT,MORGAN MCGARVEY,223
JEFFERSON,A107,US HOUSE,003,REPUBLICAN,STUART N RAY,155
JEFFERSON,A108,US HOUSE,003,REPUBLICAN,STUART N RAY,351
JEFFERSON,A108,US HOUSE,003,DEMOCRAT,MORGAN MCGARVEY,321
JEFFERSON,A111,US HOUSE,003,REPUBLICAN,STUART N RAY,275
JEFFERSON,A111,US HOUSE,003,DEMOCRAT,MORGAN MCGARVEY,261
JEFFERSON,A113,US HOUSE,003,REPUBLICAN,STUART N RAY,314
JEFFERSON,A113,US HOUSE,003,DEMOCRAT,MORGAN MCGARVEY,299
JEFFERSON,A114,US HOUSE,003,REPUBLICAN,STUART N RAY,239
JEFFERSON,A114,US HOUSE,003,DEMOCRAT,MORGAN MCGARVEY,237
JEFFERSON,A115,US HOUSE,003,REPUBLICAN,STUART N RAY,258
JEFFERSON,A115,US HOUSE,003,DEMOCRAT,MORGAN MCGARVEY,218
JEFFERSON,A118,US HOUSE,003,REPUBLICAN,STUART N RAY,137
JEFFERSON,A118,US HOUSE,003,DEMOCRAT,MORGAN MCGARVEY,127
JEFFERSON,A119,US HOUSE,003,REPUBLICAN,STUART N RAY,247
JEFFERSON,A119,US HOUSE,003,DEMOCRAT,MORGAN MCGARVEY,206
JEFFERSON,A121,US HOUSE,003,REPUBLICAN,STUART N RAY,236
JEFFERSON,A121,US HOUSE,003,DEMOCRAT,MORGAN MCGARVEY,236
JEFFERSON,A124,US HOUSE,003,REPUBLICAN,STUART N RAY,347
JEFFERSON,A124,US HOUSE,003,DEMOCRAT,MORGAN MCGARVEY,294
JEFFERSON,A125,US HOUSE,003,REPUBLICAN,STUART N RAY,323
JEFFERSON,A125,US HOUSE,003,DEMOCRAT,MORGAN MCGARVEY,189
JEFFERSON,A126,US HOUSE,003,REPUBLICAN,STUART N RAY,358
JEFFERSON,A126,US HOUSE,003,DEMOCRAT,MORGAN MCGARVEY,244
JEFFERSON,A127,US HOUSE,003,REPUBLICAN,STUART N RAY,202
JEFFERSON,A127,US HOUSE,003,DEMOCRAT,MORGAN MCGARVEY,191
JEFFERSON,A128,US HOUSE,003,REPUBLICAN,STUART N RAY,261
JEFFERSON,A128,US HOUSE,003,DEMOCRAT,MORGAN MCGARVEY,217
JEFFERSON,A129,US HOUSE,003,REPUBLICAN,STUART N RAY,346
JEFFERSON,A129,US HOUSE,003,DEMOCRAT,MORGAN MCGARVEY,233
JEFFERSON,A134,US HOUSE,003,REPUBLICAN,STUART N RAY,208
JEFFERSON,A134,US HOUSE,003,DEMOCRAT,MORGAN MCGARVEY,114
JEFFERSON,A136,US HOUSE,003,DEMOCRAT,MORGAN MCGARVEY,150
JEFFERSON,A136,US HOUSE,003,REPUBLICAN,STUART N RAY,117
JEFFERSON,A139,US HOUSE,003,REPUBLICAN,STUART N RAY,150
JEFFERSON,A139,US HOUSE,003,DEMOCRAT,MORGAN MCGARVEY,144
JEFFERSON,A141,US HOUSE,003,DEMOCRAT,MORGAN MCGARVEY,18
JEFFERSON,A141,US HOUSE,003,REPUBLICAN,STUART N RAY,6
JEFFERSON,A142,US HOUSE,003,REPUBLICAN,STUART N RAY,85
JEFFERSON,A142,US HOUSE,003,DEMOCRAT,MORGAN MCGARVEY,64
JEFFERSON,A143,US HOUSE,003,REPUBLICAN,STUART N RAY,10
JEFFERSON,A143,US HOUSE,003,DEMOCRAT,MORGAN MCGARVEY,6
JEFFERSON,A145,US HOUSE,003,REPUBLICAN,STUART N RAY,371
JEFFERSON,A145,US HOUSE,003,DEMOCRAT,MORGAN MCGARVEY,289
JEFFERSON,A146,US HOUSE,003,REPUBLICAN,STUART N RAY,188
JEFFERSON,A146,US HOUSE,003,DEMOCRAT,MORGAN MCGARVEY,172
JEFFERSON,A147,US HOUSE,003,DEMOCRAT,MORGAN MCGARVEY,80
JEFFERSON,A147,US HOUSE,003,REPUBLICAN,STUART N RAY,79
JEFFERSON,A148,US HOUSE,003,DEMOCRAT,MORGAN MCGARVEY,175
JEFFERSON,A148,US HOUSE,003,REPUBLICAN,STUART N RAY,112
JEFFERSON,A149,US HOUSE,003,REPUBLICAN,STUART N RAY,417
JEFFERSON,A149,US HOUSE,003,DEMOCRAT,MORGAN MCGARVEY,381
JEFFERSON,A150,US HOUSE,003,DEMOCRAT,MORGAN MCGARVEY,343
JEFFERSON,A150,US HOUSE,003,REPUBLICAN,STUART N RAY,281
JEFFERSON,A151,US HOUSE,003,DEMOCRAT,MORGAN MCGARVEY,361
JEFFERSON,A151,US HOUSE,003,REPUBLICAN,STUART N RAY,340
JEFFERSON,A152,US HOUSE,003,REPUBLICAN,STUART N RAY,371
JEFFERSON,A152,US HOUSE,003,DEMOCRAT,MORGAN MCGARVEY,285
JEFFERSON,A153,US HOUSE,003,REPUBLICAN,STUART N RAY,447
JEFFERSON,A153,US HOUSE,003,DEMOCRAT,MORGAN MCGARVEY,301
JEFFERSON,A154,US HOUSE,003,DEMOCRAT,MORGAN MCGARVEY,482
JEFFERSON,A154,US HOUSE,003,REPUBLICAN,STUART N RAY,386
JEFFERSON,A155,US HOUSE,003,DEMOCRAT,MORGAN MCGARVEY,11
JEFFERSON,A155,US HOUSE,003,REPUBLICAN,STUART N RAY,5
JEFFERSON,B124,US HOUSE,003,REPUBLICAN,STUART N RAY,297
JEFFERSON,B124,US HOUSE,003,DEMOCRAT,MORGAN MCGARVEY,278
JEFFERSON,B134,US HOUSE,003,DEMOCRAT,MORGAN MCGARVEY,729
JEFFERSON,B134,US HOUSE,003,REPUBLICAN,STUART N RAY,649
JEFFERSON,B149,US HOUSE,003,REPUBLICAN,STUART N RAY,249
JEFFERSON,B149,US HOUSE,003,DEMOCRAT,MORGAN MCGARVEY,194
JEFFERSON,B154,US HOUSE,003,DEMOCRAT,MORGAN MCGARVEY,265
JEFFERSON,B154,US HOUSE,003,REPUBLICAN,STUART N RAY,249
JEFFERSON,B159,US HOUSE,003,REPUBLICAN,STUART N RAY,815
JEFFERSON,B159,US HOUSE,003,DEMOCRAT,MORGAN MCGARVEY,794
JEFFERSON,B160,US HOUSE,003,REPUBLICAN,STUART N RAY,210
JEFFERSON,B160,US HOUSE,003,DEMOCRAT,MORGAN MCGARVEY,201
JEFFERSON,B163,US HOUSE,003,DEMOCRAT,MORGAN MCGARVEY,380
JEFFERSON,B163,US HOUSE,003,REPUBLICAN,STUART N RAY,273
JEFFERSON,B166,US HOUSE,003,REPUBLICAN,STUART N RAY,237
JEFFERSON,B166,US HOUSE,003,DEMOCRAT,MORGAN MCGARVEY,214
JEFFERSON,B168,US HOUSE,003,REPUBLICAN,STUART N RAY,381
JEFFERSON,B168,US HOUSE,003,DEMOCRAT,MORGAN MCGARVEY,375
JEFFERSON,B169,US HOUSE,003,REPUBLICAN,STUART N RAY,306
JEFFERSON,B169,US HOUSE,003,DEMOCRAT,MORGAN MCGARVEY,234
JEFFERSON,B172,US HOUSE,003,DEMOCRAT,MORGAN MCGARVEY,696
JEFFERSON,B172,US HOUSE,003,REPUBLICAN,STUART N RAY,676
JEFFERSON,B173,US HOUSE,003,REPUBLICAN,STUART N RAY,345
JEFFERSON,B173,US HOUSE,003,DEMOCRAT,MORGAN MCGARVEY,242
JEFFERSON,B175,US HOUSE,003,REPUBLICAN,STUART N RAY,482
JEFFERSON,B175,US HOUSE,003,DEMOCRAT,MORGAN MCGARVEY,350
JEFFERSON,B183,US HOUSE,003,REPUBLICAN,STUART N RAY,663
JEFFERSON,B183,US HOUSE,003,DEMOCRAT,MORGAN MCGARVEY,535
JEFFERSON,B184,US HOUSE,003,REPUBLICAN,STUART N RAY,15
JEFFERSON,B184,US HOUSE,003,DEMOCRAT,MORGAN MCGARVEY,2
JEFFERSON,B186,US HOUSE,003,DEMOCRAT,MORGAN MCGARVEY,43
JEFFERSON,B186,US HOUSE,003,REPUBLICAN,STUART N RAY,33
JEFFERSON,B187,US HOUSE,003,DEMOCRAT,MORGAN MCGARVEY,335
JEFFERSON,B187,US HOUSE,003,REPUBLICAN,STUART N RAY,241
JEFFERSON,B188,US HOUSE,003,REPUBLICAN,STUART N RAY,19
JEFFERSON,B188,US HOUSE,003,DEMOCRAT,MORGAN MCGARVEY,13
JEFFERSON,B189,US HOUSE,003,REPUBLICAN,STUART N RAY,389
JEFFERSON,B189,US HOUSE,003,DEMOCRAT,MORGAN MCGARVEY,368
JEFFERSON,B190,US HOUSE,003,REPUBLICAN,STUART N RAY,132
JEFFERSON,B190,US HOUSE,003,DEMOCRAT,MORGAN MCGARVEY,121
JEFFERSON,B191,US HOUSE,003,REPUBLICAN,STUART N RAY,759
JEFFERSON,B191,US HOUSE,003,DEMOCRAT,MORGAN MCGARVEY,563
JEFFERSON,B193,US HOUSE,003,REPUBLICAN,STUART N RAY,333
JEFFERSON,B193,US HOUSE,003,DEMOCRAT,MORGAN MCGARVEY,191
JEFFERSON,B195,US HOUSE,003,REPUBLICAN,STUART N RAY,15
JEFFERSON,B195,US HOUSE,003,DEMOCRAT,MORGAN MCGARVEY,13
JEFFERSON,B196,US HOUSE,003,REPUBLICAN,STUART N RAY,186
JEFFERSON,B196,US HOUSE,003,DEMOCRAT,MORGAN MCGARVEY,146
JEFFERSON,C101,US HOUSE,003,DEMOCRAT,MORGAN MCGARVEY,409
JEFFERSON,C101,US HOUSE,003,REPUBLICAN,STUART N RAY,78
JEFFERSON,C102,US HOUSE,003,DEMOCRAT,MORGAN MCGARVEY,221
JEFFERSON,C102,US HOUSE,003,REPUBLICAN,STUART N RAY,78
JEFFERSON,C103,US HOUSE,003,DEMOCRAT,MORGAN MCGARVEY,274
JEFFERSON,C103,US HOUSE,003,REPUBLICAN,STUART N RAY,85
JEFFERSON,C104,US HOUSE,003,DEMOCRAT,MORGAN MCGARVEY,78
JEFFERSON,C104,US HOUSE,003,REPUBLICAN,STUART N RAY,34
JEFFERSON,C105,US HOUSE,003,DEMOCRAT,MORGAN MCGARVEY,169
JEFFERSON,C105,US HOUSE,003,REPUBLICAN,STUART N RAY,8
JEFFERSON,C106,US HOUSE,003,DEMOCRAT,MORGAN MCGARVEY,447
JEFFERSON,C106,US HOUSE,003,REPUBLICAN,STUART N RAY,133
JEFFERSON,C108,US HOUSE,003,DEMOCRAT,MORGAN MCGARVEY,367
JEFFERSON,C108,US HOUSE,003,REPUBLICAN,STUART N RAY,63
JEFFERSON,C109,US HOUSE,003,DEMOCRAT,MORGAN MCGARVEY,146
JEFFERSON,C109,US HOUSE,003,REPUBLICAN,STUART N RAY,27
JEFFERSON,C110,US HOUSE,003,DEMOCRAT,MORGAN MCGARVEY,253
JEFFERSON,C110,US HOUSE,003,REPUBLICAN,STUART N RAY,4
JEFFERSON,C111,US HOUSE,003,DEMOCRAT,MORGAN MCGARVEY,478
JEFFERSON,C111,US HOUSE,003,REPUBLICAN,STUART N RAY,19
JEFFERSON,C113,US HOUSE,003,DEMOCRAT,MORGAN MCGARVEY,122
JEFFERSON,C113,US HOUSE,003,REPUBLICAN,STUART N RAY,63
JEFFERSON,C115,US HOUSE,003,DEMOCRAT,MORGAN MCGARVEY,396
JEFFERSON,C115,US HOUSE,003,REPUBLICAN,STUART N RAY,147
JEFFERSON,C123,US HOUSE,003,DEMOCRAT,MORGAN MCGARVEY,178
JEFFERSON,C123,US HOUSE,003,REPUBLICAN,STUART N RAY,98
JEFFERSON,C124,US HOUSE,003,DEMOCRAT,MORGAN MCGARVEY,424
JEFFERSON,C124,US HOUSE,003,REPUBLICAN,STUART N RAY,251
JEFFERSON,C126,US HOUSE,003,DEMOCRAT,MORGAN MCGARVEY,255
JEFFERSON,C126,US HOUSE,003,REPUBLICAN,STUART N RAY,65
JEFFERSON,C128,US HOUSE,003,DEMOCRAT,MORGAN MCGARVEY,82
JEFFERSON,C128,US HOUSE,003,REPUBLICAN,STUART N RAY,49
JEFFERSON,C129,US HOUSE,003,DEMOCRAT,MORGAN MCGARVEY,469
JEFFERSON,C129,US HOUSE,003,REPUBLICAN,STUART N RAY,171
JEFFERSON,C130,US HOUSE,003,DEMOCRAT,MORGAN MCGARVEY,33
JEFFERSON,C130,US HOUSE,003,REPUBLICAN,STUART N RAY,17
JEFFERSON,C131,US HOUSE,003,DEMOCRAT,MORGAN MCGARVEY,185
JEFFERSON,C131,US HOUSE,003,REPUBLICAN,STUART N RAY,98
JEFFERSON,C134,US HOUSE,003,DEMOCRAT,MORGAN MCGARVEY,284
JEFFERSON,C134,US HOUSE,003,REPUBLICAN,STUART N RAY,155
JEFFERSON,C137,US HOUSE,003,DEMOCRAT,MORGAN MCGARVEY,329
JEFFERSON,C137,US HOUSE,003,REPUBLICAN,STUART N RAY,152
JEFFERSON,C138,US HOUSE,003,DEMOCRAT,MORGAN MCGARVEY,264
JEFFERSON,C138,US HOUSE,003,REPUBLICAN,STUART N RAY,99
JEFFERSON,C144,US HOUSE,003,DEMOCRAT,MORGAN MCGARVEY,37
JEFFERSON,C144,US HOUSE,003,REPUBLICAN,STUART N RAY,23
JEFFERSON,C152,US HOUSE,003,DEMOCRAT,MORGAN MCGARVEY,390
JEFFERSON,C152,US HOUSE,003,REPUBLICAN,STUART N RAY,225
JEFFERSON,C153,US HOUSE,003,DEMOCRAT,MORGAN MCGARVEY,540
JEFFERSON,C153,US HOUSE,003,REPUBLICAN,STUART N RAY,156
JEFFERSON,C154,US HOUSE,003,DEMOCRAT,MORGAN MCGARVEY,98
JEFFERSON,C154,US HOUSE,003,REPUBLICAN,STUART N RAY,54
JEFFERSON,C155,US HOUSE,003,DEMOCRAT,MORGAN MCGARVEY,415
JEFFERSON,C155,US HOUSE,003,REPUBLICAN,STUART N RAY,35
JEFFERSON,C156,US HOUSE,003,DEMOCRAT,MORGAN MCGARVEY,252
JEFFERSON,C156,US HOUSE,003,REPUBLICAN,STUART N RAY,71
JEFFERSON,C157,US HOUSE,003,DEMOCRAT,MORGAN MCGARVEY,61
JEFFERSON,C157,US HOUSE,003,REPUBLICAN,STUART N RAY,32
JEFFERSON,D114,US HOUSE,003,DEMOCRAT,MORGAN MCGARVEY,443
JEFFERSON,D114,US HOUSE,003,REPUBLICAN,STUART N RAY,287
JEFFERSON,D116,US HOUSE,003,DEMOCRAT,MORGAN MCGARVEY,325
JEFFERSON,D116,US HOUSE,003,REPUBLICAN,STUART N RAY,262
JEFFERSON,D117,US HOUSE,003,DEMOCRAT,MORGAN MCGARVEY,312
JEFFERSON,D117,US HOUSE,003,REPUBLICAN,STUART N RAY,271
JEFFERSON,D120,US HOUSE,003,DEMOCRAT,MORGAN MCGARVEY,447
JEFFERSON,D120,US HOUSE,003,REPUBLICAN,STUART N RAY,270
JEFFERSON,D122,US HOUSE,003,DEMOCRAT,MORGAN MCGARVEY,243
JEFFERSON,D122,US HOUSE,003,REPUBLICAN,STUART N RAY,229
JEFFERSON,D132,US HOUSE,003,DEMOCRAT,MORGAN MCGARVEY,522
JEFFERSON,D132,US HOUSE,003,REPUBLICAN,STUART N RAY,308
JEFFERSON,D137,US HOUSE,003,REPUBLICAN,STUART N RAY,312
JEFFERSON,D137,US HOUSE,003,DEMOCRAT,MORGAN MCGARVEY,281
JEFFERSON,D139,US HOUSE,003,DEMOCRAT,MORGAN MCGARVEY,487
JEFFERSON,D139,US HOUSE,003,REPUBLICAN,STUART N RAY,330
JEFFERSON,D141,US HOUSE,003,REPUBLICAN,STUART N RAY,292
JEFFERSON,D141,US HOUSE,003,DEMOCRAT,MORGAN MCGARVEY,281
JEFFERSON,D142,US HOUSE,003,REPUBLICAN,STUART N RAY,266
JEFFERSON,D142,US HOUSE,003,DEMOCRAT,MORGAN MCGARVEY,229
JEFFERSON,D146,US HOUSE,003,REPUBLICAN,STUART N RAY,250
JEFFERSON,D146,US HOUSE,003,DEMOCRAT,MORGAN MCGARVEY,219
JEFFERSON,D147,US HOUSE,003,REPUBLICAN,STUART N RAY,38
JEFFERSON,D147,US HOUSE,003,DEMOCRAT,MORGAN MCGARVEY,37
JEFFERSON,D148,US HOUSE,003,DEMOCRAT,MORGAN MCGARVEY,187
JEFFERSON,D148,US HOUSE,003,REPUBLICAN,STUART N RAY,131
JEFFERSON,D149,US HOUSE,003,DEMOCRAT,MORGAN MCGARVEY,180
JEFFERSON,D149,US HOUSE,003,REPUBLICAN,STUART N RAY,163
JEFFERSON,D150,US HOUSE,003,DEMOCRAT,MORGAN MCGARVEY,505
JEFFERSON,D150,US HOUSE,003,REPUBLICAN,STUART N RAY,472
JEFFERSON,D151,US HOUSE,003,DEMOCRAT,MORGAN MCGARVEY,6
JEFFERSON,D151,US HOUSE,003,REPUBLICAN,STUART N RAY,5
JEFFERSON,D152,US HOUSE,003,DEMOCRAT,MORGAN MCGARVEY,256
JEFFERSON,D152,US HOUSE,003,REPUBLICAN,STUART N RAY,224
JEFFERSON,D154,US HOUSE,003,DEMOCRAT,MORGAN MCGARVEY,299
JEFFERSON,D154,US HOUSE,003,REPUBLICAN,STUART N RAY,297
JEFFERSON,D155,US HOUSE,003,REPUBLICAN,STUART N RAY,234
JEFFERSON,D155,US HOUSE,003,DEMOCRAT,MORGAN MCGARVEY,130
JEFFERSON,D156,US HOUSE,003,REPUBLICAN,STUART N RAY,464
JEFFERSON,D156,US HOUSE,003,DEMOCRAT,MORGAN MCGARVEY,311
JEFFERSON,D157,US HOUSE,003,REPUBLICAN,STUART N RAY,377
JEFFERSON,D157,US HOUSE,003,DEMOCRAT,MORGAN MCGARVEY,333
JEFFERSON,D158,US HOUSE,003,DEMOCRAT,MORGAN MCGARVEY,451
JEFFERSON,D158,US HOUSE,003,REPUBLICAN,STUART N RAY,295
JEFFERSON,D159,US HOUSE,003,DEMOCRAT,MORGAN MCGARVEY,210
JEFFERSON,D159,US HOUSE,003,REPUBLICAN,STUART N RAY,204
JEFFERSON,D160,US HOUSE,003,DEMOCRAT,MORGAN MCGARVEY,368
JEFFERSON,D160,US HOUSE,003,REPUBLICAN,STUART N RAY,174
JEFFERSON,D161,US HOUSE,003,REPUBLICAN,STUART N RAY,188
JEFFERSON,D161,US HOUSE,003,DEMOCRAT,MORGAN MCGARVEY,158
JEFFERSON,D163,US HOUSE,003,REPUBLICAN,STUART N RAY,140
JEFFERSON,D163,US HOUSE,003,DEMOCRAT,MORGAN MCGARVEY,125
JEFFERSON,D164,US HOUSE,003,REPUBLICAN,STUART N RAY,318
JEFFERSON,D164,US HOUSE,003,DEMOCRAT,MORGAN MCGARVEY,293
JEFFERSON,D165,US HOUSE,003,REPUBLICAN,STUART N RAY,334
JEFFERSON,D165,US HOUSE,003,DEMOCRAT,MORGAN MCGARVEY,309
JEFFERSON,D166,US HOUSE,003,DEMOCRAT,MORGAN MCGARVEY,301
JEFFERSON,D166,US HOUSE,003,REPUBLICAN,STUART N RAY,206
JEFFERSON,D167,US HOUSE,003,DEMOCRAT,MORGAN MCGARVEY,312
JEFFERSON,D167,US HOUSE,003,REPUBLICAN,STUART N RAY,292
JEFFERSON,D168,US HOUSE,003,DEMOCRAT,MORGAN MCGARVEY,341
JEFFERSON,D168,US HOUSE,003,REPUBLICAN,STUART N RAY,304
JEFFERSON,D169,US HOUSE,003,REPUBLICAN,STUART N RAY,438
JEFFERSON,D169,US HOUSE,003,DEMOCRAT,MORGAN MCGARVEY,371
JEFFERSON,D171,US HOUSE,003,DEMOCRAT,MORGAN MCGARVEY,404
JEFFERSON,D171,US HOUSE,003,REPUBLICAN,STUART N RAY,334
JEFFERSON,D172,US HOUSE,003,REPUBLICAN,STUART N RAY,296
JEFFERSON,D172,US HOUSE,003,DEMOCRAT,MORGAN MCGARVEY,251
JEFFERSON,D173,US HOUSE,003,REPUBLICAN,STUART N RAY,425
JEFFERSON,D173,US HOUSE,003,DEMOCRAT,MORGAN MCGARVEY,319
JEFFERSON,E139,US HOUSE,003,DEMOCRAT,MORGAN MCGARVEY,271
JEFFERSON,E139,US HOUSE,003,REPUBLICAN,STUART N RAY,99
JEFFERSON,E141,US HOUSE,003,DEMOCRAT,MORGAN MCGARVEY,160
JEFFERSON,E141,US HOUSE,003,REPUBLICAN,STUART N RAY,115
JEFFERSON,E142,US HOUSE,003,DEMOCRAT,MORGAN MCGARVEY,333
JEFFERSON,E142,US HOUSE,003,REPUBLICAN,STUART N RAY,190
JEFFERSON,E143,US HOUSE,003,DEMOCRAT,MORGAN MCGARVEY,288
JEFFERSON,E143,US HOUSE,003,REPUBLICAN,STUART N RAY,117
JEFFERSON,E144,US HOUSE,003,DEMOCRAT,MORGAN MCGARVEY,408
JEFFERSON,E144,US HOUSE,003,REPUBLICAN,STUART N RAY,203
JEFFERSON,E145,US HOUSE,003,DEMOCRAT,MORGAN MCGARVEY,221
JEFFERSON,E145,US HOUSE,003,REPUBLICAN,STUART N RAY,196
JEFFERSON,E154,US HOUSE,003,DEMOCRAT,MORGAN MCGARVEY,347
JEFFERSON,E154,US HOUSE,003,REPUBLICAN,STUART N RAY,269
JEFFERSON,E155,US HOUSE,003,DEMOCRAT,MORGAN MCGARVEY,363
JEFFERSON,E155,US HOUSE,003,REPUBLICAN,STUART N RAY,233
JEFFERSON,E157,US HOUSE,003,DEMOCRAT,MORGAN MCGARVEY,103
JEFFERSON,E157,US HOUSE,003,REPUBLICAN,STUART N RAY,83
JEFFERSON,E162,US HOUSE,003,DEMOCRAT,MORGAN MCGARVEY,124
JEFFERSON,E162,US HOUSE,003,REPUBLICAN,STUART N RAY,66
JEFFERSON,E171,US HOUSE,003,DEMOCRAT,MORGAN MCGARVEY,297
JEFFERSON,E171,US HOUSE,003,REPUBLICAN,STUART N RAY,174
JEFFERSON,E173,US HOUSE,003,DEMOCRAT,MORGAN MCGARVEY,326
JEFFERSON,E173,US HOUSE,003,REPUBLICAN,STUART N RAY,158
JEFFERSON,E175,US HOUSE,003,DEMOCRAT,MORGAN MCGARVEY,232
JEFFERSON,E175,US HOUSE,003,REPUBLICAN,STUART N RAY,103
JEFFERSON,E176,US HOUSE,003,DEMOCRAT,MORGAN MCGARVEY,159
JEFFERSON,E176,US HOUSE,003,REPUBLICAN,STUART N RAY,101
JEFFERSON,E181,US HOUSE,003,DEMOCRAT,MORGAN MCGARVEY,450
JEFFERSON,E181,US HOUSE,003,REPUBLICAN,STUART N RAY,296
JEFFERSON,E183,US HOUSE,003,DEMOCRAT,MORGAN MCGARVEY,318
JEFFERSON,E183,US HOUSE,003,REPUBLICAN,STUART N RAY,229
JEFFERSON,E185,US HOUSE,003,DEMOCRAT,MORGAN MCGARVEY,121
JEFFERSON,E185,US HOUSE,003,REPUBLICAN,STUART N RAY,43
JEFFERSON,E186,US HOUSE,003,DEMOCRAT,MORGAN MCGARVEY,16
JEFFERSON,E186,US HOUSE,003,REPUBLICAN,STUART N RAY,5
JEFFERSON,E187,US HOUSE,003,DEMOCRAT,MORGAN MCGARVEY,31
JEFFERSON,E187,US HOUSE,003,REPUBLICAN,STUART N RAY,22
JEFFERSON,E188,US HOUSE,003,DEMOCRAT,MORGAN MCGARVEY,503
JEFFERSON,E188,US HOUSE,003,REPUBLICAN,STUART N RAY,376
JEFFERSON,E189,US HOUSE,003,DEMOCRAT,MORGAN MCGARVEY,275
JEFFERSON,E189,US HOUSE,003,REPUBLICAN,STUART N RAY,209
JEFFERSON,E190,US HOUSE,003,DEMOCRAT,MORGAN MCGARVEY,602
JEFFERSON,E190,US HOUSE,003,REPUBLICAN,STUART N RAY,322
JEFFERSON,E191,US HOUSE,003,DEMOCRAT,MORGAN MCGARVEY,398
JEFFERSON,E191,US HOUSE,003,REPUBLICAN,STUART N RAY,203
JEFFERSON,E192,US HOUSE,003,DEMOCRAT,MORGAN MCGARVEY,468
JEFFERSON,E192,US HOUSE,003,REPUBLICAN,STUART N RAY,266
JEFFERSON,E193,US HOUSE,003,DEMOCRAT,MORGAN MCGARVEY,413
JEFFERSON,E193,US HOUSE,003,REPUBLICAN,STUART N RAY,206
JEFFERSON,E194,US HOUSE,003,DEMOCRAT,MORGAN MCGARVEY,616
JEFFERSON,E194,US HOUSE,003,REPUBLICAN,STUART N RAY,373
JEFFERSON,E195,US HOUSE,003,DEMOCRAT,MORGAN MCGARVEY,340
JEFFERSON,E195,US HOUSE,003,REPUBLICAN,STUART N RAY,266
JEFFERSON,E196,US HOUSE,003,DEMOCRAT,MORGAN MCGARVEY,331
JEFFERSON,E196,US HOUSE,003,REPUBLICAN,STUART N RAY,198
JEFFERSON,E197,US HOUSE,003,REPUBLICAN,STUART N RAY,207
JEFFERSON,E197,US HOUSE,003,DEMOCRAT,MORGAN MCGARVEY,151
JEFFERSON,E198,US HOUSE,003,DEMOCRAT,MORGAN MCGARVEY,286
JEFFERSON,E198,US HOUSE,003,REPUBLICAN,STUART N RAY,234
JEFFERSON,E199,US HOUSE,003,DEMOCRAT,MORGAN MCGARVEY,283
JEFFERSON,E199,US HOUSE,003,REPUBLICAN,STUART N RAY,149
JEFFERSON,E201,US HOUSE,003,DEMOCRAT,MORGAN MCGARVEY,401
JEFFERSON,E201,US HOUSE,003,REPUBLICAN,STUART N RAY,282
JEFFERSON,E202,US HOUSE,003,DEMOCRAT,MORGAN MCGARVEY,529
JEFFERSON,E202,US HOUSE,003,REPUBLICAN,STUART N RAY,350
JEFFERSON,E203,US HOUSE,003,DEMOCRAT,MORGAN MCGARVEY,549
JEFFERSON,E203,US HOUSE,003,REPUBLICAN,STUART N RAY,361
JEFFERSON,E204,US HOUSE,003,DEMOCRAT,MORGAN MCGARVEY,348
JEFFERSON,E204,US HOUSE,003,REPUBLICAN,STUART N RAY,160
JEFFERSON,E205,US HOUSE,003,DEMOCRAT,MORGAN MCGARVEY,534
JEFFERSON,E205,US HOUSE,003,REPUBLICAN,STUART N RAY,264
JEFFERSON,E206,US HOUSE,003,DEMOCRAT,MORGAN MCGARVEY,294
JEFFERSON,E206,US HOUSE,003,REPUBLICAN,STUART N RAY,200
JEFFERSON,E207,US HOUSE,003,REPUBLICAN,STUART N RAY,293
JEFFERSON,E207,US HOUSE,003,DEMOCRAT,MORGAN MCGARVEY,281
JEFFERSON,F106,US HOUSE,003,DEMOCRAT,MORGAN MCGARVEY,369
JEFFERSON,F106,US HOUSE,003,REPUBLICAN,STUART N RAY,293
JEFFERSON,F145,US HOUSE,003,DEMOCRAT,MORGAN MCGARVEY,481
JEFFERSON,F145,US HOUSE,003,REPUBLICAN,STUART N RAY,455
JEFFERSON,F151,US HOUSE,003,DEMOCRAT,MORGAN MCGARVEY,515
JEFFERSON,F151,US HOUSE,003,REPUBLICAN,STUART N RAY,499
JEFFERSON,F152,US HOUSE,003,REPUBLICAN,STUART N RAY,526
JEFFERSON,F152,US HOUSE,003,DEMOCRAT,MORGAN MCGARVEY,446
JEFFERSON,F153,US HOUSE,003,DEMOCRAT,MORGAN MCGARVEY,151
JEFFERSON,F153,US HOUSE,003,REPUBLICAN,STUART N RAY,134
JEFFERSON,F154,US HOUSE,003,REPUBLICAN,STUART N RAY,270
JEFFERSON,F154,US HOUSE,003,DEMOCRAT,MORGAN MCGARVEY,245
JEFFERSON,F155,US HOUSE,003,DEMOCRAT,MORGAN MCGARVEY,311
JEFFERSON,F155,US HOUSE,003,REPUBLICAN,STUART N RAY,277
JEFFERSON,F158,US HOUSE,003,REPUBLICAN,STUART N RAY,344
JEFFERSON,F158,US HOUSE,003,DEMOCRAT,MORGAN MCGARVEY,338
JEFFERSON,F163,US HOUSE,003,REPUBLICAN,STUART N RAY,399
JEFFERSON,F163,US HOUSE,003,DEMOCRAT,MORGAN MCGARVEY,334
JEFFERSON,F164,US HOUSE,003,REPUBLICAN,STUART N RAY,404
JEFFERSON,F164,US HOUSE,003,DEMOCRAT,MORGAN MCGARVEY,310
JEFFERSON,F167,US HOUSE,003,DEMOCRAT,MORGAN MCGARVEY,578
JEFFERSON,F167,US HOUSE,003,REPUBLICAN,STUART N RAY,424
JEFFERSON,F169,US HOUSE,003,DEMOCRAT,MORGAN MCGARVEY,181
JEFFERSON,F169,US HOUSE,003,REPUBLICAN,STUART N RAY,102
JEFFERSON,F170,US HOUSE,003,DEMOCRAT,MORGAN MCGARVEY,151
JEFFERSON,F170,US HOUSE,003,REPUBLICAN,STUART N RAY,100
JEFFERSON,F171,US HOUSE,003,REPUBLICAN,STUART N RAY,336
JEFFERSON,F171,US HOUSE,003,DEMOCRAT,MORGAN MCGARVEY,310
JEFFERSON,F172,US HOUSE,003,DEMOCRAT,MORGAN MCGARVEY,303
JEFFERSON,F172,US HOUSE,003,REPUBLICAN,STUART N RAY,251
JEFFERSON,F176,US HOUSE,003,REPUBLICAN,STUART N RAY,209
JEFFERSON,F176,US HOUSE,003,DEMOCRAT,MORGAN MCGARVEY,206
JEFFERSON,F179,US HOUSE,003,DEMOCRAT,MORGAN MCGARVEY,343
JEFFERSON,F179,US HOUSE,003,REPUBLICAN,STUART N RAY,275
JEFFERSON,F180,US HOUSE,003,DEMOCRAT,MORGAN MCGARVEY,528
JEFFERSON,F180,US HOUSE,003,REPUBLICAN,STUART N RAY,355
JEFFERSON,F183,US HOUSE,003,REPUBLICAN,STUART N RAY,227
JEFFERSON,F183,US HOUSE,003,DEMOCRAT,MORGAN MCGARVEY,140
JEFFERSON,F184,US HOUSE,003,DEMOCRAT,MORGAN MCGARVEY,395
JEFFERSON,F184,US HOUSE,003,REPUBLICAN,STUART N RAY,306
JEFFERSON,F188,US HOUSE,003,DEMOCRAT,MORGAN MCGARVEY,16
JEFFERSON,F188,US HOUSE,003,REPUBLICAN,STUART N RAY,1
JEFFERSON,F190,US HOUSE,003,REPUBLICAN,STUART N RAY,448
JEFFERSON,F190,US HOUSE,003,DEMOCRAT,MORGAN MCGARVEY,379
JEFFERSON,F191,US HOUSE,003,REPUBLICAN,STUART N RAY,4
JEFFERSON,F191,US HOUSE,003,DEMOCRAT,MORGAN MCGARVEY,4
JEFFERSON,G140,US HOUSE,003,DEMOCRAT,MORGAN MCGARVEY,438
JEFFERSON,G140,US HOUSE,003,REPUBLICAN,STUART N RAY,77
JEFFERSON,G141,US HOUSE,003,DEMOCRAT,MORGAN MCGARVEY,422
JEFFERSON,G141,US HOUSE,003,REPUBLICAN,STUART N RAY,90
JEFFERSON,G142,US HOUSE,003,DEMOCRAT,MORGAN MCGARVEY,41
JEFFERSON,G142,US HOUSE,003,REPUBLICAN,STUART N RAY,21
JEFFERSON,G143,US HOUSE,003,DEMOCRAT,MORGAN MCGARVEY,627
JEFFERSON,G143,US HOUSE,003,REPUBLICAN,STUART N RAY,121
JEFFERSON,G144,US HOUSE,003,DEMOCRAT,MORGAN MCGARVEY,529
JEFFERSON,G144,US HOUSE,003,REPUBLICAN,STUART N RAY,116
JEFFERSON,G145,US HOUSE,003,DEMOCRAT,MORGAN MCGARVEY,767
JEFFERSON,G145,US HOUSE,003,REPUBLICAN,STUART N RAY,194
JEFFERSON,G146,US HOUSE,003,DEMOCRAT,MORGAN MCGARVEY,587
JEFFERSON,G146,US HOUSE,003,REPUBLICAN,STUART N RAY,119
JEFFERSON,G150,US HOUSE,003,DEMOCRAT,MORGAN MCGARVEY,176
JEFFERSON,G150,US HOUSE,003,REPUBLICAN,STUART N RAY,128
JEFFERSON,G156,US HOUSE,003,DEMOCRAT,MORGAN MCGARVEY,496
JEFFERSON,G156,US HOUSE,003,REPUBLICAN,STUART N RAY,331
JEFFERSON,G157,US HOUSE,003,DEMOCRAT,MORGAN MCGARVEY,566
JEFFERSON,G157,US HOUSE,003,REPUBLICAN,STUART N RAY,304
JEFFERSON,G158,US HOUSE,003,DEMOCRAT,MORGAN MCGARVEY,209
JEFFERSON,G158,US HOUSE,003,REPUBLICAN,STUART N RAY,148
JEFFERSON,G159,US HOUSE,003,REPUBLICAN,STUART N RAY,0
JEFFERSON,G159,US HOUSE,003,DEMOCRAT,MORGAN MCGARVEY,0
JEFFERSON,G160,US HOUSE,003,DEMOCRAT,MORGAN MCGARVEY,462
JEFFERSON,G160,US HOUSE,003,REPUBLICAN,STUART N RAY,364
JEFFERSON,G161,US HOUSE,003,DEMOCRAT,MORGAN MCGARVEY,331
JEFFERSON,G161,US HOUSE,003,REPUBLICAN,STUART N RAY,123
JEFFERSON,G162,US HOUSE,003,REPUBLICAN,STUART N RAY,60
JEFFERSON,G162,US HOUSE,003,DEMOCRAT,MORGAN MCGARVEY,54
JEFFERSON,G163,US HOUSE,003,DEMOCRAT,MORGAN MCGARVEY,252
JEFFERSON,G163,US HOUSE,003,REPUBLICAN,STUART N RAY,116
JEFFERSON,G164,US HOUSE,003,DEMOCRAT,MORGAN MCGARVEY,266
JEFFERSON,G164,US HOUSE,003,REPUBLICAN,STUART N RAY,135
JEFFERSON,G165,US HOUSE,003,DEMOCRAT,MORGAN MCGARVEY,225
JEFFERSON,G165,US HOUSE,003,REPUBLICAN,STUART N RAY,139
JEFFERSON,G168,US HOUSE,003,REPUBLICAN,STUART N RAY,42
JEFFERSON,G168,US HOUSE,003,DEMOCRAT,MORGAN MCGARVEY,38
JEFFERSON,G169,US HOUSE,003,DEMOCRAT,MORGAN MCGARVEY,183
JEFFERSON,G169,US HOUSE,003,REPUBLICAN,STUART N RAY,93
JEFFERSON,G170,US HOUSE,003,DEMOCRAT,MORGAN MCGARVEY,165
JEFFERSON,G170,US HOUSE,003,REPUBLICAN,STUART N RAY,106
JEFFERSON,G171,US HOUSE,003,DEMOCRAT,MORGAN MCGARVEY,327
JEFFERSON,G171,US HOUSE,003,REPUBLICAN,STUART N RAY,173
JEFFERSON,G172,US HOUSE,003,DEMOCRAT,MORGAN MCGARVEY,144
JEFFERSON,G172,US HOUSE,003,REPUBLICAN,STUART N RAY,71
JEFFERSON,G173,US HOUSE,003,DEMOCRAT,MORGAN MCGARVEY,317
JEFFERSON,G173,US HOUSE,003,REPUBLICAN,STUART N RAY,145
JEFFERSON,G174,US HOUSE,003,DEMOCRAT,MORGAN MCGARVEY,415
JEFFERSON,G174,US HOUSE,003,REPUBLICAN,STUART N RAY,149
JEFFERSON,G175,US HOUSE,003,DEMOCRAT,MORGAN MCGARVEY,634
JEFFERSON,G175,US HOUSE,003,REPUBLICAN,STUART N RAY,294
JEFFERSON,G176,US HOUSE,003,DEMOCRAT,MORGAN MCGARVEY,16
JEFFERSON,G176,US HOUSE,003,REPUBLICAN,STUART N RAY,5
JEFFERSON,G177,US HOUSE,003,DEMOCRAT,MORGAN MCGARVEY,451
JEFFERSON,G177,US HOUSE,003,REPUBLICAN,STUART N RAY,192
JEFFERSON,G178,US HOUSE,003,DEMOCRAT,MORGAN MCGARVEY,285
JEFFERSON,G178,US HOUSE,003,REPUBLICAN,STUART N RAY,181
JEFFERSON,G179,US HOUSE,003,DEMOCRAT,MORGAN MCGARVEY,171
JEFFERSON,G179,US HOUSE,003,REPUBLICAN,STUART N RAY,91
JEFFERSON,G180,US HOUSE,003,DEMOCRAT,MORGAN MCGARVEY,282
JEFFERSON,G180,US HOUSE,003,REPUBLICAN,STUART N RAY,187
JEFFERSON,G181,US HOUSE,003,DEMOCRAT,MORGAN MCGARVEY,125
JEFFERSON,G181,US HOUSE,003,REPUBLICAN,STUART N RAY,56
JEFFERSON,G182,US HOUSE,003,DEMOCRAT,MORGAN MCGARVEY,338
JEFFERSON,G182,US HOUSE,003,REPUBLICAN,STUART N RAY,227
JEFFERSON,G183,US HOUSE,003,DEMOCRAT,MORGAN MCGARVEY,441
JEFFERSON,G183,US HOUSE,003,REPUBLICAN,STUART N RAY,239
JEFFERSON,G184,US HOUSE,003,DEMOCRAT,MORGAN MCGARVEY,167
JEFFERSON,G184,US HOUSE,003,REPUBLICAN,STUART N RAY,89
JEFFERSON,G185,US HOUSE,003,DEMOCRAT,MORGAN MCGARVEY,456
JEFFERSON,G185,US HOUSE,003,REPUBLICAN,STUART N RAY,277
JEFFERSON,G186,US HOUSE,003,DEMOCRAT,MORGAN MCGARVEY,383
JEFFERSON,G186,US HOUSE,003,REPUBLICAN,STUART N RAY,89
JEFFERSON,G187,US HOUSE,003,DEMOCRAT,MORGAN MCGARVEY,335
JEFFERSON,G187,US HOUSE,003,REPUBLICAN,STUART N RAY,184
JEFFERSON,G188,US HOUSE,003,DEMOCRAT,MORGAN MCGARVEY,295
JEFFERSON,G188,US HOUSE,003,REPUBLICAN,STUART N RAY,163
JEFFERSON,G189,US HOUSE,003,DEMOCRAT,MORGAN MCGARVEY,491
JEFFERSON,G189,US HOUSE,003,REPUBLICAN,STUART N RAY,169
JEFFERSON,G190,US HOUSE,003,DEMOCRAT,MORGAN MCGARVEY,266
JEFFERSON,G190,US HOUSE,003,REPUBLICAN,STUART N RAY,143
JEFFERSON,G191,US HOUSE,003,DEMOCRAT,MORGAN MCGARVEY,564
JEFFERSON,G191,US HOUSE,003,REPUBLICAN,STUART N RAY,329
JEFFERSON,G192,US HOUSE,003,DEMOCRAT,MORGAN MCGARVEY,330
JEFFERSON,G192,US HOUSE,003,REPUBLICAN,STUART N RAY,108
JEFFERSON,G193,US HOUSE,003,DEMOCRAT,MORGAN MCGARVEY,709
JEFFERSON,G193,US HOUSE,003,REPUBLICAN,STUART N RAY,138
JEFFERSON,G194,US HOUSE,003,DEMOCRAT,MORGAN MCGARVEY,568
JEFFERSON,G194,US HOUSE,003,REPUBLICAN,STUART N RAY,336
JEFFERSON,G195,US HOUSE,003,DEMOCRAT,MORGAN MCGARVEY,274
JEFFERSON,G195,US HOUSE,003,REPUBLICAN,STUART N RAY,166
JEFFERSON,G196,US HOUSE,003,DEMOCRAT,MORGAN MCGARVEY,419
JEFFERSON,G196,US HOUSE,003,REPUBLICAN,STUART N RAY,292
JEFFERSON,G197,US HOUSE,003,DEMOCRAT,MORGAN MCGARVEY,68
JEFFERSON,G197,US HOUSE,003,REPUBLICAN,STUART N RAY,50
JEFFERSON,H117,US HOUSE,003,DEMOCRAT,MORGAN MCGARVEY,507
JEFFERSON,H117,US HOUSE,003,REPUBLICAN,STUART N RAY,357
JEFFERSON,H120,US HOUSE,003,DEMOCRAT,MORGAN MCGARVEY,170
JEFFERSON,H120,US HOUSE,003,REPUBLICAN,STUART N RAY,141
JEFFERSON,H121,US HOUSE,003,DEMOCRAT,MORGAN MCGARVEY,182
JEFFERSON,H121,US HOUSE,003,REPUBLICAN,STUART N RAY,88
JEFFERSON,H123,US HOUSE,003,DEMOCRAT,MORGAN MCGARVEY,96
JEFFERSON,H123,US HOUSE,003,REPUBLICAN,STUART N RAY,85
JEFFERSON,H124,US HOUSE,003,DEMOCRAT,MORGAN MCGARVEY,66
JEFFERSON,H124,US HOUSE,003,REPUBLICAN,STUART N RAY,12
JEFFERSON,H125,US HOUSE,003,DEMOCRAT,MORGAN MCGARVEY,119
JEFFERSON,H125,US HOUSE,003,REPUBLICAN,STUART N RAY,104
JEFFERSON,H126,US HOUSE,003,DEMOCRAT,MORGAN MCGARVEY,157
JEFFERSON,H126,US HOUSE,003,REPUBLICAN,STUART N RAY,141
JEFFERSON,H130,US HOUSE,003,REPUBLICAN,STUART N RAY,0
JEFFERSON,H130,US HOUSE,003,DEMOCRAT,MORGAN MCGARVEY,0
JEFFERSON,H138,US HOUSE,003,DEMOCRAT,MORGAN MCGARVEY,371
JEFFERSON,H138,US HOUSE,003,REPUBLICAN,STUART N RAY,243
JEFFERSON,H144,US HOUSE,003,REPUBLICAN,STUART N RAY,254
JEFFERSON,H144,US HOUSE,003,DEMOCRAT,MORGAN MCGARVEY,202
JEFFERSON,H146,US HOUSE,003,REPUBLICAN,STUART N RAY,54
JEFFERSON,H146,US HOUSE,003,DEMOCRAT,MORGAN MCGARVEY,43
JEFFERSON,H147,US HOUSE,003,REPUBLICAN,STUART N RAY,187
JEFFERSON,H147,US HOUSE,003,DEMOCRAT,MORGAN MCGARVEY,177
JEFFERSON,H154,US HOUSE,003,REPUBLICAN,STUART N RAY,59
JEFFERSON,H154,US HOUSE,003,DEMOCRAT,MORGAN MCGARVEY,51
JEFFERSON,H155,US HOUSE,003,DEMOCRAT,MORGAN MCGARVEY,275
JEFFERSON,H155,US HOUSE,003,REPUBLICAN,STUART N RAY,225
JEFFERSON,H161,US HOUSE,003,DEMOCRAT,MORGAN MCGARVEY,1
JEFFERSON,H161,US HOUSE,003,REPUBLICAN,STUART N RAY,0
JEFFERSON,H163,US HOUSE,003,DEMOCRAT,MORGAN MCGARVEY,56
JEFFERSON,H163,US HOUSE,003,REPUBLICAN,STUART N RAY,49
JEFFERSON,H164,US HOUSE,003,DEMOCRAT,MORGAN MCGARVEY,343
JEFFERSON,H164,US HOUSE,003,REPUBLICAN,STUART N RAY,166
JEFFERSON,H165,US HOUSE,003,DEMOCRAT,MORGAN MCGARVEY,372
JEFFERSON,H165,US HOUSE,003,REPUBLICAN,STUART N RAY,197
JEFFERSON,H166,US HOUSE,003,DEMOCRAT,MORGAN MCGARVEY,166
JEFFERSON,H166,US HOUSE,003,REPUBLICAN,STUART N RAY,54
JEFFERSON,H167,US HOUSE,003,DEMOCRAT,MORGAN MCGARVEY,174
JEFFERSON,H167,US HOUSE,003,REPUBLICAN,STUART N RAY,112
JEFFERSON,H168,US HOUSE,003,DEMOCRAT,MORGAN MCGARVEY,317
JEFFERSON,H168,US HOUSE,003,REPUBLICAN,STUART N RAY,307
JEFFERSON,H169,US HOUSE,003,REPUBLICAN,STUART N RAY,133
JEFFERSON,H169,US HOUSE,003,DEMOCRAT,MORGAN MCGARVEY,129
JEFFERSON,H170,US HOUSE,003,REPUBLICAN,STUART N RAY,0
JEFFERSON,H170,US HOUSE,003,DEMOCRAT,MORGAN MCGARVEY,0
JEFFERSON,H171,US HOUSE,003,DEMOCRAT,MORGAN MCGARVEY,363
JEFFERSON,H171,US HOUSE,003,REPUBLICAN,STUART N RAY,244
JEFFERSON,H172,US HOUSE,003,REPUBLICAN,STUART N RAY,1
JEFFERSON,H172,US HOUSE,003,DEMOCRAT,MORGAN MCGARVEY,0
JEFFERSON,H173,US HOUSE,003,REPUBLICAN,STUART N RAY,0
JEFFERSON,H173,US HOUSE,003,DEMOCRAT,MORGAN MCGARVEY,0
JEFFERSON,H174,US HOUSE,003,REPUBLICAN,STUART N RAY,0
JEFFERSON,H174,US HOUSE,003,DEMOCRAT,MORGAN MCGARVEY,0
JEFFERSON,H175,US HOUSE,003,REPUBLICAN,STUART N RAY,14
JEFFERSON,H175,US HOUSE,003,DEMOCRAT,MORGAN MCGARVEY,12
JEFFERSON,H176,US HOUSE,003,DEMOCRAT,MORGAN MCGARVEY,1
JEFFERSON,H176,US HOUSE,003,REPUBLICAN,STUART N RAY,0
JEFFERSON,H177,US HOUSE,003,DEMOCRAT,MORGAN MCGARVEY,47
JEFFERSON,H177,US HOUSE,003,REPUBLICAN,STUART N RAY,11
JEFFERSON,H178,US HOUSE,003,DEMOCRAT,MORGAN MCGARVEY,72
JEFFERSON,H178,US HOUSE,003,REPUBLICAN,STUART N RAY,50
JEFFERSON,H180,US HOUSE,003,DEMOCRAT,MORGAN MCGARVEY,351
JEFFERSON,H180,US HOUSE,003,REPUBLICAN,STUART N RAY,181
JEFFERSON,H181,US HOUSE,003,DEMOCRAT,MORGAN MCGARVEY,201
JEFFERSON,H181,US HOUSE,003,REPUBLICAN,STUART N RAY,96
JEFFERSON,H182,US HOUSE,003,REPUBLICAN,STUART N RAY,4
JEFFERSON,H182,US HOUSE,003,DEMOCRAT,MORGAN MCGARVEY,2
JEFFERSON,H183,US HOUSE,003,REPUBLICAN,STUART N RAY,323
JEFFERSON,H183,US HOUSE,003,DEMOCRAT,MORGAN MCGARVEY,253
JEFFERSON,H184,US HOUSE,003,DEMOCRAT,MORGAN MCGARVEY,287
JEFFERSON,H184,US HOUSE,003,REPUBLICAN,STUART N RAY,280
JEFFERSON,H185,US HOUSE,003,DEMOCRAT,MORGAN MCGARVEY,77
JEFFERSON,H185,US HOUSE,003,REPUBLICAN,STUART N RAY,55
JEFFERSON,I126,US HOUSE,003,REPUBLICAN,STUART N RAY,299
JEFFERSON,I126,US HOUSE,003,DEMOCRAT,MORGAN MCGARVEY,162
JEFFERSON,I130,US HOUSE,003,REPUBLICAN,STUART N RAY,137
JEFFERSON,I130,US HOUSE,003,DEMOCRAT,MORGAN MCGARVEY,69
JEFFERSON,I133,US HOUSE,003,REPUBLICAN,STUART N RAY,530
JEFFERSON,I133,US HOUSE,003,DEMOCRAT,MORGAN MCGARVEY,290
JEFFERSON,I135,US HOUSE,003,REPUBLICAN,STUART N RAY,172
JEFFERSON,I135,US HOUSE,003,DEMOCRAT,MORGAN MCGARVEY,106
JEFFERSON,I141,US HOUSE,003,DEMOCRAT,MORGAN MCGARVEY,273
JEFFERSON,I141,US HOUSE,003,REPUBLICAN,STUART N RAY,237
JEFFERSON,I143,US HOUSE,003,DEMOCRAT,MORGAN MCGARVEY,26
JEFFERSON,I143,US HOUSE,003,REPUBLICAN,STUART N RAY,22
JEFFERSON,I144,US HOUSE,003,REPUBLICAN,STUART N RAY,35
JEFFERSON,I144,US HOUSE,003,DEMOCRAT,MORGAN MCGARVEY,26
JEFFERSON,I145,US HOUSE,003,REPUBLICAN,STUART N RAY,47
JEFFERSON,I145,US HOUSE,003,DEMOCRAT,MORGAN MCGARVEY,42
JEFFERSON,I146,US HOUSE,003,REPUBLICAN,STUART N RAY,253
JEFFERSON,I146,US HOUSE,003,DEMOCRAT,MORGAN MCGARVEY,228
JEFFERSON,I151,US HOUSE,003,DEMOCRAT,MORGAN MCGARVEY,263
JEFFERSON,I151,US HOUSE,003,REPUBLICAN,STUART N RAY,235
JEFFERSON,I152,US HOUSE,003,REPUBLICAN,STUART N RAY,358
JEFFERSON,I152,US HOUSE,003,DEMOCRAT,MORGAN MCGARVEY,334
JEFFERSON,I153,US HOUSE,003,DEMOCRAT,MORGAN MCGARVEY,421
JEFFERSON,I153,US HOUSE,003,REPUBLICAN,STUART N RAY,406
JEFFERSON,I154,US HOUSE,003,DEMOCRAT,MORGAN MCGARVEY,529
JEFFERSON,I154,US HOUSE,003,REPUBLICAN,STUART N RAY,374
JEFFERSON,I157,US HOUSE,003,REPUBLICAN,STUART N RAY,236
JEFFERSON,I157,US HOUSE,003,DEMOCRAT,MORGAN MCGARVEY,91
JEFFERSON,I158,US HOUSE,003,REPUBLICAN,STUART N RAY,375
JEFFERSON,I158,US HOUSE,003,DEMOCRAT,MORGAN MCGARVEY,293
JEFFERSON,I159,US HOUSE,003,DEMOCRAT,MORGAN MCGARVEY,55
JEFFERSON,I159,US HOUSE,003,REPUBLICAN,STUART N RAY,27
JEFFERSON,I160,US HOUSE,003,REPUBLICAN,STUART N RAY,224
JEFFERSON,I160,US HOUSE,003,DEMOCRAT,MORGAN MCGARVEY,189
JEFFERSON,I161,US HOUSE,003,DEMOCRAT,MORGAN MCGARVEY,32
JEFFERSON,I161,US HOUSE,003,REPUBLICAN,STUART N RAY,12
JEFFERSON,I162,US HOUSE,003,REPUBLICAN,STUART N RAY,0
JEFFERSON,I162,US HOUSE,003,DEMOCRAT,MORGAN MCGARVEY,0
JEFFERSON,I163,US HOUSE,003,REPUBLICAN,STUART N RAY,74
JEFFERSON,I163,US HOUSE,003,DEMOCRAT,MORGAN MCGARVEY,61
JEFFERSON,I164,US HOUSE,003,DEMOCRAT,MORGAN MCGARVEY,409
JEFFERSON,I164,US HOUSE,003,REPUBLICAN,STUART N RAY,243
JEFFERSON,I165,US HOUSE,003,REPUBLICAN,STUART N RAY,194
JEFFERSON,I165,US HOUSE,003,DEMOCRAT,MORGAN MCGARVEY,98
JEFFERSON,I166,US HOUSE,003,REPUBLICAN,STUART N RAY,32
JEFFERSON,I166,US HOUSE,003,DEMOCRAT,MORGAN MCGARVEY,15
JEFFERSON,I167,US HOUSE,003,REPUBLICAN,STUART N RAY,139
JEFFERSON,I167,US HOUSE,003,DEMOCRAT,MORGAN MCGARVEY,52
JEFFERSON,I168,US HOUSE,003,REPUBLICAN,STUART N RAY,143
JEFFERSON,I168,US HOUSE,003,DEMOCRAT,MORGAN MCGARVEY,118
JEFFERSON,I169,US HOUSE,003,DEMOCRAT,MORGAN MCGARVEY,520
JEFFERSON,I169,US HOUSE,003,REPUBLICAN,STUART N RAY,369
JEFFERSON,I170,US HOUSE,003,REPUBLICAN,STUART N RAY,192
JEFFERSON,I170,US HOUSE,003,DEMOCRAT,MORGAN MCGARVEY,111
JEFFERSON,I171,US HOUSE,003,REPUBLICAN,STUART N RAY,367
JEFFERSON,I171,US HOUSE,003,DEMOCRAT,MORGAN MCGARVEY,288
JEFFERSON,I172,US HOUSE,003,REPUBLICAN,STUART N RAY,315
JEFFERSON,I172,US HOUSE,003,DEMOCRAT,MORGAN MCGARVEY,274
JEFFERSON,I173,US HOUSE,003,REPUBLICAN,STUART N RAY,206
JEFFERSON,I173,US HOUSE,003,DEMOCRAT,MORGAN MCGARVEY,122
JEFFERSON,I174,US HOUSE,003,REPUBLICAN,STUART N RAY,168
JEFFERSON,I174,US HOUSE,003,DEMOCRAT,MORGAN MCGARVEY,147
JEFFERSON,J105,US HOUSE,003,DEMOCRAT,MORGAN MCGARVEY,167
JEFFERSON,J105,US HOUSE,003,REPUBLICAN,STUART N RAY,115
JEFFERSON,J108,US HOUSE,003,DEMOCRAT,MORGAN MCGARVEY,433
JEFFERSON,J108,US HOUSE,003,REPUBLICAN,STUART N RAY,220
JEFFERSON,J111,US HOUSE,003,DEMOCRAT,MORGAN MCGARVEY,237
JEFFERSON,J111,US HOUSE,003,REPUBLICAN,STUART N RAY,96
JEFFERSON,J113,US HOUSE,003,DEMOCRAT,MORGAN MCGARVEY,361
JEFFERSON,J113,US HOUSE,003,REPUBLICAN,STUART N RAY,231
JEFFERSON,J117,US HOUSE,003,DEMOCRAT,MORGAN MCGARVEY,142
JEFFERSON,J117,US HOUSE,003,REPUBLICAN,STUART N RAY,77
JEFFERSON,J119,US HOUSE,003,DEMOCRAT,MORGAN MCGARVEY,244
JEFFERSON,J119,US HOUSE,003,REPUBLICAN,STUART N RAY,196
JEFFERSON,J120,US HOUSE,003,DEMOCRAT,MORGAN MCGARVEY,282
JEFFERSON,J120,US HOUSE,003,REPUBLICAN,STUART N RAY,218
JEFFERSON,J122,US HOUSE,003,REPUBLICAN,STUART N RAY,12
JEFFERSON,J122,US HOUSE,003,DEMOCRAT,MORGAN MCGARVEY,8
JEFFERSON,J123,US HOUSE,003,DEMOCRAT,MORGAN MCGARVEY,114
JEFFERSON,J123,US HOUSE,003,REPUBLICAN,STUART N RAY,113
JEFFERSON,J135,US HOUSE,003,REPUBLICAN,STUART N RAY,304
JEFFERSON,J135,US HOUSE,003,DEMOCRAT,MORGAN MCGARVEY,241
JEFFERSON,J137,US HOUSE,003,REPUBLICAN,STUART N RAY,273
JEFFERSON,J137,US HOUSE,003,DEMOCRAT,MORGAN MCGARVEY,171
JEFFERSON,J138,US HOUSE,003,REPUBLICAN,STUART N RAY,81
JEFFERSON,J138,US HOUSE,003,DEMOCRAT,MORGAN MCGARVEY,52
JEFFERSON,J140,US HOUSE,003,DEMOCRAT,MORGAN MCGARVEY,88
JEFFERSON,J140,US HOUSE,003,REPUBLICAN,STUART N RAY,56
JEFFERSON,J142,US HOUSE,003,REPUBLICAN,STUART N RAY,0
JEFFERSON,J142,US HOUSE,003,DEMOCRAT,MORGAN MCGARVEY,0
JEFFERSON,J143,US HOUSE,003,REPUBLICAN,STUART N RAY,40
JEFFERSON,J143,US HOUSE,003,DEMOCRAT,MORGAN MCGARVEY,21
JEFFERSON,J145,US HOUSE,003,REPUBLICAN,STUART N RAY,367
JEFFERSON,J145,US HOUSE,003,DEMOCRAT,MORGAN MCGARVEY,247
JEFFERSON,J150,US HOUSE,003,DEMOCRAT,MORGAN MCGARVEY,347
JEFFERSON,J150,US HOUSE,003,REPUBLICAN,STUART N RAY,297
JEFFERSON,J152,US HOUSE,003,REPUBLICAN,STUART N RAY,198
JEFFERSON,J152,US HOUSE,003,DEMOCRAT,MORGAN MCGARVEY,103
JEFFERSON,J153,US HOUSE,003,REPUBLICAN,STUART N RAY,85
JEFFERSON,J153,US HOUSE,003,DEMOCRAT,MORGAN MCGARVEY,59
JEFFERSON,J156,US HOUSE,003,DEMOCRAT,MORGAN MCGARVEY,289
JEFFERSON,J156,US HOUSE,003,REPUBLICAN,STUART N RAY,268
JEFFERSON,J157,US HOUSE,003,REPUBLICAN,STUART N RAY,303
JEFFERSON,J157,US HOUSE,003,DEMOCRAT,MORGAN MCGARVEY,287
JEFFERSON,J158,US HOUSE,003,REPUBLICAN,STUART N RAY,229
JEFFERSON,J158,US HOUSE,003,DEMOCRAT,MORGAN MCGARVEY,189
JEFFERSON,J159,US HOUSE,003,REPUBLICAN,STUART N RAY,361
JEFFERSON,J159,US HOUSE,003,DEMOCRAT,MORGAN MCGARVEY,338
JEFFERSON,J160,US HOUSE,003,DEMOCRAT,MORGAN MCGARVEY,101
JEFFERSON,J160,US HOUSE,003,REPUBLICAN,STUART N RAY,69
JEFFERSON,J161,US HOUSE,003,DEMOCRAT,MORGAN MCGARVEY,29
JEFFERSON,J161,US HOUSE,003,REPUBLICAN,STUART N RAY,15
JEFFERSON,J162,US HOUSE,003,REPUBLICAN,STUART N RAY,118
JEFFERSON,J162,US HOUSE,003,DEMOCRAT,MORGAN MCGARVEY,105
JEFFERSON,J163,US HOUSE,003,REPUBLICAN,STUART N RAY,52
JEFFERSON,J163,US HOUSE,003,DEMOCRAT,MORGAN MCGARVEY,35
JEFFERSON,J164,US HOUSE,003,REPUBLICAN,STUART N RAY,25
JEFFERSON,J164,US HOUSE,003,DEMOCRAT,MORGAN MCGARVEY,17
JEFFERSON,J165,US HOUSE,003,DEMOCRAT,MORGAN MCGARVEY,324
JEFFERSON,J165,US HOUSE,003,REPUBLICAN,STUART N RAY,204
JEFFERSON,J166,US HOUSE,003,DEMOCRAT,MORGAN MCGARVEY,137
JEFFERSON,J166,US HOUSE,003,REPUBLICAN,STUART N RAY,98
JEFFERSON,J167,US HOUSE,003,DEMOCRAT,MORGAN MCGARVEY,55
JEFFERSON,J167,US HOUSE,003,REPUBLICAN,STUART N RAY,46
JEFFERSON,J168,US HOUSE,003,REPUBLICAN,STUART N RAY,0
JEFFERSON,J168,US HOUSE,003,DEMOCRAT,MORGAN MCGARVEY,0
JEFFERSON,J169,US HOUSE,003,DEMOCRAT,MORGAN MCGARVEY,370
JEFFERSON,J169,US HOUSE,003,REPUBLICAN,STUART N RAY,238
JEFFERSON,J170,US HOUSE,003,REPUBLICAN,STUART N RAY,314
JEFFERSON,J170,US HOUSE,003,DEMOCRAT,MORGAN MCGARVEY,274
JEFFERSON,J171,US HOUSE,003,DEMOCRAT,MORGAN MCGARVEY,353
JEFFERSON,J171,US HOUSE,003,REPUBLICAN,STUART N RAY,290
JEFFERSON,J172,US HOUSE,003,REPUBLICAN,STUART N RAY,107
JEFFERSON,J172,US HOUSE,003,DEMOCRAT,MORGAN MCGARVEY,92
JEFFERSON,J173,US HOUSE,003,DEMOCRAT,MORGAN MCGARVEY,90
JEFFERSON,J173,US HOUSE,003,REPUBLICAN,STUART N RAY,35
JEFFERSON,J174,US HOUSE,003,DEMOCRAT,MORGAN MCGARVEY,445
JEFFERSON,J174,US HOUSE,003,REPUBLICAN,STUART N RAY,217
JEFFERSON,K110,US HOUSE,003,DEMOCRAT,MORGAN MCGARVEY,103
JEFFERSON,K110,US HOUSE,003,REPUBLICAN,STUART N RAY,18
JEFFERSON,K111,US HOUSE,003,DEMOCRAT,MORGAN MCGARVEY,111
JEFFERSON,K111,US HOUSE,003,REPUBLICAN,STUART N RAY,40
JEFFERSON,K112,US HOUSE,003,DEMOCRAT,MORGAN MCGARVEY,83
JEFFERSON,K112,US HOUSE,003,REPUBLICAN,STUART N RAY,22
JEFFERSON,K113,US HOUSE,003,DEMOCRAT,MORGAN MCGARVEY,94
JEFFERSON,K113,US HOUSE,003,REPUBLICAN,STUART N RAY,19
JEFFERSON,K114,US HOUSE,003,DEMOCRAT,MORGAN MCGARVEY,266
JEFFERSON,K114,US HOUSE,003,REPUBLICAN,STUART N RAY,86
JEFFERSON,K116,US HOUSE,003,DEMOCRAT,MORGAN MCGARVEY,33
JEFFERSON,K116,US HOUSE,003,REPUBLICAN,STUART N RAY,12
JEFFERSON,K117,US HOUSE,003,DEMOCRAT,MORGAN MCGARVEY,173
JEFFERSON,K117,US HOUSE,003,REPUBLICAN,STUART N RAY,55
JEFFERSON,K118,US HOUSE,003,DEMOCRAT,MORGAN MCGARVEY,260
JEFFERSON,K118,US HOUSE,003,REPUBLICAN,STUART N RAY,29
JEFFERSON,K119,US HOUSE,003,DEMOCRAT,MORGAN MCGARVEY,246
JEFFERSON,K119,US HOUSE,003,REPUBLICAN,STUART N RAY,150
JEFFERSON,K122,US HOUSE,003,DEMOCRAT,MORGAN MCGARVEY,369
JEFFERSON,K122,US HOUSE,003,REPUBLICAN,STUART N RAY,67
JEFFERSON,K123,US HOUSE,003,DEMOCRAT,MORGAN MCGARVEY,426
JEFFERSON,K123,US HOUSE,003,REPUBLICAN,STUART N RAY,60
JEFFERSON,K125,US HOUSE,003,DEMOCRAT,MORGAN MCGARVEY,79
JEFFERSON,K125,US HOUSE,003,REPUBLICAN,STUART N RAY,28
JEFFERSON,K131,US HOUSE,003,DEMOCRAT,MORGAN MCGARVEY,228
JEFFERSON,K131,US HOUSE,003,REPUBLICAN,STUART N RAY,65
JEFFERSON,K134,US HOUSE,003,DEMOCRAT,MORGAN MCGARVEY,254
JEFFERSON,K134,US HOUSE,003,REPUBLICAN,STUART N RAY,94
JEFFERSON,K135,US HOUSE,003,DEMOCRAT,MORGAN MCGARVEY,118
JEFFERSON,K135,US HOUSE,003,REPUBLICAN,STUART N RAY,22
JEFFERSON,K136,US HOUSE,003,DEMOCRAT,MORGAN MCGARVEY,46
JEFFERSON,K136,US HOUSE,003,REPUBLICAN,STUART N RAY,20
JEFFERSON,K137,US HOUSE,003,DEMOCRAT,MORGAN MCGARVEY,36
JEFFERSON,K137,US HOUSE,003,REPUBLICAN,STUART N RAY,6
JEFFERSON,K140,US HOUSE,003,DEMOCRAT,MORGAN MCGARVEY,45
JEFFERSON,K140,US HOUSE,003,REPUBLICAN,STUART N RAY,15
JEFFERSON,K141,US HOUSE,003,DEMOCRAT,MORGAN MCGARVEY,85
JEFFERSON,K141,US HOUSE,003,REPUBLICAN,STUART N RAY,34
JEFFERSON,K142,US HOUSE,003,REPUBLICAN,STUART N RAY,0
JEFFERSON,K142,US HOUSE,003,DEMOCRAT,MORGAN MCGARVEY,0
JEFFERSON,K143,US HOUSE,003,REPUBLICAN,STUART N RAY,0
JEFFERSON,K143,US HOUSE,003,DEMOCRAT,MORGAN MCGARVEY,0
JEFFERSON,K150,US HOUSE,003,REPUBLICAN,STUART N RAY,0
JEFFERSON,K150,US HOUSE,003,DEMOCRAT,MORGAN MCGARVEY,0
JEFFERSON,K151,US HOUSE,003,REPUBLICAN,STUART N RAY,0
JEFFERSON,K151,US HOUSE,003,DEMOCRAT,MORGAN MCGARVEY,0
JEFFERSON,K152,US HOUSE,003,REPUBLICAN,STUART N RAY,3
JEFFERSON,K152,US HOUSE,003,DEMOCRAT,MORGAN MCGARVEY,2
JEFFERSON,K153,US HOUSE,003,DEMOCRAT,MORGAN MCGARVEY,214
JEFFERSON,K153,US HOUSE,003,REPUBLICAN,STUART N RAY,106
JEFFERSON,K154,US HOUSE,003,REPUBLICAN,STUART N RAY,0
JEFFERSON,K154,US HOUSE,003,DEMOCRAT,MORGAN MCGARVEY,0
JEFFERSON,K155,US HOUSE,003,DEMOCRAT,MORGAN MCGARVEY,286
JEFFERSON,K155,US HOUSE,003,REPUBLICAN,STUART N RAY,125
JEFFERSON,K156,US HOUSE,003,DEMOCRAT,MORGAN MCGARVEY,155
JEFFERSON,K156,US HOUSE,003,REPUBLICAN,STUART N RAY,66
JEFFERSON,K157,US HOUSE,003,REPUBLICAN,STUART N RAY,0
JEFFERSON,K157,US HOUSE,003,DEMOCRAT,MORGAN MCGARVEY,0
JEFFERSON,K158,US HOUSE,003,REPUBLICAN,STUART N RAY,0
JEFFERSON,K158,US HOUSE,003,DEMOCRAT,MORGAN MCGARVEY,0
JEFFERSON,K159,US HOUSE,003,DEMOCRAT,MORGAN MCGARVEY,122
JEFFERSON,K159,US HOUSE,003,REPUBLICAN,STUART N RAY,37
JEFFERSON,K160,US HOUSE,003,DEMOCRAT,MORGAN MCGARVEY,121
JEFFERSON,K160,US HOUSE,003,REPUBLICAN,STUART N RAY,46
JEFFERSON,K161,US HOUSE,003,DEMOCRAT,MORGAN MCGARVEY,78
JEFFERSON,K161,US HOUSE,003,REPUBLICAN,STUART N RAY,26
JEFFERSON,K162,US HOUSE,003,DEMOCRAT,MORGAN MCGARVEY,16
JEFFERSON,K162,US HOUSE,003,REPUBLICAN,STUART N RAY,1
JEFFERSON,K163,US HOUSE,003,DEMOCRAT,MORGAN MCGARVEY,34
JEFFERSON,K163,US HOUSE,003,REPUBLICAN,STUART N RAY,13
JEFFERSON,K164,US HOUSE,003,DEMOCRAT,MORGAN MCGARVEY,4
JEFFERSON,K164,US HOUSE,003,REPUBLICAN,STUART N RAY,3
JEFFERSON,K165,US HOUSE,003,DEMOCRAT,MORGAN MCGARVEY,77
JEFFERSON,K165,US HOUSE,003,REPUBLICAN,STUART N RAY,26
JEFFERSON,K166,US HOUSE,003,REPUBLICAN,STUART N RAY,0
JEFFERSON,K166,US HOUSE,003,DEMOCRAT,MORGAN MCGARVEY,0
JEFFERSON,K167,US HOUSE,003,DEMOCRAT,MORGAN MCGARVEY,45
JEFFERSON,K167,US HOUSE,003,REPUBLICAN,STUART N RAY,10
JEFFERSON,K168,US HOUSE,003,REPUBLICAN,STUART N RAY,1
JEFFERSON,K168,US HOUSE,003,DEMOCRAT,MORGAN MCGARVEY,0
JEFFERSON,K169,US HOUSE,003,DEMOCRAT,MORGAN MCGARVEY,157
JEFFERSON,K169,US HOUSE,003,REPUBLICAN,STUART N RAY,6
JEFFERSON,K170,US HOUSE,003,DEMOCRAT,MORGAN MCGARVEY,346
JEFFERSON,K170,US HOUSE,003,REPUBLICAN,STUART N RAY,7
JEFFERSON,K171,US HOUSE,003,DEMOCRAT,MORGAN MCGARVEY,291
JEFFERSON,K171,US HOUSE,003,REPUBLICAN,STUART N RAY,15
JEFFERSON,K172,US HOUSE,003,DEMOCRAT,MORGAN MCGARVEY,272
JEFFERSON,K172,US HOUSE,003,REPUBLICAN,STUART N RAY,14
JEFFERSON,K173,US HOUSE,003,DEMOCRAT,MORGAN MCGARVEY,243
JEFFERSON,K173,US HOUSE,003,REPUBLICAN,STUART N RAY,11
JEFFERSON,K174,US HOUSE,003,DEMOCRAT,MORGAN MCGARVEY,326
JEFFERSON,K174,US HOUSE,003,REPUBLICAN,STUART N RAY,110
JEFFERSON,K175,US HOUSE,003,DEMOCRAT,MORGAN MCGARVEY,166
JEFFERSON,K175,US HOUSE,003,REPUBLICAN,STUART N RAY,85
JEFFERSON,K176,US HOUSE,003,DEMOCRAT,MORGAN MCGARVEY,90
JEFFERSON,K176,US HOUSE,003,REPUBLICAN,STUART N RAY,38
JEFFERSON,K177,US HOUSE,003,DEMOCRAT,MORGAN MCGARVEY,267
JEFFERSON,K177,US HOUSE,003,REPUBLICAN,STUART N RAY,117
JEFFERSON,K178,US HOUSE,003,DEMOCRAT,MORGAN MCGARVEY,188
JEFFERSON,K178,US HOUSE,003,REPUBLICAN,STUART N RAY,26
JEFFERSON,K179,US HOUSE,003,DEMOCRAT,MORGAN MCGARVEY,386
JEFFERSON,K179,US HOUSE,003,REPUBLICAN,STUART N RAY,14
JEFFERSON,K180,US HOUSE,003,DEMOCRAT,MORGAN MCGARVEY,186
JEFFERSON,K180,US HOUSE,003,REPUBLICAN,STUART N RAY,74
JEFFERSON,L165,US HOUSE,003,DEMOCRAT,MORGAN MCGARVEY,301
JEFFERSON,L165,US HOUSE,003,REPUBLICAN,STUART N RAY,132
JEFFERSON,L166,US HOUSE,003,DEMOCRAT,MORGAN MCGARVEY,245
JEFFERSON,L166,US HOUSE,003,REPUBLICAN,STUART N RAY,87
JEFFERSON,L167,US HOUSE,003,DEMOCRAT,MORGAN MCGARVEY,339
JEFFERSON,L167,US HOUSE,003,REPUBLICAN,STUART N RAY,145
JEFFERSON,L168,US HOUSE,003,DEMOCRAT,MORGAN MCGARVEY,470
JEFFERSON,L168,US HOUSE,003,REPUBLICAN,STUART N RAY,202
JEFFERSON,L169,US HOUSE,003,DEMOCRAT,MORGAN MCGARVEY,372
JEFFERSON,L169,US HOUSE,003,REPUBLICAN,STUART N RAY,50
JEFFERSON,L170,US HOUSE,003,DEMOCRAT,MORGAN MCGARVEY,292
JEFFERSON,L170,US HOUSE,003,REPUBLICAN,STUART N RAY,63
JEFFERSON,L171,US HOUSE,003,DEMOCRAT,MORGAN MCGARVEY,361
JEFFERSON,L171,US HOUSE,003,REPUBLICAN,STUART N RAY,68
JEFFERSON,L172,US HOUSE,003,DEMOCRAT,MORGAN MCGARVEY,321
JEFFERSON,L172,US HOUSE,003,REPUBLICAN,STUART N RAY,51
JEFFERSON,L173,US HOUSE,003,DEMOCRAT,MORGAN MCGARVEY,615
JEFFERSON,L173,US HOUSE,003,REPUBLICAN,STUART N RAY,103
JEFFERSON,L174,US HOUSE,003,DEMOCRAT,MORGAN MCGARVEY,505
JEFFERSON,L174,US HOUSE,003,REPUBLICAN,STUART N RAY,86
JEFFERSON,L175,US HOUSE,003,DEMOCRAT,MORGAN MCGARVEY,802
JEFFERSON,L175,US HOUSE,003,REPUBLICAN,STUART N RAY,141
JEFFERSON,L176,US HOUSE,003,DEMOCRAT,MORGAN MCGARVEY,637
JEFFERSON,L176,US HOUSE,003,REPUBLICAN,STUART N RAY,134
JEFFERSON,L177,US HOUSE,003,DEMOCRAT,MORGAN MCGARVEY,816
JEFFERSON,L177,US HOUSE,003,REPUBLICAN,STUART N RAY,160
JEFFERSON,L178,US HOUSE,003,DEMOCRAT,MORGAN MCGARVEY,357
JEFFERSON,L178,US HOUSE,003,REPUBLICAN,STUART N RAY,119
JEFFERSON,L179,US HOUSE,003,DEMOCRAT,MORGAN MCGARVEY,418
JEFFERSON,L179,US HOUSE,003,REPUBLICAN,STUART N RAY,104
JEFFERSON,L180,US HOUSE,003,DEMOCRAT,MORGAN MCGARVEY,386
JEFFERSON,L180,US HOUSE,003,REPUBLICAN,STUART N RAY,153
JEFFERSON,L181,US HOUSE,003,DEMOCRAT,MORGAN MCGARVEY,322
JEFFERSON,L181,US HOUSE,003,REPUBLICAN,STUART N RAY,88
JEFFERSON,L182,US HOUSE,003,DEMOCRAT,MORGAN MCGARVEY,179
JEFFERSON,L182,US HOUSE,003,REPUBLICAN,STUART N RAY,57
JEFFERSON,L183,US HOUSE,003,DEMOCRAT,MORGAN MCGARVEY,614
JEFFERSON,L183,US HOUSE,003,REPUBLICAN,STUART N RAY,251
JEFFERSON,L184,US HOUSE,003,DEMOCRAT,MORGAN MCGARVEY,367
JEFFERSON,L184,US HOUSE,003,REPUBLICAN,STUART N RAY,143
JEFFERSON,L185,US HOUSE,003,DEMOCRAT,MORGAN MCGARVEY,75
JEFFERSON,L185,US HOUSE,003,REPUBLICAN,STUART N RAY,20
JEFFERSON,L186,US HOUSE,003,DEMOCRAT,MORGAN MCGARVEY,502
JEFFERSON,L186,US HOUSE,003,REPUBLICAN,STUART N RAY,174
JEFFERSON,L187,US HOUSE,003,DEMOCRAT,MORGAN MCGARVEY,257
JEFFERSON,L187,US HOUSE,003,REPUBLICAN,STUART N RAY,93
JEFFERSON,L188,US HOUSE,003,DEMOCRAT,MORGAN MCGARVEY,267
JEFFERSON,L188,US HOUSE,003,REPUBLICAN,STUART N RAY,79
JEFFERSON,L189,US HOUSE,003,DEMOCRAT,MORGAN MCGARVEY,239
JEFFERSON,L189,US HOUSE,003,REPUBLICAN,STUART N RAY,99
JEFFERSON,L191,US HOUSE,003,DEMOCRAT,MORGAN MCGARVEY,76
JEFFERSON,L191,US HOUSE,003,REPUBLICAN,STUART N RAY,42
JEFFERSON,L192,US HOUSE,003,DEMOCRAT,MORGAN MCGARVEY,159
JEFFERSON,L192,US HOUSE,003,REPUBLICAN,STUART N RAY,83
JEFFERSON,L193,US HOUSE,003,DEMOCRAT,MORGAN MCGARVEY,311
JEFFERSON,L193,US HOUSE,003,REPUBLICAN,STUART N RAY,86
JEFFERSON,L194,US HOUSE,003,DEMOCRAT,MORGAN MCGARVEY,157
JEFFERSON,L194,US HOUSE,003,REPUBLICAN,STUART N RAY,40
JEFFERSON,L195,US HOUSE,003,DEMOCRAT,MORGAN MCGARVEY,318
JEFFERSON,L195,US HOUSE,003,REPUBLICAN,STUART N RAY,59
JEFFERSON,L196,US HOUSE,003,DEMOCRAT,MORGAN MCGARVEY,549
JEFFERSON,L196,US HOUSE,003,REPUBLICAN,STUART N RAY,181
JEFFERSON,L197,US HOUSE,003,DEMOCRAT,MORGAN MCGARVEY,375
JEFFERSON,L197,US HOUSE,003,REPUBLICAN,STUART N RAY,223
JEFFERSON,L198,US HOUSE,003,DEMOCRAT,MORGAN MCGARVEY,238
JEFFERSON,L198,US HOUSE,003,REPUBLICAN,STUART N RAY,124
JEFFERSON,L199,US HOUSE,003,DEMOCRAT,MORGAN MCGARVEY,345
JEFFERSON,L199,US HOUSE,003,REPUBLICAN,STUART N RAY,180
JEFFERSON,L201,US HOUSE,003,DEMOCRAT,MORGAN MCGARVEY,348
JEFFERSON,L201,US HOUSE,003,REPUBLICAN,STUART N RAY,187
JEFFERSON,L202,US HOUSE,003,DEMOCRAT,MORGAN MCGARVEY,17
JEFFERSON,L202,US HOUSE,003,REPUBLICAN,STUART N RAY,1
JEFFERSON,L203,US HOUSE,003,DEMOCRAT,MORGAN MCGARVEY,441
JEFFERSON,L203,US HOUSE,003,REPUBLICAN,STUART N RAY,55
JEFFERSON,L204,US HOUSE,003,DEMOCRAT,MORGAN MCGARVEY,743
JEFFERSON,L204,US HOUSE,003,REPUBLICAN,STUART N RAY,140
JEFFERSON,L205,US HOUSE,003,REPUBLICAN,STUART N RAY,0
JEFFERSON,L205,US HOUSE,003,DEMOCRAT,MORGAN MCGARVEY,0
JEFFERSON,L206,US HOUSE,003,DEMOCRAT,MORGAN MCGARVEY,382
JEFFERSON,L206,US HOUSE,003,REPUBLICAN,STUART N RAY,72
JEFFERSON,L207,US HOUSE,003,DEMOCRAT,MORGAN MCGARVEY,12
JEFFERSON,L207,US HOUSE,003,REPUBLICAN,STUART N RAY,4
JEFFERSON,L208,US HOUSE,003,DEMOCRAT,MORGAN MCGARVEY,192
JEFFERSON,L208,US HOUSE,003,REPUBLICAN,STUART N RAY,64
JEFFERSON,L209,US HOUSE,003,DEMOCRAT,MORGAN MCGARVEY,276
JEFFERSON,L209,US HOUSE,003,REPUBLICAN,STUART N RAY,145
JEFFERSON,L210,US HOUSE,003,DEMOCRAT,MORGAN MCGARVEY,408
JEFFERSON,L210,US HOUSE,003,REPUBLICAN,STUART N RAY,195
JEFFERSON,L211,US HOUSE,003,DEMOCRAT,MORGAN MCGARVEY,217
JEFFERSON,L211,US HOUSE,003,REPUBLICAN,STUART N RAY,123
JEFFERSON,L212,US HOUSE,003,DEMOCRAT,MORGAN MCGARVEY,246
JEFFERSON,L212,US HOUSE,003,REPUBLICAN,STUART N RAY,148
JEFFERSON,L213,US HOUSE,003,DEMOCRAT,MORGAN MCGARVEY,214
JEFFERSON,L213,US HOUSE,003,REPUBLICAN,STUART N RAY,131
JEFFERSON,L215,US HOUSE,003,DEMOCRAT,MORGAN MCGARVEY,82
JEFFERSON,L215,US HOUSE,003,REPUBLICAN,STUART N RAY,18
JEFFERSON,L216,US HOUSE,003,DEMOCRAT,MORGAN MCGARVEY,197
JEFFERSON,L216,US HOUSE,003,REPUBLICAN,STUART N RAY,26
JEFFERSON,L217,US HOUSE,003,DEMOCRAT,MORGAN MCGARVEY,248
JEFFERSON,L217,US HOUSE,003,REPUBLICAN,STUART N RAY,37
JEFFERSON,L218,US HOUSE,003,DEMOCRAT,MORGAN MCGARVEY,208
JEFFERSON,L218,US HOUSE,003,REPUBLICAN,STUART N RAY,21
JEFFERSON,L219,US HOUSE,003,DEMOCRAT,MORGAN MCGARVEY,175
JEFFERSON,L219,US HOUSE,003,REPUBLICAN,STUART N RAY,32
JEFFERSON,L220,US HOUSE,003,REPUBLICAN,STUART N RAY,0
JEFFERSON,L220,US HOUSE,003,DEMOCRAT,MORGAN MCGARVEY,0
JEFFERSON,M107,US HOUSE,003,DEMOCRAT,MORGAN MCGARVEY,121
JEFFERSON,M107,US HOUSE,003,REPUBLICAN,STUART N RAY,4
JEFFERSON,M110,US HOUSE,003,DEMOCRAT,MORGAN MCGARVEY,233
JEFFERSON,M110,US HOUSE,003,REPUBLICAN,STUART N RAY,5
JEFFERSON,M121,US HOUSE,003,DEMOCRAT,MORGAN MCGARVEY,379
JEFFERSON,M121,US HOUSE,003,REPUBLICAN,STUART N RAY,71
JEFFERSON,M123,US HOUSE,003,DEMOCRAT,MORGAN MCGARVEY,494
JEFFERSON,M123,US HOUSE,003,REPUBLICAN,STUART N RAY,78
JEFFERSON,M124,US HOUSE,003,DEMOCRAT,MORGAN MCGARVEY,442
JEFFERSON,M124,US HOUSE,003,REPUBLICAN,STUART N RAY,65
JEFFERSON,M129,US HOUSE,003,DEMOCRAT,MORGAN MCGARVEY,189
JEFFERSON,M129,US HOUSE,003,REPUBLICAN,STUART N RAY,13
JEFFERSON,M131,US HOUSE,003,DEMOCRAT,MORGAN MCGARVEY,98
JEFFERSON,M131,US HOUSE,003,REPUBLICAN,STUART N RAY,11
JEFFERSON,M145,US HOUSE,003,DEMOCRAT,MORGAN MCGARVEY,30
JEFFERSON,M145,US HOUSE,003,REPUBLICAN,STUART N RAY,1
JEFFERSON,M159,US HOUSE,003,DEMOCRAT,MORGAN MCGARVEY,149
JEFFERSON,M159,US HOUSE,003,REPUBLICAN,STUART N RAY,16
JEFFERSON,M160,US HOUSE,003,DEMOCRAT,MORGAN MCGARVEY,109
JEFFERSON,M160,US HOUSE,003,REPUBLICAN,STUART N RAY,13
JEFFERSON,M168,US HOUSE,003,DEMOCRAT,MORGAN MCGARVEY,91
JEFFERSON,M168,US HOUSE,003,REPUBLICAN,STUART N RAY,15
JEFFERSON,M176,US HOUSE,003,DEMOCRAT,MORGAN MCGARVEY,254
JEFFERSON,M176,US HOUSE,003,REPUBLICAN,STUART N RAY,41
JEFFERSON,M177,US HOUSE,003,DEMOCRAT,MORGAN MCGARVEY,527
JEFFERSON,M177,US HOUSE,003,REPUBLICAN,STUART N RAY,98
JEFFERSON,M178,US HOUSE,003,DEMOCRAT,MORGAN MCGARVEY,417
JEFFERSON,M178,US HOUSE,003,REPUBLICAN,STUART N RAY,102
JEFFERSON,M179,US HOUSE,003,DEMOCRAT,MORGAN MCGARVEY,328
JEFFERSON,M179,US HOUSE,003,REPUBLICAN,STUART N RAY,132
JEFFERSON,M180,US HOUSE,003,REPUBLICAN,STUART N RAY,0
JEFFERSON,M180,US HOUSE,003,DEMOCRAT,MORGAN MCGARVEY,0
JEFFERSON,M181,US HOUSE,003,DEMOCRAT,MORGAN MCGARVEY,117
JEFFERSON,M181,US HOUSE,003,REPUBLICAN,STUART N RAY,20
JEFFERSON,M182,US HOUSE,003,DEMOCRAT,MORGAN MCGARVEY,369
JEFFERSON,M182,US HOUSE,003,REPUBLICAN,STUART N RAY,24
JEFFERSON,M183,US HOUSE,003,DEMOCRAT,MORGAN MCGARVEY,26
JEFFERSON,M183,US HOUSE,003,REPUBLICAN,STUART N RAY,4
JEFFERSON,M184,US HOUSE,003,DEMOCRAT,MORGAN MCGARVEY,388
JEFFERSON,M184,US HOUSE,003,REPUBLICAN,STUART N RAY,74
JEFFERSON,M185,US HOUSE,003,DEMOCRAT,MORGAN MCGARVEY,121
JEFFERSON,M185,US HOUSE,003,REPUBLICAN,STUART N RAY,5
JEFFERSON,M186,US HOUSE,003,DEMOCRAT,MORGAN MCGARVEY,226
JEFFERSON,M186,US HOUSE,003,REPUBLICAN,STUART N RAY,2
JEFFERSON,M187,US HOUSE,003,DEMOCRAT,MORGAN MCGARVEY,31
JEFFERSON,M187,US HOUSE,003,REPUBLICAN,STUART N RAY,3
JEFFERSON,M188,US HOUSE,003,DEMOCRAT,MORGAN MCGARVEY,124
JEFFERSON,M188,US HOUSE,003,REPUBLICAN,STUART N RAY,11
JEFFERSON,M189,US HOUSE,003,DEMOCRAT,MORGAN MCGARVEY,202
JEFFERSON,M189,US HOUSE,003,REPUBLICAN,STUART N RAY,5
JEFFERSON,M190,US HOUSE,003,DEMOCRAT,MORGAN MCGARVEY,33
JEFFERSON,M190,US HOUSE,003,REPUBLICAN,STUART N RAY,1
JEFFERSON,M191,US HOUSE,003,DEMOCRAT,MORGAN MCGARVEY,288
JEFFERSON,M191,US HOUSE,003,REPUBLICAN,STUART N RAY,8
JEFFERSON,M192,US HOUSE,003,DEMOCRAT,MORGAN MCGARVEY,367
JEFFERSON,M192,US HOUSE,003,REPUBLICAN,STUART N RAY,70
JEFFERSON,M193,US HOUSE,003,DEMOCRAT,MORGAN MCGARVEY,233
JEFFERSON,M193,US HOUSE,003,REPUBLICAN,STUART N RAY,8
JEFFERSON,M194,US HOUSE,003,DEMOCRAT,MORGAN MCGARVEY,179
JEFFERSON,M194,US HOUSE,003,REPUBLICAN,STUART N RAY,4
JEFFERSON,M195,US HOUSE,003,DEMOCRAT,MORGAN MCGARVEY,227
JEFFERSON,M195,US HOUSE,003,REPUBLICAN,STUART N RAY,4
JEFFERSON,M196,US HOUSE,003,DEMOCRAT,MORGAN MCGARVEY,138
JEFFERSON,M196,US HOUSE,003,REPUBLICAN,STUART N RAY,5
JEFFERSON,M197,US HOUSE,003,DEMOCRAT,MORGAN MCGARVEY,2
JEFFERSON,M197,US HOUSE,003,REPUBLICAN,STUART N RAY,1
JEFFERSON,M198,US HOUSE,003,DEMOCRAT,MORGAN MCGARVEY,443
JEFFERSON,M198,US HOUSE,003,REPUBLICAN,STUART N RAY,14
JEFFERSON,M199,US HOUSE,003,DEMOCRAT,MORGAN MCGARVEY,271
JEFFERSON,M199,US HOUSE,003,REPUBLICAN,STUART N RAY,9
JEFFERSON,M201,US HOUSE,003,DEMOCRAT,MORGAN MCGARVEY,305
JEFFERSON,M201,US HOUSE,003,REPUBLICAN,STUART N RAY,12
JEFFERSON,M202,US HOUSE,003,DEMOCRAT,MORGAN MCGARVEY,174
JEFFERSON,M202,US HOUSE,003,REPUBLICAN,STUART N RAY,7
JEFFERSON,M203,US HOUSE,003,DEMOCRAT,MORGAN MCGARVEY,198
JEFFERSON,M203,US HOUSE,003,REPUBLICAN,STUART N RAY,5
JEFFERSON,M204,US HOUSE,003,DEMOCRAT,MORGAN MCGARVEY,165
JEFFERSON,M204,US HOUSE,003,REPUBLICAN,STUART N RAY,4
JEFFERSON,M205,US HOUSE,003,DEMOCRAT,MORGAN MCGARVEY,91
JEFFERSON,M205,US HOUSE,003,REPUBLICAN,STUART N RAY,6
JEFFERSON,M206,US HOUSE,003,DEMOCRAT,MORGAN MCGARVEY,29
JEFFERSON,M206,US HOUSE,003,REPUBLICAN,STUART N RAY,1
JEFFERSON,M207,US HOUSE,003,DEMOCRAT,MORGAN MCGARVEY,52
JEFFERSON,M207,US HOUSE,003,REPUBLICAN,STUART N RAY,2
JEFFERSON,M208,US HOUSE,003,DEMOCRAT,MORGAN MCGARVEY,70
JEFFERSON,M208,US HOUSE,003,REPUBLICAN,STUART N RAY,1
JEFFERSON,M209,US HOUSE,003,DEMOCRAT,MORGAN MCGARVEY,3
JEFFERSON,M209,US HOUSE,003,REPUBLICAN,STUART N RAY,0
JEFFERSON,M210,US HOUSE,003,DEMOCRAT,MORGAN MCGARVEY,383
JEFFERSON,M210,US HOUSE,003,REPUBLICAN,STUART N RAY,88
JEFFERSON,M211,US HOUSE,003,DEMOCRAT,MORGAN MCGARVEY,263
JEFFERSON,M211,US HOUSE,003,REPUBLICAN,STUART N RAY,58
JEFFERSON,M212,US HOUSE,003,DEMOCRAT,MORGAN MCGARVEY,126
JEFFERSON,M212,US HOUSE,003,REPUBLICAN,STUART N RAY,18
JEFFERSON,M213,US HOUSE,003,DEMOCRAT,MORGAN MCGARVEY,151
JEFFERSON,M213,US HOUSE,003,REPUBLICAN,STUART N RAY,24
JEFFERSON,N101,US HOUSE,003,DEMOCRAT,MORGAN MCGARVEY,389
JEFFERSON,N101,US HOUSE,003,REPUBLICAN,STUART N RAY,67
JEFFERSON,N102,US HOUSE,003,DEMOCRAT,MORGAN MCGARVEY,217
JEFFERSON,N102,US HOUSE,003,REPUBLICAN,STUART N RAY,135
JEFFERSON,N103,US HOUSE,003,DEMOCRAT,MORGAN MCGARVEY,501
JEFFERSON,N103,US HOUSE,003,REPUBLICAN,STUART N RAY,21
JEFFERSON,N104,US HOUSE,003,DEMOCRAT,MORGAN MCGARVEY,417
JEFFERSON,N104,US HOUSE,003,REPUBLICAN,STUART N RAY,20
JEFFERSON,N105,US HOUSE,003,DEMOCRAT,MORGAN MCGARVEY,326
JEFFERSON,N105,US HOUSE,003,REPUBLICAN,STUART N RAY,13
JEFFERSON,N106,US HOUSE,003,DEMOCRAT,MORGAN MCGARVEY,366
JEFFERSON,N106,US HOUSE,003,REPUBLICAN,STUART N RAY,7
JEFFERSON,N107,US HOUSE,003,DEMOCRAT,MORGAN MCGARVEY,411
JEFFERSON,N107,US HOUSE,003,REPUBLICAN,STUART N RAY,15
JEFFERSON,N115,US HOUSE,003,DEMOCRAT,MORGAN MCGARVEY,155
JEFFERSON,N115,US HOUSE,003,REPUBLICAN,STUART N RAY,106
JEFFERSON,N117,US HOUSE,003,DEMOCRAT,MORGAN MCGARVEY,196
JEFFERSON,N117,US HOUSE,003,REPUBLICAN,STUART N RAY,68
JEFFERSON,N124,US HOUSE,003,REPUBLICAN,STUART N RAY,1
JEFFERSON,N124,US HOUSE,003,DEMOCRAT,MORGAN MCGARVEY,1
JEFFERSON,N127,US HOUSE,003,DEMOCRAT,MORGAN MCGARVEY,24
JEFFERSON,N127,US HOUSE,003,REPUBLICAN,STUART N RAY,8
JEFFERSON,N128,US HOUSE,003,DEMOCRAT,MORGAN MCGARVEY,99
JEFFERSON,N128,US HOUSE,003,REPUBLICAN,STUART N RAY,20
JEFFERSON,N130,US HOUSE,003,DEMOCRAT,MORGAN MCGARVEY,371
JEFFERSON,N130,US HOUSE,003,REPUBLICAN,STUART N RAY,176
JEFFERSON,N134,US HOUSE,003,DEMOCRAT,MORGAN MCGARVEY,498
JEFFERSON,N134,US HOUSE,003,REPUBLICAN,STUART N RAY,107
JEFFERSON,N135,US HOUSE,003,DEMOCRAT,MORGAN MCGARVEY,93
JEFFERSON,N135,US HOUSE,003,REPUBLICAN,STUART N RAY,23
JEFFERSON,N136,US HOUSE,003,DEMOCRAT,MORGAN MCGARVEY,50
JEFFERSON,N136,US HOUSE,003,REPUBLICAN,STUART N RAY,15
JEFFERSON,N145,US HOUSE,003,DEMOCRAT,MORGAN MCGARVEY,141
JEFFERSON,N145,US HOUSE,003,REPUBLICAN,STUART N RAY,5
JEFFERSON,N147,US HOUSE,003,DEMOCRAT,MORGAN MCGARVEY,44
JEFFERSON,N147,US HOUSE,003,REPUBLICAN,STUART N RAY,12
JEFFERSON,N148,US HOUSE,003,DEMOCRAT,MORGAN MCGARVEY,138
JEFFERSON,N148,US HOUSE,003,REPUBLICAN,STUART N RAY,4
JEFFERSON,N151,US HOUSE,003,DEMOCRAT,MORGAN MCGARVEY,11
JEFFERSON,N151,US HOUSE,003,REPUBLICAN,STUART N RAY,0
JEFFERSON,N152,US HOUSE,003,DEMOCRAT,MORGAN MCGARVEY,150
JEFFERSON,N152,US HOUSE,003,REPUBLICAN,STUART N RAY,23
JEFFERSON,N153,US HOUSE,003,DEMOCRAT,MORGAN MCGARVEY,73
JEFFERSON,N153,US HOUSE,003,REPUBLICAN,STUART N RAY,12
JEFFERSON,N154,US HOUSE,003,DEMOCRAT,MORGAN MCGARVEY,160
JEFFERSON,N154,US HOUSE,003,REPUBLICAN,STUART N RAY,20
JEFFERSON,N155,US HOUSE,003,DEMOCRAT,MORGAN MCGARVEY,136
JEFFERSON,N155,US HOUSE,003,REPUBLICAN,STUART N RAY,10
JEFFERSON,N156,US HOUSE,003,DEMOCRAT,MORGAN MCGARVEY,275
JEFFERSON,N156,US HOUSE,003,REPUBLICAN,STUART N RAY,17
JEFFERSON,N157,US HOUSE,003,DEMOCRAT,MORGAN MCGARVEY,146
JEFFERSON,N157,US HOUSE,003,REPUBLICAN,STUART N RAY,23
JEFFERSON,N158,US HOUSE,003,DEMOCRAT,MORGAN MCGARVEY,73
JEFFERSON,N158,US HOUSE,003,REPUBLICAN,STUART N RAY,7
JEFFERSON,N159,US HOUSE,003,DEMOCRAT,MORGAN MCGARVEY,30
JEFFERSON,N159,US HOUSE,003,REPUBLICAN,STUART N RAY,9
JEFFERSON,N160,US HOUSE,003,DEMOCRAT,MORGAN MCGARVEY,323
JEFFERSON,N160,US HOUSE,003,REPUBLICAN,STUART N RAY,31
JEFFERSON,N161,US HOUSE,003,DEMOCRAT,MORGAN MCGARVEY,215
JEFFERSON,N161,US HOUSE,003,REPUBLICAN,STUART N RAY,26
JEFFERSON,N162,US HOUSE,003,DEMOCRAT,MORGAN MCGARVEY,93
JEFFERSON,N162,US HOUSE,003,REPUBLICAN,STUART N RAY,24
JEFFERSON,N163,US HOUSE,003,DEMOCRAT,MORGAN MCGARVEY,91
JEFFERSON,N163,US HOUSE,003,REPUBLICAN,STUART N RAY,32
JEFFERSON,N164,US HOUSE,003,DEMOCRAT,MORGAN MCGARVEY,302
JEFFERSON,N164,US HOUSE,003,REPUBLICAN,STUART N RAY,13
JEFFERSON,N165,US HOUSE,003,DEMOCRAT,MORGAN MCGARVEY,141
JEFFERSON,N165,US HOUSE,003,REPUBLICAN,STUART N RAY,13
JEFFERSON,N166,US HOUSE,003,DEMOCRAT,MORGAN MCGARVEY,145
JEFFERSON,N166,US HOUSE,003,REPUBLICAN,STUART N RAY,21
JEFFERSON,N167,US HOUSE,003,DEMOCRAT,MORGAN MCGARVEY,114
JEFFERSON,N167,US HOUSE,003,REPUBLICAN,STUART N RAY,9
JEFFERSON,N168,US HOUSE,003,DEMOCRAT,MORGAN MCGARVEY,41
JEFFERSON,N168,US HOUSE,003,REPUBLICAN,STUART N RAY,10
JEFFERSON,N169,US HOUSE,003,DEMOCRAT,MORGAN MCGARVEY,11
JEFFERSON,N169,US HOUSE,003,REPUBLICAN,STUART N RAY,2
JEFFERSON,N170,US HOUSE,003,DEMOCRAT,MORGAN MCGARVEY,135
JEFFERSON,N170,US HOUSE,003,REPUBLICAN,STUART N RAY,20
JEFFERSON,N171,US HOUSE,003,DEMOCRAT,MORGAN MCGARVEY,209
JEFFERSON,N171,US HOUSE,003,REPUBLICAN,STUART N RAY,25
JEFFERSON,N172,US HOUSE,003,DEMOCRAT,MORGAN MCGARVEY,109
JEFFERSON,N172,US HOUSE,003,REPUBLICAN,STUART N RAY,20
JEFFERSON,N173,US HOUSE,003,DEMOCRAT,MORGAN MCGARVEY,48
JEFFERSON,N173,US HOUSE,003,REPUBLICAN,STUART N RAY,8
JEFFERSON,N174,US HOUSE,003,DEMOCRAT,MORGAN MCGARVEY,244
JEFFERSON,N174,US HOUSE,003,REPUBLICAN,STUART N RAY,40
JEFFERSON,N175,US HOUSE,003,DEMOCRAT,MORGAN MCGARVEY,362
JEFFERSON,N175,US HOUSE,003,REPUBLICAN,STUART N RAY,45
JEFFERSON,N176,US HOUSE,003,DEMOCRAT,MORGAN MCGARVEY,50
JEFFERSON,N176,US HOUSE,003,REPUBLICAN,STUART N RAY,4
JEFFERSON,N177,US HOUSE,003,DEMOCRAT,MORGAN MCGARVEY,321
JEFFERSON,N177,US HOUSE,003,REPUBLICAN,STUART N RAY,41
JEFFERSON,N178,US HOUSE,003,DEMOCRAT,MORGAN MCGARVEY,37
JEFFERSON,N178,US HOUSE,003,REPUBLICAN,STUART N RAY,2
JEFFERSON,N179,US HOUSE,003,DEMOCRAT,MORGAN MCGARVEY,87
JEFFERSON,N179,US HOUSE,003,REPUBLICAN,STUART N RAY,7
JEFFERSON,N180,US HOUSE,003,DEMOCRAT,MORGAN MCGARVEY,98
JEFFERSON,N180,US HOUSE,003,REPUBLICAN,STUART N RAY,9
JEFFERSON,N181,US HOUSE,003,DEMOCRAT,MORGAN MCGARVEY,289
JEFFERSON,N181,US HOUSE,003,REPUBLICAN,STUART N RAY,45
JEFFERSON,O105,US HOUSE,003,DEMOCRAT,MORGAN MCGARVEY,448
JEFFERSON,O105,US HOUSE,003,REPUBLICAN,STUART N RAY,94
JEFFERSON,O107,US HOUSE,003,DEMOCRAT,MORGAN MCGARVEY,593
JEFFERSON,O107,US HOUSE,003,REPUBLICAN,STUART N RAY,110
JEFFERSON,O109,US HOUSE,003,DEMOCRAT,MORGAN MCGARVEY,423
JEFFERSON,O109,US HOUSE,003,REPUBLICAN,STUART N RAY,126
JEFFERSON,O111,US HOUSE,003,DEMOCRAT,MORGAN MCGARVEY,307
JEFFERSON,O111,US HOUSE,003,REPUBLICAN,STUART N RAY,116
JEFFERSON,O112,US HOUSE,003,DEMOCRAT,MORGAN MCGARVEY,211
JEFFERSON,O112,US HOUSE,003,REPUBLICAN,STUART N RAY,163
JEFFERSON,O113,US HOUSE,003,DEMOCRAT,MORGAN MCGARVEY,220
JEFFERSON,O113,US HOUSE,003,REPUBLICAN,STUART N RAY,107
JEFFERSON,O117,US HOUSE,003,DEMOCRAT,MORGAN MCGARVEY,429
JEFFERSON,O117,US HOUSE,003,REPUBLICAN,STUART N RAY,48
JEFFERSON,O119,US HOUSE,003,DEMOCRAT,MORGAN MCGARVEY,452
JEFFERSON,O119,US HOUSE,003,REPUBLICAN,STUART N RAY,71
JEFFERSON,O121,US HOUSE,003,DEMOCRAT,MORGAN MCGARVEY,359
JEFFERSON,O121,US HOUSE,003,REPUBLICAN,STUART N RAY,84
JEFFERSON,O124,US HOUSE,003,DEMOCRAT,MORGAN MCGARVEY,167
JEFFERSON,O124,US HOUSE,003,REPUBLICAN,STUART N RAY,136
JEFFERSON,O126,US HOUSE,003,DEMOCRAT,MORGAN MCGARVEY,262
JEFFERSON,O126,US HOUSE,003,REPUBLICAN,STUART N RAY,127
JEFFERSON,O127,US HOUSE,003,DEMOCRAT,MORGAN MCGARVEY,274
JEFFERSON,O127,US HOUSE,003,REPUBLICAN,STUART N RAY,148
JEFFERSON,O130,US HOUSE,003,DEMOCRAT,MORGAN MCGARVEY,238
JEFFERSON,O130,US HOUSE,003,REPUBLICAN,STUART N RAY,171
JEFFERSON,O131,US HOUSE,003,DEMOCRAT,MORGAN MCGARVEY,208
JEFFERSON,O131,US HOUSE,003,REPUBLICAN,STUART N RAY,153
JEFFERSON,O135,US HOUSE,003,DEMOCRAT,MORGAN MCGARVEY,169
JEFFERSON,O135,US HOUSE,003,REPUBLICAN,STUART N RAY,125
JEFFERSON,O136,US HOUSE,003,DEMOCRAT,MORGAN MCGARVEY,170
JEFFERSON,O136,US HOUSE,003,REPUBLICAN,STUART N RAY,158
JEFFERSON,O138,US HOUSE,003,DEMOCRAT,MORGAN MCGARVEY,111
JEFFERSON,O138,US HOUSE,003,REPUBLICAN,STUART N RAY,100
JEFFERSON,O139,US HOUSE,003,REPUBLICAN,STUART N RAY,18
JEFFERSON,O139,US HOUSE,003,DEMOCRAT,MORGAN MCGARVEY,13
JEFFERSON,O141,US HOUSE,003,REPUBLICAN,STUART N RAY,74
JEFFERSON,O141,US HOUSE,003,DEMOCRAT,MORGAN MCGARVEY,43
JEFFERSON,O144,US HOUSE,003,DEMOCRAT,MORGAN MCGARVEY,467
JEFFERSON,O144,US HOUSE,003,REPUBLICAN,STUART N RAY,351
JEFFERSON,O145,US HOUSE,003,DEMOCRAT,MORGAN MCGARVEY,582
JEFFERSON,O145,US HOUSE,003,REPUBLICAN,STUART N RAY,15
JEFFERSON,O146,US HOUSE,003,DEMOCRAT,MORGAN MCGARVEY,648
JEFFERSON,O146,US HOUSE,003,REPUBLICAN,STUART N RAY,16
JEFFERSON,O147,US HOUSE,003,DEMOCRAT,MORGAN MCGARVEY,192
JEFFERSON,O147,US HOUSE,003,REPUBLICAN,STUART N RAY,5
JEFFERSON,O148,US HOUSE,003,DEMOCRAT,MORGAN MCGARVEY,102
JEFFERSON,O148,US HOUSE,003,REPUBLICAN,STUART N RAY,54
JEFFERSON,O149,US HOUSE,003,DEMOCRAT,MORGAN MCGARVEY,307
JEFFERSON,O149,US HOUSE,003,REPUBLICAN,STUART N RAY,225
JEFFERSON,O150,US HOUSE,003,DEMOCRAT,MORGAN MCGARVEY,274
JEFFERSON,O150,US HOUSE,003,REPUBLICAN,STUART N RAY,41
JEFFERSON,O151,US HOUSE,003,DEMOCRAT,MORGAN MCGARVEY,382
JEFFERSON,O151,US HOUSE,003,REPUBLICAN,STUART N RAY,13
JEFFERSON,O152,US HOUSE,003,DEMOCRAT,MORGAN MCGARVEY,194
JEFFERSON,O152,US HOUSE,003,REPUBLICAN,STUART N RAY,98
JEFFERSON,O153,US HOUSE,003,DEMOCRAT,MORGAN MCGARVEY,1
JEFFERSON,O153,US HOUSE,003,REPUBLICAN,STUART N RAY,0
JEFFERSON,O154,US HOUSE,003,DEMOCRAT,MORGAN MCGARVEY,421
JEFFERSON,O154,US HOUSE,003,REPUBLICAN,STUART N RAY,50
JEFFERSON,Q103,US HOUSE,003,DEMOCRAT,MORGAN MCGARVEY,510
JEFFERSON,Q103,US HOUSE,003,REPUBLICAN,STUART N RAY,330
JEFFERSON,Q107,US HOUSE,003,DEMOCRAT,MORGAN MCGARVEY,356
JEFFERSON,Q107,US HOUSE,003,REPUBLICAN,STUART N RAY,240
JEFFERSON,Q109,US HOUSE,003,DEMOCRAT,MORGAN MCGARVEY,226
JEFFERSON,Q109,US HOUSE,003,REPUBLICAN,STUART N RAY,174
JEFFERSON,Q115,US HOUSE,003,DEMOCRAT,MORGAN MCGARVEY,332
JEFFERSON,Q115,US HOUSE,003,REPUBLICAN,STUART N RAY,283
JEFFERSON,Q125,US HOUSE,003,DEMOCRAT,MORGAN MCGARVEY,496
JEFFERSON,Q125,US HOUSE,003,REPUBLICAN,STUART N RAY,494
JEFFERSON,Q127,US HOUSE,003,DEMOCRAT,MORGAN MCGARVEY,28
JEFFERSON,Q127,US HOUSE,003,REPUBLICAN,STUART N RAY,21
JEFFERSON,Q132,US HOUSE,003,REPUBLICAN,STUART N RAY,406
JEFFERSON,Q132,US HOUSE,003,DEMOCRAT,MORGAN MCGARVEY,387
JEFFERSON,Q137,US HOUSE,003,DEMOCRAT,MORGAN MCGARVEY,266
JEFFERSON,Q137,US HOUSE,003,REPUBLICAN,STUART N RAY,207
JEFFERSON,Q138,US HOUSE,003,DEMOCRAT,MORGAN MCGARVEY,102
JEFFERSON,Q138,US HOUSE,003,REPUBLICAN,STUART N RAY,66
JEFFERSON,Q140,US HOUSE,003,REPUBLICAN,STUART N RAY,453
JEFFERSON,Q140,US HOUSE,003,DEMOCRAT,MORGAN MCGARVEY,390
JEFFERSON,Q141,US HOUSE,003,REPUBLICAN,STUART N RAY,454
JEFFERSON,Q141,US HOUSE,003,DEMOCRAT,MORGAN MCGARVEY,408
JEFFERSON,Q142,US HOUSE,003,DEMOCRAT,MORGAN MCGARVEY,217
JEFFERSON,Q142,US HOUSE,003,REPUBLICAN,STUART N RAY,133
JEFFERSON,Q143,US HOUSE,003,DEMOCRAT,MORGAN MCGARVEY,231
JEFFERSON,Q143,US HOUSE,003,REPUBLICAN,STUART N RAY,201
JEFFERSON,Q144,US HOUSE,003,DEMOCRAT,MORGAN MCGARVEY,198
JEFFERSON,Q144,US HOUSE,003,REPUBLICAN,STUART N RAY,179
JEFFERSON,Q145,US HOUSE,003,DEMOCRAT,MORGAN MCGARVEY,583
JEFFERSON,Q145,US HOUSE,003,REPUBLICAN,STUART N RAY,532
JEFFERSON,Q146,US HOUSE,003,DEMOCRAT,MORGAN MCGARVEY,137
JEFFERSON,Q146,US HOUSE,003,REPUBLICAN,STUART N RAY,116
JEFFERSON,Q147,US HOUSE,003,REPUBLICAN,STUART N RAY,46
JEFFERSON,Q147,US HOUSE,003,DEMOCRAT,MORGAN MCGARVEY,34
JEFFERSON,Q148,US HOUSE,003,DEMOCRAT,MORGAN MCGARVEY,445
JEFFERSON,Q148,US HOUSE,003,REPUBLICAN,STUART N RAY,201
JEFFERSON,Q149,US HOUSE,003,DEMOCRAT,MORGAN MCGARVEY,10
JEFFERSON,Q149,US HOUSE,003,REPUBLICAN,STUART N RAY,8
JEFFERSON,Q150,US HOUSE,003,DEMOCRAT,MORGAN MCGARVEY,204
JEFFERSON,Q150,US HOUSE,003,REPUBLICAN,STUART N RAY,105
JEFFERSON,Q151,US HOUSE,003,DEMOCRAT,MORGAN MCGARVEY,291
JEFFERSON,Q151,US HOUSE,003,REPUBLICAN,STUART N RAY,163
JEFFERSON,Q152,US HOUSE,003,DEMOCRAT,MORGAN MCGARVEY,15
JEFFERSON,Q152,US HOUSE,003,REPUBLICAN,STUART N RAY,11
JEFFERSON,Q153,US HOUSE,003,DEMOCRAT,MORGAN MCGARVEY,171
JEFFERSON,Q153,US HOUSE,003,REPUBLICAN,STUART N RAY,67
JEFFERSON,Q154,US HOUSE,003,DEMOCRAT,MORGAN MCGARVEY,477
JEFFERSON,Q154,US HOUSE,003,REPUBLICAN,STUART N RAY,129
JEFFERSON,Q155,US HOUSE,003,DEMOCRAT,MORGAN MCGARVEY,74
JEFFERSON,Q155,US HOUSE,003,REPUBLICAN,STUART N RAY,54
JEFFERSON,Q156,US HOUSE,003,REPUBLICAN,STUART N RAY,0
JEFFERSON,Q156,US HOUSE,003,DEMOCRAT,MORGAN MCGARVEY,0
JEFFERSON,Q157,US HOUSE,003,DEMOCRAT,MORGAN MCGARVEY,2
JEFFERSON,Q157,US HOUSE,003,REPUBLICAN,STUART N RAY,0
JEFFERSON,Q158,US HOUSE,003,DEMOCRAT,MORGAN MCGARVEY,11
JEFFERSON,Q158,US HOUSE,003,REPUBLICAN,STUART N RAY,9
JEFFERSON,Q159,US HOUSE,003,REPUBLICAN,STUART N RAY,8
JEFFERSON,Q159,US HOUSE,003,DEMOCRAT,MORGAN MCGARVEY,4
JEFFERSON,Q160,US HOUSE,003,DEMOCRAT,MORGAN MCGARVEY,6
JEFFERSON,Q160,US HOUSE,003,REPUBLICAN,STUART N RAY,4
JEFFERSON,Q161,US HOUSE,003,DEMOCRAT,MORGAN MCGARVEY,248
JEFFERSON,Q161,US HOUSE,003,REPUBLICAN,STUART N RAY,81
JEFFERSON,Q162,US HOUSE,003,DEMOCRAT,MORGAN MCGARVEY,146
JEFFERSON,Q162,US HOUSE,003,REPUBLICAN,STUART N RAY,145
JEFFERSON,Q163,US HOUSE,003,DEMOCRAT,MORGAN MCGARVEY,404
JEFFERSON,Q163,US HOUSE,003,REPUBLICAN,STUART N RAY,331
JEFFERSON,Q164,US HOUSE,003,DEMOCRAT,MORGAN MCGARVEY,106
JEFFERSON,Q164,US HOUSE,003,REPUBLICAN,STUART N RAY,73
JEFFERSON,Q165,US HOUSE,003,DEMOCRAT,MORGAN MCGARVEY,63
JEFFERSON,Q165,US HOUSE,003,REPUBLICAN,STUART N RAY,31
JEFFERSON,Q166,US HOUSE,003,DEMOCRAT,MORGAN MCGARVEY,467
JEFFERSON,Q166,US HOUSE,003,REPUBLICAN,STUART N RAY,361
JEFFERSON,Q167,US HOUSE,003,DEMOCRAT,MORGAN MCGARVEY,512
JEFFERSON,Q167,US HOUSE,003,REPUBLICAN,STUART N RAY,392
JEFFERSON,Q168,US HOUSE,003,DEMOCRAT,MORGAN MCGARVEY,609
JEFFERSON,Q168,US HOUSE,003,REPUBLICAN,STUART N RAY,412
JEFFERSON,Q169,US HOUSE,003,DEMOCRAT,MORGAN MCGARVEY,176
JEFFERSON,Q169,US HOUSE,003,REPUBLICAN,STUART N RAY,112
JEFFERSON,S116,US HOUSE,003,REPUBLICAN,STUART N RAY,381
JEFFERSON,S116,US HOUSE,003,DEMOCRAT,MORGAN MCGARVEY,339
JEFFERSON,S118,US HOUSE,003,DEMOCRAT,MORGAN MCGARVEY,509
JEFFERSON,S118,US HOUSE,003,REPUBLICAN,STUART N RAY,315
JEFFERSON,S125,US HOUSE,003,DEMOCRAT,MORGAN MCGARVEY,569
JEFFERSON,S125,US HOUSE,003,REPUBLICAN,STUART N RAY,500
JEFFERSON,S126,US HOUSE,003,DEMOCRAT,MORGAN MCGARVEY,419
JEFFERSON,S126,US HOUSE,003,REPUBLICAN,STUART N RAY,379
JEFFERSON,S128,US HOUSE,003,DEMOCRAT,MORGAN MCGARVEY,322
JEFFERSON,S128,US HOUSE,003,REPUBLICAN,STUART N RAY,284
JEFFERSON,S129,US HOUSE,003,DEMOCRAT,MORGAN MCGARVEY,371
JEFFERSON,S129,US HOUSE,003,REPUBLICAN,STUART N RAY,292
JEFFERSON,S130,US HOUSE,003,DEMOCRAT,MORGAN MCGARVEY,353
JEFFERSON,S130,US HOUSE,003,REPUBLICAN,STUART N RAY,331
JEFFERSON,S139,US HOUSE,003,DEMOCRAT,MORGAN MCGARVEY,402
JEFFERSON,S139,US HOUSE,003,REPUBLICAN,STUART N RAY,240
JEFFERSON,S140,US HOUSE,003,REPUBLICAN,STUART N RAY,361
JEFFERSON,S140,US HOUSE,003,DEMOCRAT,MORGAN MCGARVEY,349
JEFFERSON,S143,US HOUSE,003,REPUBLICAN,STUART N RAY,425
JEFFERSON,S143,US HOUSE,003,DEMOCRAT,MORGAN MCGARVEY,329
JEFFERSON,S144,US HOUSE,003,DEMOCRAT,MORGAN MCGARVEY,328
JEFFERSON,S144,US HOUSE,003,REPUBLICAN,STUART N RAY,298
JEFFERSON,S153,US HOUSE,003,DEMOCRAT,MORGAN MCGARVEY,597
JEFFERSON,S153,US HOUSE,003,REPUBLICAN,STUART N RAY,534
JEFFERSON,S160,US HOUSE,003,REPUBLICAN,STUART N RAY,1031
JEFFERSON,S160,US HOUSE,003,DEMOCRAT,MORGAN MCGARVEY,886
JEFFERSON,S161,US HOUSE,003,DEMOCRAT,MORGAN MCGARVEY,312
JEFFERSON,S161,US HOUSE,003,REPUBLICAN,STUART N RAY,213
JEFFERSON,S165,US HOUSE,003,DEMOCRAT,MORGAN MCGARVEY,311
JEFFERSON,S165,US HOUSE,003,REPUBLICAN,STUART N RAY,242
JEFFERSON,S166,US HOUSE,003,REPUBLICAN,STUART N RAY,357
JEFFERSON,S166,US HOUSE,003,DEMOCRAT,MORGAN MCGARVEY,316
JEFFERSON,S167,US HOUSE,003,DEMOCRAT,MORGAN MCGARVEY,321
JEFFERSON,S167,US HOUSE,003,REPUBLICAN,STUART N RAY,301
JEFFERSON,S168,US HOUSE,003,DEMOCRAT,MORGAN MCGARVEY,348
JEFFERSON,S168,US HOUSE,003,REPUBLICAN,STUART N RAY,273
JEFFERSON,S169,US HOUSE,003,DEMOCRAT,MORGAN MCGARVEY,71
JEFFERSON,S169,US HOUSE,003,REPUBLICAN,STUART N RAY,51
JEFFERSON,S170,US HOUSE,003,DEMOCRAT,MORGAN MCGARVEY,46
JEFFERSON,S170,US HOUSE,003,REPUBLICAN,STUART N RAY,21
JEFFERSON,S171,US HOUSE,003,DEMOCRAT,MORGAN MCGARVEY,509
JEFFERSON,S171,US HOUSE,003,REPUBLICAN,STUART N RAY,385
JEFFERSON,S172,US HOUSE,003,DEMOCRAT,MORGAN MCGARVEY,438
JEFFERSON,S172,US HOUSE,003,REPUBLICAN,STUART N RAY,428
JEFFERSON,S173,US HOUSE,003,DEMOCRAT,MORGAN MCGARVEY,805
JEFFERSON,S173,US HOUSE,003,REPUBLICAN,STUART N RAY,691
JEFFERSON,S174,US HOUSE,003,DEMOCRAT,MORGAN MCGARVEY,296
JEFFERSON,S174,US HOUSE,003,REPUBLICAN,STUART N RAY,217
JEFFERSON,S175,US HOUSE,003,REPUBLICAN,STUART N RAY,279
JEFFERSON,S175,US HOUSE,003,DEMOCRAT,MORGAN MCGARVEY,231
JEFFERSON,S176,US HOUSE,003,DEMOCRAT,MORGAN MCGARVEY,350
JEFFERSON,S176,US HOUSE,003,REPUBLICAN,STUART N RAY,348
JEFFERSON,S177,US HOUSE,003,DEMOCRAT,MORGAN MCGARVEY,239
JEFFERSON,S177,US HOUSE,003,REPUBLICAN,STUART N RAY,221
JEFFERSON,V101,US HOUSE,003,DEMOCRAT,MORGAN MCGARVEY,551
JEFFERSON,V101,US HOUSE,003,REPUBLICAN,STUART N RAY,328
JEFFERSON,V106,US HOUSE,003,DEMOCRAT,MORGAN MCGARVEY,132
JEFFERSON,V106,US HOUSE,003,REPUBLICAN,STUART N RAY,89
JEFFERSON,V109,US HOUSE,003,REPUBLICAN,STUART N RAY,252
JEFFERSON,V109,US HOUSE,003,DEMOCRAT,MORGAN MCGARVEY,138
JEFFERSON,V116,US HOUSE,003,REPUBLICAN,STUART N RAY,437
JEFFERSON,V116,US HOUSE,003,DEMOCRAT,MORGAN MCGARVEY,379
JEFFERSON,V118,US HOUSE,003,DEMOCRAT,MORGAN MCGARVEY,355
JEFFERSON,V118,US HOUSE,003,REPUBLICAN,STUART N RAY,299
JEFFERSON,V120,US HOUSE,003,DEMOCRAT,MORGAN MCGARVEY,581
JEFFERSON,V120,US HOUSE,003,REPUBLICAN,STUART N RAY,482
JEFFERSON,V123,US HOUSE,003,REPUBLICAN,STUART N RAY,2
JEFFERSON,V123,US HOUSE,003,DEMOCRAT,MORGAN MCGARVEY,0
JEFFERSON,V126,US HOUSE,003,REPUBLICAN,STUART N RAY,517
JEFFERSON,V126,US HOUSE,003,DEMOCRAT,MORGAN MCGARVEY,494
JEFFERSON,V130,US HOUSE,003,REPUBLICAN,STUART N RAY,151
JEFFERSON,V130,US HOUSE,003,DEMOCRAT,MORGAN MCGARVEY,114
JEFFERSON,V133,US HOUSE,003,DEMOCRAT,MORGAN MCGARVEY,475
JEFFERSON,V133,US HOUSE,003,REPUBLICAN,STUART N RAY,435
JEFFERSON,V134,US HOUSE,003,REPUBLICAN,STUART N RAY,240
JEFFERSON,V134,US HOUSE,003,DEMOCRAT,MORGAN MCGARVEY,240
JEFFERSON,V137,US HOUSE,003,DEMOCRAT,MORGAN MCGARVEY,504
JEFFERSON,V137,US HOUSE,003,REPUBLICAN,STUART N RAY,411
JEFFERSON,V138,US HOUSE,003,DEMOCRAT,MORGAN MCGARVEY,11
JEFFERSON,V138,US HOUSE,003,REPUBLICAN,STUART N RAY,5
JEFFERSON,V139,US HOUSE,003,DEMOCRAT,MORGAN MCGARVEY,276
JEFFERSON,V139,US HOUSE,003,REPUBLICAN,STUART N RAY,210
JESSAMINE,A101,US HOUSE,006,REPUBLICAN,ANDY BARR,132
JESSAMINE,A101,US HOUSE,006,DEMOCRAT,GEOFFREY M GEOFF YOUNG,68
JESSAMINE,A101,US HOUSE,006,,MAURICE RANDALL CRAVENS II,4
JESSAMINE,A101,US HOUSE,006,,MAXWELL KEITH FROEDGE,0
JESSAMINE,A102,US HOUSE,006,REPUBLICAN,ANDY BARR,184
JESSAMINE,A102,US HOUSE,006,DEMOCRAT,GEOFFREY M GEOFF YOUNG,73
JESSAMINE,A102,US HOUSE,006,,MAURICE RANDALL CRAVENS II,2
JESSAMINE,A102,US HOUSE,006,,MAXWELL KEITH FROEDGE,0
JESSAMINE,A103,US HOUSE,006,REPUBLICAN,ANDY BARR,338
JESSAMINE,A103,US HOUSE,006,DEMOCRAT,GEOFFREY M GEOFF YOUNG,172
JESSAMINE,A103,US HOUSE,006,,MAURICE RANDALL CRAVENS II,11
JESSAMINE,A103,US HOUSE,006,,MAXWELL KEITH FROEDGE,0
JESSAMINE,A104,US HOUSE,006,REPUBLICAN,ANDY BARR,202
JESSAMINE,A104,US HOUSE,006,DEMOCRAT,GEOFFREY M GEOFF YOUNG,90
JESSAMINE,A104,US HOUSE,006,,MAURICE RANDALL CRAVENS II,6
JESSAMINE,A104,US HOUSE,006,,MAXWELL KEITH FROEDGE,0
JESSAMINE,A105,US HOUSE,006,REPUBLICAN,ANDY BARR,360
JESSAMINE,A105,US HOUSE,006,DEMOCRAT,GEOFFREY M GEOFF YOUNG,102
JESSAMINE,A105,US HOUSE,006,,MAURICE RANDALL CRAVENS II,7
JESSAMINE,A105,US HOUSE,006,,MAXWELL KEITH FROEDGE,0
JESSAMINE,A106,US HOUSE,006,REPUBLICAN,ANDY BARR,492
JESSAMINE,A106,US HOUSE,006,DEMOCRAT,GEOFFREY M GEOFF YOUNG,139
JESSAMINE,A106,US HOUSE,006,,MAURICE RANDALL CRAVENS II,7
JESSAMINE,A106,US HOUSE,006,,MAXWELL KEITH FROEDGE,0
JESSAMINE,A107,US HOUSE,006,REPUBLICAN,ANDY BARR,187
JESSAMINE,A107,US HOUSE,006,DEMOCRAT,GEOFFREY M GEOFF YOUNG,78
JESSAMINE,A107,US HOUSE,006,,MAURICE RANDALL CRAVENS II,7
JESSAMINE,A107,US HOUSE,006,,MAXWELL KEITH FROEDGE,0
JESSAMINE,B101,US HOUSE,006,REPUBLICAN,ANDY BARR,529
JESSAMINE,B101,US HOUSE,006,DEMOCRAT,GEOFFREY M GEOFF YOUNG,143
JESSAMINE,B101,US HOUSE,006,,MAURICE RANDALL CRAVENS II,11
JESSAMINE,B101,US HOUSE,006,,MAXWELL KEITH FROEDGE,2
JESSAMINE,B102,US HOUSE,006,REPUBLICAN,ANDY BARR,487
JESSAMINE,B102,US HOUSE,006,DEMOCRAT,GEOFFREY M GEOFF YOUNG,175
JESSAMINE,B102,US HOUSE,006,,MAURICE RANDALL CRAVENS II,6
JESSAMINE,B102,US HOUSE,006,,MAXWELL KEITH FROEDGE,0
JESSAMINE,B103,US HOUSE,006,REPUBLICAN,ANDY BARR,575
JESSAMINE,B103,US HOUSE,006,DEMOCRAT,GEOFFREY M GEOFF YOUNG,200
JESSAMINE,B103,US HOUSE,006,,MAURICE RANDALL CRAVENS II,25
JESSAMINE,B103,US HOUSE,006,,MAXWELL KEITH FROEDGE,0
JESSAMINE,B104,US HOUSE,006,REPUBLICAN,ANDY BARR,326
JESSAMINE,B104,US HOUSE,006,DEMOCRAT,GEOFFREY M GEOFF YOUNG,195
JESSAMINE,B104,US HOUSE,006,,MAURICE RANDALL CRAVENS II,11
JESSAMINE,B104,US HOUSE,006,,MAXWELL KEITH FROEDGE,0
JESSAMINE,B105,US HOUSE,006,REPUBLICAN,ANDY BARR,471
JESSAMINE,B105,US HOUSE,006,DEMOCRAT,GEOFFREY M GEOFF YOUNG,152
JESSAMINE,B105,US HOUSE,006,,MAURICE RANDALL CRAVENS II,7
JESSAMINE,B105,US HOUSE,006,,MAXWELL KEITH FROEDGE,0
JESSAMINE,C101,US HOUSE,006,REPUBLICAN,ANDY BARR,463
JESSAMINE,C101,US HOUSE,006,DEMOCRAT,GEOFFREY M GEOFF YOUNG,115
JESSAMINE,C101,US HOUSE,006,,MAURICE RANDALL CRAVENS II,8
JESSAMINE,C101,US HOUSE,006,,MAXWELL KEITH FROEDGE,0
JESSAMINE,C102,US HOUSE,006,REPUBLICAN,ANDY BARR,353
JESSAMINE,C102,US HOUSE,006,DEMOCRAT,GEOFFREY M GEOFF YOUNG,82
JESSAMINE,C102,US HOUSE,006,,MAURICE RANDALL CRAVENS II,6
JESSAMINE,C102,US HOUSE,006,,MAXWELL KEITH FROEDGE,0
JESSAMINE,C103,US HOUSE,006,REPUBLICAN,ANDY BARR,238
JESSAMINE,C103,US HOUSE,006,DEMOCRAT,GEOFFREY M GEOFF YOUNG,151
JESSAMINE,C103,US HOUSE,006,,MAURICE RANDALL CRAVENS II,3
JESSAMINE,C103,US HOUSE,006,,MAXWELL KEITH FROEDGE,2
JESSAMINE,C104,US HOUSE,006,REPUBLICAN,ANDY BARR,349
JESSAMINE,C104,US HOUSE,006,DEMOCRAT,GEOFFREY M GEOFF YOUNG,150
JESSAMINE,C104,US HOUSE,006,,MAURICE RANDALL CRAVENS II,5
JESSAMINE,C104,US HOUSE,006,,MAXWELL KEITH FROEDGE,0
JESSAMINE,C105,US HOUSE,006,REPUBLICAN,ANDY BARR,513
JESSAMINE,C105,US HOUSE,006,DEMOCRAT,GEOFFREY M GEOFF YOUNG,179
JESSAMINE,C105,US HOUSE,006,,MAURICE RANDALL CRAVENS II,1
JESSAMINE,C105,US HOUSE,006,,MAXWELL KEITH FROEDGE,0
JESSAMINE,D101,US HOUSE,006,REPUBLICAN,ANDY BARR,154
JESSAMINE,D101,US HOUSE,006,DEMOCRAT,GEOFFREY M GEOFF YOUNG,34
JESSAMINE,D101,US HOUSE,006,,MAURICE RANDALL CRAVENS II,3
JESSAMINE,D101,US HOUSE,006,,MAXWELL KEITH FROEDGE,0
JESSAMINE,D102,US HOUSE,006,REPUBLICAN,ANDY BARR,204
JESSAMINE,D102,US HOUSE,006,DEMOCRAT,GEOFFREY M GEOFF YOUNG,83
JESSAMINE,D102,US HOUSE,006,,MAURICE RANDALL CRAVENS II,6
JESSAMINE,D102,US HOUSE,006,,MAXWELL KEITH FROEDGE,0
JESSAMINE,D103,US HOUSE,006,REPUBLICAN,ANDY BARR,395
JESSAMINE,D103,US HOUSE,006,DEMOCRAT,GEOFFREY M GEOFF YOUNG,109
JESSAMINE,D103,US HOUSE,006,,MAURICE RANDALL CRAVENS II,5
JESSAMINE,D103,US HOUSE,006,,MAXWELL KEITH FROEDGE,0
JESSAMINE,D104,US HOUSE,006,REPUBLICAN,ANDY BARR,549
JESSAMINE,D104,US HOUSE,006,DEMOCRAT,GEOFFREY M GEOFF YOUNG,139
JESSAMINE,D104,US HOUSE,006,,MAURICE RANDALL CRAVENS II,5
JESSAMINE,D104,US HOUSE,006,,MAXWELL KEITH FROEDGE,0
JESSAMINE,D105,US HOUSE,006,REPUBLICAN,ANDY BARR,407
JESSAMINE,D105,US HOUSE,006,DEMOCRAT,GEOFFREY M GEOFF YOUNG,124
JESSAMINE,D105,US HOUSE,006,,MAURICE RANDALL CRAVENS II,11
JESSAMINE,D105,US HOUSE,006,,MAXWELL KEITH FROEDGE,0
JESSAMINE,D106,US HOUSE,006,REPUBLICAN,ANDY BARR,331
JESSAMINE,D106,US HOUSE,006,DEMOCRAT,GEOFFREY M GEOFF YOUNG,119
JESSAMINE,D106,US HOUSE,006,,MAURICE RANDALL CRAVENS II,6
JESSAMINE,D106,US HOUSE,006,,MAXWELL KEITH FROEDGE,0
JESSAMINE,D107,US HOUSE,006,REPUBLICAN,ANDY BARR,142
JESSAMINE,D107,US HOUSE,006,DEMOCRAT,GEOFFREY M GEOFF YOUNG,45
JESSAMINE,D107,US HOUSE,006,,MAURICE RANDALL CRAVENS II,6
JESSAMINE,D107,US HOUSE,006,,MAXWELL KEITH FROEDGE,0
JESSAMINE,E101,US HOUSE,006,REPUBLICAN,ANDY BARR,160
JESSAMINE,E101,US HOUSE,006,DEMOCRAT,GEOFFREY M GEOFF YOUNG,55
JESSAMINE,E101,US HOUSE,006,,MAURICE RANDALL CRAVENS II,3
JESSAMINE,E101,US HOUSE,006,,MAXWELL KEITH FROEDGE,0
JESSAMINE,E102,US HOUSE,006,REPUBLICAN,ANDY BARR,675
JESSAMINE,E102,US HOUSE,006,DEMOCRAT,GEOFFREY M GEOFF YOUNG,147
JESSAMINE,E102,US HOUSE,006,,MAURICE RANDALL CRAVENS II,19
JESSAMINE,E102,US HOUSE,006,,MAXWELL KEITH FROEDGE,1
JESSAMINE,E103,US HOUSE,006,REPUBLICAN,ANDY BARR,382
JESSAMINE,E103,US HOUSE,006,DEMOCRAT,GEOFFREY M GEOFF YOUNG,106
JESSAMINE,E103,US HOUSE,006,,MAURICE RANDALL CRAVENS II,8
JESSAMINE,E103,US HOUSE,006,,MAXWELL KEITH FROEDGE,0
JESSAMINE,E104,US HOUSE,006,REPUBLICAN,ANDY BARR,409
JESSAMINE,E104,US HOUSE,006,DEMOCRAT,GEOFFREY M GEOFF YOUNG,111
JESSAMINE,E104,US HOUSE,006,,MAURICE RANDALL CRAVENS II,13
JESSAMINE,E104,US HOUSE,006,,MAXWELL KEITH FROEDGE,0
JESSAMINE,E105,US HOUSE,006,REPUBLICAN,ANDY BARR,419
JESSAMINE,E105,US HOUSE,006,DEMOCRAT,GEOFFREY M GEOFF YOUNG,104
JESSAMINE,E105,US HOUSE,006,,MAURICE RANDALL CRAVENS II,15
JESSAMINE,E105,US HOUSE,006,,MAXWELL KEITH FROEDGE,0
JESSAMINE,E106,US HOUSE,006,REPUBLICAN,ANDY BARR,674
JESSAMINE,E106,US HOUSE,006,DEMOCRAT,GEOFFREY M GEOFF YOUNG,186
JESSAMINE,E106,US HOUSE,006,,MAURICE RANDALL CRAVENS II,20
JESSAMINE,E106,US HOUSE,006,,MAXWELL KEITH FROEDGE,0
JESSAMINE,E107,US HOUSE,006,REPUBLICAN,ANDY BARR,256
JESSAMINE,E107,US HOUSE,006,DEMOCRAT,GEOFFREY M GEOFF YOUNG,65
JESSAMINE,E107,US HOUSE,006,,MAURICE RANDALL CRAVENS II,7
JESSAMINE,E107,US HOUSE,006,,MAXWELL KEITH FROEDGE,0
JESSAMINE,F101,US HOUSE,006,REPUBLICAN,ANDY BARR,184
JESSAMINE,F101,US HOUSE,006,DEMOCRAT,GEOFFREY M GEOFF YOUNG,74
JESSAMINE,F101,US HOUSE,006,,MAURICE RANDALL CRAVENS II,0
JESSAMINE,F101,US HOUSE,006,,MAXWELL KEITH FROEDGE,0
JESSAMINE,F102,US HOUSE,006,REPUBLICAN,ANDY BARR,260
JESSAMINE,F102,US HOUSE,006,DEMOCRAT,GEOFFREY M GEOFF YOUNG,99
JESSAMINE,F102,US HOUSE,006,,MAURICE RANDALL CRAVENS II,3
JESSAMINE,F102,US HOUSE,006,,MAXWELL KEITH FROEDGE,0
JESSAMINE,F103,US HOUSE,006,REPUBLICAN,ANDY BARR,336
JESSAMINE,F103,US HOUSE,006,DEMOCRAT,GEOFFREY M GEOFF YOUNG,156
JESSAMINE,F103,US HOUSE,006,,MAURICE RANDALL CRAVENS II,2
JESSAMINE,F103,US HOUSE,006,,MAXWELL KEITH FROEDGE,0
JESSAMINE,F104,US HOUSE,006,REPUBLICAN,ANDY BARR,186
JESSAMINE,F104,US HOUSE,006,DEMOCRAT,GEOFFREY M GEOFF YOUNG,99
JESSAMINE,F104,US HOUSE,006,,MAURICE RANDALL CRAVENS II,2
JESSAMINE,F104,US HOUSE,006,,MAXWELL KEITH FROEDGE,0
JESSAMINE,F105,US HOUSE,006,REPUBLICAN,ANDY BARR,277
JESSAMINE,F105,US HOUSE,006,DEMOCRAT,GEOFFREY M GEOFF YOUNG,138
JESSAMINE,F105,US HOUSE,006,,MAURICE RANDALL CRAVENS II,10
JESSAMINE,F105,US HOUSE,006,,MAXWELL KEITH FROEDGE,0
JOHNSON,A101,US HOUSE,005,REPUBLICAN,HAROLD HAL ROGERS,144
JOHNSON,A101,US HOUSE,005,DEMOCRAT,CONOR HALBLEIB,20
JOHNSON,A102,US HOUSE,005,REPUBLICAN,HAROLD HAL ROGERS,178
JOHNSON,A102,US HOUSE,005,DEMOCRAT,CONOR HALBLEIB,31
JOHNSON,A103,US HOUSE,005,REPUBLICAN,HAROLD HAL ROGERS,90
JOHNSON,A103,US HOUSE,005,DEMOCRAT,CONOR HALBLEIB,27
JOHNSON,A104,US HOUSE,005,REPUBLICAN,HAROLD HAL ROGERS,125
JOHNSON,A104,US HOUSE,005,DEMOCRAT,CONOR HALBLEIB,18
JOHNSON,A105,US HOUSE,005,REPUBLICAN,HAROLD HAL ROGERS,341
JOHNSON,A105,US HOUSE,005,DEMOCRAT,CONOR HALBLEIB,54
JOHNSON,A106,US HOUSE,005,REPUBLICAN,HAROLD HAL ROGERS,278
JOHNSON,A106,US HOUSE,005,DEMOCRAT,CONOR HALBLEIB,57
JOHNSON,A107,US HOUSE,005,REPUBLICAN,HAROLD HAL ROGERS,124
JOHNSON,A107,US HOUSE,005,DEMOCRAT,CONOR HALBLEIB,33
JOHNSON,A108,US HOUSE,005,REPUBLICAN,HAROLD HAL ROGERS,268
JOHNSON,A108,US HOUSE,005,DEMOCRAT,CONOR HALBLEIB,39
JOHNSON,A109,US HOUSE,005,REPUBLICAN,HAROLD HAL ROGERS,50
JOHNSON,A109,US HOUSE,005,DEMOCRAT,CONOR HALBLEIB,4
JOHNSON,A110,US HOUSE,005,REPUBLICAN,HAROLD HAL ROGERS,81
JOHNSON,A110,US HOUSE,005,DEMOCRAT,CONOR HALBLEIB,3
JOHNSON,ABSE,US HOUSE,005,REPUBLICAN,HAROLD HAL ROGERS,270
JOHNSON,ABSE,US HOUSE,005,DEMOCRAT,CONOR HALBLEIB,79
JOHNSON,B101,US HOUSE,005,REPUBLICAN,HAROLD HAL ROGERS,138
JOHNSON,B101,US HOUSE,005,DEMOCRAT,CONOR HALBLEIB,23
JOHNSON,B102,US HOUSE,005,REPUBLICAN,HAROLD HAL ROGERS,155
JOHNSON,B102,US HOUSE,005,DEMOCRAT,CONOR HALBLEIB,28
JOHNSON,B103,US HOUSE,005,REPUBLICAN,HAROLD HAL ROGERS,143
JOHNSON,B103,US HOUSE,005,DEMOCRAT,CONOR HALBLEIB,25
JOHNSON,B104,US HOUSE,005,REPUBLICAN,HAROLD HAL ROGERS,165
JOHNSON,B104,US HOUSE,005,DEMOCRAT,CONOR HALBLEIB,22
JOHNSON,B105,US HOUSE,005,REPUBLICAN,HAROLD HAL ROGERS,86
JOHNSON,B105,US HOUSE,005,DEMOCRAT,CONOR HALBLEIB,15
JOHNSON,B106,US HOUSE,005,REPUBLICAN,HAROLD HAL ROGERS,135
JOHNSON,B106,US HOUSE,005,DEMOCRAT,CONOR HALBLEIB,22
JOHNSON,B107,US HOUSE,005,REPUBLICAN,HAROLD HAL ROGERS,177
JOHNSON,B107,US HOUSE,005,DEMOCRAT,CONOR HALBLEIB,24
JOHNSON,B108,US HOUSE,005,REPUBLICAN,HAROLD HAL ROGERS,22
JOHNSON,B108,US HOUSE,005,DEMOCRAT,CONOR HALBLEIB,2
JOHNSON,B109,US HOUSE,005,REPUBLICAN,HAROLD HAL ROGERS,123
JOHNSON,B109,US HOUSE,005,DEMOCRAT,CONOR HALBLEIB,22
JOHNSON,B110,US HOUSE,005,REPUBLICAN,HAROLD HAL ROGERS,206
JOHNSON,B110,US HOUSE,005,DEMOCRAT,CONOR HALBLEIB,21
JOHNSON,C101,US HOUSE,005,REPUBLICAN,HAROLD HAL ROGERS,142
JOHNSON,C101,US HOUSE,005,DEMOCRAT,CONOR HALBLEIB,20
JOHNSON,C102,US HOUSE,005,REPUBLICAN,HAROLD HAL ROGERS,174
JOHNSON,C102,US HOUSE,005,DEMOCRAT,CONOR HALBLEIB,17
JOHNSON,C103,US HOUSE,005,REPUBLICAN,HAROLD HAL ROGERS,260
JOHNSON,C103,US HOUSE,005,DEMOCRAT,CONOR HALBLEIB,16
JOHNSON,C104,US HOUSE,005,REPUBLICAN,HAROLD HAL ROGERS,83
JOHNSON,C104,US HOUSE,005,DEMOCRAT,CONOR HALBLEIB,16
JOHNSON,C105,US HOUSE,005,REPUBLICAN,HAROLD HAL ROGERS,123
JOHNSON,C105,US HOUSE,005,DEMOCRAT,CONOR HALBLEIB,10
JOHNSON,C106,US HOUSE,005,REPUBLICAN,HAROLD HAL ROGERS,105
JOHNSON,C106,US HOUSE,005,DEMOCRAT,CONOR HALBLEIB,11
JOHNSON,C107,US HOUSE,005,REPUBLICAN,HAROLD HAL ROGERS,214
JOHNSON,C107,US HOUSE,005,DEMOCRAT,CONOR HALBLEIB,19
JOHNSON,C108,US HOUSE,005,REPUBLICAN,HAROLD HAL ROGERS,112
JOHNSON,C108,US HOUSE,005,DEMOCRAT,CONOR HALBLEIB,16
JOHNSON,C109,US HOUSE,005,REPUBLICAN,HAROLD HAL ROGERS,128
JOHNSON,C109,US HOUSE,005,DEMOCRAT,CONOR HALBLEIB,17
JOHNSON,C110,US HOUSE,005,REPUBLICAN,HAROLD HAL ROGERS,106
JOHNSON,C110,US HOUSE,005,DEMOCRAT,CONOR HALBLEIB,12
JOHNSON,C111,US HOUSE,005,REPUBLICAN,HAROLD HAL ROGERS,148
JOHNSON,C111,US HOUSE,005,DEMOCRAT,CONOR HALBLEIB,18
KENTON,A101,US HOUSE,004,DEMOCRAT,MATTHEW LEHMAN,621
KENTON,A101,US HOUSE,004,REPUBLICAN,THOMAS MASSIE,229
KENTON,A101,US HOUSE,004,INDEPENDENT,ETHAN KEITH OSBORNE,43
KENTON,A103,US HOUSE,004,DEMOCRAT,MATTHEW LEHMAN,757
KENTON,A103,US HOUSE,004,REPUBLICAN,THOMAS MASSIE,186
KENTON,A103,US HOUSE,004,INDEPENDENT,ETHAN KEITH OSBORNE,47
KENTON,A104,US HOUSE,004,DEMOCRAT,MATTHEW LEHMAN,226
KENTON,A104,US HOUSE,004,REPUBLICAN,THOMAS MASSIE,207
KENTON,A104,US HOUSE,004,INDEPENDENT,ETHAN KEITH OSBORNE,22
KENTON,A105,US HOUSE,004,DEMOCRAT,MATTHEW LEHMAN,96
KENTON,A105,US HOUSE,004,REPUBLICAN,THOMAS MASSIE,54
KENTON,A105,US HOUSE,004,INDEPENDENT,ETHAN KEITH OSBORNE,12
KENTON,A108,US HOUSE,004,DEMOCRAT,MATTHEW LEHMAN,331
KENTON,A108,US HOUSE,004,REPUBLICAN,THOMAS MASSIE,174
KENTON,A108,US HOUSE,004,INDEPENDENT,ETHAN KEITH OSBORNE,28
KENTON,A109,US HOUSE,004,DEMOCRAT,MATTHEW LEHMAN,163
KENTON,A109,US HOUSE,004,REPUBLICAN,THOMAS MASSIE,140
KENTON,A109,US HOUSE,004,INDEPENDENT,ETHAN KEITH OSBORNE,21
KENTON,A110,US HOUSE,004,DEMOCRAT,MATTHEW LEHMAN,111
KENTON,A110,US HOUSE,004,REPUBLICAN,THOMAS MASSIE,85
KENTON,A110,US HOUSE,004,INDEPENDENT,ETHAN KEITH OSBORNE,10
KENTON,A111,US HOUSE,004,REPUBLICAN,THOMAS MASSIE,49
KENTON,A111,US HOUSE,004,DEMOCRAT,MATTHEW LEHMAN,39
KENTON,A111,US HOUSE,004,INDEPENDENT,ETHAN KEITH OSBORNE,7
KENTON,A113,US HOUSE,004,REPUBLICAN,THOMAS MASSIE,309
KENTON,A113,US HOUSE,004,DEMOCRAT,MATTHEW LEHMAN,249
KENTON,A113,US HOUSE,004,INDEPENDENT,ETHAN KEITH OSBORNE,33
KENTON,A114,US HOUSE,004,REPUBLICAN,THOMAS MASSIE,230
KENTON,A114,US HOUSE,004,DEMOCRAT,MATTHEW LEHMAN,141
KENTON,A114,US HOUSE,004,INDEPENDENT,ETHAN KEITH OSBORNE,9
KENTON,A117,US HOUSE,004,REPUBLICAN,THOMAS MASSIE,233
KENTON,A117,US HOUSE,004,DEMOCRAT,MATTHEW LEHMAN,219
KENTON,A117,US HOUSE,004,INDEPENDENT,ETHAN KEITH OSBORNE,25
KENTON,A119,US HOUSE,004,DEMOCRAT,MATTHEW LEHMAN,248
KENTON,A119,US HOUSE,004,REPUBLICAN,THOMAS MASSIE,93
KENTON,A119,US HOUSE,004,INDEPENDENT,ETHAN KEITH OSBORNE,20
KENTON,A121,US HOUSE,004,DEMOCRAT,MATTHEW LEHMAN,325
KENTON,A121,US HOUSE,004,REPUBLICAN,THOMAS MASSIE,129
KENTON,A121,US HOUSE,004,INDEPENDENT,ETHAN KEITH OSBORNE,25
KENTON,A123,US HOUSE,004,DEMOCRAT,MATTHEW LEHMAN,262
KENTON,A123,US HOUSE,004,REPUBLICAN,THOMAS MASSIE,131
KENTON,A123,US HOUSE,004,INDEPENDENT,ETHAN KEITH OSBORNE,18
KENTON,A124,US HOUSE,004,REPUBLICAN,THOMAS MASSIE,313
KENTON,A124,US HOUSE,004,DEMOCRAT,MATTHEW LEHMAN,312
KENTON,A124,US HOUSE,004,INDEPENDENT,ETHAN KEITH OSBORNE,31
KENTON,A125,US HOUSE,004,REPUBLICAN,THOMAS MASSIE,123
KENTON,A125,US HOUSE,004,DEMOCRAT,MATTHEW LEHMAN,87
KENTON,A125,US HOUSE,004,INDEPENDENT,ETHAN KEITH OSBORNE,16
KENTON,A126,US HOUSE,004,REPUBLICAN,THOMAS MASSIE,605
KENTON,A126,US HOUSE,004,DEMOCRAT,MATTHEW LEHMAN,558
KENTON,A126,US HOUSE,004,INDEPENDENT,ETHAN KEITH OSBORNE,59
KENTON,A130,US HOUSE,004,REPUBLICAN,THOMAS MASSIE,220
KENTON,A130,US HOUSE,004,DEMOCRAT,MATTHEW LEHMAN,125
KENTON,A130,US HOUSE,004,INDEPENDENT,ETHAN KEITH OSBORNE,18
KENTON,A131,US HOUSE,004,REPUBLICAN,THOMAS MASSIE,630
KENTON,A131,US HOUSE,004,DEMOCRAT,MATTHEW LEHMAN,422
KENTON,A131,US HOUSE,004,INDEPENDENT,ETHAN KEITH OSBORNE,54
KENTON,A132,US HOUSE,004,DEMOCRAT,MATTHEW LEHMAN,626
KENTON,A132,US HOUSE,004,REPUBLICAN,THOMAS MASSIE,624
KENTON,A132,US HOUSE,004,INDEPENDENT,ETHAN KEITH OSBORNE,54
KENTON,A136,US HOUSE,004,REPUBLICAN,THOMAS MASSIE,728
KENTON,A136,US HOUSE,004,DEMOCRAT,MATTHEW LEHMAN,428
KENTON,A136,US HOUSE,004,INDEPENDENT,ETHAN KEITH OSBORNE,55
KENTON,A137,US HOUSE,004,REPUBLICAN,THOMAS MASSIE,550
KENTON,A137,US HOUSE,004,DEMOCRAT,MATTHEW LEHMAN,259
KENTON,A137,US HOUSE,004,INDEPENDENT,ETHAN KEITH OSBORNE,37
KENTON,ABSE,US HOUSE,004,DEMOCRAT,MATTHEW LEHMAN,1364
KENTON,ABSE,US HOUSE,004,REPUBLICAN,THOMAS MASSIE,1158
KENTON,ABSE,US HOUSE,004,INDEPENDENT,ETHAN KEITH OSBORNE,93
KENTON,B101,US HOUSE,004,REPUBLICAN,THOMAS MASSIE,329
KENTON,B101,US HOUSE,004,DEMOCRAT,MATTHEW LEHMAN,53
KENTON,B101,US HOUSE,004,INDEPENDENT,ETHAN KEITH OSBORNE,13
KENTON,B105,US HOUSE,004,REPUBLICAN,THOMAS MASSIE,316
KENTON,B105,US HOUSE,004,DEMOCRAT,MATTHEW LEHMAN,70
KENTON,B105,US HOUSE,004,INDEPENDENT,ETHAN KEITH OSBORNE,16
KENTON,B106,US HOUSE,004,REPUBLICAN,THOMAS MASSIE,267
KENTON,B106,US HOUSE,004,DEMOCRAT,MATTHEW LEHMAN,141
KENTON,B106,US HOUSE,004,INDEPENDENT,ETHAN KEITH OSBORNE,11
KENTON,B107,US HOUSE,004,REPUBLICAN,THOMAS MASSIE,651
KENTON,B107,US HOUSE,004,DEMOCRAT,MATTHEW LEHMAN,344
KENTON,B107,US HOUSE,004,INDEPENDENT,ETHAN KEITH OSBORNE,23
KENTON,B109,US HOUSE,004,REPUBLICAN,THOMAS MASSIE,358
KENTON,B109,US HOUSE,004,DEMOCRAT,MATTHEW LEHMAN,150
KENTON,B109,US HOUSE,004,INDEPENDENT,ETHAN KEITH OSBORNE,15
KENTON,B110,US HOUSE,004,REPUBLICAN,THOMAS MASSIE,900
KENTON,B110,US HOUSE,004,DEMOCRAT,MATTHEW LEHMAN,500
KENTON,B110,US HOUSE,004,INDEPENDENT,ETHAN KEITH OSBORNE,42
KENTON,B115,US HOUSE,004,REPUBLICAN,THOMAS MASSIE,1048
KENTON,B115,US HOUSE,004,DEMOCRAT,MATTHEW LEHMAN,417
KENTON,B115,US HOUSE,004,INDEPENDENT,ETHAN KEITH OSBORNE,59
KENTON,B116,US HOUSE,004,REPUBLICAN,THOMAS MASSIE,528
KENTON,B116,US HOUSE,004,DEMOCRAT,MATTHEW LEHMAN,261
KENTON,B116,US HOUSE,004,INDEPENDENT,ETHAN KEITH OSBORNE,37
KENTON,B117,US HOUSE,004,REPUBLICAN,THOMAS MASSIE,270
KENTON,B117,US HOUSE,004,DEMOCRAT,MATTHEW LEHMAN,153
KENTON,B117,US HOUSE,004,INDEPENDENT,ETHAN KEITH OSBORNE,26
KENTON,B118,US HOUSE,004,REPUBLICAN,THOMAS MASSIE,453
KENTON,B118,US HOUSE,004,DEMOCRAT,MATTHEW LEHMAN,219
KENTON,B118,US HOUSE,004,INDEPENDENT,ETHAN KEITH OSBORNE,35
KENTON,B119,US HOUSE,004,REPUBLICAN,THOMAS MASSIE,354
KENTON,B119,US HOUSE,004,DEMOCRAT,MATTHEW LEHMAN,103
KENTON,B119,US HOUSE,004,INDEPENDENT,ETHAN KEITH OSBORNE,9
KENTON,B120,US HOUSE,004,REPUBLICAN,THOMAS MASSIE,420
KENTON,B120,US HOUSE,004,DEMOCRAT,MATTHEW LEHMAN,113
KENTON,B120,US HOUSE,004,INDEPENDENT,ETHAN KEITH OSBORNE,12
KENTON,B121,US HOUSE,004,REPUBLICAN,THOMAS MASSIE,631
KENTON,B121,US HOUSE,004,DEMOCRAT,MATTHEW LEHMAN,183
KENTON,B121,US HOUSE,004,INDEPENDENT,ETHAN KEITH OSBORNE,20
KENTON,B122,US HOUSE,004,REPUBLICAN,THOMAS MASSIE,741
KENTON,B122,US HOUSE,004,DEMOCRAT,MATTHEW LEHMAN,350
KENTON,B122,US HOUSE,004,INDEPENDENT,ETHAN KEITH OSBORNE,57
KENTON,B123,US HOUSE,004,REPUBLICAN,THOMAS MASSIE,371
KENTON,B123,US HOUSE,004,DEMOCRAT,MATTHEW LEHMAN,58
KENTON,B123,US HOUSE,004,INDEPENDENT,ETHAN KEITH OSBORNE,16
KENTON,B125,US HOUSE,004,REPUBLICAN,THOMAS MASSIE,546
KENTON,B125,US HOUSE,004,DEMOCRAT,MATTHEW LEHMAN,334
KENTON,B125,US HOUSE,004,INDEPENDENT,ETHAN KEITH OSBORNE,28
KENTON,B130,US HOUSE,004,REPUBLICAN,THOMAS MASSIE,283
KENTON,B130,US HOUSE,004,DEMOCRAT,MATTHEW LEHMAN,92
KENTON,B130,US HOUSE,004,INDEPENDENT,ETHAN KEITH OSBORNE,21
KENTON,B131,US HOUSE,004,REPUBLICAN,THOMAS MASSIE,212
KENTON,B131,US HOUSE,004,DEMOCRAT,MATTHEW LEHMAN,79
KENTON,B131,US HOUSE,004,INDEPENDENT,ETHAN KEITH OSBORNE,13
KENTON,B132,US HOUSE,004,REPUBLICAN,THOMAS MASSIE,742
KENTON,B132,US HOUSE,004,DEMOCRAT,MATTHEW LEHMAN,361
KENTON,B132,US HOUSE,004,INDEPENDENT,ETHAN KEITH OSBORNE,47
KENTON,B133,US HOUSE,004,REPUBLICAN,THOMAS MASSIE,630
KENTON,B133,US HOUSE,004,DEMOCRAT,MATTHEW LEHMAN,198
KENTON,B133,US HOUSE,004,INDEPENDENT,ETHAN KEITH OSBORNE,33
KENTON,B137,US HOUSE,004,REPUBLICAN,THOMAS MASSIE,546
KENTON,B137,US HOUSE,004,DEMOCRAT,MATTHEW LEHMAN,208
KENTON,B137,US HOUSE,004,INDEPENDENT,ETHAN KEITH OSBORNE,27
KENTON,B138,US HOUSE,004,REPUBLICAN,THOMAS MASSIE,513
KENTON,B138,US HOUSE,004,DEMOCRAT,MATTHEW LEHMAN,327
KENTON,B138,US HOUSE,004,INDEPENDENT,ETHAN KEITH OSBORNE,20
KENTON,B139,US HOUSE,004,DEMOCRAT,MATTHEW LEHMAN,2
KENTON,B139,US HOUSE,004,INDEPENDENT,ETHAN KEITH OSBORNE,0
KENTON,B139,US HOUSE,004,REPUBLICAN,THOMAS MASSIE,0
KENTON,B140,US HOUSE,004,REPUBLICAN,THOMAS MASSIE,494
KENTON,B140,US HOUSE,004,DEMOCRAT,MATTHEW LEHMAN,300
KENTON,B140,US HOUSE,004,INDEPENDENT,ETHAN KEITH OSBORNE,28
KENTON,B141,US HOUSE,004,REPUBLICAN,THOMAS MASSIE,743
KENTON,B141,US HOUSE,004,DEMOCRAT,MATTHEW LEHMAN,329
KENTON,B141,US HOUSE,004,INDEPENDENT,ETHAN KEITH OSBORNE,42
KENTON,B142,US HOUSE,004,REPUBLICAN,THOMAS MASSIE,5
KENTON,B142,US HOUSE,004,DEMOCRAT,MATTHEW LEHMAN,2
KENTON,B142,US HOUSE,004,INDEPENDENT,ETHAN KEITH OSBORNE,0
KENTON,B143,US HOUSE,004,REPUBLICAN,THOMAS MASSIE,166
KENTON,B143,US HOUSE,004,DEMOCRAT,MATTHEW LEHMAN,34
KENTON,B143,US HOUSE,004,INDEPENDENT,ETHAN KEITH OSBORNE,9
KENTON,B144,US HOUSE,004,REPUBLICAN,THOMAS MASSIE,12
KENTON,B144,US HOUSE,004,DEMOCRAT,MATTHEW LEHMAN,1
KENTON,B144,US HOUSE,004,INDEPENDENT,ETHAN KEITH OSBORNE,0
KENTON,C101,US HOUSE,004,REPUBLICAN,THOMAS MASSIE,457
KENTON,C101,US HOUSE,004,DEMOCRAT,MATTHEW LEHMAN,321
KENTON,C101,US HOUSE,004,INDEPENDENT,ETHAN KEITH OSBORNE,22
KENTON,C102,US HOUSE,004,REPUBLICAN,THOMAS MASSIE,371
KENTON,C102,US HOUSE,004,DEMOCRAT,MATTHEW LEHMAN,247
KENTON,C102,US HOUSE,004,INDEPENDENT,ETHAN KEITH OSBORNE,32
KENTON,C103,US HOUSE,004,REPUBLICAN,THOMAS MASSIE,260
KENTON,C103,US HOUSE,004,DEMOCRAT,MATTHEW LEHMAN,186
KENTON,C103,US HOUSE,004,INDEPENDENT,ETHAN KEITH OSBORNE,28
KENTON,C104,US HOUSE,004,REPUBLICAN,THOMAS MASSIE,375
KENTON,C104,US HOUSE,004,DEMOCRAT,MATTHEW LEHMAN,363
KENTON,C104,US HOUSE,004,INDEPENDENT,ETHAN KEITH OSBORNE,45
KENTON,C107,US HOUSE,004,REPUBLICAN,THOMAS MASSIE,499
KENTON,C107,US HOUSE,004,DEMOCRAT,MATTHEW LEHMAN,355
KENTON,C107,US HOUSE,004,INDEPENDENT,ETHAN KEITH OSBORNE,35
KENTON,C110,US HOUSE,004,REPUBLICAN,THOMAS MASSIE,606
KENTON,C110,US HOUSE,004,DEMOCRAT,MATTHEW LEHMAN,413
KENTON,C110,US HOUSE,004,INDEPENDENT,ETHAN KEITH OSBORNE,55
KENTON,C113,US HOUSE,004,REPUBLICAN,THOMAS MASSIE,342
KENTON,C113,US HOUSE,004,DEMOCRAT,MATTHEW LEHMAN,256
KENTON,C113,US HOUSE,004,INDEPENDENT,ETHAN KEITH OSBORNE,28
KENTON,C116,US HOUSE,004,REPUBLICAN,THOMAS MASSIE,749
KENTON,C116,US HOUSE,004,DEMOCRAT,MATTHEW LEHMAN,545
KENTON,C116,US HOUSE,004,INDEPENDENT,ETHAN KEITH OSBORNE,48
KENTON,C117,US HOUSE,004,REPUBLICAN,THOMAS MASSIE,439
KENTON,C117,US HOUSE,004,DEMOCRAT,MATTHEW LEHMAN,345
KENTON,C117,US HOUSE,004,INDEPENDENT,ETHAN KEITH OSBORNE,24
KENTON,C122,US HOUSE,004,REPUBLICAN,THOMAS MASSIE,839
KENTON,C122,US HOUSE,004,DEMOCRAT,MATTHEW LEHMAN,563
KENTON,C122,US HOUSE,004,INDEPENDENT,ETHAN KEITH OSBORNE,43
KENTON,C125,US HOUSE,004,REPUBLICAN,THOMAS MASSIE,475
KENTON,C125,US HOUSE,004,DEMOCRAT,MATTHEW LEHMAN,305
KENTON,C125,US HOUSE,004,INDEPENDENT,ETHAN KEITH OSBORNE,25
KENTON,C127,US HOUSE,004,REPUBLICAN,THOMAS MASSIE,584
KENTON,C127,US HOUSE,004,DEMOCRAT,MATTHEW LEHMAN,353
KENTON,C127,US HOUSE,004,INDEPENDENT,ETHAN KEITH OSBORNE,26
KENTON,C130,US HOUSE,004,REPUBLICAN,THOMAS MASSIE,465
KENTON,C130,US HOUSE,004,DEMOCRAT,MATTHEW LEHMAN,298
KENTON,C130,US HOUSE,004,INDEPENDENT,ETHAN KEITH OSBORNE,26
KENTON,C131,US HOUSE,004,REPUBLICAN,THOMAS MASSIE,337
KENTON,C131,US HOUSE,004,DEMOCRAT,MATTHEW LEHMAN,180
KENTON,C131,US HOUSE,004,INDEPENDENT,ETHAN KEITH OSBORNE,12
KENTON,C133,US HOUSE,004,REPUBLICAN,THOMAS MASSIE,808
KENTON,C133,US HOUSE,004,DEMOCRAT,MATTHEW LEHMAN,521
KENTON,C133,US HOUSE,004,INDEPENDENT,ETHAN KEITH OSBORNE,50
KENTON,C134,US HOUSE,004,REPUBLICAN,THOMAS MASSIE,511
KENTON,C134,US HOUSE,004,DEMOCRAT,MATTHEW LEHMAN,403
KENTON,C134,US HOUSE,004,INDEPENDENT,ETHAN KEITH OSBORNE,37
KENTON,C135,US HOUSE,004,REPUBLICAN,THOMAS MASSIE,531
KENTON,C135,US HOUSE,004,DEMOCRAT,MATTHEW LEHMAN,267
KENTON,C135,US HOUSE,004,INDEPENDENT,ETHAN KEITH OSBORNE,28
KENTON,C139,US HOUSE,004,REPUBLICAN,THOMAS MASSIE,259
KENTON,C139,US HOUSE,004,DEMOCRAT,MATTHEW LEHMAN,167
KENTON,C139,US HOUSE,004,INDEPENDENT,ETHAN KEITH OSBORNE,24
KENTON,C140,US HOUSE,004,REPUBLICAN,THOMAS MASSIE,337
KENTON,C140,US HOUSE,004,DEMOCRAT,MATTHEW LEHMAN,231
KENTON,C140,US HOUSE,004,INDEPENDENT,ETHAN KEITH OSBORNE,14
KENTON,C141,US HOUSE,004,REPUBLICAN,THOMAS MASSIE,245
KENTON,C141,US HOUSE,004,DEMOCRAT,MATTHEW LEHMAN,130
KENTON,C141,US HOUSE,004,INDEPENDENT,ETHAN KEITH OSBORNE,13
KNOTT,A101,US HOUSE,005,REPUBLICAN,HAROLD HAL ROGERS,222
KNOTT,A101,US HOUSE,005,DEMOCRAT,CONOR HALBLEIB,61
KNOTT,A103,US HOUSE,005,REPUBLICAN,HAROLD HAL ROGERS,107
KNOTT,A103,US HOUSE,005,DEMOCRAT,CONOR HALBLEIB,39
KNOTT,A104,US HOUSE,005,REPUBLICAN,HAROLD HAL ROGERS,343
KNOTT,A104,US HOUSE,005,DEMOCRAT,CONOR HALBLEIB,74
KNOTT,A105,US HOUSE,005,REPUBLICAN,HAROLD HAL ROGERS,170
KNOTT,A105,US HOUSE,005,DEMOCRAT,CONOR HALBLEIB,45
KNOTT,A106,US HOUSE,005,REPUBLICAN,HAROLD HAL ROGERS,124
KNOTT,A106,US HOUSE,005,DEMOCRAT,CONOR HALBLEIB,24
KNOTT,A108,US HOUSE,005,REPUBLICAN,HAROLD HAL ROGERS,102
KNOTT,A108,US HOUSE,005,DEMOCRAT,CONOR HALBLEIB,24
KNOTT,ABSE,US HOUSE,005,REPUBLICAN,HAROLD HAL ROGERS,337
KNOTT,ABSE,US HOUSE,005,DEMOCRAT,CONOR HALBLEIB,128
KNOTT,B101,US HOUSE,005,REPUBLICAN,HAROLD HAL ROGERS,222
KNOTT,B101,US HOUSE,005,DEMOCRAT,CONOR HALBLEIB,31
KNOTT,B102,US HOUSE,005,REPUBLICAN,HAROLD HAL ROGERS,157
KNOTT,B102,US HOUSE,005,DEMOCRAT,CONOR HALBLEIB,34
KNOTT,B103,US HOUSE,005,REPUBLICAN,HAROLD HAL ROGERS,95
KNOTT,B103,US HOUSE,005,DEMOCRAT,CONOR HALBLEIB,25
KNOTT,B104,US HOUSE,005,REPUBLICAN,HAROLD HAL ROGERS,102
KNOTT,B104,US HOUSE,005,DEMOCRAT,CONOR HALBLEIB,16
KNOTT,B105,US HOUSE,005,REPUBLICAN,HAROLD HAL ROGERS,73
KNOTT,B105,US HOUSE,005,DEMOCRAT,CONOR HALBLEIB,23
KNOTT,B106,US HOUSE,005,REPUBLICAN,HAROLD HAL ROGERS,35
KNOTT,B106,US HOUSE,005,DEMOCRAT,CONOR HALBLEIB,5
KNOTT,B107,US HOUSE,005,REPUBLICAN,HAROLD HAL ROGERS,143
KNOTT,B107,US HOUSE,005,DEMOCRAT,CONOR HALBLEIB,49
KNOTT,C101,US HOUSE,005,REPUBLICAN,HAROLD HAL ROGERS,109
KNOTT,C101,US HOUSE,005,DEMOCRAT,CONOR HALBLEIB,26
KNOTT,C102,US HOUSE,005,REPUBLICAN,HAROLD HAL ROGERS,226
KNOTT,C102,US HOUSE,005,DEMOCRAT,CONOR HALBLEIB,50
KNOTT,C103,US HOUSE,005,DEMOCRAT,CONOR HALBLEIB,14
KNOTT,C103,US HOUSE,005,REPUBLICAN,HAROLD HAL ROGERS,4
KNOTT,C104,US HOUSE,005,REPUBLICAN,HAROLD HAL ROGERS,24
KNOTT,C104,US HOUSE,005,DEMOCRAT,CONOR HALBLEIB,3
KNOTT,C105,US HOUSE,005,REPUBLICAN,HAROLD HAL ROGERS,59
KNOTT,C105,US HOUSE,005,DEMOCRAT,CONOR HALBLEIB,15
KNOTT,C106,US HOUSE,005,REPUBLICAN,HAROLD HAL ROGERS,24
KNOTT,C106,US HOUSE,005,DEMOCRAT,CONOR HALBLEIB,4
KNOTT,C107,US HOUSE,005,REPUBLICAN,HAROLD HAL ROGERS,79
KNOTT,C107,US HOUSE,005,DEMOCRAT,CONOR HALBLEIB,24
KNOTT,C108,US HOUSE,005,REPUBLICAN,HAROLD HAL ROGERS,118
KNOTT,C108,US HOUSE,005,DEMOCRAT,CONOR HALBLEIB,35
KNOTT,C109,US HOUSE,005,REPUBLICAN,HAROLD HAL ROGERS,65
KNOTT,C109,US HOUSE,005,DEMOCRAT,CONOR HALBLEIB,18
KNOTT,C110,US HOUSE,005,REPUBLICAN,HAROLD HAL ROGERS,47
KNOTT,C110,US HOUSE,005,DEMOCRAT,CONOR HALBLEIB,20
KNOTT,C111,US HOUSE,005,REPUBLICAN,HAROLD HAL ROGERS,16
KNOTT,C111,US HOUSE,005,DEMOCRAT,CONOR HALBLEIB,9
KNOTT,C112,US HOUSE,005,REPUBLICAN,HAROLD HAL ROGERS,80
KNOTT,C112,US HOUSE,005,DEMOCRAT,CONOR HALBLEIB,52
KNOTT,D102,US HOUSE,005,REPUBLICAN,HAROLD HAL ROGERS,50
KNOTT,D102,US HOUSE,005,DEMOCRAT,CONOR HALBLEIB,19
KNOTT,D103,US HOUSE,005,REPUBLICAN,HAROLD HAL ROGERS,167
KNOTT,D103,US HOUSE,005,DEMOCRAT,CONOR HALBLEIB,55
KNOTT,D104,US HOUSE,005,REPUBLICAN,HAROLD HAL ROGERS,129
KNOTT,D104,US HOUSE,005,DEMOCRAT,CONOR HALBLEIB,39
KNOTT,D105,US HOUSE,005,REPUBLICAN,HAROLD HAL ROGERS,186
KNOTT,D105,US HOUSE,005,DEMOCRAT,CONOR HALBLEIB,54
KNOTT,D107,US HOUSE,005,REPUBLICAN,HAROLD HAL ROGERS,128
KNOTT,D107,US HOUSE,005,DEMOCRAT,CONOR HALBLEIB,35
KNOX,A101,US HOUSE,005,REPUBLICAN,HAROLD HAL ROGERS,128
KNOX,A101,US HOUSE,005,DEMOCRAT,CONOR HALBLEIB,16
KNOX,A102,US HOUSE,005,REPUBLICAN,HAROLD HAL ROGERS,147
KNOX,A102,US HOUSE,005,DEMOCRAT,CONOR HALBLEIB,24
KNOX,A103,US HOUSE,005,REPUBLICAN,HAROLD HAL ROGERS,185
KNOX,A103,US HOUSE,005,DEMOCRAT,CONOR HALBLEIB,18
KNOX,A104,US HOUSE,005,REPUBLICAN,HAROLD HAL ROGERS,343
KNOX,A104,US HOUSE,005,DEMOCRAT,CONOR HALBLEIB,41
KNOX,A105,US HOUSE,005,REPUBLICAN,HAROLD HAL ROGERS,421
KNOX,A105,US HOUSE,005,DEMOCRAT,CONOR HALBLEIB,48
KNOX,A106,US HOUSE,005,REPUBLICAN,HAROLD HAL ROGERS,343
KNOX,A106,US HOUSE,005,DEMOCRAT,CONOR HALBLEIB,46
KNOX,ABSE,US HOUSE,005,REPUBLICAN,HAROLD HAL ROGERS,309
KNOX,ABSE,US HOUSE,005,DEMOCRAT,CONOR HALBLEIB,90
KNOX,B101,US HOUSE,005,REPUBLICAN,HAROLD HAL ROGERS,69
KNOX,B101,US HOUSE,005,DEMOCRAT,CONOR HALBLEIB,3
KNOX,B102,US HOUSE,005,REPUBLICAN,HAROLD HAL ROGERS,59
KNOX,B102,US HOUSE,005,DEMOCRAT,CONOR HALBLEIB,8
KNOX,B103,US HOUSE,005,REPUBLICAN,HAROLD HAL ROGERS,37
KNOX,B103,US HOUSE,005,DEMOCRAT,CONOR HALBLEIB,1
KNOX,B104,US HOUSE,005,REPUBLICAN,HAROLD HAL ROGERS,106
KNOX,B104,US HOUSE,005,DEMOCRAT,CONOR HALBLEIB,12
KNOX,B105,US HOUSE,005,REPUBLICAN,HAROLD HAL ROGERS,225
KNOX,B105,US HOUSE,005,DEMOCRAT,CONOR HALBLEIB,21
KNOX,B106,US HOUSE,005,REPUBLICAN,HAROLD HAL ROGERS,140
KNOX,B106,US HOUSE,005,DEMOCRAT,CONOR HALBLEIB,14
KNOX,B107,US HOUSE,005,REPUBLICAN,HAROLD HAL ROGERS,180
KNOX,B107,US HOUSE,005,DEMOCRAT,CONOR HALBLEIB,22
KNOX,B108,US HOUSE,005,REPUBLICAN,HAROLD HAL ROGERS,304
KNOX,B108,US HOUSE,005,DEMOCRAT,CONOR HALBLEIB,43
KNOX,C101,US HOUSE,005,REPUBLICAN,HAROLD HAL ROGERS,139
KNOX,C101,US HOUSE,005,DEMOCRAT,CONOR HALBLEIB,17
KNOX,C102,US HOUSE,005,REPUBLICAN,HAROLD HAL ROGERS,182
KNOX,C102,US HOUSE,005,DEMOCRAT,CONOR HALBLEIB,29
KNOX,C103,US HOUSE,005,REPUBLICAN,HAROLD HAL ROGERS,514
KNOX,C103,US HOUSE,005,DEMOCRAT,CONOR HALBLEIB,84
KNOX,C104,US HOUSE,005,REPUBLICAN,HAROLD HAL ROGERS,305
KNOX,C104,US HOUSE,005,DEMOCRAT,CONOR HALBLEIB,63
KNOX,C105,US HOUSE,005,REPUBLICAN,HAROLD HAL ROGERS,133
KNOX,C105,US HOUSE,005,DEMOCRAT,CONOR HALBLEIB,21
KNOX,D101,US HOUSE,005,REPUBLICAN,HAROLD HAL ROGERS,188
KNOX,D101,US HOUSE,005,DEMOCRAT,CONOR HALBLEIB,40
KNOX,D102,US HOUSE,005,REPUBLICAN,HAROLD HAL ROGERS,173
KNOX,D102,US HOUSE,005,DEMOCRAT,CONOR HALBLEIB,38
KNOX,D103,US HOUSE,005,REPUBLICAN,HAROLD HAL ROGERS,124
KNOX,D103,US HOUSE,005,DEMOCRAT,CONOR HALBLEIB,38
KNOX,D104,US HOUSE,005,REPUBLICAN,HAROLD HAL ROGERS,314
KNOX,D104,US HOUSE,005,DEMOCRAT,CONOR HALBLEIB,51
KNOX,D105,US HOUSE,005,REPUBLICAN,HAROLD HAL ROGERS,214
KNOX,D105,US HOUSE,005,DEMOCRAT,CONOR HALBLEIB,44
KNOX,E101,US HOUSE,005,REPUBLICAN,HAROLD HAL ROGERS,75
KNOX,E101,US HOUSE,005,DEMOCRAT,CONOR HALBLEIB,17
KNOX,E102,US HOUSE,005,REPUBLICAN,HAROLD HAL ROGERS,87
KNOX,E102,US HOUSE,005,DEMOCRAT,CONOR HALBLEIB,5
KNOX,E103,US HOUSE,005,REPUBLICAN,HAROLD HAL ROGERS,217
KNOX,E103,US HOUSE,005,DEMOCRAT,CONOR HALBLEIB,23
KNOX,E104,US HOUSE,005,REPUBLICAN,HAROLD HAL ROGERS,304
KNOX,E104,US HOUSE,005,DEMOCRAT,CONOR HALBLEIB,37
KNOX,E105,US HOUSE,005,REPUBLICAN,HAROLD HAL ROGERS,639
KNOX,E105,US HOUSE,005,DEMOCRAT,CONOR HALBLEIB,97
KNOX,E106,US HOUSE,005,REPUBLICAN,HAROLD HAL ROGERS,237
KNOX,E106,US HOUSE,005,DEMOCRAT,CONOR HALBLEIB,58
LARUE,A101,US HOUSE,002,REPUBLICAN,S BRETT GUTHRIE,675
LARUE,A101,US HOUSE,002,DEMOCRAT,HANK LINDERMAN,157
LARUE,A103,US HOUSE,002,REPUBLICAN,S BRETT GUTHRIE,348
LARUE,A103,US HOUSE,002,DEMOCRAT,HANK LINDERMAN,114
LARUE,B101,US HOUSE,002,REPUBLICAN,S BRETT GUTHRIE,444
LARUE,B101,US HOUSE,002,DEMOCRAT,HANK LINDERMAN,141
LARUE,B102,US HOUSE,002,REPUBLICAN,S BRETT GUTHRIE,289
LARUE,B102,US HOUSE,002,DEMOCRAT,HANK LINDERMAN,70
LARUE,B103,US HOUSE,002,REPUBLICAN,S BRETT GUTHRIE,216
LARUE,B103,US HOUSE,002,DEMOCRAT,HANK LINDERMAN,53
LARUE,C101,US HOUSE,002,REPUBLICAN,S BRETT GUTHRIE,652
LARUE,C101,US HOUSE,002,DEMOCRAT,HANK LINDERMAN,129
LARUE,C102,US HOUSE,002,REPUBLICAN,S BRETT GUTHRIE,327
LARUE,C102,US HOUSE,002,DEMOCRAT,HANK LINDERMAN,68
LARUE,C103,US HOUSE,002,REPUBLICAN,S BRETT GUTHRIE,147
LARUE,C103,US HOUSE,002,DEMOCRAT,HANK LINDERMAN,43
LARUE,D101,US HOUSE,002,REPUBLICAN,S BRETT GUTHRIE,408
LARUE,D101,US HOUSE,002,DEMOCRAT,HANK LINDERMAN,72
LARUE,D102,US HOUSE,002,REPUBLICAN,S BRETT GUTHRIE,380
LARUE,D102,US HOUSE,002,DEMOCRAT,HANK LINDERMAN,55
LARUE,D103,US HOUSE,002,REPUBLICAN,S BRETT GUTHRIE,142
LARUE,D103,US HOUSE,002,DEMOCRAT,HANK LINDERMAN,33
LARUE,D104,US HOUSE,002,REPUBLICAN,S BRETT GUTHRIE,139
LARUE,D104,US HOUSE,002,DEMOCRAT,HANK LINDERMAN,34
LAUREL,A101,US HOUSE,005,REPUBLICAN,HAROLD HAL ROGERS,345
LAUREL,A101,US HOUSE,005,DEMOCRAT,CONOR HALBLEIB,53
LAUREL,A102,US HOUSE,005,REPUBLICAN,HAROLD HAL ROGERS,240
LAUREL,A102,US HOUSE,005,DEMOCRAT,CONOR HALBLEIB,34
LAUREL,A103,US HOUSE,005,REPUBLICAN,HAROLD HAL ROGERS,287
LAUREL,A103,US HOUSE,005,DEMOCRAT,CONOR HALBLEIB,90
LAUREL,A104,US HOUSE,005,REPUBLICAN,HAROLD HAL ROGERS,354
LAUREL,A104,US HOUSE,005,DEMOCRAT,CONOR HALBLEIB,44
LAUREL,A105,US HOUSE,005,REPUBLICAN,HAROLD HAL ROGERS,320
LAUREL,A105,US HOUSE,005,DEMOCRAT,CONOR HALBLEIB,47
LAUREL,A106,US HOUSE,005,REPUBLICAN,HAROLD HAL ROGERS,409
LAUREL,A106,US HOUSE,005,DEMOCRAT,CONOR HALBLEIB,64
LAUREL,A107,US HOUSE,005,REPUBLICAN,HAROLD HAL ROGERS,355
LAUREL,A107,US HOUSE,005,DEMOCRAT,CONOR HALBLEIB,77
LAUREL,A108,US HOUSE,005,REPUBLICAN,HAROLD HAL ROGERS,264
LAUREL,A108,US HOUSE,005,DEMOCRAT,CONOR HALBLEIB,45
LAUREL,ABSE,US HOUSE,005,REPUBLICAN,HAROLD HAL ROGERS,714
LAUREL,ABSE,US HOUSE,005,DEMOCRAT,CONOR HALBLEIB,256
LAUREL,B101,US HOUSE,005,REPUBLICAN,HAROLD HAL ROGERS,401
LAUREL,B101,US HOUSE,005,DEMOCRAT,CONOR HALBLEIB,71
LAUREL,B102,US HOUSE,005,REPUBLICAN,HAROLD HAL ROGERS,325
LAUREL,B102,US HOUSE,005,DEMOCRAT,CONOR HALBLEIB,45
LAUREL,B103,US HOUSE,005,REPUBLICAN,HAROLD HAL ROGERS,431
LAUREL,B103,US HOUSE,005,DEMOCRAT,CONOR HALBLEIB,85
LAUREL,B104,US HOUSE,005,REPUBLICAN,HAROLD HAL ROGERS,259
LAUREL,B104,US HOUSE,005,DEMOCRAT,CONOR HALBLEIB,39
LAUREL,B105,US HOUSE,005,REPUBLICAN,HAROLD HAL ROGERS,369
LAUREL,B105,US HOUSE,005,DEMOCRAT,CONOR HALBLEIB,74
LAUREL,B106,US HOUSE,005,REPUBLICAN,HAROLD HAL ROGERS,282
LAUREL,B106,US HOUSE,005,DEMOCRAT,CONOR HALBLEIB,45
LAUREL,C101,US HOUSE,005,REPUBLICAN,HAROLD HAL ROGERS,93
LAUREL,C101,US HOUSE,005,DEMOCRAT,CONOR HALBLEIB,20
LAUREL,C102,US HOUSE,005,REPUBLICAN,HAROLD HAL ROGERS,231
LAUREL,C102,US HOUSE,005,DEMOCRAT,CONOR HALBLEIB,34
LAUREL,C103,US HOUSE,005,REPUBLICAN,HAROLD HAL ROGERS,199
LAUREL,C103,US HOUSE,005,DEMOCRAT,CONOR HALBLEIB,28
LAUREL,C104,US HOUSE,005,REPUBLICAN,HAROLD HAL ROGERS,349
LAUREL,C104,US HOUSE,005,DEMOCRAT,CONOR HALBLEIB,75
LAUREL,C105,US HOUSE,005,REPUBLICAN,HAROLD HAL ROGERS,197
LAUREL,C105,US HOUSE,005,DEMOCRAT,CONOR HALBLEIB,33
LAUREL,C106,US HOUSE,005,REPUBLICAN,HAROLD HAL ROGERS,237
LAUREL,C106,US HOUSE,005,DEMOCRAT,CONOR HALBLEIB,38
LAUREL,C108,US HOUSE,005,REPUBLICAN,HAROLD HAL ROGERS,321
LAUREL,C108,US HOUSE,005,DEMOCRAT,CONOR HALBLEIB,22
LAUREL,C109,US HOUSE,005,REPUBLICAN,HAROLD HAL ROGERS,391
LAUREL,C109,US HOUSE,005,DEMOCRAT,CONOR HALBLEIB,71
LAUREL,C110,US HOUSE,005,REPUBLICAN,HAROLD HAL ROGERS,379
LAUREL,C110,US HOUSE,005,DEMOCRAT,CONOR HALBLEIB,57
LAUREL,D101,US HOUSE,005,REPUBLICAN,HAROLD HAL ROGERS,456
LAUREL,D101,US HOUSE,005,DEMOCRAT,CONOR HALBLEIB,76
LAUREL,D102,US HOUSE,005,REPUBLICAN,HAROLD HAL ROGERS,279
LAUREL,D102,US HOUSE,005,DEMOCRAT,CONOR HALBLEIB,40
LAUREL,D103,US HOUSE,005,REPUBLICAN,HAROLD HAL ROGERS,198
LAUREL,D103,US HOUSE,005,DEMOCRAT,CONOR HALBLEIB,12
LAUREL,D104,US HOUSE,005,REPUBLICAN,HAROLD HAL ROGERS,279
LAUREL,D104,US HOUSE,005,DEMOCRAT,CONOR HALBLEIB,36
LAUREL,D105,US HOUSE,005,REPUBLICAN,HAROLD HAL ROGERS,297
LAUREL,D105,US HOUSE,005,DEMOCRAT,CONOR HALBLEIB,29
LAUREL,D106,US HOUSE,005,REPUBLICAN,HAROLD HAL ROGERS,256
LAUREL,D106,US HOUSE,005,DEMOCRAT,CONOR HALBLEIB,38
LAUREL,D107,US HOUSE,005,REPUBLICAN,HAROLD HAL ROGERS,211
LAUREL,D107,US HOUSE,005,DEMOCRAT,CONOR HALBLEIB,35
LAUREL,D108,US HOUSE,005,REPUBLICAN,HAROLD HAL ROGERS,263
LAUREL,D108,US HOUSE,005,DEMOCRAT,CONOR HALBLEIB,40
LAUREL,E101,US HOUSE,005,REPUBLICAN,HAROLD HAL ROGERS,288
LAUREL,E101,US HOUSE,005,DEMOCRAT,CONOR HALBLEIB,38
LAUREL,E103,US HOUSE,005,REPUBLICAN,HAROLD HAL ROGERS,363
LAUREL,E103,US HOUSE,005,DEMOCRAT,CONOR HALBLEIB,50
LAUREL,E104,US HOUSE,005,REPUBLICAN,HAROLD HAL ROGERS,288
LAUREL,E104,US HOUSE,005,DEMOCRAT,CONOR HALBLEIB,86
LAUREL,E105,US HOUSE,005,REPUBLICAN,HAROLD HAL ROGERS,360
LAUREL,E105,US HOUSE,005,DEMOCRAT,CONOR HALBLEIB,45
LAUREL,E106,US HOUSE,005,REPUBLICAN,HAROLD HAL ROGERS,532
LAUREL,E106,US HOUSE,005,DEMOCRAT,CONOR HALBLEIB,110
LAUREL,E107,US HOUSE,005,REPUBLICAN,HAROLD HAL ROGERS,215
LAUREL,E107,US HOUSE,005,DEMOCRAT,CONOR HALBLEIB,21
LAUREL,E108,US HOUSE,005,REPUBLICAN,HAROLD HAL ROGERS,287
LAUREL,E108,US HOUSE,005,DEMOCRAT,CONOR HALBLEIB,23
LAUREL,F101,US HOUSE,005,REPUBLICAN,HAROLD HAL ROGERS,343
LAUREL,F101,US HOUSE,005,DEMOCRAT,CONOR HALBLEIB,71
LAUREL,F102,US HOUSE,005,REPUBLICAN,HAROLD HAL ROGERS,518
LAUREL,F102,US HOUSE,005,DEMOCRAT,CONOR HALBLEIB,79
LAUREL,F103,US HOUSE,005,REPUBLICAN,HAROLD HAL ROGERS,85
LAUREL,F103,US HOUSE,005,DEMOCRAT,CONOR HALBLEIB,19
LAUREL,F104,US HOUSE,005,REPUBLICAN,HAROLD HAL ROGERS,513
LAUREL,F104,US HOUSE,005,DEMOCRAT,CONOR HALBLEIB,90
LAUREL,F105,US HOUSE,005,REPUBLICAN,HAROLD HAL ROGERS,543
LAUREL,F105,US HOUSE,005,DEMOCRAT,CONOR HALBLEIB,67
LAUREL,F106,US HOUSE,005,REPUBLICAN,HAROLD HAL ROGERS,243
LAUREL,F106,US HOUSE,005,DEMOCRAT,CONOR HALBLEIB,40
LAUREL,F107,US HOUSE,005,REPUBLICAN,HAROLD HAL ROGERS,247
LAUREL,F107,US HOUSE,005,DEMOCRAT,CONOR HALBLEIB,46
LAWRENCE,A101,US HOUSE,005,REPUBLICAN,HAROLD HAL ROGERS,134
LAWRENCE,A101,US HOUSE,005,DEMOCRAT,CONOR HALBLEIB,34
LAWRENCE,A102,US HOUSE,005,REPUBLICAN,HAROLD HAL ROGERS,481
LAWRENCE,A102,US HOUSE,005,DEMOCRAT,CONOR HALBLEIB,114
LAWRENCE,A103,US HOUSE,005,REPUBLICAN,HAROLD HAL ROGERS,147
LAWRENCE,A103,US HOUSE,005,DEMOCRAT,CONOR HALBLEIB,42
LAWRENCE,A104,US HOUSE,005,REPUBLICAN,HAROLD HAL ROGERS,140
LAWRENCE,A104,US HOUSE,005,DEMOCRAT,CONOR HALBLEIB,36
LAWRENCE,B101,US HOUSE,005,REPUBLICAN,HAROLD HAL ROGERS,144
LAWRENCE,B101,US HOUSE,005,DEMOCRAT,CONOR HALBLEIB,52
LAWRENCE,B102,US HOUSE,005,REPUBLICAN,HAROLD HAL ROGERS,210
LAWRENCE,B102,US HOUSE,005,DEMOCRAT,CONOR HALBLEIB,35
LAWRENCE,B103,US HOUSE,005,REPUBLICAN,HAROLD HAL ROGERS,533
LAWRENCE,B103,US HOUSE,005,DEMOCRAT,CONOR HALBLEIB,96
LAWRENCE,C101,US HOUSE,005,REPUBLICAN,HAROLD HAL ROGERS,70
LAWRENCE,C101,US HOUSE,005,DEMOCRAT,CONOR HALBLEIB,10
LAWRENCE,C102,US HOUSE,005,REPUBLICAN,HAROLD HAL ROGERS,141
LAWRENCE,C102,US HOUSE,005,DEMOCRAT,CONOR HALBLEIB,27
LAWRENCE,C103,US HOUSE,005,REPUBLICAN,HAROLD HAL ROGERS,101
LAWRENCE,C103,US HOUSE,005,DEMOCRAT,CONOR HALBLEIB,18
LAWRENCE,C104,US HOUSE,005,REPUBLICAN,HAROLD HAL ROGERS,356
LAWRENCE,C104,US HOUSE,005,DEMOCRAT,CONOR HALBLEIB,43
LAWRENCE,C105,US HOUSE,005,REPUBLICAN,HAROLD HAL ROGERS,93
LAWRENCE,C105,US HOUSE,005,DEMOCRAT,CONOR HALBLEIB,13
LAWRENCE,D101,US HOUSE,005,REPUBLICAN,HAROLD HAL ROGERS,149
LAWRENCE,D101,US HOUSE,005,DEMOCRAT,CONOR HALBLEIB,12
LAWRENCE,D102,US HOUSE,005,REPUBLICAN,HAROLD HAL ROGERS,108
LAWRENCE,D102,US HOUSE,005,DEMOCRAT,CONOR HALBLEIB,14
LAWRENCE,D103,US HOUSE,005,REPUBLICAN,HAROLD HAL ROGERS,112
LAWRENCE,D103,US HOUSE,005,DEMOCRAT,CONOR HALBLEIB,52
LAWRENCE,D104,US HOUSE,005,REPUBLICAN,HAROLD HAL ROGERS,147
LAWRENCE,D104,US HOUSE,005,DEMOCRAT,CONOR HALBLEIB,38
LAWRENCE,D105,US HOUSE,005,REPUBLICAN,HAROLD HAL ROGERS,229
LAWRENCE,D105,US HOUSE,005,DEMOCRAT,CONOR HALBLEIB,49
LAWRENCE,D106,US HOUSE,005,REPUBLICAN,HAROLD HAL ROGERS,105
LAWRENCE,D106,US HOUSE,005,DEMOCRAT,CONOR HALBLEIB,20
LEE,A101,US HOUSE,005,REPUBLICAN,HAROLD HAL ROGERS,128
LEE,A101,US HOUSE,005,DEMOCRAT,CONOR HALBLEIB,17
LEE,A102,US HOUSE,005,REPUBLICAN,HAROLD HAL ROGERS,109
LEE,A102,US HOUSE,005,DEMOCRAT,CONOR HALBLEIB,17
LEE,A103,US HOUSE,005,REPUBLICAN,HAROLD HAL ROGERS,182
LEE,A103,US HOUSE,005,DEMOCRAT,CONOR HALBLEIB,38
LEE,ABSE,US HOUSE,005,REPUBLICAN,HAROLD HAL ROGERS,110
LEE,ABSE,US HOUSE,005,DEMOCRAT,CONOR HALBLEIB,22
LEE,B101,US HOUSE,005,REPUBLICAN,HAROLD HAL ROGERS,193
LEE,B101,US HOUSE,005,DEMOCRAT,CONOR HALBLEIB,28
LEE,B102,US HOUSE,005,REPUBLICAN,HAROLD HAL ROGERS,140
LEE,B102,US HOUSE,005,DEMOCRAT,CONOR HALBLEIB,12
LEE,C101,US HOUSE,005,REPUBLICAN,HAROLD HAL ROGERS,131
LEE,C101,US HOUSE,005,DEMOCRAT,CONOR HALBLEIB,20
LEE,C102,US HOUSE,005,REPUBLICAN,HAROLD HAL ROGERS,140
LEE,C102,US HOUSE,005,DEMOCRAT,CONOR HALBLEIB,18
LEE,C103,US HOUSE,005,REPUBLICAN,HAROLD HAL ROGERS,216
LEE,C103,US HOUSE,005,DEMOCRAT,CONOR HALBLEIB,54
LEE,D101,US HOUSE,005,REPUBLICAN,HAROLD HAL ROGERS,132
LEE,D101,US HOUSE,005,DEMOCRAT,CONOR HALBLEIB,16
LEE,D102,US HOUSE,005,REPUBLICAN,HAROLD HAL ROGERS,265
LEE,D102,US HOUSE,005,DEMOCRAT,CONOR HALBLEIB,49
LESLIE,A101,US HOUSE,005,REPUBLICAN,HAROLD HAL ROGERS,108
LESLIE,A101,US HOUSE,005,DEMOCRAT,CONOR HALBLEIB,6
LESLIE,A102,US HOUSE,005,REPUBLICAN,HAROLD HAL ROGERS,288
LESLIE,A102,US HOUSE,005,DEMOCRAT,CONOR HALBLEIB,19
LESLIE,A103,US HOUSE,005,REPUBLICAN,HAROLD HAL ROGERS,20
LESLIE,A103,US HOUSE,005,DEMOCRAT,CONOR HALBLEIB,1
LESLIE,A104,US HOUSE,005,REPUBLICAN,HAROLD HAL ROGERS,201
LESLIE,A104,US HOUSE,005,DEMOCRAT,CONOR HALBLEIB,31
LESLIE,A105,US HOUSE,005,REPUBLICAN,HAROLD HAL ROGERS,59
LESLIE,A105,US HOUSE,005,DEMOCRAT,CONOR HALBLEIB,4
LESLIE,ABSE,US HOUSE,005,REPUBLICAN,HAROLD HAL ROGERS,113
LESLIE,ABSE,US HOUSE,005,DEMOCRAT,CONOR HALBLEIB,16
LESLIE,B101,US HOUSE,005,REPUBLICAN,HAROLD HAL ROGERS,267
LESLIE,B101,US HOUSE,005,DEMOCRAT,CONOR HALBLEIB,13
LESLIE,B102,US HOUSE,005,REPUBLICAN,HAROLD HAL ROGERS,83
LESLIE,B102,US HOUSE,005,DEMOCRAT,CONOR HALBLEIB,18
LESLIE,B103,US HOUSE,005,REPUBLICAN,HAROLD HAL ROGERS,119
LESLIE,B103,US HOUSE,005,DEMOCRAT,CONOR HALBLEIB,11
LESLIE,B104,US HOUSE,005,REPUBLICAN,HAROLD HAL ROGERS,79
LESLIE,B104,US HOUSE,005,DEMOCRAT,CONOR HALBLEIB,3
LESLIE,C101,US HOUSE,005,REPUBLICAN,HAROLD HAL ROGERS,247
LESLIE,C101,US HOUSE,005,DEMOCRAT,CONOR HALBLEIB,25
LESLIE,C102,US HOUSE,005,REPUBLICAN,HAROLD HAL ROGERS,127
LESLIE,C102,US HOUSE,005,DEMOCRAT,CONOR HALBLEIB,12
LESLIE,C103,US HOUSE,005,REPUBLICAN,HAROLD HAL ROGERS,233
LESLIE,C103,US HOUSE,005,DEMOCRAT,CONOR HALBLEIB,19
LESLIE,D101,US HOUSE,005,REPUBLICAN,HAROLD HAL ROGERS,183
LESLIE,D101,US HOUSE,005,DEMOCRAT,CONOR HALBLEIB,20
LESLIE,D102,US HOUSE,005,REPUBLICAN,HAROLD HAL ROGERS,144
LESLIE,D102,US HOUSE,005,DEMOCRAT,CONOR HALBLEIB,21
LESLIE,D103,US HOUSE,005,REPUBLICAN,HAROLD HAL ROGERS,108
LESLIE,D103,US HOUSE,005,DEMOCRAT,CONOR HALBLEIB,14
LESLIE,D104,US HOUSE,005,REPUBLICAN,HAROLD HAL ROGERS,160
LESLIE,D104,US HOUSE,005,DEMOCRAT,CONOR HALBLEIB,20
LESLIE,D105,US HOUSE,005,REPUBLICAN,HAROLD HAL ROGERS,41
LESLIE,D105,US HOUSE,005,DEMOCRAT,CONOR HALBLEIB,1
LETCHER,A101,US HOUSE,005,REPUBLICAN,HAROLD HAL ROGERS,173
LETCHER,A101,US HOUSE,005,DEMOCRAT,CONOR HALBLEIB,51
LETCHER,A102,US HOUSE,005,REPUBLICAN,HAROLD HAL ROGERS,192
LETCHER,A102,US HOUSE,005,DEMOCRAT,CONOR HALBLEIB,64
LETCHER,A103,US HOUSE,005,REPUBLICAN,HAROLD HAL ROGERS,236
LETCHER,A103,US HOUSE,005,DEMOCRAT,CONOR HALBLEIB,58
LETCHER,A104,US HOUSE,005,REPUBLICAN,HAROLD HAL ROGERS,73
LETCHER,A104,US HOUSE,005,DEMOCRAT,CONOR HALBLEIB,19
LETCHER,A105,US HOUSE,005,REPUBLICAN,HAROLD HAL ROGERS,37
LETCHER,A105,US HOUSE,005,DEMOCRAT,CONOR HALBLEIB,6
LETCHER,A106,US HOUSE,005,REPUBLICAN,HAROLD HAL ROGERS,172
LETCHER,A106,US HOUSE,005,DEMOCRAT,CONOR HALBLEIB,28
LETCHER,A107,US HOUSE,005,REPUBLICAN,HAROLD HAL ROGERS,73
LETCHER,A107,US HOUSE,005,DEMOCRAT,CONOR HALBLEIB,18
LETCHER,A108,US HOUSE,005,REPUBLICAN,HAROLD HAL ROGERS,130
LETCHER,A108,US HOUSE,005,DEMOCRAT,CONOR HALBLEIB,23
LETCHER,ABSE,US HOUSE,005,REPUBLICAN,HAROLD HAL ROGERS,180
LETCHER,ABSE,US HOUSE,005,DEMOCRAT,CONOR HALBLEIB,103
LETCHER,B101,US HOUSE,005,REPUBLICAN,HAROLD HAL ROGERS,339
LETCHER,B101,US HOUSE,005,DEMOCRAT,CONOR HALBLEIB,64
LETCHER,B102,US HOUSE,005,REPUBLICAN,HAROLD HAL ROGERS,263
LETCHER,B102,US HOUSE,005,DEMOCRAT,CONOR HALBLEIB,54
LETCHER,B103,US HOUSE,005,REPUBLICAN,HAROLD HAL ROGERS,199
LETCHER,B103,US HOUSE,005,DEMOCRAT,CONOR HALBLEIB,43
LETCHER,C101,US HOUSE,005,REPUBLICAN,HAROLD HAL ROGERS,96
LETCHER,C101,US HOUSE,005,DEMOCRAT,CONOR HALBLEIB,32
LETCHER,C102,US HOUSE,005,REPUBLICAN,HAROLD HAL ROGERS,71
LETCHER,C102,US HOUSE,005,DEMOCRAT,CONOR HALBLEIB,15
LETCHER,C103,US HOUSE,005,REPUBLICAN,HAROLD HAL ROGERS,223
LETCHER,C103,US HOUSE,005,DEMOCRAT,CONOR HALBLEIB,73
LETCHER,C104,US HOUSE,005,REPUBLICAN,HAROLD HAL ROGERS,99
LETCHER,C104,US HOUSE,005,DEMOCRAT,CONOR HALBLEIB,20
LETCHER,C105,US HOUSE,005,REPUBLICAN,HAROLD HAL ROGERS,149
LETCHER,C105,US HOUSE,005,DEMOCRAT,CONOR HALBLEIB,22
LETCHER,C106,US HOUSE,005,REPUBLICAN,HAROLD HAL ROGERS,86
LETCHER,C106,US HOUSE,005,DEMOCRAT,CONOR HALBLEIB,5
LETCHER,C107,US HOUSE,005,REPUBLICAN,HAROLD HAL ROGERS,171
LETCHER,C107,US HOUSE,005,DEMOCRAT,CONOR HALBLEIB,39
LETCHER,D102,US HOUSE,005,REPUBLICAN,HAROLD HAL ROGERS,184
LETCHER,D102,US HOUSE,005,DEMOCRAT,CONOR HALBLEIB,79
LETCHER,D103,US HOUSE,005,REPUBLICAN,HAROLD HAL ROGERS,122
LETCHER,D103,US HOUSE,005,DEMOCRAT,CONOR HALBLEIB,24
LETCHER,D104,US HOUSE,005,REPUBLICAN,HAROLD HAL ROGERS,119
LETCHER,D104,US HOUSE,005,DEMOCRAT,CONOR HALBLEIB,22
LETCHER,D105,US HOUSE,005,REPUBLICAN,HAROLD HAL ROGERS,175
LETCHER,D105,US HOUSE,005,DEMOCRAT,CONOR HALBLEIB,22
LETCHER,D106,US HOUSE,005,REPUBLICAN,HAROLD HAL ROGERS,94
LETCHER,D106,US HOUSE,005,DEMOCRAT,CONOR HALBLEIB,24
LETCHER,D107,US HOUSE,005,REPUBLICAN,HAROLD HAL ROGERS,181
LETCHER,D107,US HOUSE,005,DEMOCRAT,CONOR HALBLEIB,55
LETCHER,E101,US HOUSE,005,REPUBLICAN,HAROLD HAL ROGERS,122
LETCHER,E101,US HOUSE,005,DEMOCRAT,CONOR HALBLEIB,44
LETCHER,E102,US HOUSE,005,REPUBLICAN,HAROLD HAL ROGERS,60
LETCHER,E102,US HOUSE,005,DEMOCRAT,CONOR HALBLEIB,29
LETCHER,E103,US HOUSE,005,REPUBLICAN,HAROLD HAL ROGERS,206
LETCHER,E103,US HOUSE,005,DEMOCRAT,CONOR HALBLEIB,60
LETCHER,E104,US HOUSE,005,REPUBLICAN,HAROLD HAL ROGERS,74
LETCHER,E104,US HOUSE,005,DEMOCRAT,CONOR HALBLEIB,25
LETCHER,E105,US HOUSE,005,REPUBLICAN,HAROLD HAL ROGERS,171
LETCHER,E105,US HOUSE,005,DEMOCRAT,CONOR HALBLEIB,48
LETCHER,E106,US HOUSE,005,REPUBLICAN,HAROLD HAL ROGERS,68
LETCHER,E106,US HOUSE,005,DEMOCRAT,CONOR HALBLEIB,15
LEWIS,A101,US HOUSE,004,REPUBLICAN,THOMAS MASSIE,641
LEWIS,A101,US HOUSE,004,DEMOCRAT,MATTHEW LEHMAN,68
LEWIS,A101,US HOUSE,004,INDEPENDENT,ETHAN KEITH OSBORNE,23
LEWIS,A102,US HOUSE,004,REPUBLICAN,THOMAS MASSIE,212
LEWIS,A102,US HOUSE,004,DEMOCRAT,MATTHEW LEHMAN,48
LEWIS,A102,US HOUSE,004,INDEPENDENT,ETHAN KEITH OSBORNE,1
LEWIS,A104,US HOUSE,004,REPUBLICAN,THOMAS MASSIE,134
LEWIS,A104,US HOUSE,004,DEMOCRAT,MATTHEW LEHMAN,6
LEWIS,A104,US HOUSE,004,INDEPENDENT,ETHAN KEITH OSBORNE,6
LEWIS,B101,US HOUSE,004,REPUBLICAN,THOMAS MASSIE,166
LEWIS,B101,US HOUSE,004,DEMOCRAT,MATTHEW LEHMAN,13
LEWIS,B101,US HOUSE,004,INDEPENDENT,ETHAN KEITH OSBORNE,5
LEWIS,B102,US HOUSE,004,REPUBLICAN,THOMAS MASSIE,78
LEWIS,B102,US HOUSE,004,DEMOCRAT,MATTHEW LEHMAN,20
LEWIS,B102,US HOUSE,004,INDEPENDENT,ETHAN KEITH OSBORNE,6
LEWIS,B103,US HOUSE,004,REPUBLICAN,THOMAS MASSIE,210
LEWIS,B103,US HOUSE,004,DEMOCRAT,MATTHEW LEHMAN,19
LEWIS,B103,US HOUSE,004,INDEPENDENT,ETHAN KEITH OSBORNE,6
LEWIS,B105,US HOUSE,004,REPUBLICAN,THOMAS MASSIE,290
LEWIS,B105,US HOUSE,004,DEMOCRAT,MATTHEW LEHMAN,45
LEWIS,B105,US HOUSE,004,INDEPENDENT,ETHAN KEITH OSBORNE,16
LEWIS,C101,US HOUSE,004,REPUBLICAN,THOMAS MASSIE,168
LEWIS,C101,US HOUSE,004,DEMOCRAT,MATTHEW LEHMAN,28
LEWIS,C101,US HOUSE,004,INDEPENDENT,ETHAN KEITH OSBORNE,5
LEWIS,C102,US HOUSE,004,REPUBLICAN,THOMAS MASSIE,223
LEWIS,C102,US HOUSE,004,DEMOCRAT,MATTHEW LEHMAN,34
LEWIS,C102,US HOUSE,004,INDEPENDENT,ETHAN KEITH OSBORNE,6
LEWIS,C103,US HOUSE,004,REPUBLICAN,THOMAS MASSIE,226
LEWIS,C103,US HOUSE,004,DEMOCRAT,MATTHEW LEHMAN,28
LEWIS,C103,US HOUSE,004,INDEPENDENT,ETHAN KEITH OSBORNE,10
LEWIS,C105,US HOUSE,004,REPUBLICAN,THOMAS MASSIE,118
LEWIS,C105,US HOUSE,004,DEMOCRAT,MATTHEW LEHMAN,18
LEWIS,C105,US HOUSE,004,INDEPENDENT,ETHAN KEITH OSBORNE,1
LEWIS,D101,US HOUSE,004,REPUBLICAN,THOMAS MASSIE,290
LEWIS,D101,US HOUSE,004,DEMOCRAT,MATTHEW LEHMAN,53
LEWIS,D101,US HOUSE,004,INDEPENDENT,ETHAN KEITH OSBORNE,10
LEWIS,D102,US HOUSE,004,REPUBLICAN,THOMAS MASSIE,173
LEWIS,D102,US HOUSE,004,DEMOCRAT,MATTHEW LEHMAN,26
LEWIS,D102,US HOUSE,004,INDEPENDENT,ETHAN KEITH OSBORNE,4
LEWIS,D103,US HOUSE,004,REPUBLICAN,THOMAS MASSIE,336
LEWIS,D103,US HOUSE,004,DEMOCRAT,MATTHEW LEHMAN,35
LEWIS,D103,US HOUSE,004,INDEPENDENT,ETHAN KEITH OSBORNE,16
LINCOLN,A101,US HOUSE,005,REPUBLICAN,HAROLD HAL ROGERS,301
LINCOLN,A101,US HOUSE,005,DEMOCRAT,CONOR HALBLEIB,75
LINCOLN,A101,US HOUSE,005,,STEPHAN WILLIAM MAZUR,0
LINCOLN,A102,US HOUSE,005,REPUBLICAN,HAROLD HAL ROGERS,629
LINCOLN,A102,US HOUSE,005,DEMOCRAT,CONOR HALBLEIB,135
LINCOLN,A102,US HOUSE,005,,STEPHAN WILLIAM MAZUR,0
LINCOLN,A103,US HOUSE,005,REPUBLICAN,HAROLD HAL ROGERS,396
LINCOLN,A103,US HOUSE,005,DEMOCRAT,CONOR HALBLEIB,123
LINCOLN,A103,US HOUSE,005,,STEPHAN WILLIAM MAZUR,0
LINCOLN,A104,US HOUSE,005,REPUBLICAN,HAROLD HAL ROGERS,162
LINCOLN,A104,US HOUSE,005,DEMOCRAT,CONOR HALBLEIB,64
LINCOLN,A104,US HOUSE,005,,STEPHAN WILLIAM MAZUR,0
LINCOLN,B101,US HOUSE,005,REPUBLICAN,HAROLD HAL ROGERS,384
LINCOLN,B101,US HOUSE,005,DEMOCRAT,CONOR HALBLEIB,78
LINCOLN,B101,US HOUSE,005,,STEPHAN WILLIAM MAZUR,0
LINCOLN,B102,US HOUSE,005,REPUBLICAN,HAROLD HAL ROGERS,314
LINCOLN,B102,US HOUSE,005,DEMOCRAT,CONOR HALBLEIB,41
LINCOLN,B102,US HOUSE,005,,STEPHAN WILLIAM MAZUR,0
LINCOLN,B103,US HOUSE,005,REPUBLICAN,HAROLD HAL ROGERS,276
LINCOLN,B103,US HOUSE,005,DEMOCRAT,CONOR HALBLEIB,42
LINCOLN,B103,US HOUSE,005,,STEPHAN WILLIAM MAZUR,0
LINCOLN,B104,US HOUSE,005,REPUBLICAN,HAROLD HAL ROGERS,473
LINCOLN,B104,US HOUSE,005,DEMOCRAT,CONOR HALBLEIB,96
LINCOLN,B104,US HOUSE,005,,STEPHAN WILLIAM MAZUR,0
LINCOLN,C101,US HOUSE,005,REPUBLICAN,HAROLD HAL ROGERS,445
LINCOLN,C101,US HOUSE,005,DEMOCRAT,CONOR HALBLEIB,73
LINCOLN,C101,US HOUSE,005,,STEPHAN WILLIAM MAZUR,0
LINCOLN,C102,US HOUSE,005,REPUBLICAN,HAROLD HAL ROGERS,287
LINCOLN,C102,US HOUSE,005,DEMOCRAT,CONOR HALBLEIB,32
LINCOLN,C102,US HOUSE,005,,STEPHAN WILLIAM MAZUR,0
LINCOLN,C103,US HOUSE,005,REPUBLICAN,HAROLD HAL ROGERS,245
LINCOLN,C103,US HOUSE,005,DEMOCRAT,CONOR HALBLEIB,42
LINCOLN,C103,US HOUSE,005,,STEPHAN WILLIAM MAZUR,1
LINCOLN,C104,US HOUSE,005,REPUBLICAN,HAROLD HAL ROGERS,665
LINCOLN,C104,US HOUSE,005,DEMOCRAT,CONOR HALBLEIB,107
LINCOLN,C104,US HOUSE,005,,STEPHAN WILLIAM MAZUR,0
LINCOLN,D101,US HOUSE,005,REPUBLICAN,HAROLD HAL ROGERS,278
LINCOLN,D101,US HOUSE,005,DEMOCRAT,CONOR HALBLEIB,59
LINCOLN,D101,US HOUSE,005,,STEPHAN WILLIAM MAZUR,0
LINCOLN,D102,US HOUSE,005,REPUBLICAN,HAROLD HAL ROGERS,225
LINCOLN,D102,US HOUSE,005,DEMOCRAT,CONOR HALBLEIB,49
LINCOLN,D102,US HOUSE,005,,STEPHAN WILLIAM MAZUR,0
LINCOLN,D103,US HOUSE,005,REPUBLICAN,HAROLD HAL ROGERS,728
LINCOLN,D103,US HOUSE,005,DEMOCRAT,CONOR HALBLEIB,143
LINCOLN,D103,US HOUSE,005,,STEPHAN WILLIAM MAZUR,0
LINCOLN,D105,US HOUSE,005,REPUBLICAN,HAROLD HAL ROGERS,195
LINCOLN,D105,US HOUSE,005,DEMOCRAT,CONOR HALBLEIB,37
LINCOLN,D105,US HOUSE,005,,STEPHAN WILLIAM MAZUR,0
LINCOLN,D106,US HOUSE,005,REPUBLICAN,HAROLD HAL ROGERS,161
LINCOLN,D106,US HOUSE,005,DEMOCRAT,CONOR HALBLEIB,28
LINCOLN,D106,US HOUSE,005,,STEPHAN WILLIAM MAZUR,0
LIVINGSTON,A101,US HOUSE,001,REPUBLICAN,JAMES R COMER,529
LIVINGSTON,A101,US HOUSE,001,DEMOCRAT,JIMMY C AUSBROOKS,135
LIVINGSTON,B101,US HOUSE,001,REPUBLICAN,JAMES R COMER,176
LIVINGSTON,B101,US HOUSE,001,DEMOCRAT,JIMMY C AUSBROOKS,33
LIVINGSTON,B102,US HOUSE,001,REPUBLICAN,JAMES R COMER,335
LIVINGSTON,B102,US HOUSE,001,DEMOCRAT,JIMMY C AUSBROOKS,79
LIVINGSTON,B103,US HOUSE,001,REPUBLICAN,JAMES R COMER,252
LIVINGSTON,B103,US HOUSE,001,DEMOCRAT,JIMMY C AUSBROOKS,74
LIVINGSTON,C101,US HOUSE,001,REPUBLICAN,JAMES R COMER,99
LIVINGSTON,C101,US HOUSE,001,DEMOCRAT,JIMMY C AUSBROOKS,13
LIVINGSTON,C102,US HOUSE,001,REPUBLICAN,JAMES R COMER,354
LIVINGSTON,C102,US HOUSE,001,DEMOCRAT,JIMMY C AUSBROOKS,53
LIVINGSTON,C103,US HOUSE,001,REPUBLICAN,JAMES R COMER,87
LIVINGSTON,C103,US HOUSE,001,DEMOCRAT,JIMMY C AUSBROOKS,18
LIVINGSTON,D101,US HOUSE,001,REPUBLICAN,JAMES R COMER,286
LIVINGSTON,D101,US HOUSE,001,DEMOCRAT,JIMMY C AUSBROOKS,50
LIVINGSTON,D102,US HOUSE,001,REPUBLICAN,JAMES R COMER,279
LIVINGSTON,D102,US HOUSE,001,DEMOCRAT,JIMMY C AUSBROOKS,48
LIVINGSTON,D103,US HOUSE,001,REPUBLICAN,JAMES R COMER,265
LIVINGSTON,D103,US HOUSE,001,DEMOCRAT,JIMMY C AUSBROOKS,39
LOGAN,A101,US HOUSE,001,REPUBLICAN,JAMES R COMER,190
LOGAN,A101,US HOUSE,001,DEMOCRAT,JIMMY C AUSBROOKS,88
LOGAN,A104,US HOUSE,001,REPUBLICAN,JAMES R COMER,682
LOGAN,A104,US HOUSE,001,DEMOCRAT,JIMMY C AUSBROOKS,134
LOGAN,A105,US HOUSE,001,REPUBLICAN,JAMES R COMER,183
LOGAN,A105,US HOUSE,001,DEMOCRAT,JIMMY C AUSBROOKS,88
LOGAN,B101,US HOUSE,001,REPUBLICAN,JAMES R COMER,251
LOGAN,B101,US HOUSE,001,DEMOCRAT,JIMMY C AUSBROOKS,75
LOGAN,B102,US HOUSE,001,DEMOCRAT,JIMMY C AUSBROOKS,81
LOGAN,B102,US HOUSE,001,REPUBLICAN,JAMES R COMER,78
LOGAN,B103,US HOUSE,001,REPUBLICAN,JAMES R COMER,510
LOGAN,B103,US HOUSE,001,DEMOCRAT,JIMMY C AUSBROOKS,139
LOGAN,B104,US HOUSE,001,REPUBLICAN,JAMES R COMER,209
LOGAN,B104,US HOUSE,001,DEMOCRAT,JIMMY C AUSBROOKS,95
LOGAN,C101,US HOUSE,001,REPUBLICAN,JAMES R COMER,343
LOGAN,C101,US HOUSE,001,DEMOCRAT,JIMMY C AUSBROOKS,87
LOGAN,C102,US HOUSE,001,REPUBLICAN,JAMES R COMER,262
LOGAN,C102,US HOUSE,001,DEMOCRAT,JIMMY C AUSBROOKS,61
LOGAN,C103,US HOUSE,001,REPUBLICAN,JAMES R COMER,187
LOGAN,C103,US HOUSE,001,DEMOCRAT,JIMMY C AUSBROOKS,79
LOGAN,C104,US HOUSE,001,REPUBLICAN,JAMES R COMER,266
LOGAN,C104,US HOUSE,001,DEMOCRAT,JIMMY C AUSBROOKS,40
LOGAN,D101,US HOUSE,001,REPUBLICAN,JAMES R COMER,450
LOGAN,D101,US HOUSE,001,DEMOCRAT,JIMMY C AUSBROOKS,83
LOGAN,D102,US HOUSE,001,REPUBLICAN,JAMES R COMER,493
LOGAN,D102,US HOUSE,001,DEMOCRAT,JIMMY C AUSBROOKS,107
LOGAN,D103,US HOUSE,001,REPUBLICAN,JAMES R COMER,287
LOGAN,D103,US HOUSE,001,DEMOCRAT,JIMMY C AUSBROOKS,31
LOGAN,E101,US HOUSE,001,REPUBLICAN,JAMES R COMER,216
LOGAN,E101,US HOUSE,001,DEMOCRAT,JIMMY C AUSBROOKS,46
LOGAN,E103,US HOUSE,001,REPUBLICAN,JAMES R COMER,402
LOGAN,E103,US HOUSE,001,DEMOCRAT,JIMMY C AUSBROOKS,83
LOGAN,F101,US HOUSE,001,DEMOCRAT,JIMMY C AUSBROOKS,137
LOGAN,F101,US HOUSE,001,REPUBLICAN,JAMES R COMER,90
LOGAN,F102,US HOUSE,001,REPUBLICAN,JAMES R COMER,593
LOGAN,F102,US HOUSE,001,DEMOCRAT,JIMMY C AUSBROOKS,168
LOGAN,F103,US HOUSE,001,REPUBLICAN,JAMES R COMER,261
LOGAN,F103,US HOUSE,001,DEMOCRAT,JIMMY C AUSBROOKS,127
LOGAN,E102,US HOUSE,002,REPUBLICAN,S BRETT GUTHRIE,576
LOGAN,E102,US HOUSE,002,DEMOCRAT,HANK LINDERMAN,183
LYON,A101,US HOUSE,001,REPUBLICAN,JAMES R COMER,422
LYON,A101,US HOUSE,001,DEMOCRAT,JIMMY C AUSBROOKS,110
LYON,A102,US HOUSE,001,REPUBLICAN,JAMES R COMER,430
LYON,A102,US HOUSE,001,DEMOCRAT,JIMMY C AUSBROOKS,142
LYON,B101,US HOUSE,001,REPUBLICAN,JAMES R COMER,354
LYON,B101,US HOUSE,001,DEMOCRAT,JIMMY C AUSBROOKS,104
LYON,B102,US HOUSE,001,REPUBLICAN,JAMES R COMER,471
LYON,B102,US HOUSE,001,DEMOCRAT,JIMMY C AUSBROOKS,102
LYON,C101,US HOUSE,001,REPUBLICAN,JAMES R COMER,399
LYON,C101,US HOUSE,001,DEMOCRAT,JIMMY C AUSBROOKS,134
LYON,C102,US HOUSE,001,REPUBLICAN,JAMES R COMER,416
LYON,C102,US HOUSE,001,DEMOCRAT,JIMMY C AUSBROOKS,130
MADISON,A101,US HOUSE,006,REPUBLICAN,ANDY BARR,458
MADISON,A101,US HOUSE,006,DEMOCRAT,GEOFFREY M GEOFF YOUNG,98
MADISON,A102,US HOUSE,006,REPUBLICAN,ANDY BARR,256
MADISON,A102,US HOUSE,006,DEMOCRAT,GEOFFREY M GEOFF YOUNG,211
MADISON,A103,US HOUSE,006,DEMOCRAT,GEOFFREY M GEOFF YOUNG,184
MADISON,A103,US HOUSE,006,REPUBLICAN,ANDY BARR,122
MADISON,A104,US HOUSE,006,REPUBLICAN,ANDY BARR,437
MADISON,A104,US HOUSE,006,DEMOCRAT,GEOFFREY M GEOFF YOUNG,259
MADISON,A105,US HOUSE,006,REPUBLICAN,ANDY BARR,381
MADISON,A105,US HOUSE,006,DEMOCRAT,GEOFFREY M GEOFF YOUNG,209
MADISON,A106,US HOUSE,006,REPUBLICAN,ANDY BARR,510
MADISON,A106,US HOUSE,006,DEMOCRAT,GEOFFREY M GEOFF YOUNG,323
MADISON,A107,US HOUSE,006,REPUBLICAN,ANDY BARR,493
MADISON,A107,US HOUSE,006,DEMOCRAT,GEOFFREY M GEOFF YOUNG,119
MADISON,A108,US HOUSE,006,REPUBLICAN,ANDY BARR,499
MADISON,A108,US HOUSE,006,DEMOCRAT,GEOFFREY M GEOFF YOUNG,145
MADISON,A109,US HOUSE,006,REPUBLICAN,ANDY BARR,798
MADISON,A109,US HOUSE,006,DEMOCRAT,GEOFFREY M GEOFF YOUNG,182
MADISON,A110,US HOUSE,006,REPUBLICAN,ANDY BARR,317
MADISON,A110,US HOUSE,006,DEMOCRAT,GEOFFREY M GEOFF YOUNG,92
MADISON,ABSE,US HOUSE,006,REPUBLICAN,ANDY BARR,993
MADISON,ABSE,US HOUSE,006,DEMOCRAT,GEOFFREY M GEOFF YOUNG,847
MADISON,B101,US HOUSE,006,REPUBLICAN,ANDY BARR,343
MADISON,B101,US HOUSE,006,DEMOCRAT,GEOFFREY M GEOFF YOUNG,255
MADISON,B102,US HOUSE,006,REPUBLICAN,ANDY BARR,415
MADISON,B102,US HOUSE,006,DEMOCRAT,GEOFFREY M GEOFF YOUNG,132
MADISON,B103,US HOUSE,006,REPUBLICAN,ANDY BARR,445
MADISON,B103,US HOUSE,006,DEMOCRAT,GEOFFREY M GEOFF YOUNG,219
MADISON,B104,US HOUSE,006,REPUBLICAN,ANDY BARR,510
MADISON,B104,US HOUSE,006,DEMOCRAT,GEOFFREY M GEOFF YOUNG,101
MADISON,B105,US HOUSE,006,REPUBLICAN,ANDY BARR,691
MADISON,B105,US HOUSE,006,DEMOCRAT,GEOFFREY M GEOFF YOUNG,373
MADISON,B106,US HOUSE,006,DEMOCRAT,GEOFFREY M GEOFF YOUNG,115
MADISON,B106,US HOUSE,006,REPUBLICAN,ANDY BARR,92
MADISON,B107,US HOUSE,006,REPUBLICAN,ANDY BARR,381
MADISON,B107,US HOUSE,006,DEMOCRAT,GEOFFREY M GEOFF YOUNG,292
MADISON,B108,US HOUSE,006,REPUBLICAN,ANDY BARR,387
MADISON,B108,US HOUSE,006,DEMOCRAT,GEOFFREY M GEOFF YOUNG,107
MADISON,B109,US HOUSE,006,REPUBLICAN,ANDY BARR,607
MADISON,B109,US HOUSE,006,DEMOCRAT,GEOFFREY M GEOFF YOUNG,190
MADISON,B110,US HOUSE,006,REPUBLICAN,ANDY BARR,638
MADISON,B110,US HOUSE,006,DEMOCRAT,GEOFFREY M GEOFF YOUNG,185
MADISON,B111,US HOUSE,006,REPUBLICAN,ANDY BARR,581
MADISON,B111,US HOUSE,006,DEMOCRAT,GEOFFREY M GEOFF YOUNG,216
MADISON,C101,US HOUSE,006,REPUBLICAN,ANDY BARR,4
MADISON,C101,US HOUSE,006,DEMOCRAT,GEOFFREY M GEOFF YOUNG,0
MADISON,C102,US HOUSE,006,REPUBLICAN,ANDY BARR,223
MADISON,C102,US HOUSE,006,DEMOCRAT,GEOFFREY M GEOFF YOUNG,52
MADISON,C103,US HOUSE,006,REPUBLICAN,ANDY BARR,621
MADISON,C103,US HOUSE,006,DEMOCRAT,GEOFFREY M GEOFF YOUNG,164
MADISON,C104,US HOUSE,006,REPUBLICAN,ANDY BARR,225
MADISON,C104,US HOUSE,006,DEMOCRAT,GEOFFREY M GEOFF YOUNG,39
MADISON,C105,US HOUSE,006,REPUBLICAN,ANDY BARR,392
MADISON,C105,US HOUSE,006,DEMOCRAT,GEOFFREY M GEOFF YOUNG,93
MADISON,C106,US HOUSE,006,REPUBLICAN,ANDY BARR,420
MADISON,C106,US HOUSE,006,DEMOCRAT,GEOFFREY M GEOFF YOUNG,76
MADISON,C107,US HOUSE,006,REPUBLICAN,ANDY BARR,731
MADISON,C107,US HOUSE,006,DEMOCRAT,GEOFFREY M GEOFF YOUNG,211
MADISON,C108,US HOUSE,006,REPUBLICAN,ANDY BARR,182
MADISON,C108,US HOUSE,006,DEMOCRAT,GEOFFREY M GEOFF YOUNG,72
MADISON,C109,US HOUSE,006,REPUBLICAN,ANDY BARR,615
MADISON,C109,US HOUSE,006,DEMOCRAT,GEOFFREY M GEOFF YOUNG,328
MADISON,C110,US HOUSE,006,REPUBLICAN,ANDY BARR,410
MADISON,C110,US HOUSE,006,DEMOCRAT,GEOFFREY M GEOFF YOUNG,367
MADISON,C112,US HOUSE,006,REPUBLICAN,ANDY BARR,363
MADISON,C112,US HOUSE,006,DEMOCRAT,GEOFFREY M GEOFF YOUNG,267
MADISON,C113,US HOUSE,006,REPUBLICAN,ANDY BARR,240
MADISON,C113,US HOUSE,006,DEMOCRAT,GEOFFREY M GEOFF YOUNG,201
MADISON,C114,US HOUSE,006,DEMOCRAT,GEOFFREY M GEOFF YOUNG,120
MADISON,C114,US HOUSE,006,REPUBLICAN,ANDY BARR,111
MADISON,D101,US HOUSE,006,REPUBLICAN,ANDY BARR,310
MADISON,D101,US HOUSE,006,DEMOCRAT,GEOFFREY M GEOFF YOUNG,41
MADISON,D102,US HOUSE,006,REPUBLICAN,ANDY BARR,388
MADISON,D102,US HOUSE,006,DEMOCRAT,GEOFFREY M GEOFF YOUNG,114
MADISON,D103,US HOUSE,006,REPUBLICAN,ANDY BARR,494
MADISON,D103,US HOUSE,006,DEMOCRAT,GEOFFREY M GEOFF YOUNG,169
MADISON,D104,US HOUSE,006,REPUBLICAN,ANDY BARR,66
MADISON,D104,US HOUSE,006,DEMOCRAT,GEOFFREY M GEOFF YOUNG,23
MADISON,D105,US HOUSE,006,REPUBLICAN,ANDY BARR,492
MADISON,D105,US HOUSE,006,DEMOCRAT,GEOFFREY M GEOFF YOUNG,221
MADISON,D106,US HOUSE,006,REPUBLICAN,ANDY BARR,613
MADISON,D106,US HOUSE,006,DEMOCRAT,GEOFFREY M GEOFF YOUNG,141
MADISON,D107,US HOUSE,006,REPUBLICAN,ANDY BARR,0
MADISON,D107,US HOUSE,006,DEMOCRAT,GEOFFREY M GEOFF YOUNG,0
MADISON,D108,US HOUSE,006,REPUBLICAN,ANDY BARR,764
MADISON,D108,US HOUSE,006,DEMOCRAT,GEOFFREY M GEOFF YOUNG,212
MADISON,D109,US HOUSE,006,REPUBLICAN,ANDY BARR,601
MADISON,D109,US HOUSE,006,DEMOCRAT,GEOFFREY M GEOFF YOUNG,288
MADISON,D110,US HOUSE,006,DEMOCRAT,GEOFFREY M GEOFF YOUNG,72
MADISON,D110,US HOUSE,006,REPUBLICAN,ANDY BARR,66
MADISON,D111,US HOUSE,006,REPUBLICAN,ANDY BARR,582
MADISON,D111,US HOUSE,006,DEMOCRAT,GEOFFREY M GEOFF YOUNG,246
MADISON,D112,US HOUSE,006,REPUBLICAN,ANDY BARR,528
MADISON,D112,US HOUSE,006,DEMOCRAT,GEOFFREY M GEOFF YOUNG,218
MADISON,D113,US HOUSE,006,REPUBLICAN,ANDY BARR,340
MADISON,D113,US HOUSE,006,DEMOCRAT,GEOFFREY M GEOFF YOUNG,139
MAGOFFIN,A101,US HOUSE,005,REPUBLICAN,HAROLD HAL ROGERS,270
MAGOFFIN,A101,US HOUSE,005,DEMOCRAT,CONOR HALBLEIB,79
MAGOFFIN,A102,US HOUSE,005,REPUBLICAN,HAROLD HAL ROGERS,298
MAGOFFIN,A102,US HOUSE,005,DEMOCRAT,CONOR HALBLEIB,64
MAGOFFIN,A103,US HOUSE,005,REPUBLICAN,HAROLD HAL ROGERS,189
MAGOFFIN,A103,US HOUSE,005,DEMOCRAT,CONOR HALBLEIB,40
MAGOFFIN,A104,US HOUSE,005,REPUBLICAN,HAROLD HAL ROGERS,383
MAGOFFIN,A104,US HOUSE,005,DEMOCRAT,CONOR HALBLEIB,92
MAGOFFIN,ABSE,US HOUSE,005,REPUBLICAN,HAROLD HAL ROGERS,494
MAGOFFIN,ABSE,US HOUSE,005,DEMOCRAT,CONOR HALBLEIB,167
MAGOFFIN,B101,US HOUSE,005,REPUBLICAN,HAROLD HAL ROGERS,331
MAGOFFIN,B101,US HOUSE,005,DEMOCRAT,CONOR HALBLEIB,108
MAGOFFIN,B102,US HOUSE,005,REPUBLICAN,HAROLD HAL ROGERS,301
MAGOFFIN,B102,US HOUSE,005,DEMOCRAT,CONOR HALBLEIB,60
MAGOFFIN,B103,US HOUSE,005,REPUBLICAN,HAROLD HAL ROGERS,143
MAGOFFIN,B103,US HOUSE,005,DEMOCRAT,CONOR HALBLEIB,20
MAGOFFIN,B104,US HOUSE,005,REPUBLICAN,HAROLD HAL ROGERS,206
MAGOFFIN,B104,US HOUSE,005,DEMOCRAT,CONOR HALBLEIB,38
MAGOFFIN,B105,US HOUSE,005,REPUBLICAN,HAROLD HAL ROGERS,136
MAGOFFIN,B105,US HOUSE,005,DEMOCRAT,CONOR HALBLEIB,52
MAGOFFIN,C101,US HOUSE,005,REPUBLICAN,HAROLD HAL ROGERS,225
MAGOFFIN,C101,US HOUSE,005,DEMOCRAT,CONOR HALBLEIB,48
MAGOFFIN,C102,US HOUSE,005,REPUBLICAN,HAROLD HAL ROGERS,170
MAGOFFIN,C102,US HOUSE,005,DEMOCRAT,CONOR HALBLEIB,46
MAGOFFIN,C103,US HOUSE,005,REPUBLICAN,HAROLD HAL ROGERS,229
MAGOFFIN,C103,US HOUSE,005,DEMOCRAT,CONOR HALBLEIB,42
MAGOFFIN,C104,US HOUSE,005,REPUBLICAN,HAROLD HAL ROGERS,232
MAGOFFIN,C104,US HOUSE,005,DEMOCRAT,CONOR HALBLEIB,59
MAGOFFIN,C105,US HOUSE,005,REPUBLICAN,HAROLD HAL ROGERS,281
MAGOFFIN,C105,US HOUSE,005,DEMOCRAT,CONOR HALBLEIB,42
MARION,A101,US HOUSE,001,REPUBLICAN,JAMES R COMER,213
MARION,A101,US HOUSE,001,DEMOCRAT,JIMMY C AUSBROOKS,56
MARION,A102,US HOUSE,001,REPUBLICAN,JAMES R COMER,236
MARION,A102,US HOUSE,001,DEMOCRAT,JIMMY C AUSBROOKS,45
MARION,A103,US HOUSE,001,REPUBLICAN,JAMES R COMER,275
MARION,A103,US HOUSE,001,DEMOCRAT,JIMMY C AUSBROOKS,75
MARION,A104,US HOUSE,001,REPUBLICAN,JAMES R COMER,134
MARION,A104,US HOUSE,001,DEMOCRAT,JIMMY C AUSBROOKS,121
MARION,C102,US HOUSE,001,REPUBLICAN,JAMES R COMER,304
MARION,C102,US HOUSE,001,DEMOCRAT,JIMMY C AUSBROOKS,244
MARION,C103,US HOUSE,001,REPUBLICAN,JAMES R COMER,203
MARION,C103,US HOUSE,001,DEMOCRAT,JIMMY C AUSBROOKS,104
MARION,C105,US HOUSE,001,REPUBLICAN,JAMES R COMER,157
MARION,C105,US HOUSE,001,DEMOCRAT,JIMMY C AUSBROOKS,42
MARION,D102,US HOUSE,001,REPUBLICAN,JAMES R COMER,395
MARION,D102,US HOUSE,001,DEMOCRAT,JIMMY C AUSBROOKS,161
MARION,D103,US HOUSE,001,REPUBLICAN,JAMES R COMER,319
MARION,D103,US HOUSE,001,DEMOCRAT,JIMMY C AUSBROOKS,105
MARION,D104,US HOUSE,001,REPUBLICAN,JAMES R COMER,121
MARION,D104,US HOUSE,001,DEMOCRAT,JIMMY C AUSBROOKS,99
MARION,E101,US HOUSE,001,REPUBLICAN,JAMES R COMER,194
MARION,E101,US HOUSE,001,DEMOCRAT,JIMMY C AUSBROOKS,65
MARION,E102,US HOUSE,001,REPUBLICAN,JAMES R COMER,302
MARION,E102,US HOUSE,001,DEMOCRAT,JIMMY C AUSBROOKS,130
MARION,E103,US HOUSE,001,REPUBLICAN,JAMES R COMER,387
MARION,E103,US HOUSE,001,DEMOCRAT,JIMMY C AUSBROOKS,152
MARION,H101,US HOUSE,001,REPUBLICAN,JAMES R COMER,257
MARION,H101,US HOUSE,001,DEMOCRAT,JIMMY C AUSBROOKS,145
MARION,H102,US HOUSE,001,REPUBLICAN,JAMES R COMER,203
MARION,H102,US HOUSE,001,DEMOCRAT,JIMMY C AUSBROOKS,77
MARION,H103,US HOUSE,001,REPUBLICAN,JAMES R COMER,154
MARION,H103,US HOUSE,001,DEMOCRAT,JIMMY C AUSBROOKS,53
MARION,H104,US HOUSE,001,REPUBLICAN,JAMES R COMER,191
MARION,H104,US HOUSE,001,DEMOCRAT,JIMMY C AUSBROOKS,90
MARSHALL,A101,US HOUSE,001,REPUBLICAN,JAMES R COMER,382
MARSHALL,A101,US HOUSE,001,DEMOCRAT,JIMMY C AUSBROOKS,161
MARSHALL,A102,US HOUSE,001,REPUBLICAN,JAMES R COMER,556
MARSHALL,A102,US HOUSE,001,DEMOCRAT,JIMMY C AUSBROOKS,132
MARSHALL,A103,US HOUSE,001,REPUBLICAN,JAMES R COMER,422
MARSHALL,A103,US HOUSE,001,DEMOCRAT,JIMMY C AUSBROOKS,186
MARSHALL,A104,US HOUSE,001,REPUBLICAN,JAMES R COMER,364
MARSHALL,A104,US HOUSE,001,DEMOCRAT,JIMMY C AUSBROOKS,67
MARSHALL,A105,US HOUSE,001,REPUBLICAN,JAMES R COMER,318
MARSHALL,A105,US HOUSE,001,DEMOCRAT,JIMMY C AUSBROOKS,102
MARSHALL,A106,US HOUSE,001,REPUBLICAN,JAMES R COMER,246
MARSHALL,A106,US HOUSE,001,DEMOCRAT,JIMMY C AUSBROOKS,50
MARSHALL,A107,US HOUSE,001,REPUBLICAN,JAMES R COMER,669
MARSHALL,A107,US HOUSE,001,DEMOCRAT,JIMMY C AUSBROOKS,168
MARSHALL,A108,US HOUSE,001,REPUBLICAN,JAMES R COMER,366
MARSHALL,A108,US HOUSE,001,DEMOCRAT,JIMMY C AUSBROOKS,72
MARSHALL,B101,US HOUSE,001,REPUBLICAN,JAMES R COMER,319
MARSHALL,B101,US HOUSE,001,DEMOCRAT,JIMMY C AUSBROOKS,70
MARSHALL,B102,US HOUSE,001,REPUBLICAN,JAMES R COMER,605
MARSHALL,B102,US HOUSE,001,DEMOCRAT,JIMMY C AUSBROOKS,145
MARSHALL,B103,US HOUSE,001,REPUBLICAN,JAMES R COMER,201
MARSHALL,B103,US HOUSE,001,DEMOCRAT,JIMMY C AUSBROOKS,78
MARSHALL,B104,US HOUSE,001,REPUBLICAN,JAMES R COMER,203
MARSHALL,B104,US HOUSE,001,DEMOCRAT,JIMMY C AUSBROOKS,83
MARSHALL,B105,US HOUSE,001,REPUBLICAN,JAMES R COMER,521
MARSHALL,B105,US HOUSE,001,DEMOCRAT,JIMMY C AUSBROOKS,87
MARSHALL,B106,US HOUSE,001,REPUBLICAN,JAMES R COMER,530
MARSHALL,B106,US HOUSE,001,DEMOCRAT,JIMMY C AUSBROOKS,108
MARSHALL,B107,US HOUSE,001,REPUBLICAN,JAMES R COMER,490
MARSHALL,B107,US HOUSE,001,DEMOCRAT,JIMMY C AUSBROOKS,120
MARSHALL,B108,US HOUSE,001,REPUBLICAN,JAMES R COMER,306
MARSHALL,B108,US HOUSE,001,DEMOCRAT,JIMMY C AUSBROOKS,91
MARSHALL,B109,US HOUSE,001,REPUBLICAN,JAMES R COMER,311
MARSHALL,B109,US HOUSE,001,DEMOCRAT,JIMMY C AUSBROOKS,87
MARSHALL,C101,US HOUSE,001,REPUBLICAN,JAMES R COMER,539
MARSHALL,C101,US HOUSE,001,DEMOCRAT,JIMMY C AUSBROOKS,128
MARSHALL,C102,US HOUSE,001,REPUBLICAN,JAMES R COMER,261
MARSHALL,C102,US HOUSE,001,DEMOCRAT,JIMMY C AUSBROOKS,69
MARSHALL,C103,US HOUSE,001,REPUBLICAN,JAMES R COMER,450
MARSHALL,C103,US HOUSE,001,DEMOCRAT,JIMMY C AUSBROOKS,126
MARSHALL,C104,US HOUSE,001,REPUBLICAN,JAMES R COMER,858
MARSHALL,C104,US HOUSE,001,DEMOCRAT,JIMMY C AUSBROOKS,186
MARSHALL,C105,US HOUSE,001,REPUBLICAN,JAMES R COMER,556
MARSHALL,C105,US HOUSE,001,DEMOCRAT,JIMMY C AUSBROOKS,126
MARSHALL,C106,US HOUSE,001,REPUBLICAN,JAMES R COMER,253
MARSHALL,C106,US HOUSE,001,DEMOCRAT,JIMMY C AUSBROOKS,83
MARSHALL,C107,US HOUSE,001,REPUBLICAN,JAMES R COMER,182
MARSHALL,C107,US HOUSE,001,DEMOCRAT,JIMMY C AUSBROOKS,43
MARSHALL,C108,US HOUSE,001,REPUBLICAN,JAMES R COMER,274
MARSHALL,C108,US HOUSE,001,DEMOCRAT,JIMMY C AUSBROOKS,113
MARTIN,A101,US HOUSE,005,REPUBLICAN,HAROLD HAL ROGERS,237
MARTIN,A101,US HOUSE,005,DEMOCRAT,CONOR HALBLEIB,21
MARTIN,A102,US HOUSE,005,REPUBLICAN,HAROLD HAL ROGERS,146
MARTIN,A102,US HOUSE,005,DEMOCRAT,CONOR HALBLEIB,9
MARTIN,A103,US HOUSE,005,REPUBLICAN,HAROLD HAL ROGERS,140
MARTIN,A103,US HOUSE,005,DEMOCRAT,CONOR HALBLEIB,7
MARTIN,ABSE,US HOUSE,005,REPUBLICAN,HAROLD HAL ROGERS,161
MARTIN,ABSE,US HOUSE,005,DEMOCRAT,CONOR HALBLEIB,26
MARTIN,B101,US HOUSE,005,REPUBLICAN,HAROLD HAL ROGERS,93
MARTIN,B101,US HOUSE,005,DEMOCRAT,CONOR HALBLEIB,8
MARTIN,B102,US HOUSE,005,REPUBLICAN,HAROLD HAL ROGERS,277
MARTIN,B102,US HOUSE,005,DEMOCRAT,CONOR HALBLEIB,17
MARTIN,B103,US HOUSE,005,REPUBLICAN,HAROLD HAL ROGERS,161
MARTIN,B103,US HOUSE,005,DEMOCRAT,CONOR HALBLEIB,9
MARTIN,C101,US HOUSE,005,REPUBLICAN,HAROLD HAL ROGERS,277
MARTIN,C101,US HOUSE,005,DEMOCRAT,CONOR HALBLEIB,26
MARTIN,C102,US HOUSE,005,REPUBLICAN,HAROLD HAL ROGERS,164
MARTIN,C102,US HOUSE,005,DEMOCRAT,CONOR HALBLEIB,13
MARTIN,D101,US HOUSE,005,REPUBLICAN,HAROLD HAL ROGERS,90
MARTIN,D101,US HOUSE,005,DEMOCRAT,CONOR HALBLEIB,4
MARTIN,D102,US HOUSE,005,REPUBLICAN,HAROLD HAL ROGERS,137
MARTIN,D102,US HOUSE,005,DEMOCRAT,CONOR HALBLEIB,14
MARTIN,D103,US HOUSE,005,REPUBLICAN,HAROLD HAL ROGERS,141
MARTIN,D103,US HOUSE,005,DEMOCRAT,CONOR HALBLEIB,5
MARTIN,D104,US HOUSE,005,REPUBLICAN,HAROLD HAL ROGERS,62
MARTIN,D104,US HOUSE,005,DEMOCRAT,CONOR HALBLEIB,0
MARTIN,E101,US HOUSE,005,REPUBLICAN,HAROLD HAL ROGERS,131
MARTIN,E101,US HOUSE,005,DEMOCRAT,CONOR HALBLEIB,10
MARTIN,E102,US HOUSE,005,REPUBLICAN,HAROLD HAL ROGERS,184
MARTIN,E102,US HOUSE,005,DEMOCRAT,CONOR HALBLEIB,25
MASON,A101,US HOUSE,004,DEMOCRAT,MATTHEW LEHMAN,154
MASON,A101,US HOUSE,004,REPUBLICAN,THOMAS MASSIE,121
MASON,A101,US HOUSE,004,INDEPENDENT,ETHAN KEITH OSBORNE,22
MASON,A103,US HOUSE,004,REPUBLICAN,THOMAS MASSIE,212
MASON,A103,US HOUSE,004,DEMOCRAT,MATTHEW LEHMAN,188
MASON,A103,US HOUSE,004,INDEPENDENT,ETHAN KEITH OSBORNE,21
MASON,A104,US HOUSE,004,REPUBLICAN,THOMAS MASSIE,154
MASON,A104,US HOUSE,004,DEMOCRAT,MATTHEW LEHMAN,107
MASON,A104,US HOUSE,004,INDEPENDENT,ETHAN KEITH OSBORNE,20
MASON,A105,US HOUSE,004,REPUBLICAN,THOMAS MASSIE,243
MASON,A105,US HOUSE,004,DEMOCRAT,MATTHEW LEHMAN,86
MASON,A105,US HOUSE,004,INDEPENDENT,ETHAN KEITH OSBORNE,13
MASON,B102,US HOUSE,004,REPUBLICAN,THOMAS MASSIE,245
MASON,B102,US HOUSE,004,DEMOCRAT,MATTHEW LEHMAN,45
MASON,B102,US HOUSE,004,INDEPENDENT,ETHAN KEITH OSBORNE,7
MASON,B104,US HOUSE,004,REPUBLICAN,THOMAS MASSIE,248
MASON,B104,US HOUSE,004,DEMOCRAT,MATTHEW LEHMAN,44
MASON,B104,US HOUSE,004,INDEPENDENT,ETHAN KEITH OSBORNE,5
MASON,B106,US HOUSE,004,REPUBLICAN,THOMAS MASSIE,465
MASON,B106,US HOUSE,004,DEMOCRAT,MATTHEW LEHMAN,118
MASON,B106,US HOUSE,004,INDEPENDENT,ETHAN KEITH OSBORNE,11
MASON,B107,US HOUSE,004,REPUBLICAN,THOMAS MASSIE,465
MASON,B107,US HOUSE,004,DEMOCRAT,MATTHEW LEHMAN,176
MASON,B107,US HOUSE,004,INDEPENDENT,ETHAN KEITH OSBORNE,12
MASON,B108,US HOUSE,004,REPUBLICAN,THOMAS MASSIE,516
MASON,B108,US HOUSE,004,DEMOCRAT,MATTHEW LEHMAN,201
MASON,B108,US HOUSE,004,INDEPENDENT,ETHAN KEITH OSBORNE,26
MASON,C102,US HOUSE,004,REPUBLICAN,THOMAS MASSIE,469
MASON,C102,US HOUSE,004,DEMOCRAT,MATTHEW LEHMAN,241
MASON,C102,US HOUSE,004,INDEPENDENT,ETHAN KEITH OSBORNE,28
MASON,C103,US HOUSE,004,REPUBLICAN,THOMAS MASSIE,270
MASON,C103,US HOUSE,004,DEMOCRAT,MATTHEW LEHMAN,68
MASON,C103,US HOUSE,004,INDEPENDENT,ETHAN KEITH OSBORNE,9
MASON,C104,US HOUSE,004,REPUBLICAN,THOMAS MASSIE,231
MASON,C104,US HOUSE,004,DEMOCRAT,MATTHEW LEHMAN,57
MASON,C104,US HOUSE,004,INDEPENDENT,ETHAN KEITH OSBORNE,11
MASON,C105,US HOUSE,004,REPUBLICAN,THOMAS MASSIE,377
MASON,C105,US HOUSE,004,DEMOCRAT,MATTHEW LEHMAN,70
MASON,C105,US HOUSE,004,INDEPENDENT,ETHAN KEITH OSBORNE,7
MCCRACKEN,A102,US HOUSE,001,DEMOCRAT,JIMMY C AUSBROOKS,185
MCCRACKEN,A102,US HOUSE,001,REPUBLICAN,JAMES R COMER,80
MCCRACKEN,A104,US HOUSE,001,DEMOCRAT,JIMMY C AUSBROOKS,96
MCCRACKEN,A104,US HOUSE,001,REPUBLICAN,JAMES R COMER,55
MCCRACKEN,A106,US HOUSE,001,REPUBLICAN,JAMES R COMER,69
MCCRACKEN,A106,US HOUSE,001,DEMOCRAT,JIMMY C AUSBROOKS,63
MCCRACKEN,A110,US HOUSE,001,REPUBLICAN,JAMES R COMER,447
MCCRACKEN,A110,US HOUSE,001,DEMOCRAT,JIMMY C AUSBROOKS,106
MCCRACKEN,A112,US HOUSE,001,REPUBLICAN,JAMES R COMER,517
MCCRACKEN,A112,US HOUSE,001,DEMOCRAT,JIMMY C AUSBROOKS,158
MCCRACKEN,A113,US HOUSE,001,REPUBLICAN,JAMES R COMER,388
MCCRACKEN,A113,US HOUSE,001,DEMOCRAT,JIMMY C AUSBROOKS,111
MCCRACKEN,A114,US HOUSE,001,REPUBLICAN,JAMES R COMER,332
MCCRACKEN,A114,US HOUSE,001,DEMOCRAT,JIMMY C AUSBROOKS,94
MCCRACKEN,A115,US HOUSE,001,REPUBLICAN,JAMES R COMER,173
MCCRACKEN,A115,US HOUSE,001,DEMOCRAT,JIMMY C AUSBROOKS,87
MCCRACKEN,A116,US HOUSE,001,REPUBLICAN,JAMES R COMER,361
MCCRACKEN,A116,US HOUSE,001,DEMOCRAT,JIMMY C AUSBROOKS,174
MCCRACKEN,A117,US HOUSE,001,REPUBLICAN,JAMES R COMER,39
MCCRACKEN,A117,US HOUSE,001,DEMOCRAT,JIMMY C AUSBROOKS,9
MCCRACKEN,A118,US HOUSE,001,REPUBLICAN,JAMES R COMER,524
MCCRACKEN,A118,US HOUSE,001,DEMOCRAT,JIMMY C AUSBROOKS,147
MCCRACKEN,A119,US HOUSE,001,DEMOCRAT,JIMMY C AUSBROOKS,166
MCCRACKEN,A119,US HOUSE,001,REPUBLICAN,JAMES R COMER,101
MCCRACKEN,A120,US HOUSE,001,REPUBLICAN,JAMES R COMER,354
MCCRACKEN,A120,US HOUSE,001,DEMOCRAT,JIMMY C AUSBROOKS,66
MCCRACKEN,A121,US HOUSE,001,REPUBLICAN,JAMES R COMER,216
MCCRACKEN,A121,US HOUSE,001,DEMOCRAT,JIMMY C AUSBROOKS,45
MCCRACKEN,A122,US HOUSE,001,REPUBLICAN,JAMES R COMER,524
MCCRACKEN,A122,US HOUSE,001,DEMOCRAT,JIMMY C AUSBROOKS,192
MCCRACKEN,A124,US HOUSE,001,REPUBLICAN,JAMES R COMER,269
MCCRACKEN,A124,US HOUSE,001,DEMOCRAT,JIMMY C AUSBROOKS,83
MCCRACKEN,A134,US HOUSE,001,REPUBLICAN,JAMES R COMER,409
MCCRACKEN,A134,US HOUSE,001,DEMOCRAT,JIMMY C AUSBROOKS,78
MCCRACKEN,B103,US HOUSE,001,DEMOCRAT,JIMMY C AUSBROOKS,173
MCCRACKEN,B103,US HOUSE,001,REPUBLICAN,JAMES R COMER,157
MCCRACKEN,B113,US HOUSE,001,REPUBLICAN,JAMES R COMER,184
MCCRACKEN,B113,US HOUSE,001,DEMOCRAT,JIMMY C AUSBROOKS,176
MCCRACKEN,B116,US HOUSE,001,DEMOCRAT,JIMMY C AUSBROOKS,122
MCCRACKEN,B116,US HOUSE,001,REPUBLICAN,JAMES R COMER,113
MCCRACKEN,B117,US HOUSE,001,REPUBLICAN,JAMES R COMER,496
MCCRACKEN,B117,US HOUSE,001,DEMOCRAT,JIMMY C AUSBROOKS,131
MCCRACKEN,B118,US HOUSE,001,REPUBLICAN,JAMES R COMER,242
MCCRACKEN,B118,US HOUSE,001,DEMOCRAT,JIMMY C AUSBROOKS,209
MCCRACKEN,B119,US HOUSE,001,REPUBLICAN,JAMES R COMER,282
MCCRACKEN,B119,US HOUSE,001,DEMOCRAT,JIMMY C AUSBROOKS,51
MCCRACKEN,B120,US HOUSE,001,REPUBLICAN,JAMES R COMER,325
MCCRACKEN,B120,US HOUSE,001,DEMOCRAT,JIMMY C AUSBROOKS,100
MCCRACKEN,B121,US HOUSE,001,REPUBLICAN,JAMES R COMER,344
MCCRACKEN,B121,US HOUSE,001,DEMOCRAT,JIMMY C AUSBROOKS,96
MCCRACKEN,B122,US HOUSE,001,REPUBLICAN,JAMES R COMER,296
MCCRACKEN,B122,US HOUSE,001,DEMOCRAT,JIMMY C AUSBROOKS,54
MCCRACKEN,B123,US HOUSE,001,REPUBLICAN,JAMES R COMER,273
MCCRACKEN,B123,US HOUSE,001,DEMOCRAT,JIMMY C AUSBROOKS,131
MCCRACKEN,B124,US HOUSE,001,REPUBLICAN,JAMES R COMER,377
MCCRACKEN,B124,US HOUSE,001,DEMOCRAT,JIMMY C AUSBROOKS,91
MCCRACKEN,B125,US HOUSE,001,REPUBLICAN,JAMES R COMER,546
MCCRACKEN,B125,US HOUSE,001,DEMOCRAT,JIMMY C AUSBROOKS,106
MCCRACKEN,B126,US HOUSE,001,REPUBLICAN,JAMES R COMER,248
MCCRACKEN,B126,US HOUSE,001,DEMOCRAT,JIMMY C AUSBROOKS,115
MCCRACKEN,B127,US HOUSE,001,REPUBLICAN,JAMES R COMER,393
MCCRACKEN,B127,US HOUSE,001,DEMOCRAT,JIMMY C AUSBROOKS,112
MCCRACKEN,B129,US HOUSE,001,REPUBLICAN,JAMES R COMER,23
MCCRACKEN,B129,US HOUSE,001,DEMOCRAT,JIMMY C AUSBROOKS,10
MCCRACKEN,B131,US HOUSE,001,DEMOCRAT,JIMMY C AUSBROOKS,210
MCCRACKEN,B131,US HOUSE,001,REPUBLICAN,JAMES R COMER,171
MCCRACKEN,B132,US HOUSE,001,REPUBLICAN,JAMES R COMER,251
MCCRACKEN,B132,US HOUSE,001,DEMOCRAT,JIMMY C AUSBROOKS,157
MCCRACKEN,B134,US HOUSE,001,REPUBLICAN,JAMES R COMER,391
MCCRACKEN,B134,US HOUSE,001,DEMOCRAT,JIMMY C AUSBROOKS,135
MCCRACKEN,B135,US HOUSE,001,REPUBLICAN,JAMES R COMER,381
MCCRACKEN,B135,US HOUSE,001,DEMOCRAT,JIMMY C AUSBROOKS,101
MCCRACKEN,C102,US HOUSE,001,DEMOCRAT,JIMMY C AUSBROOKS,207
MCCRACKEN,C102,US HOUSE,001,REPUBLICAN,JAMES R COMER,50
MCCRACKEN,C106,US HOUSE,001,REPUBLICAN,JAMES R COMER,80
MCCRACKEN,C106,US HOUSE,001,DEMOCRAT,JIMMY C AUSBROOKS,47
MCCRACKEN,C107,US HOUSE,001,REPUBLICAN,JAMES R COMER,547
MCCRACKEN,C107,US HOUSE,001,DEMOCRAT,JIMMY C AUSBROOKS,177
MCCRACKEN,C108,US HOUSE,001,REPUBLICAN,JAMES R COMER,747
MCCRACKEN,C108,US HOUSE,001,DEMOCRAT,JIMMY C AUSBROOKS,172
MCCRACKEN,C109,US HOUSE,001,REPUBLICAN,JAMES R COMER,378
MCCRACKEN,C109,US HOUSE,001,DEMOCRAT,JIMMY C AUSBROOKS,149
MCCRACKEN,C110,US HOUSE,001,REPUBLICAN,JAMES R COMER,741
MCCRACKEN,C110,US HOUSE,001,DEMOCRAT,JIMMY C AUSBROOKS,210
MCCRACKEN,C112,US HOUSE,001,REPUBLICAN,JAMES R COMER,549
MCCRACKEN,C112,US HOUSE,001,DEMOCRAT,JIMMY C AUSBROOKS,140
MCCRACKEN,C113,US HOUSE,001,REPUBLICAN,JAMES R COMER,469
MCCRACKEN,C113,US HOUSE,001,DEMOCRAT,JIMMY C AUSBROOKS,88
MCCRACKEN,C114,US HOUSE,001,REPUBLICAN,JAMES R COMER,299
MCCRACKEN,C114,US HOUSE,001,DEMOCRAT,JIMMY C AUSBROOKS,56
MCCRACKEN,C115,US HOUSE,001,REPUBLICAN,JAMES R COMER,148
MCCRACKEN,C115,US HOUSE,001,DEMOCRAT,JIMMY C AUSBROOKS,36
MCCRACKEN,C119,US HOUSE,001,DEMOCRAT,JIMMY C AUSBROOKS,110
MCCRACKEN,C119,US HOUSE,001,REPUBLICAN,JAMES R COMER,104
MCCRACKEN,C120,US HOUSE,001,DEMOCRAT,JIMMY C AUSBROOKS,168
MCCRACKEN,C120,US HOUSE,001,REPUBLICAN,JAMES R COMER,100
MCCRACKEN,C121,US HOUSE,001,DEMOCRAT,JIMMY C AUSBROOKS,165
MCCRACKEN,C121,US HOUSE,001,REPUBLICAN,JAMES R COMER,162
MCCRACKEN,C122,US HOUSE,001,REPUBLICAN,JAMES R COMER,300
MCCRACKEN,C122,US HOUSE,001,DEMOCRAT,JIMMY C AUSBROOKS,147
MCCRACKEN,C123,US HOUSE,001,REPUBLICAN,JAMES R COMER,402
MCCRACKEN,C123,US HOUSE,001,DEMOCRAT,JIMMY C AUSBROOKS,237
MCCRACKEN,C125,US HOUSE,001,DEMOCRAT,JIMMY C AUSBROOKS,186
MCCRACKEN,C125,US HOUSE,001,REPUBLICAN,JAMES R COMER,115
MCCRACKEN,C128,US HOUSE,001,REPUBLICAN,JAMES R COMER,276
MCCRACKEN,C128,US HOUSE,001,DEMOCRAT,JIMMY C AUSBROOKS,90
MCCRACKEN,C129,US HOUSE,001,REPUBLICAN,JAMES R COMER,205
MCCRACKEN,C129,US HOUSE,001,DEMOCRAT,JIMMY C AUSBROOKS,100
MCCREARY,A101,US HOUSE,005,REPUBLICAN,HAROLD HAL ROGERS,340
MCCREARY,A101,US HOUSE,005,DEMOCRAT,CONOR HALBLEIB,47
MCCREARY,A101,US HOUSE,005,,STEPHAN WILLIAM MAZUR,0
MCCREARY,A102,US HOUSE,005,REPUBLICAN,HAROLD HAL ROGERS,374
MCCREARY,A102,US HOUSE,005,DEMOCRAT,CONOR HALBLEIB,43
MCCREARY,A102,US HOUSE,005,,STEPHAN WILLIAM MAZUR,0
MCCREARY,A104,US HOUSE,005,REPUBLICAN,HAROLD HAL ROGERS,240
MCCREARY,A104,US HOUSE,005,DEMOCRAT,CONOR HALBLEIB,21
MCCREARY,A104,US HOUSE,005,,STEPHAN WILLIAM MAZUR,0
MCCREARY,A105,US HOUSE,005,REPUBLICAN,HAROLD HAL ROGERS,73
MCCREARY,A105,US HOUSE,005,DEMOCRAT,CONOR HALBLEIB,8
MCCREARY,A105,US HOUSE,005,,STEPHAN WILLIAM MAZUR,0
MCCREARY,B101,US HOUSE,005,REPUBLICAN,HAROLD HAL ROGERS,679
MCCREARY,B101,US HOUSE,005,DEMOCRAT,CONOR HALBLEIB,72
MCCREARY,B101,US HOUSE,005,,STEPHAN WILLIAM MAZUR,0
MCCREARY,B102,US HOUSE,005,REPUBLICAN,HAROLD HAL ROGERS,188
MCCREARY,B102,US HOUSE,005,DEMOCRAT,CONOR HALBLEIB,20
MCCREARY,B102,US HOUSE,005,,STEPHAN WILLIAM MAZUR,0
MCCREARY,B104,US HOUSE,005,REPUBLICAN,HAROLD HAL ROGERS,175
MCCREARY,B104,US HOUSE,005,DEMOCRAT,CONOR HALBLEIB,8
MCCREARY,B104,US HOUSE,005,,STEPHAN WILLIAM MAZUR,0
MCCREARY,D101,US HOUSE,005,REPUBLICAN,HAROLD HAL ROGERS,373
MCCREARY,D101,US HOUSE,005,DEMOCRAT,CONOR HALBLEIB,59
MCCREARY,D101,US HOUSE,005,,STEPHAN WILLIAM MAZUR,0
MCCREARY,D103,US HOUSE,005,REPUBLICAN,HAROLD HAL ROGERS,132
MCCREARY,D103,US HOUSE,005,DEMOCRAT,CONOR HALBLEIB,16
MCCREARY,D103,US HOUSE,005,,STEPHAN WILLIAM MAZUR,0
MCCREARY,D104,US HOUSE,005,REPUBLICAN,HAROLD HAL ROGERS,162
MCCREARY,D104,US HOUSE,005,DEMOCRAT,CONOR HALBLEIB,27
MCCREARY,D104,US HOUSE,005,,STEPHAN WILLIAM MAZUR,0
MCCREARY,D105,US HOUSE,005,REPUBLICAN,HAROLD HAL ROGERS,143
MCCREARY,D105,US HOUSE,005,DEMOCRAT,CONOR HALBLEIB,15
MCCREARY,D105,US HOUSE,005,,STEPHAN WILLIAM MAZUR,0
MCCREARY,D106,US HOUSE,005,REPUBLICAN,HAROLD HAL ROGERS,83
MCCREARY,D106,US HOUSE,005,DEMOCRAT,CONOR HALBLEIB,11
MCCREARY,D106,US HOUSE,005,,STEPHAN WILLIAM MAZUR,0
MCCREARY,F103,US HOUSE,005,REPUBLICAN,HAROLD HAL ROGERS,146
MCCREARY,F103,US HOUSE,005,DEMOCRAT,CONOR HALBLEIB,20
MCCREARY,F103,US HOUSE,005,,STEPHAN WILLIAM MAZUR,0
MCCREARY,F104,US HOUSE,005,REPUBLICAN,HAROLD HAL ROGERS,333
MCCREARY,F104,US HOUSE,005,DEMOCRAT,CONOR HALBLEIB,61
MCCREARY,F104,US HOUSE,005,,STEPHAN WILLIAM MAZUR,0
MCCREARY,F105,US HOUSE,005,REPUBLICAN,HAROLD HAL ROGERS,176
MCCREARY,F105,US HOUSE,005,DEMOCRAT,CONOR HALBLEIB,18
MCCREARY,F105,US HOUSE,005,,STEPHAN WILLIAM MAZUR,0
MCCREARY,F106,US HOUSE,005,REPUBLICAN,HAROLD HAL ROGERS,62
MCCREARY,F106,US HOUSE,005,DEMOCRAT,CONOR HALBLEIB,11
MCCREARY,F106,US HOUSE,005,,STEPHAN WILLIAM MAZUR,0
MCCREARY,F108,US HOUSE,005,REPUBLICAN,HAROLD HAL ROGERS,150
MCCREARY,F108,US HOUSE,005,DEMOCRAT,CONOR HALBLEIB,5
MCCREARY,F108,US HOUSE,005,,STEPHAN WILLIAM MAZUR,0
MCCREARY,F109,US HOUSE,005,REPUBLICAN,HAROLD HAL ROGERS,82
MCCREARY,F109,US HOUSE,005,DEMOCRAT,CONOR HALBLEIB,4
MCCREARY,F109,US HOUSE,005,,STEPHAN WILLIAM MAZUR,0
MCLEAN,A101,US HOUSE,002,REPUBLICAN,S BRETT GUTHRIE,178
MCLEAN,A101,US HOUSE,002,DEMOCRAT,HANK LINDERMAN,32
MCLEAN,A102,US HOUSE,002,REPUBLICAN,S BRETT GUTHRIE,422
MCLEAN,A102,US HOUSE,002,DEMOCRAT,HANK LINDERMAN,123
MCLEAN,B101,US HOUSE,002,REPUBLICAN,S BRETT GUTHRIE,346
MCLEAN,B101,US HOUSE,002,DEMOCRAT,HANK LINDERMAN,130
MCLEAN,B102,US HOUSE,002,REPUBLICAN,S BRETT GUTHRIE,267
MCLEAN,B102,US HOUSE,002,DEMOCRAT,HANK LINDERMAN,110
MCLEAN,C101,US HOUSE,002,REPUBLICAN,S BRETT GUTHRIE,389
MCLEAN,C101,US HOUSE,002,DEMOCRAT,HANK LINDERMAN,97
MCLEAN,C102,US HOUSE,002,REPUBLICAN,S BRETT GUTHRIE,412
MCLEAN,C102,US HOUSE,002,DEMOCRAT,HANK LINDERMAN,101
MCLEAN,D101,US HOUSE,002,REPUBLICAN,S BRETT GUTHRIE,438
MCLEAN,D101,US HOUSE,002,DEMOCRAT,HANK LINDERMAN,105
MCLEAN,D102,US HOUSE,002,REPUBLICAN,S BRETT GUTHRIE,373
MCLEAN,D102,US HOUSE,002,DEMOCRAT,HANK LINDERMAN,97
MEADE,A101,US HOUSE,002,REPUBLICAN,S BRETT GUTHRIE,330
MEADE,A101,US HOUSE,002,DEMOCRAT,HANK LINDERMAN,101
MEADE,A102,US HOUSE,002,REPUBLICAN,S BRETT GUTHRIE,260
MEADE,A102,US HOUSE,002,DEMOCRAT,HANK LINDERMAN,103
MEADE,B101,US HOUSE,002,REPUBLICAN,S BRETT GUTHRIE,482
MEADE,B101,US HOUSE,002,DEMOCRAT,HANK LINDERMAN,173
MEADE,B102,US HOUSE,002,REPUBLICAN,S BRETT GUTHRIE,546
MEADE,B102,US HOUSE,002,DEMOCRAT,HANK LINDERMAN,252
MEADE,B103,US HOUSE,002,REPUBLICAN,S BRETT GUTHRIE,317
MEADE,B103,US HOUSE,002,DEMOCRAT,HANK LINDERMAN,69
MEADE,C101,US HOUSE,002,REPUBLICAN,S BRETT GUTHRIE,470
MEADE,C101,US HOUSE,002,DEMOCRAT,HANK LINDERMAN,130
MEADE,C102,US HOUSE,002,REPUBLICAN,S BRETT GUTHRIE,453
MEADE,C102,US HOUSE,002,DEMOCRAT,HANK LINDERMAN,105
MEADE,C103,US HOUSE,002,REPUBLICAN,S BRETT GUTHRIE,377
MEADE,C103,US HOUSE,002,DEMOCRAT,HANK LINDERMAN,125
MEADE,D101,US HOUSE,002,REPUBLICAN,S BRETT GUTHRIE,446
MEADE,D101,US HOUSE,002,DEMOCRAT,HANK LINDERMAN,196
MEADE,D102,US HOUSE,002,REPUBLICAN,S BRETT GUTHRIE,444
MEADE,D102,US HOUSE,002,DEMOCRAT,HANK LINDERMAN,154
MEADE,D103,US HOUSE,002,REPUBLICAN,S BRETT GUTHRIE,230
MEADE,D103,US HOUSE,002,DEMOCRAT,HANK LINDERMAN,108
MEADE,E101,US HOUSE,002,REPUBLICAN,S BRETT GUTHRIE,405
MEADE,E101,US HOUSE,002,DEMOCRAT,HANK LINDERMAN,125
MEADE,E102,US HOUSE,002,REPUBLICAN,S BRETT GUTHRIE,420
MEADE,E102,US HOUSE,002,DEMOCRAT,HANK LINDERMAN,104
MEADE,E103,US HOUSE,002,REPUBLICAN,S BRETT GUTHRIE,452
MEADE,E103,US HOUSE,002,DEMOCRAT,HANK LINDERMAN,131
MEADE,F101,US HOUSE,002,REPUBLICAN,S BRETT GUTHRIE,297
MEADE,F101,US HOUSE,002,DEMOCRAT,HANK LINDERMAN,103
MEADE,F102,US HOUSE,002,REPUBLICAN,S BRETT GUTHRIE,232
MEADE,F102,US HOUSE,002,DEMOCRAT,HANK LINDERMAN,89
MEADE,F103,US HOUSE,002,REPUBLICAN,S BRETT GUTHRIE,382
MEADE,F103,US HOUSE,002,DEMOCRAT,HANK LINDERMAN,105
MEADE,F104,US HOUSE,002,REPUBLICAN,S BRETT GUTHRIE,279
MEADE,F104,US HOUSE,002,DEMOCRAT,HANK LINDERMAN,64
MEADE,F105,US HOUSE,002,REPUBLICAN,S BRETT GUTHRIE,334
MEADE,F105,US HOUSE,002,DEMOCRAT,HANK LINDERMAN,110
MENIFEE,A101,US HOUSE,005,REPUBLICAN,HAROLD HAL ROGERS,161
MENIFEE,A101,US HOUSE,005,DEMOCRAT,CONOR HALBLEIB,54
MENIFEE,A102,US HOUSE,005,REPUBLICAN,HAROLD HAL ROGERS,168
MENIFEE,A102,US HOUSE,005,DEMOCRAT,CONOR HALBLEIB,28
MENIFEE,ABSE,US HOUSE,005,REPUBLICAN,HAROLD HAL ROGERS,184
MENIFEE,ABSE,US HOUSE,005,DEMOCRAT,CONOR HALBLEIB,95
MENIFEE,B101,US HOUSE,005,REPUBLICAN,HAROLD HAL ROGERS,377
MENIFEE,B101,US HOUSE,005,DEMOCRAT,CONOR HALBLEIB,137
MENIFEE,C101,US HOUSE,005,REPUBLICAN,HAROLD HAL ROGERS,293
MENIFEE,C101,US HOUSE,005,DEMOCRAT,CONOR HALBLEIB,54
MENIFEE,D101,US HOUSE,005,REPUBLICAN,HAROLD HAL ROGERS,289
MENIFEE,D101,US HOUSE,005,DEMOCRAT,CONOR HALBLEIB,62
MENIFEE,E101,US HOUSE,005,REPUBLICAN,HAROLD HAL ROGERS,255
MENIFEE,E101,US HOUSE,005,DEMOCRAT,CONOR HALBLEIB,66
MERCER,A101,US HOUSE,006,REPUBLICAN,ANDY BARR,677
MERCER,A101,US HOUSE,006,DEMOCRAT,GEOFFREY M GEOFF YOUNG,163
MERCER,A101,US HOUSE,006,,MAURICE RANDALL CRAVENS II,10
MERCER,A101,US HOUSE,006,,MAXWELL KEITH FROEDGE,0
MERCER,A102,US HOUSE,006,REPUBLICAN,ANDY BARR,98
MERCER,A102,US HOUSE,006,DEMOCRAT,GEOFFREY M GEOFF YOUNG,21
MERCER,A102,US HOUSE,006,,MAURICE RANDALL CRAVENS II,0
MERCER,A102,US HOUSE,006,,MAXWELL KEITH FROEDGE,0
MERCER,A103,US HOUSE,006,REPUBLICAN,ANDY BARR,337
MERCER,A103,US HOUSE,006,DEMOCRAT,GEOFFREY M GEOFF YOUNG,70
MERCER,A103,US HOUSE,006,,MAURICE RANDALL CRAVENS II,1
MERCER,A103,US HOUSE,006,,MAXWELL KEITH FROEDGE,0
MERCER,A104,US HOUSE,006,REPUBLICAN,ANDY BARR,104
MERCER,A104,US HOUSE,006,DEMOCRAT,GEOFFREY M GEOFF YOUNG,26
MERCER,A104,US HOUSE,006,,MAURICE RANDALL CRAVENS II,2
MERCER,A104,US HOUSE,006,,MAXWELL KEITH FROEDGE,0
MERCER,C101,US HOUSE,006,REPUBLICAN,ANDY BARR,220
MERCER,C101,US HOUSE,006,DEMOCRAT,GEOFFREY M GEOFF YOUNG,23
MERCER,C101,US HOUSE,006,,MAURICE RANDALL CRAVENS II,2
MERCER,C101,US HOUSE,006,,MAXWELL KEITH FROEDGE,0
MERCER,C102,US HOUSE,006,REPUBLICAN,ANDY BARR,504
MERCER,C102,US HOUSE,006,DEMOCRAT,GEOFFREY M GEOFF YOUNG,111
MERCER,C102,US HOUSE,006,,MAURICE RANDALL CRAVENS II,9
MERCER,C102,US HOUSE,006,,MAXWELL KEITH FROEDGE,0
MERCER,C104,US HOUSE,006,REPUBLICAN,ANDY BARR,387
MERCER,C104,US HOUSE,006,DEMOCRAT,GEOFFREY M GEOFF YOUNG,79
MERCER,C104,US HOUSE,006,,MAURICE RANDALL CRAVENS II,5
MERCER,C104,US HOUSE,006,,MAXWELL KEITH FROEDGE,0
MERCER,C105,US HOUSE,006,REPUBLICAN,ANDY BARR,126
MERCER,C105,US HOUSE,006,DEMOCRAT,GEOFFREY M GEOFF YOUNG,29
MERCER,C105,US HOUSE,006,,MAURICE RANDALL CRAVENS II,4
MERCER,C105,US HOUSE,006,,MAXWELL KEITH FROEDGE,0
MERCER,D101,US HOUSE,006,REPUBLICAN,ANDY BARR,564
MERCER,D101,US HOUSE,006,DEMOCRAT,GEOFFREY M GEOFF YOUNG,107
MERCER,D101,US HOUSE,006,,MAURICE RANDALL CRAVENS II,9
MERCER,D101,US HOUSE,006,,MAXWELL KEITH FROEDGE,0
MERCER,D102,US HOUSE,006,REPUBLICAN,ANDY BARR,537
MERCER,D102,US HOUSE,006,DEMOCRAT,GEOFFREY M GEOFF YOUNG,111
MERCER,D102,US HOUSE,006,,MAURICE RANDALL CRAVENS II,7
MERCER,D102,US HOUSE,006,,MAXWELL KEITH FROEDGE,0
MERCER,D103,US HOUSE,006,REPUBLICAN,ANDY BARR,249
MERCER,D103,US HOUSE,006,DEMOCRAT,GEOFFREY M GEOFF YOUNG,91
MERCER,D103,US HOUSE,006,,MAURICE RANDALL CRAVENS II,3
MERCER,D103,US HOUSE,006,,MAXWELL KEITH FROEDGE,0
MERCER,E101,US HOUSE,006,REPUBLICAN,ANDY BARR,767
MERCER,E101,US HOUSE,006,DEMOCRAT,GEOFFREY M GEOFF YOUNG,206
MERCER,E101,US HOUSE,006,,MAURICE RANDALL CRAVENS II,16
MERCER,E101,US HOUSE,006,,MAXWELL KEITH FROEDGE,0
MERCER,E102,US HOUSE,006,REPUBLICAN,ANDY BARR,399
MERCER,E102,US HOUSE,006,DEMOCRAT,GEOFFREY M GEOFF YOUNG,143
MERCER,E102,US HOUSE,006,,MAURICE RANDALL CRAVENS II,4
MERCER,E102,US HOUSE,006,,MAXWELL KEITH FROEDGE,0
MERCER,F101,US HOUSE,006,REPUBLICAN,ANDY BARR,238
MERCER,F101,US HOUSE,006,DEMOCRAT,GEOFFREY M GEOFF YOUNG,110
MERCER,F101,US HOUSE,006,,MAURICE RANDALL CRAVENS II,2
MERCER,F101,US HOUSE,006,,MAXWELL KEITH FROEDGE,0
MERCER,F102,US HOUSE,006,REPUBLICAN,ANDY BARR,379
MERCER,F102,US HOUSE,006,DEMOCRAT,GEOFFREY M GEOFF YOUNG,133
MERCER,F102,US HOUSE,006,,MAURICE RANDALL CRAVENS II,2
MERCER,F102,US HOUSE,006,,MAXWELL KEITH FROEDGE,0
MERCER,G101,US HOUSE,006,REPUBLICAN,ANDY BARR,477
MERCER,G101,US HOUSE,006,DEMOCRAT,GEOFFREY M GEOFF YOUNG,185
MERCER,G101,US HOUSE,006,,MAURICE RANDALL CRAVENS II,9
MERCER,G101,US HOUSE,006,,MAXWELL KEITH FROEDGE,0
MERCER,G102,US HOUSE,006,REPUBLICAN,ANDY BARR,336
MERCER,G102,US HOUSE,006,DEMOCRAT,GEOFFREY M GEOFF YOUNG,138
MERCER,G102,US HOUSE,006,,MAURICE RANDALL CRAVENS II,9
MERCER,G102,US HOUSE,006,,MAXWELL KEITH FROEDGE,0
METCALFE,A101,US HOUSE,001,REPUBLICAN,JAMES R COMER,466
METCALFE,A101,US HOUSE,001,DEMOCRAT,JIMMY C AUSBROOKS,138
METCALFE,A102,US HOUSE,001,REPUBLICAN,JAMES R COMER,455
METCALFE,A102,US HOUSE,001,DEMOCRAT,JIMMY C AUSBROOKS,104
METCALFE,A103,US HOUSE,001,REPUBLICAN,JAMES R COMER,585
METCALFE,A103,US HOUSE,001,DEMOCRAT,JIMMY C AUSBROOKS,64
METCALFE,A104,US HOUSE,001,REPUBLICAN,JAMES R COMER,174
METCALFE,A104,US HOUSE,001,DEMOCRAT,JIMMY C AUSBROOKS,48
METCALFE,B101,US HOUSE,001,REPUBLICAN,JAMES R COMER,180
METCALFE,B101,US HOUSE,001,DEMOCRAT,JIMMY C AUSBROOKS,41
METCALFE,B102,US HOUSE,001,REPUBLICAN,JAMES R COMER,81
METCALFE,B102,US HOUSE,001,DEMOCRAT,JIMMY C AUSBROOKS,6
METCALFE,B103,US HOUSE,001,REPUBLICAN,JAMES R COMER,215
METCALFE,B103,US HOUSE,001,DEMOCRAT,JIMMY C AUSBROOKS,44
METCALFE,B104,US HOUSE,001,REPUBLICAN,JAMES R COMER,197
METCALFE,B104,US HOUSE,001,DEMOCRAT,JIMMY C AUSBROOKS,59
METCALFE,C101,US HOUSE,001,REPUBLICAN,JAMES R COMER,288
METCALFE,C101,US HOUSE,001,DEMOCRAT,JIMMY C AUSBROOKS,47
METCALFE,C102,US HOUSE,001,REPUBLICAN,JAMES R COMER,173
METCALFE,C102,US HOUSE,001,DEMOCRAT,JIMMY C AUSBROOKS,43
METCALFE,D101,US HOUSE,001,REPUBLICAN,JAMES R COMER,324
METCALFE,D101,US HOUSE,001,DEMOCRAT,JIMMY C AUSBROOKS,58
METCALFE,D102,US HOUSE,001,REPUBLICAN,JAMES R COMER,167
METCALFE,D102,US HOUSE,001,DEMOCRAT,JIMMY C AUSBROOKS,29
MONROE,A101,US HOUSE,001,REPUBLICAN,JAMES R COMER,133
MONROE,A101,US HOUSE,001,DEMOCRAT,JIMMY C AUSBROOKS,15
MONROE,A102,US HOUSE,001,REPUBLICAN,JAMES R COMER,473
MONROE,A102,US HOUSE,001,DEMOCRAT,JIMMY C AUSBROOKS,31
MONROE,A103,US HOUSE,001,REPUBLICAN,JAMES R COMER,74
MONROE,A103,US HOUSE,001,DEMOCRAT,JIMMY C AUSBROOKS,6
MONROE,B101,US HOUSE,001,REPUBLICAN,JAMES R COMER,427
MONROE,B101,US HOUSE,001,DEMOCRAT,JIMMY C AUSBROOKS,15
MONROE,B102,US HOUSE,001,REPUBLICAN,JAMES R COMER,234
MONROE,B102,US HOUSE,001,DEMOCRAT,JIMMY C AUSBROOKS,32
MONROE,C101,US HOUSE,001,REPUBLICAN,JAMES R COMER,397
MONROE,C101,US HOUSE,001,DEMOCRAT,JIMMY C AUSBROOKS,15
MONROE,C102,US HOUSE,001,REPUBLICAN,JAMES R COMER,190
MONROE,C102,US HOUSE,001,DEMOCRAT,JIMMY C AUSBROOKS,6
MONROE,C103,US HOUSE,001,REPUBLICAN,JAMES R COMER,264
MONROE,C103,US HOUSE,001,DEMOCRAT,JIMMY C AUSBROOKS,20
MONROE,D101,US HOUSE,001,REPUBLICAN,JAMES R COMER,310
MONROE,D101,US HOUSE,001,DEMOCRAT,JIMMY C AUSBROOKS,34
MONROE,D102,US HOUSE,001,REPUBLICAN,JAMES R COMER,412
MONROE,D102,US HOUSE,001,DEMOCRAT,JIMMY C AUSBROOKS,43
MONROE,E101,US HOUSE,001,REPUBLICAN,JAMES R COMER,284
MONROE,E101,US HOUSE,001,DEMOCRAT,JIMMY C AUSBROOKS,37
MONROE,E102,US HOUSE,001,REPUBLICAN,JAMES R COMER,363
MONROE,E102,US HOUSE,001,DEMOCRAT,JIMMY C AUSBROOKS,29
MONTGOMERY,A101,US HOUSE,006,REPUBLICAN,ANDY BARR,146
MONTGOMERY,A101,US HOUSE,006,DEMOCRAT,GEOFFREY M GEOFF YOUNG,73
MONTGOMERY,A101,US HOUSE,006,,MAURICE RANDALL CRAVENS II,4
MONTGOMERY,A101,US HOUSE,006,,MAXWELL KEITH FROEDGE,0
MONTGOMERY,A102,US HOUSE,006,REPUBLICAN,ANDY BARR,242
MONTGOMERY,A102,US HOUSE,006,DEMOCRAT,GEOFFREY M GEOFF YOUNG,89
MONTGOMERY,A102,US HOUSE,006,,MAURICE RANDALL CRAVENS II,22
MONTGOMERY,A102,US HOUSE,006,,MAXWELL KEITH FROEDGE,0
MONTGOMERY,A103,US HOUSE,006,REPUBLICAN,ANDY BARR,381
MONTGOMERY,A103,US HOUSE,006,DEMOCRAT,GEOFFREY M GEOFF YOUNG,140
MONTGOMERY,A103,US HOUSE,006,,MAURICE RANDALL CRAVENS II,3
MONTGOMERY,A103,US HOUSE,006,,MAXWELL KEITH FROEDGE,0
MONTGOMERY,A104,US HOUSE,006,REPUBLICAN,ANDY BARR,286
MONTGOMERY,A104,US HOUSE,006,DEMOCRAT,GEOFFREY M GEOFF YOUNG,113
MONTGOMERY,A104,US HOUSE,006,,MAURICE RANDALL CRAVENS II,17
MONTGOMERY,A104,US HOUSE,006,,MAXWELL KEITH FROEDGE,0
MONTGOMERY,A105,US HOUSE,006,DEMOCRAT,GEOFFREY M GEOFF YOUNG,81
MONTGOMERY,A105,US HOUSE,006,REPUBLICAN,ANDY BARR,41
MONTGOMERY,A105,US HOUSE,006,,MAURICE RANDALL CRAVENS II,0
MONTGOMERY,A105,US HOUSE,006,,MAXWELL KEITH FROEDGE,0
MONTGOMERY,A106,US HOUSE,006,REPUBLICAN,ANDY BARR,286
MONTGOMERY,A106,US HOUSE,006,DEMOCRAT,GEOFFREY M GEOFF YOUNG,131
MONTGOMERY,A106,US HOUSE,006,,MAURICE RANDALL CRAVENS II,6
MONTGOMERY,A106,US HOUSE,006,,MAXWELL KEITH FROEDGE,0
MONTGOMERY,B101,US HOUSE,006,REPUBLICAN,ANDY BARR,485
MONTGOMERY,B101,US HOUSE,006,DEMOCRAT,GEOFFREY M GEOFF YOUNG,78
MONTGOMERY,B101,US HOUSE,006,,MAURICE RANDALL CRAVENS II,1
MONTGOMERY,B101,US HOUSE,006,,MAXWELL KEITH FROEDGE,0
MONTGOMERY,B102,US HOUSE,006,REPUBLICAN,ANDY BARR,562
MONTGOMERY,B102,US HOUSE,006,DEMOCRAT,GEOFFREY M GEOFF YOUNG,94
MONTGOMERY,B102,US HOUSE,006,,MAURICE RANDALL CRAVENS II,4
MONTGOMERY,B102,US HOUSE,006,,MAXWELL KEITH FROEDGE,1
MONTGOMERY,B103,US HOUSE,006,REPUBLICAN,ANDY BARR,380
MONTGOMERY,B103,US HOUSE,006,DEMOCRAT,GEOFFREY M GEOFF YOUNG,106
MONTGOMERY,B103,US HOUSE,006,,MAURICE RANDALL CRAVENS II,1
MONTGOMERY,B103,US HOUSE,006,,MAXWELL KEITH FROEDGE,0
MONTGOMERY,B104,US HOUSE,006,REPUBLICAN,ANDY BARR,499
MONTGOMERY,B104,US HOUSE,006,DEMOCRAT,GEOFFREY M GEOFF YOUNG,158
MONTGOMERY,B104,US HOUSE,006,,MAURICE RANDALL CRAVENS II,17
MONTGOMERY,B104,US HOUSE,006,,MAXWELL KEITH FROEDGE,0
MONTGOMERY,B105,US HOUSE,006,REPUBLICAN,ANDY BARR,474
MONTGOMERY,B105,US HOUSE,006,DEMOCRAT,GEOFFREY M GEOFF YOUNG,89
MONTGOMERY,B105,US HOUSE,006,,MAURICE RANDALL CRAVENS II,2
MONTGOMERY,B105,US HOUSE,006,,MAXWELL KEITH FROEDGE,0
MONTGOMERY,B107,US HOUSE,006,REPUBLICAN,ANDY BARR,474
MONTGOMERY,B107,US HOUSE,006,DEMOCRAT,GEOFFREY M GEOFF YOUNG,104
MONTGOMERY,B107,US HOUSE,006,,MAURICE RANDALL CRAVENS II,0
MONTGOMERY,B107,US HOUSE,006,,MAXWELL KEITH FROEDGE,0
MONTGOMERY,B108,US HOUSE,006,REPUBLICAN,ANDY BARR,477
MONTGOMERY,B108,US HOUSE,006,DEMOCRAT,GEOFFREY M GEOFF YOUNG,135
MONTGOMERY,B108,US HOUSE,006,,MAURICE RANDALL CRAVENS II,3
MONTGOMERY,B108,US HOUSE,006,,MAXWELL KEITH FROEDGE,0
MONTGOMERY,C101,US HOUSE,006,REPUBLICAN,ANDY BARR,258
MONTGOMERY,C101,US HOUSE,006,DEMOCRAT,GEOFFREY M GEOFF YOUNG,47
MONTGOMERY,C101,US HOUSE,006,,MAURICE RANDALL CRAVENS II,1
MONTGOMERY,C101,US HOUSE,006,,MAXWELL KEITH FROEDGE,0
MONTGOMERY,C102,US HOUSE,006,REPUBLICAN,ANDY BARR,467
MONTGOMERY,C102,US HOUSE,006,DEMOCRAT,GEOFFREY M GEOFF YOUNG,143
MONTGOMERY,C102,US HOUSE,006,,MAURICE RANDALL CRAVENS II,11
MONTGOMERY,C102,US HOUSE,006,,MAXWELL KEITH FROEDGE,0
MONTGOMERY,C103,US HOUSE,006,REPUBLICAN,ANDY BARR,714
MONTGOMERY,C103,US HOUSE,006,DEMOCRAT,GEOFFREY M GEOFF YOUNG,170
MONTGOMERY,C103,US HOUSE,006,,MAURICE RANDALL CRAVENS II,7
MONTGOMERY,C103,US HOUSE,006,,MAXWELL KEITH FROEDGE,0
MONTGOMERY,C104,US HOUSE,006,REPUBLICAN,ANDY BARR,477
MONTGOMERY,C104,US HOUSE,006,DEMOCRAT,GEOFFREY M GEOFF YOUNG,155
MONTGOMERY,C104,US HOUSE,006,,MAURICE RANDALL CRAVENS II,4
MONTGOMERY,C104,US HOUSE,006,,MAXWELL KEITH FROEDGE,0
MONTGOMERY,C105,US HOUSE,006,REPUBLICAN,ANDY BARR,173
MONTGOMERY,C105,US HOUSE,006,DEMOCRAT,GEOFFREY M GEOFF YOUNG,79
MONTGOMERY,C105,US HOUSE,006,,MAURICE RANDALL CRAVENS II,2
MONTGOMERY,C105,US HOUSE,006,,MAXWELL KEITH FROEDGE,0
MORGAN,A101,US HOUSE,005,REPUBLICAN,HAROLD HAL ROGERS,235
MORGAN,A101,US HOUSE,005,DEMOCRAT,CONOR HALBLEIB,58
MORGAN,A102,US HOUSE,005,REPUBLICAN,HAROLD HAL ROGERS,214
MORGAN,A102,US HOUSE,005,DEMOCRAT,CONOR HALBLEIB,54
MORGAN,A103,US HOUSE,005,REPUBLICAN,HAROLD HAL ROGERS,162
MORGAN,A103,US HOUSE,005,DEMOCRAT,CONOR HALBLEIB,46
MORGAN,ABSE,US HOUSE,005,REPUBLICAN,HAROLD HAL ROGERS,153
MORGAN,ABSE,US HOUSE,005,DEMOCRAT,CONOR HALBLEIB,110
MORGAN,B101,US HOUSE,005,REPUBLICAN,HAROLD HAL ROGERS,320
MORGAN,B101,US HOUSE,005,DEMOCRAT,CONOR HALBLEIB,55
MORGAN,B102,US HOUSE,005,REPUBLICAN,HAROLD HAL ROGERS,206
MORGAN,B102,US HOUSE,005,DEMOCRAT,CONOR HALBLEIB,36
MORGAN,C101,US HOUSE,005,REPUBLICAN,HAROLD HAL ROGERS,476
MORGAN,C101,US HOUSE,005,DEMOCRAT,CONOR HALBLEIB,118
MORGAN,C102,US HOUSE,005,REPUBLICAN,HAROLD HAL ROGERS,288
MORGAN,C102,US HOUSE,005,DEMOCRAT,CONOR HALBLEIB,57
MORGAN,D101,US HOUSE,005,REPUBLICAN,HAROLD HAL ROGERS,221
MORGAN,D101,US HOUSE,005,DEMOCRAT,CONOR HALBLEIB,65
MORGAN,D102,US HOUSE,005,REPUBLICAN,HAROLD HAL ROGERS,364
MORGAN,D102,US HOUSE,005,DEMOCRAT,CONOR HALBLEIB,78
MORGAN,E101,US HOUSE,005,REPUBLICAN,HAROLD HAL ROGERS,274
MORGAN,E101,US HOUSE,005,DEMOCRAT,CONOR HALBLEIB,47
MORGAN,E102,US HOUSE,005,REPUBLICAN,HAROLD HAL ROGERS,129
MORGAN,E102,US HOUSE,005,DEMOCRAT,CONOR HALBLEIB,43
MORGAN,E103,US HOUSE,005,REPUBLICAN,HAROLD HAL ROGERS,166
MORGAN,E103,US HOUSE,005,DEMOCRAT,CONOR HALBLEIB,31
MUHLENBERG,A101,US HOUSE,002,REPUBLICAN,S BRETT GUTHRIE,70
MUHLENBERG,A101,US HOUSE,002,DEMOCRAT,HANK LINDERMAN,57
MUHLENBERG,A102,US HOUSE,002,REPUBLICAN,S BRETT GUTHRIE,126
MUHLENBERG,A102,US HOUSE,002,DEMOCRAT,HANK LINDERMAN,104
MUHLENBERG,A103,US HOUSE,002,REPUBLICAN,S BRETT GUTHRIE,125
MUHLENBERG,A103,US HOUSE,002,DEMOCRAT,HANK LINDERMAN,62
MUHLENBERG,A104,US HOUSE,002,REPUBLICAN,S BRETT GUTHRIE,169
MUHLENBERG,A104,US HOUSE,002,DEMOCRAT,HANK LINDERMAN,103
MUHLENBERG,A106,US HOUSE,002,REPUBLICAN,S BRETT GUTHRIE,162
MUHLENBERG,A106,US HOUSE,002,DEMOCRAT,HANK LINDERMAN,105
MUHLENBERG,A107,US HOUSE,002,REPUBLICAN,S BRETT GUTHRIE,199
MUHLENBERG,A107,US HOUSE,002,DEMOCRAT,HANK LINDERMAN,84
MUHLENBERG,B101,US HOUSE,002,REPUBLICAN,S BRETT GUTHRIE,208
MUHLENBERG,B101,US HOUSE,002,DEMOCRAT,HANK LINDERMAN,111
MUHLENBERG,B102,US HOUSE,002,REPUBLICAN,S BRETT GUTHRIE,344
MUHLENBERG,B102,US HOUSE,002,DEMOCRAT,HANK LINDERMAN,86
MUHLENBERG,B103,US HOUSE,002,REPUBLICAN,S BRETT GUTHRIE,309
MUHLENBERG,B103,US HOUSE,002,DEMOCRAT,HANK LINDERMAN,77
MUHLENBERG,B104,US HOUSE,002,REPUBLICAN,S BRETT GUTHRIE,519
MUHLENBERG,B104,US HOUSE,002,DEMOCRAT,HANK LINDERMAN,186
MUHLENBERG,B105,US HOUSE,002,REPUBLICAN,S BRETT GUTHRIE,212
MUHLENBERG,B105,US HOUSE,002,DEMOCRAT,HANK LINDERMAN,78
MUHLENBERG,C101,US HOUSE,002,REPUBLICAN,S BRETT GUTHRIE,646
MUHLENBERG,C101,US HOUSE,002,DEMOCRAT,HANK LINDERMAN,200
MUHLENBERG,C103,US HOUSE,002,REPUBLICAN,S BRETT GUTHRIE,199
MUHLENBERG,C103,US HOUSE,002,DEMOCRAT,HANK LINDERMAN,82
MUHLENBERG,C104,US HOUSE,002,REPUBLICAN,S BRETT GUTHRIE,381
MUHLENBERG,C104,US HOUSE,002,DEMOCRAT,HANK LINDERMAN,159
MUHLENBERG,C106,US HOUSE,002,REPUBLICAN,S BRETT GUTHRIE,417
MUHLENBERG,C106,US HOUSE,002,DEMOCRAT,HANK LINDERMAN,171
MUHLENBERG,D101,US HOUSE,002,REPUBLICAN,S BRETT GUTHRIE,491
MUHLENBERG,D101,US HOUSE,002,DEMOCRAT,HANK LINDERMAN,187
MUHLENBERG,D102,US HOUSE,002,REPUBLICAN,S BRETT GUTHRIE,252
MUHLENBERG,D102,US HOUSE,002,DEMOCRAT,HANK LINDERMAN,86
MUHLENBERG,D103,US HOUSE,002,REPUBLICAN,S BRETT GUTHRIE,545
MUHLENBERG,D103,US HOUSE,002,DEMOCRAT,HANK LINDERMAN,178
MUHLENBERG,D104,US HOUSE,002,REPUBLICAN,S BRETT GUTHRIE,240
MUHLENBERG,D104,US HOUSE,002,DEMOCRAT,HANK LINDERMAN,78
MUHLENBERG,E101,US HOUSE,002,REPUBLICAN,S BRETT GUTHRIE,131
MUHLENBERG,E101,US HOUSE,002,DEMOCRAT,HANK LINDERMAN,88
MUHLENBERG,E102,US HOUSE,002,DEMOCRAT,HANK LINDERMAN,90
MUHLENBERG,E102,US HOUSE,002,REPUBLICAN,S BRETT GUTHRIE,72
MUHLENBERG,E103,US HOUSE,002,REPUBLICAN,S BRETT GUTHRIE,510
MUHLENBERG,E103,US HOUSE,002,DEMOCRAT,HANK LINDERMAN,142
MUHLENBERG,E104,US HOUSE,002,REPUBLICAN,S BRETT GUTHRIE,372
MUHLENBERG,E104,US HOUSE,002,DEMOCRAT,HANK LINDERMAN,169
MUHLENBERG,E105,US HOUSE,002,REPUBLICAN,S BRETT GUTHRIE,336
MUHLENBERG,E105,US HOUSE,002,DEMOCRAT,HANK LINDERMAN,82
MUHLENBERG,E107,US HOUSE,002,REPUBLICAN,S BRETT GUTHRIE,121
MUHLENBERG,E107,US HOUSE,002,DEMOCRAT,HANK LINDERMAN,27
NELSON,A101,US HOUSE,002,REPUBLICAN,S BRETT GUTHRIE,90
NELSON,A101,US HOUSE,002,DEMOCRAT,HANK LINDERMAN,16
NELSON,A102,US HOUSE,002,REPUBLICAN,S BRETT GUTHRIE,689
NELSON,A102,US HOUSE,002,DEMOCRAT,HANK LINDERMAN,196
NELSON,A103,US HOUSE,002,REPUBLICAN,S BRETT GUTHRIE,260
NELSON,A103,US HOUSE,002,DEMOCRAT,HANK LINDERMAN,246
NELSON,A104,US HOUSE,002,REPUBLICAN,S BRETT GUTHRIE,463
NELSON,A104,US HOUSE,002,DEMOCRAT,HANK LINDERMAN,134
NELSON,A105,US HOUSE,002,REPUBLICAN,S BRETT GUTHRIE,671
NELSON,A105,US HOUSE,002,DEMOCRAT,HANK LINDERMAN,243
NELSON,B102,US HOUSE,002,REPUBLICAN,S BRETT GUTHRIE,282
NELSON,B102,US HOUSE,002,DEMOCRAT,HANK LINDERMAN,182
NELSON,C101,US HOUSE,002,REPUBLICAN,S BRETT GUTHRIE,399
NELSON,C101,US HOUSE,002,DEMOCRAT,HANK LINDERMAN,247
NELSON,C102,US HOUSE,002,REPUBLICAN,S BRETT GUTHRIE,361
NELSON,C102,US HOUSE,002,DEMOCRAT,HANK LINDERMAN,220
NELSON,C103,US HOUSE,002,REPUBLICAN,S BRETT GUTHRIE,478
NELSON,C103,US HOUSE,002,DEMOCRAT,HANK LINDERMAN,217
NELSON,C104,US HOUSE,002,REPUBLICAN,S BRETT GUTHRIE,277
NELSON,C104,US HOUSE,002,DEMOCRAT,HANK LINDERMAN,208
NELSON,C105,US HOUSE,002,REPUBLICAN,S BRETT GUTHRIE,530
NELSON,C105,US HOUSE,002,DEMOCRAT,HANK LINDERMAN,154
NELSON,D101,US HOUSE,002,REPUBLICAN,S BRETT GUTHRIE,607
NELSON,D101,US HOUSE,002,DEMOCRAT,HANK LINDERMAN,184
NELSON,E106,US HOUSE,002,DEMOCRAT,HANK LINDERMAN,7
NELSON,E106,US HOUSE,002,REPUBLICAN,S BRETT GUTHRIE,7
NELSON,A106,US HOUSE,004,REPUBLICAN,THOMAS MASSIE,11
NELSON,A106,US HOUSE,004,DEMOCRAT,MATTHEW LEHMAN,2
NELSON,A106,US HOUSE,004,INDEPENDENT,ETHAN KEITH OSBORNE,0
NELSON,B101,US HOUSE,004,REPUBLICAN,THOMAS MASSIE,732
NELSON,B101,US HOUSE,004,DEMOCRAT,MATTHEW LEHMAN,248
NELSON,B101,US HOUSE,004,INDEPENDENT,ETHAN KEITH OSBORNE,48
NELSON,B103,US HOUSE,004,REPUBLICAN,THOMAS MASSIE,570
NELSON,B103,US HOUSE,004,DEMOCRAT,MATTHEW LEHMAN,237
NELSON,B103,US HOUSE,004,INDEPENDENT,ETHAN KEITH OSBORNE,34
NELSON,B104,US HOUSE,004,REPUBLICAN,THOMAS MASSIE,621
NELSON,B104,US HOUSE,004,DEMOCRAT,MATTHEW LEHMAN,266
NELSON,B104,US HOUSE,004,INDEPENDENT,ETHAN KEITH OSBORNE,39
NELSON,D102,US HOUSE,004,REPUBLICAN,THOMAS MASSIE,826
NELSON,D102,US HOUSE,004,DEMOCRAT,MATTHEW LEHMAN,329
NELSON,D102,US HOUSE,004,INDEPENDENT,ETHAN KEITH OSBORNE,33
NELSON,D103,US HOUSE,004,REPUBLICAN,THOMAS MASSIE,527
NELSON,D103,US HOUSE,004,DEMOCRAT,MATTHEW LEHMAN,244
NELSON,D103,US HOUSE,004,INDEPENDENT,ETHAN KEITH OSBORNE,30
NELSON,D104,US HOUSE,004,REPUBLICAN,THOMAS MASSIE,491
NELSON,D104,US HOUSE,004,DEMOCRAT,MATTHEW LEHMAN,184
NELSON,D104,US HOUSE,004,INDEPENDENT,ETHAN KEITH OSBORNE,17
NELSON,D105,US HOUSE,004,REPUBLICAN,THOMAS MASSIE,507
NELSON,D105,US HOUSE,004,DEMOCRAT,MATTHEW LEHMAN,269
NELSON,D105,US HOUSE,004,INDEPENDENT,ETHAN KEITH OSBORNE,26
NELSON,E101,US HOUSE,004,REPUBLICAN,THOMAS MASSIE,338
NELSON,E101,US HOUSE,004,DEMOCRAT,MATTHEW LEHMAN,124
NELSON,E101,US HOUSE,004,INDEPENDENT,ETHAN KEITH OSBORNE,22
NELSON,E102,US HOUSE,004,REPUBLICAN,THOMAS MASSIE,562
NELSON,E102,US HOUSE,004,DEMOCRAT,MATTHEW LEHMAN,297
NELSON,E102,US HOUSE,004,INDEPENDENT,ETHAN KEITH OSBORNE,39
NELSON,E103,US HOUSE,004,REPUBLICAN,THOMAS MASSIE,484
NELSON,E103,US HOUSE,004,DEMOCRAT,MATTHEW LEHMAN,174
NELSON,E103,US HOUSE,004,INDEPENDENT,ETHAN KEITH OSBORNE,27
NELSON,E104,US HOUSE,004,REPUBLICAN,THOMAS MASSIE,457
NELSON,E104,US HOUSE,004,DEMOCRAT,MATTHEW LEHMAN,85
NELSON,E104,US HOUSE,004,INDEPENDENT,ETHAN KEITH OSBORNE,19
NELSON,E105,US HOUSE,004,DEMOCRAT,MATTHEW LEHMAN,207
NELSON,E105,US HOUSE,004,REPUBLICAN,THOMAS MASSIE,161
NELSON,E105,US HOUSE,004,INDEPENDENT,ETHAN KEITH OSBORNE,26
NICHOLAS,A101,US HOUSE,006,REPUBLICAN,ANDY BARR,311
NICHOLAS,A101,US HOUSE,006,DEMOCRAT,GEOFFREY M GEOFF YOUNG,86
NICHOLAS,A101,US HOUSE,006,,MAURICE RANDALL CRAVENS II,5
NICHOLAS,A101,US HOUSE,006,,MAXWELL KEITH FROEDGE,0
NICHOLAS,B101,US HOUSE,006,REPUBLICAN,ANDY BARR,373
NICHOLAS,B101,US HOUSE,006,DEMOCRAT,GEOFFREY M GEOFF YOUNG,108
NICHOLAS,B101,US HOUSE,006,,MAURICE RANDALL CRAVENS II,2
NICHOLAS,B101,US HOUSE,006,,MAXWELL KEITH FROEDGE,2
NICHOLAS,C101,US HOUSE,006,REPUBLICAN,ANDY BARR,408
NICHOLAS,C101,US HOUSE,006,DEMOCRAT,GEOFFREY M GEOFF YOUNG,95
NICHOLAS,C101,US HOUSE,006,,MAURICE RANDALL CRAVENS II,4
NICHOLAS,C101,US HOUSE,006,,MAXWELL KEITH FROEDGE,0
NICHOLAS,D101,US HOUSE,006,REPUBLICAN,ANDY BARR,438
NICHOLAS,D101,US HOUSE,006,DEMOCRAT,GEOFFREY M GEOFF YOUNG,150
NICHOLAS,D101,US HOUSE,006,,MAURICE RANDALL CRAVENS II,11
NICHOLAS,D101,US HOUSE,006,,MAXWELL KEITH FROEDGE,0
NICHOLAS,E101,US HOUSE,006,REPUBLICAN,ANDY BARR,370
NICHOLAS,E101,US HOUSE,006,DEMOCRAT,GEOFFREY M GEOFF YOUNG,104
NICHOLAS,E101,US HOUSE,006,,MAURICE RANDALL CRAVENS II,8
NICHOLAS,E101,US HOUSE,006,,MAXWELL KEITH FROEDGE,0
OHIO,A101,US HOUSE,002,REPUBLICAN,S BRETT GUTHRIE,317
OHIO,A101,US HOUSE,002,DEMOCRAT,HANK LINDERMAN,106
OHIO,A102,US HOUSE,002,REPUBLICAN,S BRETT GUTHRIE,243
OHIO,A102,US HOUSE,002,DEMOCRAT,HANK LINDERMAN,86
OHIO,A104,US HOUSE,002,REPUBLICAN,S BRETT GUTHRIE,200
OHIO,A104,US HOUSE,002,DEMOCRAT,HANK LINDERMAN,38
OHIO,A105,US HOUSE,002,REPUBLICAN,S BRETT GUTHRIE,320
OHIO,A105,US HOUSE,002,DEMOCRAT,HANK LINDERMAN,82
OHIO,B101,US HOUSE,002,REPUBLICAN,S BRETT GUTHRIE,263
OHIO,B101,US HOUSE,002,DEMOCRAT,HANK LINDERMAN,100
OHIO,B102,US HOUSE,002,REPUBLICAN,S BRETT GUTHRIE,495
OHIO,B102,US HOUSE,002,DEMOCRAT,HANK LINDERMAN,166
OHIO,B103,US HOUSE,002,REPUBLICAN,S BRETT GUTHRIE,252
OHIO,B103,US HOUSE,002,DEMOCRAT,HANK LINDERMAN,54
OHIO,C101,US HOUSE,002,REPUBLICAN,S BRETT GUTHRIE,161
OHIO,C101,US HOUSE,002,DEMOCRAT,HANK LINDERMAN,68
OHIO,C102,US HOUSE,002,REPUBLICAN,S BRETT GUTHRIE,291
OHIO,C102,US HOUSE,002,DEMOCRAT,HANK LINDERMAN,63
OHIO,C103,US HOUSE,002,REPUBLICAN,S BRETT GUTHRIE,492
OHIO,C103,US HOUSE,002,DEMOCRAT,HANK LINDERMAN,140
OHIO,C104,US HOUSE,002,REPUBLICAN,S BRETT GUTHRIE,344
OHIO,C104,US HOUSE,002,DEMOCRAT,HANK LINDERMAN,75
OHIO,D101,US HOUSE,002,REPUBLICAN,S BRETT GUTHRIE,300
OHIO,D101,US HOUSE,002,DEMOCRAT,HANK LINDERMAN,68
OHIO,D102,US HOUSE,002,REPUBLICAN,S BRETT GUTHRIE,454
OHIO,D102,US HOUSE,002,DEMOCRAT,HANK LINDERMAN,87
OHIO,D104,US HOUSE,002,REPUBLICAN,S BRETT GUTHRIE,208
OHIO,D104,US HOUSE,002,DEMOCRAT,HANK LINDERMAN,58
OHIO,D106,US HOUSE,002,REPUBLICAN,S BRETT GUTHRIE,161
OHIO,D106,US HOUSE,002,DEMOCRAT,HANK LINDERMAN,38
OHIO,E101,US HOUSE,002,REPUBLICAN,S BRETT GUTHRIE,458
OHIO,E101,US HOUSE,002,DEMOCRAT,HANK LINDERMAN,85
OHIO,E102,US HOUSE,002,REPUBLICAN,S BRETT GUTHRIE,335
OHIO,E102,US HOUSE,002,DEMOCRAT,HANK LINDERMAN,45
OHIO,E103,US HOUSE,002,REPUBLICAN,S BRETT GUTHRIE,345
OHIO,E103,US HOUSE,002,DEMOCRAT,HANK LINDERMAN,49
OHIO,E105,US HOUSE,002,REPUBLICAN,S BRETT GUTHRIE,139
OHIO,E105,US HOUSE,002,DEMOCRAT,HANK LINDERMAN,40
OLDHAM,A101,US HOUSE,004,REPUBLICAN,THOMAS MASSIE,638
OLDHAM,A101,US HOUSE,004,DEMOCRAT,MATTHEW LEHMAN,482
OLDHAM,A101,US HOUSE,004,INDEPENDENT,ETHAN KEITH OSBORNE,61
OLDHAM,A103,US HOUSE,004,REPUBLICAN,THOMAS MASSIE,632
OLDHAM,A103,US HOUSE,004,DEMOCRAT,MATTHEW LEHMAN,425
OLDHAM,A103,US HOUSE,004,INDEPENDENT,ETHAN KEITH OSBORNE,48
OLDHAM,A104,US HOUSE,004,REPUBLICAN,THOMAS MASSIE,594
OLDHAM,A104,US HOUSE,004,DEMOCRAT,MATTHEW LEHMAN,495
OLDHAM,A104,US HOUSE,004,INDEPENDENT,ETHAN KEITH OSBORNE,48
OLDHAM,B101,US HOUSE,004,REPUBLICAN,THOMAS MASSIE,229
OLDHAM,B101,US HOUSE,004,DEMOCRAT,MATTHEW LEHMAN,192
OLDHAM,B101,US HOUSE,004,INDEPENDENT,ETHAN KEITH OSBORNE,20
OLDHAM,B102,US HOUSE,004,REPUBLICAN,THOMAS MASSIE,650
OLDHAM,B102,US HOUSE,004,DEMOCRAT,MATTHEW LEHMAN,456
OLDHAM,B102,US HOUSE,004,INDEPENDENT,ETHAN KEITH OSBORNE,45
OLDHAM,B104,US HOUSE,004,REPUBLICAN,THOMAS MASSIE,349
OLDHAM,B104,US HOUSE,004,DEMOCRAT,MATTHEW LEHMAN,203
OLDHAM,B104,US HOUSE,004,INDEPENDENT,ETHAN KEITH OSBORNE,35
OLDHAM,B105,US HOUSE,004,REPUBLICAN,THOMAS MASSIE,776
OLDHAM,B105,US HOUSE,004,DEMOCRAT,MATTHEW LEHMAN,392
OLDHAM,B105,US HOUSE,004,INDEPENDENT,ETHAN KEITH OSBORNE,46
OLDHAM,B106,US HOUSE,004,REPUBLICAN,THOMAS MASSIE,315
OLDHAM,B106,US HOUSE,004,DEMOCRAT,MATTHEW LEHMAN,294
OLDHAM,B106,US HOUSE,004,INDEPENDENT,ETHAN KEITH OSBORNE,22
OLDHAM,C101,US HOUSE,004,REPUBLICAN,THOMAS MASSIE,388
OLDHAM,C101,US HOUSE,004,DEMOCRAT,MATTHEW LEHMAN,137
OLDHAM,C101,US HOUSE,004,INDEPENDENT,ETHAN KEITH OSBORNE,29
OLDHAM,C102,US HOUSE,004,REPUBLICAN,THOMAS MASSIE,602
OLDHAM,C102,US HOUSE,004,DEMOCRAT,MATTHEW LEHMAN,216
OLDHAM,C102,US HOUSE,004,INDEPENDENT,ETHAN KEITH OSBORNE,43
OLDHAM,C103,US HOUSE,004,REPUBLICAN,THOMAS MASSIE,347
OLDHAM,C103,US HOUSE,004,DEMOCRAT,MATTHEW LEHMAN,190
OLDHAM,C103,US HOUSE,004,INDEPENDENT,ETHAN KEITH OSBORNE,33
OLDHAM,C105,US HOUSE,004,REPUBLICAN,THOMAS MASSIE,446
OLDHAM,C105,US HOUSE,004,DEMOCRAT,MATTHEW LEHMAN,185
OLDHAM,C105,US HOUSE,004,INDEPENDENT,ETHAN KEITH OSBORNE,29
OLDHAM,C106,US HOUSE,004,REPUBLICAN,THOMAS MASSIE,167
OLDHAM,C106,US HOUSE,004,DEMOCRAT,MATTHEW LEHMAN,113
OLDHAM,C106,US HOUSE,004,INDEPENDENT,ETHAN KEITH OSBORNE,21
OLDHAM,D101,US HOUSE,004,REPUBLICAN,THOMAS MASSIE,508
OLDHAM,D101,US HOUSE,004,DEMOCRAT,MATTHEW LEHMAN,284
OLDHAM,D101,US HOUSE,004,INDEPENDENT,ETHAN KEITH OSBORNE,43
OLDHAM,D103,US HOUSE,004,REPUBLICAN,THOMAS MASSIE,738
OLDHAM,D103,US HOUSE,004,DEMOCRAT,MATTHEW LEHMAN,255
OLDHAM,D103,US HOUSE,004,INDEPENDENT,ETHAN KEITH OSBORNE,47
OLDHAM,D104,US HOUSE,004,REPUBLICAN,THOMAS MASSIE,357
OLDHAM,D104,US HOUSE,004,DEMOCRAT,MATTHEW LEHMAN,111
OLDHAM,D104,US HOUSE,004,INDEPENDENT,ETHAN KEITH OSBORNE,16
OLDHAM,D106,US HOUSE,004,REPUBLICAN,THOMAS MASSIE,314
OLDHAM,D106,US HOUSE,004,DEMOCRAT,MATTHEW LEHMAN,185
OLDHAM,D106,US HOUSE,004,INDEPENDENT,ETHAN KEITH OSBORNE,31
OLDHAM,E101,US HOUSE,004,REPUBLICAN,THOMAS MASSIE,591
OLDHAM,E101,US HOUSE,004,DEMOCRAT,MATTHEW LEHMAN,264
OLDHAM,E101,US HOUSE,004,INDEPENDENT,ETHAN KEITH OSBORNE,28
OLDHAM,E102,US HOUSE,004,REPUBLICAN,THOMAS MASSIE,703
OLDHAM,E102,US HOUSE,004,DEMOCRAT,MATTHEW LEHMAN,383
OLDHAM,E102,US HOUSE,004,INDEPENDENT,ETHAN KEITH OSBORNE,46
OLDHAM,E103,US HOUSE,004,REPUBLICAN,THOMAS MASSIE,298
OLDHAM,E103,US HOUSE,004,DEMOCRAT,MATTHEW LEHMAN,186
OLDHAM,E103,US HOUSE,004,INDEPENDENT,ETHAN KEITH OSBORNE,26
OLDHAM,E104,US HOUSE,004,REPUBLICAN,THOMAS MASSIE,146
OLDHAM,E104,US HOUSE,004,DEMOCRAT,MATTHEW LEHMAN,104
OLDHAM,E104,US HOUSE,004,INDEPENDENT,ETHAN KEITH OSBORNE,7
OLDHAM,E105,US HOUSE,004,REPUBLICAN,THOMAS MASSIE,389
OLDHAM,E105,US HOUSE,004,DEMOCRAT,MATTHEW LEHMAN,208
OLDHAM,E105,US HOUSE,004,INDEPENDENT,ETHAN KEITH OSBORNE,22
OLDHAM,E106,US HOUSE,004,REPUBLICAN,THOMAS MASSIE,101
OLDHAM,E106,US HOUSE,004,DEMOCRAT,MATTHEW LEHMAN,51
OLDHAM,E106,US HOUSE,004,INDEPENDENT,ETHAN KEITH OSBORNE,7
OLDHAM,F101,US HOUSE,004,REPUBLICAN,THOMAS MASSIE,217
OLDHAM,F101,US HOUSE,004,DEMOCRAT,MATTHEW LEHMAN,123
OLDHAM,F101,US HOUSE,004,INDEPENDENT,ETHAN KEITH OSBORNE,15
OLDHAM,F102,US HOUSE,004,REPUBLICAN,THOMAS MASSIE,441
OLDHAM,F102,US HOUSE,004,DEMOCRAT,MATTHEW LEHMAN,256
OLDHAM,F102,US HOUSE,004,INDEPENDENT,ETHAN KEITH OSBORNE,41
OLDHAM,F103,US HOUSE,004,REPUBLICAN,THOMAS MASSIE,401
OLDHAM,F103,US HOUSE,004,DEMOCRAT,MATTHEW LEHMAN,250
OLDHAM,F103,US HOUSE,004,INDEPENDENT,ETHAN KEITH OSBORNE,25
OLDHAM,F104,US HOUSE,004,REPUBLICAN,THOMAS MASSIE,306
OLDHAM,F104,US HOUSE,004,DEMOCRAT,MATTHEW LEHMAN,126
OLDHAM,F104,US HOUSE,004,INDEPENDENT,ETHAN KEITH OSBORNE,21
OLDHAM,F105,US HOUSE,004,REPUBLICAN,THOMAS MASSIE,462
OLDHAM,F105,US HOUSE,004,DEMOCRAT,MATTHEW LEHMAN,300
OLDHAM,F105,US HOUSE,004,INDEPENDENT,ETHAN KEITH OSBORNE,47
OLDHAM,F106,US HOUSE,004,REPUBLICAN,THOMAS MASSIE,106
OLDHAM,F106,US HOUSE,004,DEMOCRAT,MATTHEW LEHMAN,52
OLDHAM,F106,US HOUSE,004,INDEPENDENT,ETHAN KEITH OSBORNE,5
OLDHAM,G101,US HOUSE,004,REPUBLICAN,THOMAS MASSIE,535
OLDHAM,G101,US HOUSE,004,DEMOCRAT,MATTHEW LEHMAN,369
OLDHAM,G101,US HOUSE,004,INDEPENDENT,ETHAN KEITH OSBORNE,45
OLDHAM,G102,US HOUSE,004,REPUBLICAN,THOMAS MASSIE,641
OLDHAM,G102,US HOUSE,004,DEMOCRAT,MATTHEW LEHMAN,369
OLDHAM,G102,US HOUSE,004,INDEPENDENT,ETHAN KEITH OSBORNE,41
OLDHAM,G103,US HOUSE,004,REPUBLICAN,THOMAS MASSIE,351
OLDHAM,G103,US HOUSE,004,DEMOCRAT,MATTHEW LEHMAN,276
OLDHAM,G103,US HOUSE,004,INDEPENDENT,ETHAN KEITH OSBORNE,32
OLDHAM,G105,US HOUSE,004,REPUBLICAN,THOMAS MASSIE,260
OLDHAM,G105,US HOUSE,004,DEMOCRAT,MATTHEW LEHMAN,152
OLDHAM,G105,US HOUSE,004,INDEPENDENT,ETHAN KEITH OSBORNE,20
OLDHAM,H101,US HOUSE,004,REPUBLICAN,THOMAS MASSIE,576
OLDHAM,H101,US HOUSE,004,DEMOCRAT,MATTHEW LEHMAN,423
OLDHAM,H101,US HOUSE,004,INDEPENDENT,ETHAN KEITH OSBORNE,49
OLDHAM,H103,US HOUSE,004,REPUBLICAN,THOMAS MASSIE,439
OLDHAM,H103,US HOUSE,004,DEMOCRAT,MATTHEW LEHMAN,218
OLDHAM,H103,US HOUSE,004,INDEPENDENT,ETHAN KEITH OSBORNE,33
OLDHAM,H104,US HOUSE,004,REPUBLICAN,THOMAS MASSIE,285
OLDHAM,H104,US HOUSE,004,DEMOCRAT,MATTHEW LEHMAN,191
OLDHAM,H104,US HOUSE,004,INDEPENDENT,ETHAN KEITH OSBORNE,15
OLDHAM,H105,US HOUSE,004,REPUBLICAN,THOMAS MASSIE,267
OLDHAM,H105,US HOUSE,004,DEMOCRAT,MATTHEW LEHMAN,159
OLDHAM,H105,US HOUSE,004,INDEPENDENT,ETHAN KEITH OSBORNE,15
OLDHAM,H106,US HOUSE,004,REPUBLICAN,THOMAS MASSIE,203
OLDHAM,H106,US HOUSE,004,DEMOCRAT,MATTHEW LEHMAN,89
OLDHAM,H106,US HOUSE,004,INDEPENDENT,ETHAN KEITH OSBORNE,13
OWEN,A101,US HOUSE,004,REPUBLICAN,THOMAS MASSIE,135
OWEN,A101,US HOUSE,004,DEMOCRAT,MATTHEW LEHMAN,29
OWEN,A101,US HOUSE,004,INDEPENDENT,ETHAN KEITH OSBORNE,7
OWEN,A103,US HOUSE,004,REPUBLICAN,THOMAS MASSIE,245
OWEN,A103,US HOUSE,004,DEMOCRAT,MATTHEW LEHMAN,29
OWEN,A103,US HOUSE,004,INDEPENDENT,ETHAN KEITH OSBORNE,7
OWEN,A104,US HOUSE,004,REPUBLICAN,THOMAS MASSIE,88
OWEN,A104,US HOUSE,004,DEMOCRAT,MATTHEW LEHMAN,11
OWEN,A104,US HOUSE,004,INDEPENDENT,ETHAN KEITH OSBORNE,2
OWEN,A105,US HOUSE,004,REPUBLICAN,THOMAS MASSIE,314
OWEN,A105,US HOUSE,004,DEMOCRAT,MATTHEW LEHMAN,95
OWEN,A105,US HOUSE,004,INDEPENDENT,ETHAN KEITH OSBORNE,11
OWEN,B102,US HOUSE,004,REPUBLICAN,THOMAS MASSIE,450
OWEN,B102,US HOUSE,004,DEMOCRAT,MATTHEW LEHMAN,123
OWEN,B102,US HOUSE,004,INDEPENDENT,ETHAN KEITH OSBORNE,25
OWEN,B103,US HOUSE,004,REPUBLICAN,THOMAS MASSIE,303
OWEN,B103,US HOUSE,004,DEMOCRAT,MATTHEW LEHMAN,111
OWEN,B103,US HOUSE,004,INDEPENDENT,ETHAN KEITH OSBORNE,20
OWEN,C101,US HOUSE,004,REPUBLICAN,THOMAS MASSIE,272
OWEN,C101,US HOUSE,004,DEMOCRAT,MATTHEW LEHMAN,38
OWEN,C101,US HOUSE,004,INDEPENDENT,ETHAN KEITH OSBORNE,7
OWEN,C103,US HOUSE,004,REPUBLICAN,THOMAS MASSIE,206
OWEN,C103,US HOUSE,004,DEMOCRAT,MATTHEW LEHMAN,53
OWEN,C103,US HOUSE,004,INDEPENDENT,ETHAN KEITH OSBORNE,5
OWEN,C104,US HOUSE,004,REPUBLICAN,THOMAS MASSIE,258
OWEN,C104,US HOUSE,004,DEMOCRAT,MATTHEW LEHMAN,72
OWEN,C104,US HOUSE,004,INDEPENDENT,ETHAN KEITH OSBORNE,15
OWEN,D101,US HOUSE,004,REPUBLICAN,THOMAS MASSIE,259
OWEN,D101,US HOUSE,004,DEMOCRAT,MATTHEW LEHMAN,98
OWEN,D101,US HOUSE,004,INDEPENDENT,ETHAN KEITH OSBORNE,20
OWEN,D102,US HOUSE,004,REPUBLICAN,THOMAS MASSIE,224
OWEN,D102,US HOUSE,004,DEMOCRAT,MATTHEW LEHMAN,78
OWEN,D102,US HOUSE,004,INDEPENDENT,ETHAN KEITH OSBORNE,10
OWEN,D103,US HOUSE,004,REPUBLICAN,THOMAS MASSIE,187
OWEN,D103,US HOUSE,004,DEMOCRAT,MATTHEW LEHMAN,56
OWEN,D103,US HOUSE,004,INDEPENDENT,ETHAN KEITH OSBORNE,5
OWSLEY,A101,US HOUSE,005,REPUBLICAN,HAROLD HAL ROGERS,164
OWSLEY,A101,US HOUSE,005,DEMOCRAT,CONOR HALBLEIB,20
OWSLEY,A101,US HOUSE,005,,STEPHAN WILLIAM MAZUR,0
OWSLEY,A102,US HOUSE,005,REPUBLICAN,HAROLD HAL ROGERS,285
OWSLEY,A102,US HOUSE,005,DEMOCRAT,CONOR HALBLEIB,22
OWSLEY,A102,US HOUSE,005,,STEPHAN WILLIAM MAZUR,0
OWSLEY,A103,US HOUSE,005,REPUBLICAN,HAROLD HAL ROGERS,130
OWSLEY,A103,US HOUSE,005,DEMOCRAT,CONOR HALBLEIB,15
OWSLEY,A103,US HOUSE,005,,STEPHAN WILLIAM MAZUR,0
OWSLEY,B101,US HOUSE,005,REPUBLICAN,HAROLD HAL ROGERS,95
OWSLEY,B101,US HOUSE,005,DEMOCRAT,CONOR HALBLEIB,11
OWSLEY,B101,US HOUSE,005,,STEPHAN WILLIAM MAZUR,0
OWSLEY,B102,US HOUSE,005,REPUBLICAN,HAROLD HAL ROGERS,211
OWSLEY,B102,US HOUSE,005,DEMOCRAT,CONOR HALBLEIB,19
OWSLEY,B102,US HOUSE,005,,STEPHAN WILLIAM MAZUR,0
OWSLEY,C101,US HOUSE,005,REPUBLICAN,HAROLD HAL ROGERS,239
OWSLEY,C101,US HOUSE,005,DEMOCRAT,CONOR HALBLEIB,24
OWSLEY,C101,US HOUSE,005,,STEPHAN WILLIAM MAZUR,0
OWSLEY,C102,US HOUSE,005,REPUBLICAN,HAROLD HAL ROGERS,271
OWSLEY,C102,US HOUSE,005,DEMOCRAT,CONOR HALBLEIB,45
OWSLEY,C102,US HOUSE,005,,STEPHAN WILLIAM MAZUR,0
OWSLEY,C103,US HOUSE,005,REPUBLICAN,HAROLD HAL ROGERS,181
OWSLEY,C103,US HOUSE,005,DEMOCRAT,CONOR HALBLEIB,31
OWSLEY,C103,US HOUSE,005,,STEPHAN WILLIAM MAZUR,0
PENDLETON,A101,US HOUSE,004,REPUBLICAN,THOMAS MASSIE,215
PENDLETON,A101,US HOUSE,004,DEMOCRAT,MATTHEW LEHMAN,38
PENDLETON,A101,US HOUSE,004,INDEPENDENT,ETHAN KEITH OSBORNE,4
PENDLETON,A102,US HOUSE,004,REPUBLICAN,THOMAS MASSIE,352
PENDLETON,A102,US HOUSE,004,DEMOCRAT,MATTHEW LEHMAN,87
PENDLETON,A102,US HOUSE,004,INDEPENDENT,ETHAN KEITH OSBORNE,14
PENDLETON,A103,US HOUSE,004,REPUBLICAN,THOMAS MASSIE,331
PENDLETON,A103,US HOUSE,004,DEMOCRAT,MATTHEW LEHMAN,57
PENDLETON,A103,US HOUSE,004,INDEPENDENT,ETHAN KEITH OSBORNE,9
PENDLETON,B101,US HOUSE,004,REPUBLICAN,THOMAS MASSIE,433
PENDLETON,B101,US HOUSE,004,DEMOCRAT,MATTHEW LEHMAN,118
PENDLETON,B101,US HOUSE,004,INDEPENDENT,ETHAN KEITH OSBORNE,16
PENDLETON,B102,US HOUSE,004,REPUBLICAN,THOMAS MASSIE,405
PENDLETON,B102,US HOUSE,004,DEMOCRAT,MATTHEW LEHMAN,98
PENDLETON,B102,US HOUSE,004,INDEPENDENT,ETHAN KEITH OSBORNE,14
PENDLETON,B103,US HOUSE,004,REPUBLICAN,THOMAS MASSIE,356
PENDLETON,B103,US HOUSE,004,DEMOCRAT,MATTHEW LEHMAN,78
PENDLETON,B103,US HOUSE,004,INDEPENDENT,ETHAN KEITH OSBORNE,6
PENDLETON,C101,US HOUSE,004,REPUBLICAN,THOMAS MASSIE,299
PENDLETON,C101,US HOUSE,004,DEMOCRAT,MATTHEW LEHMAN,60
PENDLETON,C101,US HOUSE,004,INDEPENDENT,ETHAN KEITH OSBORNE,13
PENDLETON,C102,US HOUSE,004,REPUBLICAN,THOMAS MASSIE,302
PENDLETON,C102,US HOUSE,004,DEMOCRAT,MATTHEW LEHMAN,64
PENDLETON,C102,US HOUSE,004,INDEPENDENT,ETHAN KEITH OSBORNE,22
PENDLETON,C103,US HOUSE,004,REPUBLICAN,THOMAS MASSIE,221
PENDLETON,C103,US HOUSE,004,DEMOCRAT,MATTHEW LEHMAN,28
PENDLETON,C103,US HOUSE,004,INDEPENDENT,ETHAN KEITH OSBORNE,9
PENDLETON,D101,US HOUSE,004,REPUBLICAN,THOMAS MASSIE,392
PENDLETON,D101,US HOUSE,004,DEMOCRAT,MATTHEW LEHMAN,142
PENDLETON,D101,US HOUSE,004,INDEPENDENT,ETHAN KEITH OSBORNE,10
PENDLETON,D102,US HOUSE,004,REPUBLICAN,THOMAS MASSIE,257
PENDLETON,D102,US HOUSE,004,DEMOCRAT,MATTHEW LEHMAN,60
PENDLETON,D102,US HOUSE,004,INDEPENDENT,ETHAN KEITH OSBORNE,9
PENDLETON,D103,US HOUSE,004,REPUBLICAN,THOMAS MASSIE,281
PENDLETON,D103,US HOUSE,004,DEMOCRAT,MATTHEW LEHMAN,58
PENDLETON,D103,US HOUSE,004,INDEPENDENT,ETHAN KEITH OSBORNE,15
PERRY,A101,US HOUSE,005,REPUBLICAN,HAROLD HAL ROGERS,182
PERRY,A101,US HOUSE,005,DEMOCRAT,CONOR HALBLEIB,44
PERRY,A102,US HOUSE,005,REPUBLICAN,HAROLD HAL ROGERS,180
PERRY,A102,US HOUSE,005,DEMOCRAT,CONOR HALBLEIB,30
PERRY,A103,US HOUSE,005,REPUBLICAN,HAROLD HAL ROGERS,226
PERRY,A103,US HOUSE,005,DEMOCRAT,CONOR HALBLEIB,23
PERRY,A104,US HOUSE,005,REPUBLICAN,HAROLD HAL ROGERS,53
PERRY,A104,US HOUSE,005,DEMOCRAT,CONOR HALBLEIB,10
PERRY,A105,US HOUSE,005,REPUBLICAN,HAROLD HAL ROGERS,180
PERRY,A105,US HOUSE,005,DEMOCRAT,CONOR HALBLEIB,21
PERRY,A107,US HOUSE,005,REPUBLICAN,HAROLD HAL ROGERS,140
PERRY,A107,US HOUSE,005,DEMOCRAT,CONOR HALBLEIB,24
PERRY,A108,US HOUSE,005,REPUBLICAN,HAROLD HAL ROGERS,73
PERRY,A108,US HOUSE,005,DEMOCRAT,CONOR HALBLEIB,15
PERRY,A109,US HOUSE,005,REPUBLICAN,HAROLD HAL ROGERS,238
PERRY,A109,US HOUSE,005,DEMOCRAT,CONOR HALBLEIB,79
PERRY,A110,US HOUSE,005,REPUBLICAN,HAROLD HAL ROGERS,160
PERRY,A110,US HOUSE,005,DEMOCRAT,CONOR HALBLEIB,34
PERRY,A111,US HOUSE,005,REPUBLICAN,HAROLD HAL ROGERS,72
PERRY,A111,US HOUSE,005,DEMOCRAT,CONOR HALBLEIB,20
PERRY,A112,US HOUSE,005,REPUBLICAN,HAROLD HAL ROGERS,224
PERRY,A112,US HOUSE,005,DEMOCRAT,CONOR HALBLEIB,73
PERRY,A113,US HOUSE,005,REPUBLICAN,HAROLD HAL ROGERS,196
PERRY,A113,US HOUSE,005,DEMOCRAT,CONOR HALBLEIB,51
PERRY,A114,US HOUSE,005,REPUBLICAN,HAROLD HAL ROGERS,349
PERRY,A114,US HOUSE,005,DEMOCRAT,CONOR HALBLEIB,66
PERRY,B101,US HOUSE,005,REPUBLICAN,HAROLD HAL ROGERS,171
PERRY,B101,US HOUSE,005,DEMOCRAT,CONOR HALBLEIB,42
PERRY,B102,US HOUSE,005,REPUBLICAN,HAROLD HAL ROGERS,100
PERRY,B102,US HOUSE,005,DEMOCRAT,CONOR HALBLEIB,30
PERRY,B103,US HOUSE,005,REPUBLICAN,HAROLD HAL ROGERS,184
PERRY,B103,US HOUSE,005,DEMOCRAT,CONOR HALBLEIB,49
PERRY,B104,US HOUSE,005,REPUBLICAN,HAROLD HAL ROGERS,111
PERRY,B104,US HOUSE,005,DEMOCRAT,CONOR HALBLEIB,32
PERRY,B105,US HOUSE,005,REPUBLICAN,HAROLD HAL ROGERS,237
PERRY,B105,US HOUSE,005,DEMOCRAT,CONOR HALBLEIB,57
PERRY,B106,US HOUSE,005,REPUBLICAN,HAROLD HAL ROGERS,217
PERRY,B106,US HOUSE,005,DEMOCRAT,CONOR HALBLEIB,36
PERRY,B107,US HOUSE,005,REPUBLICAN,HAROLD HAL ROGERS,106
PERRY,B107,US HOUSE,005,DEMOCRAT,CONOR HALBLEIB,23
PERRY,B108,US HOUSE,005,REPUBLICAN,HAROLD HAL ROGERS,63
PERRY,B108,US HOUSE,005,DEMOCRAT,CONOR HALBLEIB,24
PERRY,B109,US HOUSE,005,REPUBLICAN,HAROLD HAL ROGERS,91
PERRY,B109,US HOUSE,005,DEMOCRAT,CONOR HALBLEIB,54
PERRY,B110,US HOUSE,005,REPUBLICAN,HAROLD HAL ROGERS,148
PERRY,B110,US HOUSE,005,DEMOCRAT,CONOR HALBLEIB,73
PERRY,B111,US HOUSE,005,REPUBLICAN,HAROLD HAL ROGERS,116
PERRY,B111,US HOUSE,005,DEMOCRAT,CONOR HALBLEIB,46
PERRY,B112,US HOUSE,005,REPUBLICAN,HAROLD HAL ROGERS,76
PERRY,B112,US HOUSE,005,DEMOCRAT,CONOR HALBLEIB,33
PERRY,B113,US HOUSE,005,REPUBLICAN,HAROLD HAL ROGERS,179
PERRY,B113,US HOUSE,005,DEMOCRAT,CONOR HALBLEIB,51
PERRY,C102,US HOUSE,005,REPUBLICAN,HAROLD HAL ROGERS,200
PERRY,C102,US HOUSE,005,DEMOCRAT,CONOR HALBLEIB,43
PERRY,C103,US HOUSE,005,REPUBLICAN,HAROLD HAL ROGERS,149
PERRY,C103,US HOUSE,005,DEMOCRAT,CONOR HALBLEIB,46
PERRY,C104,US HOUSE,005,REPUBLICAN,HAROLD HAL ROGERS,156
PERRY,C104,US HOUSE,005,DEMOCRAT,CONOR HALBLEIB,50
PERRY,C105,US HOUSE,005,REPUBLICAN,HAROLD HAL ROGERS,162
PERRY,C105,US HOUSE,005,DEMOCRAT,CONOR HALBLEIB,49
PERRY,C106,US HOUSE,005,REPUBLICAN,HAROLD HAL ROGERS,166
PERRY,C106,US HOUSE,005,DEMOCRAT,CONOR HALBLEIB,30
PERRY,C107,US HOUSE,005,REPUBLICAN,HAROLD HAL ROGERS,256
PERRY,C107,US HOUSE,005,DEMOCRAT,CONOR HALBLEIB,41
PERRY,C108,US HOUSE,005,REPUBLICAN,HAROLD HAL ROGERS,134
PERRY,C108,US HOUSE,005,DEMOCRAT,CONOR HALBLEIB,37
PERRY,C109,US HOUSE,005,REPUBLICAN,HAROLD HAL ROGERS,180
PERRY,C109,US HOUSE,005,DEMOCRAT,CONOR HALBLEIB,28
PERRY,C110,US HOUSE,005,REPUBLICAN,HAROLD HAL ROGERS,187
PERRY,C110,US HOUSE,005,DEMOCRAT,CONOR HALBLEIB,15
PERRY,C111,US HOUSE,005,REPUBLICAN,HAROLD HAL ROGERS,125
PERRY,C111,US HOUSE,005,DEMOCRAT,CONOR HALBLEIB,24
PERRY,C114,US HOUSE,005,REPUBLICAN,HAROLD HAL ROGERS,225
PERRY,C114,US HOUSE,005,DEMOCRAT,CONOR HALBLEIB,52
PIKE,A101,US HOUSE,005,REPUBLICAN,HAROLD HAL ROGERS,108
PIKE,A101,US HOUSE,005,DEMOCRAT,CONOR HALBLEIB,54
PIKE,A101,US HOUSE,005,,STEPHAN WILLIAM MAZUR,0
PIKE,A102,US HOUSE,005,REPUBLICAN,HAROLD HAL ROGERS,262
PIKE,A102,US HOUSE,005,DEMOCRAT,CONOR HALBLEIB,50
PIKE,A102,US HOUSE,005,,STEPHAN WILLIAM MAZUR,0
PIKE,A103,US HOUSE,005,REPUBLICAN,HAROLD HAL ROGERS,261
PIKE,A103,US HOUSE,005,DEMOCRAT,CONOR HALBLEIB,83
PIKE,A103,US HOUSE,005,,STEPHAN WILLIAM MAZUR,0
PIKE,A104,US HOUSE,005,REPUBLICAN,HAROLD HAL ROGERS,558
PIKE,A104,US HOUSE,005,DEMOCRAT,CONOR HALBLEIB,139
PIKE,A104,US HOUSE,005,,STEPHAN WILLIAM MAZUR,0
PIKE,A105,US HOUSE,005,REPUBLICAN,HAROLD HAL ROGERS,125
PIKE,A105,US HOUSE,005,DEMOCRAT,CONOR HALBLEIB,62
PIKE,A105,US HOUSE,005,,STEPHAN WILLIAM MAZUR,0
PIKE,A106,US HOUSE,005,REPUBLICAN,HAROLD HAL ROGERS,505
PIKE,A106,US HOUSE,005,DEMOCRAT,CONOR HALBLEIB,107
PIKE,A106,US HOUSE,005,,STEPHAN WILLIAM MAZUR,0
PIKE,A107,US HOUSE,005,REPUBLICAN,HAROLD HAL ROGERS,256
PIKE,A107,US HOUSE,005,DEMOCRAT,CONOR HALBLEIB,70
PIKE,A107,US HOUSE,005,,STEPHAN WILLIAM MAZUR,0
PIKE,A108,US HOUSE,005,REPUBLICAN,HAROLD HAL ROGERS,279
PIKE,A108,US HOUSE,005,DEMOCRAT,CONOR HALBLEIB,69
PIKE,A108,US HOUSE,005,,STEPHAN WILLIAM MAZUR,0
PIKE,A109,US HOUSE,005,REPUBLICAN,HAROLD HAL ROGERS,161
PIKE,A109,US HOUSE,005,DEMOCRAT,CONOR HALBLEIB,20
PIKE,A109,US HOUSE,005,,STEPHAN WILLIAM MAZUR,0
PIKE,A110,US HOUSE,005,REPUBLICAN,HAROLD HAL ROGERS,235
PIKE,A110,US HOUSE,005,DEMOCRAT,CONOR HALBLEIB,32
PIKE,A110,US HOUSE,005,,STEPHAN WILLIAM MAZUR,0
PIKE,B101,US HOUSE,005,REPUBLICAN,HAROLD HAL ROGERS,363
PIKE,B101,US HOUSE,005,DEMOCRAT,CONOR HALBLEIB,78
PIKE,B101,US HOUSE,005,,STEPHAN WILLIAM MAZUR,0
PIKE,B102,US HOUSE,005,REPUBLICAN,HAROLD HAL ROGERS,488
PIKE,B102,US HOUSE,005,DEMOCRAT,CONOR HALBLEIB,102
PIKE,B102,US HOUSE,005,,STEPHAN WILLIAM MAZUR,0
PIKE,B103,US HOUSE,005,REPUBLICAN,HAROLD HAL ROGERS,366
PIKE,B103,US HOUSE,005,DEMOCRAT,CONOR HALBLEIB,71
PIKE,B103,US HOUSE,005,,STEPHAN WILLIAM MAZUR,0
PIKE,B104,US HOUSE,005,REPUBLICAN,HAROLD HAL ROGERS,243
PIKE,B104,US HOUSE,005,DEMOCRAT,CONOR HALBLEIB,62
PIKE,B104,US HOUSE,005,,STEPHAN WILLIAM MAZUR,0
PIKE,B105,US HOUSE,005,REPUBLICAN,HAROLD HAL ROGERS,364
PIKE,B105,US HOUSE,005,DEMOCRAT,CONOR HALBLEIB,62
PIKE,B105,US HOUSE,005,,STEPHAN WILLIAM MAZUR,0
PIKE,B106,US HOUSE,005,REPUBLICAN,HAROLD HAL ROGERS,235
PIKE,B106,US HOUSE,005,DEMOCRAT,CONOR HALBLEIB,49
PIKE,B106,US HOUSE,005,,STEPHAN WILLIAM MAZUR,0
PIKE,B107,US HOUSE,005,REPUBLICAN,HAROLD HAL ROGERS,192
PIKE,B107,US HOUSE,005,DEMOCRAT,CONOR HALBLEIB,48
PIKE,B107,US HOUSE,005,,STEPHAN WILLIAM MAZUR,1
PIKE,C101,US HOUSE,005,REPUBLICAN,HAROLD HAL ROGERS,136
PIKE,C101,US HOUSE,005,DEMOCRAT,CONOR HALBLEIB,16
PIKE,C101,US HOUSE,005,,STEPHAN WILLIAM MAZUR,0
PIKE,C102,US HOUSE,005,REPUBLICAN,HAROLD HAL ROGERS,121
PIKE,C102,US HOUSE,005,DEMOCRAT,CONOR HALBLEIB,56
PIKE,C102,US HOUSE,005,,STEPHAN WILLIAM MAZUR,0
PIKE,C103,US HOUSE,005,REPUBLICAN,HAROLD HAL ROGERS,327
PIKE,C103,US HOUSE,005,DEMOCRAT,CONOR HALBLEIB,104
PIKE,C103,US HOUSE,005,,STEPHAN WILLIAM MAZUR,0
PIKE,C104,US HOUSE,005,REPUBLICAN,HAROLD HAL ROGERS,113
PIKE,C104,US HOUSE,005,DEMOCRAT,CONOR HALBLEIB,37
PIKE,C104,US HOUSE,005,,STEPHAN WILLIAM MAZUR,0
PIKE,C105,US HOUSE,005,REPUBLICAN,HAROLD HAL ROGERS,198
PIKE,C105,US HOUSE,005,DEMOCRAT,CONOR HALBLEIB,67
PIKE,C105,US HOUSE,005,,STEPHAN WILLIAM MAZUR,0
PIKE,C106,US HOUSE,005,REPUBLICAN,HAROLD HAL ROGERS,111
PIKE,C106,US HOUSE,005,DEMOCRAT,CONOR HALBLEIB,12
PIKE,C106,US HOUSE,005,,STEPHAN WILLIAM MAZUR,0
PIKE,C107,US HOUSE,005,REPUBLICAN,HAROLD HAL ROGERS,91
PIKE,C107,US HOUSE,005,DEMOCRAT,CONOR HALBLEIB,8
PIKE,C107,US HOUSE,005,,STEPHAN WILLIAM MAZUR,0
PIKE,C108,US HOUSE,005,REPUBLICAN,HAROLD HAL ROGERS,167
PIKE,C108,US HOUSE,005,DEMOCRAT,CONOR HALBLEIB,38
PIKE,C108,US HOUSE,005,,STEPHAN WILLIAM MAZUR,0
PIKE,C109,US HOUSE,005,REPUBLICAN,HAROLD HAL ROGERS,137
PIKE,C109,US HOUSE,005,DEMOCRAT,CONOR HALBLEIB,19
PIKE,C109,US HOUSE,005,,STEPHAN WILLIAM MAZUR,0
PIKE,C110,US HOUSE,005,REPUBLICAN,HAROLD HAL ROGERS,66
PIKE,C110,US HOUSE,005,DEMOCRAT,CONOR HALBLEIB,31
PIKE,C110,US HOUSE,005,,STEPHAN WILLIAM MAZUR,0
PIKE,C111,US HOUSE,005,REPUBLICAN,HAROLD HAL ROGERS,414
PIKE,C111,US HOUSE,005,DEMOCRAT,CONOR HALBLEIB,59
PIKE,C111,US HOUSE,005,,STEPHAN WILLIAM MAZUR,0
PIKE,C112,US HOUSE,005,REPUBLICAN,HAROLD HAL ROGERS,85
PIKE,C112,US HOUSE,005,DEMOCRAT,CONOR HALBLEIB,6
PIKE,C112,US HOUSE,005,,STEPHAN WILLIAM MAZUR,0
PIKE,D101,US HOUSE,005,REPUBLICAN,HAROLD HAL ROGERS,399
PIKE,D101,US HOUSE,005,DEMOCRAT,CONOR HALBLEIB,57
PIKE,D101,US HOUSE,005,,STEPHAN WILLIAM MAZUR,0
PIKE,D102,US HOUSE,005,REPUBLICAN,HAROLD HAL ROGERS,225
PIKE,D102,US HOUSE,005,DEMOCRAT,CONOR HALBLEIB,38
PIKE,D102,US HOUSE,005,,STEPHAN WILLIAM MAZUR,0
PIKE,D103,US HOUSE,005,REPUBLICAN,HAROLD HAL ROGERS,239
PIKE,D103,US HOUSE,005,DEMOCRAT,CONOR HALBLEIB,53
PIKE,D103,US HOUSE,005,,STEPHAN WILLIAM MAZUR,0
PIKE,D104,US HOUSE,005,REPUBLICAN,HAROLD HAL ROGERS,135
PIKE,D104,US HOUSE,005,DEMOCRAT,CONOR HALBLEIB,22
PIKE,D104,US HOUSE,005,,STEPHAN WILLIAM MAZUR,0
PIKE,D105,US HOUSE,005,REPUBLICAN,HAROLD HAL ROGERS,173
PIKE,D105,US HOUSE,005,DEMOCRAT,CONOR HALBLEIB,21
PIKE,D105,US HOUSE,005,,STEPHAN WILLIAM MAZUR,0
PIKE,D106,US HOUSE,005,REPUBLICAN,HAROLD HAL ROGERS,146
PIKE,D106,US HOUSE,005,DEMOCRAT,CONOR HALBLEIB,31
PIKE,D106,US HOUSE,005,,STEPHAN WILLIAM MAZUR,0
PIKE,D107,US HOUSE,005,REPUBLICAN,HAROLD HAL ROGERS,112
PIKE,D107,US HOUSE,005,DEMOCRAT,CONOR HALBLEIB,21
PIKE,D107,US HOUSE,005,,STEPHAN WILLIAM MAZUR,0
PIKE,D108,US HOUSE,005,REPUBLICAN,HAROLD HAL ROGERS,128
PIKE,D108,US HOUSE,005,DEMOCRAT,CONOR HALBLEIB,17
PIKE,D108,US HOUSE,005,,STEPHAN WILLIAM MAZUR,0
PIKE,D109,US HOUSE,005,REPUBLICAN,HAROLD HAL ROGERS,50
PIKE,D109,US HOUSE,005,DEMOCRAT,CONOR HALBLEIB,6
PIKE,D109,US HOUSE,005,,STEPHAN WILLIAM MAZUR,0
PIKE,D110,US HOUSE,005,REPUBLICAN,HAROLD HAL ROGERS,138
PIKE,D110,US HOUSE,005,DEMOCRAT,CONOR HALBLEIB,24
PIKE,D110,US HOUSE,005,,STEPHAN WILLIAM MAZUR,0
PIKE,D111,US HOUSE,005,REPUBLICAN,HAROLD HAL ROGERS,333
PIKE,D111,US HOUSE,005,DEMOCRAT,CONOR HALBLEIB,95
PIKE,D111,US HOUSE,005,,STEPHAN WILLIAM MAZUR,0
PIKE,E101,US HOUSE,005,REPUBLICAN,HAROLD HAL ROGERS,244
PIKE,E101,US HOUSE,005,DEMOCRAT,CONOR HALBLEIB,39
PIKE,E101,US HOUSE,005,,STEPHAN WILLIAM MAZUR,0
PIKE,E102,US HOUSE,005,REPUBLICAN,HAROLD HAL ROGERS,197
PIKE,E102,US HOUSE,005,DEMOCRAT,CONOR HALBLEIB,18
PIKE,E102,US HOUSE,005,,STEPHAN WILLIAM MAZUR,0
PIKE,E103,US HOUSE,005,REPUBLICAN,HAROLD HAL ROGERS,410
PIKE,E103,US HOUSE,005,DEMOCRAT,CONOR HALBLEIB,81
PIKE,E103,US HOUSE,005,,STEPHAN WILLIAM MAZUR,0
PIKE,E104,US HOUSE,005,REPUBLICAN,HAROLD HAL ROGERS,168
PIKE,E104,US HOUSE,005,DEMOCRAT,CONOR HALBLEIB,28
PIKE,E104,US HOUSE,005,,STEPHAN WILLIAM MAZUR,0
PIKE,E105,US HOUSE,005,REPUBLICAN,HAROLD HAL ROGERS,168
PIKE,E105,US HOUSE,005,DEMOCRAT,CONOR HALBLEIB,44
PIKE,E105,US HOUSE,005,,STEPHAN WILLIAM MAZUR,0
PIKE,E106,US HOUSE,005,REPUBLICAN,HAROLD HAL ROGERS,175
PIKE,E106,US HOUSE,005,DEMOCRAT,CONOR HALBLEIB,39
PIKE,E106,US HOUSE,005,,STEPHAN WILLIAM MAZUR,0
PIKE,E107,US HOUSE,005,REPUBLICAN,HAROLD HAL ROGERS,337
PIKE,E107,US HOUSE,005,DEMOCRAT,CONOR HALBLEIB,67
PIKE,E107,US HOUSE,005,,STEPHAN WILLIAM MAZUR,0
PIKE,E108,US HOUSE,005,REPUBLICAN,HAROLD HAL ROGERS,108
PIKE,E108,US HOUSE,005,DEMOCRAT,CONOR HALBLEIB,14
PIKE,E108,US HOUSE,005,,STEPHAN WILLIAM MAZUR,0
PIKE,E109,US HOUSE,005,REPUBLICAN,HAROLD HAL ROGERS,120
PIKE,E109,US HOUSE,005,DEMOCRAT,CONOR HALBLEIB,37
PIKE,E109,US HOUSE,005,,STEPHAN WILLIAM MAZUR,0
PIKE,F101,US HOUSE,005,REPUBLICAN,HAROLD HAL ROGERS,174
PIKE,F101,US HOUSE,005,DEMOCRAT,CONOR HALBLEIB,19
PIKE,F101,US HOUSE,005,,STEPHAN WILLIAM MAZUR,0
PIKE,F102,US HOUSE,005,REPUBLICAN,HAROLD HAL ROGERS,163
PIKE,F102,US HOUSE,005,DEMOCRAT,CONOR HALBLEIB,32
PIKE,F102,US HOUSE,005,,STEPHAN WILLIAM MAZUR,0
PIKE,F103,US HOUSE,005,REPUBLICAN,HAROLD HAL ROGERS,169
PIKE,F103,US HOUSE,005,DEMOCRAT,CONOR HALBLEIB,46
PIKE,F103,US HOUSE,005,,STEPHAN WILLIAM MAZUR,0
PIKE,F104,US HOUSE,005,REPUBLICAN,HAROLD HAL ROGERS,452
PIKE,F104,US HOUSE,005,DEMOCRAT,CONOR HALBLEIB,90
PIKE,F104,US HOUSE,005,,STEPHAN WILLIAM MAZUR,0
PIKE,F105,US HOUSE,005,REPUBLICAN,HAROLD HAL ROGERS,205
PIKE,F105,US HOUSE,005,DEMOCRAT,CONOR HALBLEIB,38
PIKE,F105,US HOUSE,005,,STEPHAN WILLIAM MAZUR,0
PIKE,F106,US HOUSE,005,REPUBLICAN,HAROLD HAL ROGERS,198
PIKE,F106,US HOUSE,005,DEMOCRAT,CONOR HALBLEIB,44
PIKE,F106,US HOUSE,005,,STEPHAN WILLIAM MAZUR,0
PIKE,F107,US HOUSE,005,REPUBLICAN,HAROLD HAL ROGERS,186
PIKE,F107,US HOUSE,005,DEMOCRAT,CONOR HALBLEIB,21
PIKE,F107,US HOUSE,005,,STEPHAN WILLIAM MAZUR,0
PIKE,F108,US HOUSE,005,REPUBLICAN,HAROLD HAL ROGERS,470
PIKE,F108,US HOUSE,005,DEMOCRAT,CONOR HALBLEIB,81
PIKE,F108,US HOUSE,005,,STEPHAN WILLIAM MAZUR,0
POWELL,A101,US HOUSE,006,REPUBLICAN,ANDY BARR,235
POWELL,A101,US HOUSE,006,DEMOCRAT,GEOFFREY M GEOFF YOUNG,59
POWELL,A102,US HOUSE,006,REPUBLICAN,ANDY BARR,325
POWELL,A102,US HOUSE,006,DEMOCRAT,GEOFFREY M GEOFF YOUNG,72
POWELL,ABSE,US HOUSE,006,REPUBLICAN,ANDY BARR,221
POWELL,ABSE,US HOUSE,006,DEMOCRAT,GEOFFREY M GEOFF YOUNG,106
POWELL,B101,US HOUSE,006,REPUBLICAN,ANDY BARR,138
POWELL,B101,US HOUSE,006,DEMOCRAT,GEOFFREY M GEOFF YOUNG,37
POWELL,B102,US HOUSE,006,REPUBLICAN,ANDY BARR,320
POWELL,B102,US HOUSE,006,DEMOCRAT,GEOFFREY M GEOFF YOUNG,70
POWELL,C101,US HOUSE,006,REPUBLICAN,ANDY BARR,217
POWELL,C101,US HOUSE,006,DEMOCRAT,GEOFFREY M GEOFF YOUNG,60
POWELL,C102,US HOUSE,006,REPUBLICAN,ANDY BARR,264
POWELL,C102,US HOUSE,006,DEMOCRAT,GEOFFREY M GEOFF YOUNG,70
POWELL,D101,US HOUSE,006,REPUBLICAN,ANDY BARR,278
POWELL,D101,US HOUSE,006,DEMOCRAT,GEOFFREY M GEOFF YOUNG,102
POWELL,D102,US HOUSE,006,REPUBLICAN,ANDY BARR,96
POWELL,D102,US HOUSE,006,DEMOCRAT,GEOFFREY M GEOFF YOUNG,31
POWELL,D103,US HOUSE,006,REPUBLICAN,ANDY BARR,44
POWELL,D103,US HOUSE,006,DEMOCRAT,GEOFFREY M GEOFF YOUNG,25
POWELL,E101,US HOUSE,006,REPUBLICAN,ANDY BARR,350
POWELL,E101,US HOUSE,006,DEMOCRAT,GEOFFREY M GEOFF YOUNG,80
POWELL,E102,US HOUSE,006,REPUBLICAN,ANDY BARR,278
POWELL,E102,US HOUSE,006,DEMOCRAT,GEOFFREY M GEOFF YOUNG,78
PULASKI,A101,US HOUSE,005,REPUBLICAN,HAROLD HAL ROGERS,124
PULASKI,A101,US HOUSE,005,DEMOCRAT,CONOR HALBLEIB,28
PULASKI,A101,US HOUSE,005,,STEPHEN WILLIAM MAZUR,0
PULASKI,A102,US HOUSE,005,REPUBLICAN,HAROLD HAL ROGERS,577
PULASKI,A102,US HOUSE,005,DEMOCRAT,CONOR HALBLEIB,94
PULASKI,A102,US HOUSE,005,,STEPHEN WILLIAM MAZUR,0
PULASKI,A103,US HOUSE,005,REPUBLICAN,HAROLD HAL ROGERS,680
PULASKI,A103,US HOUSE,005,DEMOCRAT,CONOR HALBLEIB,87
PULASKI,A103,US HOUSE,005,,STEPHEN WILLIAM MAZUR,0
PULASKI,A104,US HOUSE,005,REPUBLICAN,HAROLD HAL ROGERS,194
PULASKI,A104,US HOUSE,005,DEMOCRAT,CONOR HALBLEIB,21
PULASKI,A104,US HOUSE,005,,STEPHEN WILLIAM MAZUR,0
PULASKI,A105,US HOUSE,005,REPUBLICAN,HAROLD HAL ROGERS,121
PULASKI,A105,US HOUSE,005,DEMOCRAT,CONOR HALBLEIB,37
PULASKI,A105,US HOUSE,005,,STEPHEN WILLIAM MAZUR,0
PULASKI,A106,US HOUSE,005,REPUBLICAN,HAROLD HAL ROGERS,1017
PULASKI,A106,US HOUSE,005,DEMOCRAT,CONOR HALBLEIB,178
PULASKI,A106,US HOUSE,005,,STEPHEN WILLIAM MAZUR,0
PULASKI,A108,US HOUSE,005,REPUBLICAN,HAROLD HAL ROGERS,764
PULASKI,A108,US HOUSE,005,DEMOCRAT,CONOR HALBLEIB,169
PULASKI,A108,US HOUSE,005,,STEPHEN WILLIAM MAZUR,0
PULASKI,A110,US HOUSE,005,REPUBLICAN,HAROLD HAL ROGERS,250
PULASKI,A110,US HOUSE,005,DEMOCRAT,CONOR HALBLEIB,40
PULASKI,A110,US HOUSE,005,,STEPHEN WILLIAM MAZUR,0
PULASKI,A111,US HOUSE,005,REPUBLICAN,HAROLD HAL ROGERS,111
PULASKI,A111,US HOUSE,005,DEMOCRAT,CONOR HALBLEIB,12
PULASKI,A111,US HOUSE,005,,STEPHEN WILLIAM MAZUR,0
PULASKI,A112,US HOUSE,005,REPUBLICAN,HAROLD HAL ROGERS,174
PULASKI,A112,US HOUSE,005,DEMOCRAT,CONOR HALBLEIB,13
PULASKI,A112,US HOUSE,005,,STEPHEN WILLIAM MAZUR,0
PULASKI,B101,US HOUSE,005,REPUBLICAN,HAROLD HAL ROGERS,224
PULASKI,B101,US HOUSE,005,DEMOCRAT,CONOR HALBLEIB,27
PULASKI,B101,US HOUSE,005,,STEPHEN WILLIAM MAZUR,0
PULASKI,B102,US HOUSE,005,REPUBLICAN,HAROLD HAL ROGERS,121
PULASKI,B102,US HOUSE,005,DEMOCRAT,CONOR HALBLEIB,8
PULASKI,B102,US HOUSE,005,,STEPHEN WILLIAM MAZUR,0
PULASKI,B103,US HOUSE,005,REPUBLICAN,HAROLD HAL ROGERS,190
PULASKI,B103,US HOUSE,005,DEMOCRAT,CONOR HALBLEIB,27
PULASKI,B103,US HOUSE,005,,STEPHEN WILLIAM MAZUR,0
PULASKI,B104,US HOUSE,005,REPUBLICAN,HAROLD HAL ROGERS,189
PULASKI,B104,US HOUSE,005,DEMOCRAT,CONOR HALBLEIB,44
PULASKI,B104,US HOUSE,005,,STEPHEN WILLIAM MAZUR,0
PULASKI,B105,US HOUSE,005,REPUBLICAN,HAROLD HAL ROGERS,501
PULASKI,B105,US HOUSE,005,DEMOCRAT,CONOR HALBLEIB,68
PULASKI,B105,US HOUSE,005,,STEPHEN WILLIAM MAZUR,0
PULASKI,B106,US HOUSE,005,REPUBLICAN,HAROLD HAL ROGERS,350
PULASKI,B106,US HOUSE,005,DEMOCRAT,CONOR HALBLEIB,55
PULASKI,B106,US HOUSE,005,,STEPHEN WILLIAM MAZUR,0
PULASKI,B107,US HOUSE,005,REPUBLICAN,HAROLD HAL ROGERS,178
PULASKI,B107,US HOUSE,005,DEMOCRAT,CONOR HALBLEIB,77
PULASKI,B107,US HOUSE,005,,STEPHEN WILLIAM MAZUR,0
PULASKI,B108,US HOUSE,005,REPUBLICAN,HAROLD HAL ROGERS,232
PULASKI,B108,US HOUSE,005,DEMOCRAT,CONOR HALBLEIB,47
PULASKI,B108,US HOUSE,005,,STEPHEN WILLIAM MAZUR,0
PULASKI,B109,US HOUSE,005,REPUBLICAN,HAROLD HAL ROGERS,269
PULASKI,B109,US HOUSE,005,DEMOCRAT,CONOR HALBLEIB,42
PULASKI,B109,US HOUSE,005,,STEPHEN WILLIAM MAZUR,0
PULASKI,B110,US HOUSE,005,REPUBLICAN,HAROLD HAL ROGERS,474
PULASKI,B110,US HOUSE,005,DEMOCRAT,CONOR HALBLEIB,59
PULASKI,B110,US HOUSE,005,,STEPHEN WILLIAM MAZUR,0
PULASKI,B111,US HOUSE,005,REPUBLICAN,HAROLD HAL ROGERS,229
PULASKI,B111,US HOUSE,005,DEMOCRAT,CONOR HALBLEIB,25
PULASKI,B111,US HOUSE,005,,STEPHEN WILLIAM MAZUR,0
PULASKI,B112,US HOUSE,005,REPUBLICAN,HAROLD HAL ROGERS,277
PULASKI,B112,US HOUSE,005,DEMOCRAT,CONOR HALBLEIB,36
PULASKI,B112,US HOUSE,005,,STEPHEN WILLIAM MAZUR,0
PULASKI,B113,US HOUSE,005,REPUBLICAN,HAROLD HAL ROGERS,130
PULASKI,B113,US HOUSE,005,DEMOCRAT,CONOR HALBLEIB,23
PULASKI,B113,US HOUSE,005,,STEPHEN WILLIAM MAZUR,0
PULASKI,C101,US HOUSE,005,REPUBLICAN,HAROLD HAL ROGERS,143
PULASKI,C101,US HOUSE,005,DEMOCRAT,CONOR HALBLEIB,43
PULASKI,C101,US HOUSE,005,,STEPHEN WILLIAM MAZUR,0
PULASKI,C102,US HOUSE,005,REPUBLICAN,HAROLD HAL ROGERS,660
PULASKI,C102,US HOUSE,005,DEMOCRAT,CONOR HALBLEIB,96
PULASKI,C102,US HOUSE,005,,STEPHEN WILLIAM MAZUR,0
PULASKI,C103,US HOUSE,005,REPUBLICAN,HAROLD HAL ROGERS,339
PULASKI,C103,US HOUSE,005,DEMOCRAT,CONOR HALBLEIB,162
PULASKI,C103,US HOUSE,005,,STEPHEN WILLIAM MAZUR,0
PULASKI,C104,US HOUSE,005,REPUBLICAN,HAROLD HAL ROGERS,596
PULASKI,C104,US HOUSE,005,DEMOCRAT,CONOR HALBLEIB,130
PULASKI,C104,US HOUSE,005,,STEPHEN WILLIAM MAZUR,0
PULASKI,C105,US HOUSE,005,REPUBLICAN,HAROLD HAL ROGERS,641
PULASKI,C105,US HOUSE,005,DEMOCRAT,CONOR HALBLEIB,60
PULASKI,C105,US HOUSE,005,,STEPHEN WILLIAM MAZUR,0
PULASKI,C106,US HOUSE,005,REPUBLICAN,HAROLD HAL ROGERS,472
PULASKI,C106,US HOUSE,005,DEMOCRAT,CONOR HALBLEIB,42
PULASKI,C106,US HOUSE,005,,STEPHEN WILLIAM MAZUR,0
PULASKI,C110,US HOUSE,005,REPUBLICAN,HAROLD HAL ROGERS,678
PULASKI,C110,US HOUSE,005,DEMOCRAT,CONOR HALBLEIB,94
PULASKI,C110,US HOUSE,005,,STEPHEN WILLIAM MAZUR,0
PULASKI,C111,US HOUSE,005,REPUBLICAN,HAROLD HAL ROGERS,194
PULASKI,C111,US HOUSE,005,DEMOCRAT,CONOR HALBLEIB,42
PULASKI,C111,US HOUSE,005,,STEPHEN WILLIAM MAZUR,0
PULASKI,C112,US HOUSE,005,REPUBLICAN,HAROLD HAL ROGERS,122
PULASKI,C112,US HOUSE,005,DEMOCRAT,CONOR HALBLEIB,9
PULASKI,C112,US HOUSE,005,,STEPHEN WILLIAM MAZUR,0
PULASKI,C113,US HOUSE,005,REPUBLICAN,HAROLD HAL ROGERS,80
PULASKI,C113,US HOUSE,005,DEMOCRAT,CONOR HALBLEIB,12
PULASKI,C113,US HOUSE,005,,STEPHEN WILLIAM MAZUR,0
PULASKI,D101,US HOUSE,005,REPUBLICAN,HAROLD HAL ROGERS,185
PULASKI,D101,US HOUSE,005,DEMOCRAT,CONOR HALBLEIB,57
PULASKI,D101,US HOUSE,005,,STEPHEN WILLIAM MAZUR,0
PULASKI,D102,US HOUSE,005,REPUBLICAN,HAROLD HAL ROGERS,204
PULASKI,D102,US HOUSE,005,DEMOCRAT,CONOR HALBLEIB,15
PULASKI,D102,US HOUSE,005,,STEPHEN WILLIAM MAZUR,0
PULASKI,D103,US HOUSE,005,REPUBLICAN,HAROLD HAL ROGERS,176
PULASKI,D103,US HOUSE,005,DEMOCRAT,CONOR HALBLEIB,31
PULASKI,D103,US HOUSE,005,,STEPHEN WILLIAM MAZUR,0
PULASKI,D104,US HOUSE,005,REPUBLICAN,HAROLD HAL ROGERS,389
PULASKI,D104,US HOUSE,005,DEMOCRAT,CONOR HALBLEIB,41
PULASKI,D104,US HOUSE,005,,STEPHEN WILLIAM MAZUR,0
PULASKI,D105,US HOUSE,005,REPUBLICAN,HAROLD HAL ROGERS,362
PULASKI,D105,US HOUSE,005,DEMOCRAT,CONOR HALBLEIB,86
PULASKI,D105,US HOUSE,005,,STEPHEN WILLIAM MAZUR,0
PULASKI,D106,US HOUSE,005,REPUBLICAN,HAROLD HAL ROGERS,357
PULASKI,D106,US HOUSE,005,DEMOCRAT,CONOR HALBLEIB,23
PULASKI,D106,US HOUSE,005,,STEPHEN WILLIAM MAZUR,0
PULASKI,D107,US HOUSE,005,REPUBLICAN,HAROLD HAL ROGERS,130
PULASKI,D107,US HOUSE,005,DEMOCRAT,CONOR HALBLEIB,16
PULASKI,D107,US HOUSE,005,,STEPHEN WILLIAM MAZUR,0
PULASKI,D108,US HOUSE,005,REPUBLICAN,HAROLD HAL ROGERS,215
PULASKI,D108,US HOUSE,005,DEMOCRAT,CONOR HALBLEIB,38
PULASKI,D108,US HOUSE,005,,STEPHEN WILLIAM MAZUR,0
PULASKI,D109,US HOUSE,005,REPUBLICAN,HAROLD HAL ROGERS,290
PULASKI,D109,US HOUSE,005,DEMOCRAT,CONOR HALBLEIB,55
PULASKI,D109,US HOUSE,005,,STEPHEN WILLIAM MAZUR,0
PULASKI,D110,US HOUSE,005,REPUBLICAN,HAROLD HAL ROGERS,613
PULASKI,D110,US HOUSE,005,DEMOCRAT,CONOR HALBLEIB,106
PULASKI,D110,US HOUSE,005,,STEPHEN WILLIAM MAZUR,0
PULASKI,D111,US HOUSE,005,REPUBLICAN,HAROLD HAL ROGERS,162
PULASKI,D111,US HOUSE,005,DEMOCRAT,CONOR HALBLEIB,41
PULASKI,D111,US HOUSE,005,,STEPHEN WILLIAM MAZUR,0
PULASKI,D113,US HOUSE,005,REPUBLICAN,HAROLD HAL ROGERS,111
PULASKI,D113,US HOUSE,005,DEMOCRAT,CONOR HALBLEIB,27
PULASKI,D113,US HOUSE,005,,STEPHEN WILLIAM MAZUR,0
PULASKI,D115,US HOUSE,005,REPUBLICAN,HAROLD HAL ROGERS,137
PULASKI,D115,US HOUSE,005,DEMOCRAT,CONOR HALBLEIB,48
PULASKI,D115,US HOUSE,005,,STEPHEN WILLIAM MAZUR,0
PULASKI,E101,US HOUSE,005,REPUBLICAN,HAROLD HAL ROGERS,173
PULASKI,E101,US HOUSE,005,DEMOCRAT,CONOR HALBLEIB,42
PULASKI,E101,US HOUSE,005,,STEPHEN WILLIAM MAZUR,0
PULASKI,E103,US HOUSE,005,REPUBLICAN,HAROLD HAL ROGERS,733
PULASKI,E103,US HOUSE,005,DEMOCRAT,CONOR HALBLEIB,137
PULASKI,E103,US HOUSE,005,,STEPHEN WILLIAM MAZUR,0
PULASKI,E104,US HOUSE,005,REPUBLICAN,HAROLD HAL ROGERS,249
PULASKI,E104,US HOUSE,005,DEMOCRAT,CONOR HALBLEIB,84
PULASKI,E104,US HOUSE,005,,STEPHEN WILLIAM MAZUR,0
PULASKI,E105,US HOUSE,005,REPUBLICAN,HAROLD HAL ROGERS,560
PULASKI,E105,US HOUSE,005,DEMOCRAT,CONOR HALBLEIB,94
PULASKI,E105,US HOUSE,005,,STEPHEN WILLIAM MAZUR,0
PULASKI,E107,US HOUSE,005,REPUBLICAN,HAROLD HAL ROGERS,100
PULASKI,E107,US HOUSE,005,DEMOCRAT,CONOR HALBLEIB,23
PULASKI,E107,US HOUSE,005,,STEPHEN WILLIAM MAZUR,0
PULASKI,E108,US HOUSE,005,REPUBLICAN,HAROLD HAL ROGERS,392
PULASKI,E108,US HOUSE,005,DEMOCRAT,CONOR HALBLEIB,76
PULASKI,E108,US HOUSE,005,,STEPHEN WILLIAM MAZUR,0
PULASKI,E109,US HOUSE,005,REPUBLICAN,HAROLD HAL ROGERS,179
PULASKI,E109,US HOUSE,005,DEMOCRAT,CONOR HALBLEIB,29
PULASKI,E109,US HOUSE,005,,STEPHEN WILLIAM MAZUR,0
PULASKI,E110,US HOUSE,005,REPUBLICAN,HAROLD HAL ROGERS,116
PULASKI,E110,US HOUSE,005,DEMOCRAT,CONOR HALBLEIB,29
PULASKI,E110,US HOUSE,005,,STEPHEN WILLIAM MAZUR,0
PULASKI,E111,US HOUSE,005,REPUBLICAN,HAROLD HAL ROGERS,508
PULASKI,E111,US HOUSE,005,DEMOCRAT,CONOR HALBLEIB,119
PULASKI,E111,US HOUSE,005,,STEPHEN WILLIAM MAZUR,1
PULASKI,E112,US HOUSE,005,REPUBLICAN,HAROLD HAL ROGERS,178
PULASKI,E112,US HOUSE,005,DEMOCRAT,CONOR HALBLEIB,27
PULASKI,E112,US HOUSE,005,,STEPHEN WILLIAM MAZUR,0
ROBERTSON,A101,US HOUSE,004,REPUBLICAN,THOMAS MASSIE,123
ROBERTSON,A101,US HOUSE,004,DEMOCRAT,MATTHEW LEHMAN,57
ROBERTSON,A101,US HOUSE,004,INDEPENDENT,ETHAN KEITH OSBORNE,8
ROBERTSON,B101,US HOUSE,004,REPUBLICAN,THOMAS MASSIE,112
ROBERTSON,B101,US HOUSE,004,DEMOCRAT,MATTHEW LEHMAN,46
ROBERTSON,B101,US HOUSE,004,INDEPENDENT,ETHAN KEITH OSBORNE,2
ROBERTSON,C101,US HOUSE,004,REPUBLICAN,THOMAS MASSIE,137
ROBERTSON,C101,US HOUSE,004,DEMOCRAT,MATTHEW LEHMAN,51
ROBERTSON,C101,US HOUSE,004,INDEPENDENT,ETHAN KEITH OSBORNE,5
ROBERTSON,D101,US HOUSE,004,REPUBLICAN,THOMAS MASSIE,158
ROBERTSON,D101,US HOUSE,004,DEMOCRAT,MATTHEW LEHMAN,50
ROBERTSON,D101,US HOUSE,004,INDEPENDENT,ETHAN KEITH OSBORNE,7
ROBERTSON,E101,US HOUSE,004,REPUBLICAN,THOMAS MASSIE,179
ROBERTSON,E101,US HOUSE,004,DEMOCRAT,MATTHEW LEHMAN,34
ROBERTSON,E101,US HOUSE,004,INDEPENDENT,ETHAN KEITH OSBORNE,2
ROCKCASTLE,A101,US HOUSE,005,REPUBLICAN,HAROLD HAL ROGERS,553
ROCKCASTLE,A101,US HOUSE,005,DEMOCRAT,CONOR HALBLEIB,73
ROCKCASTLE,A102,US HOUSE,005,REPUBLICAN,HAROLD HAL ROGERS,280
ROCKCASTLE,A102,US HOUSE,005,DEMOCRAT,CONOR HALBLEIB,36
ROCKCASTLE,ABSE,US HOUSE,005,REPUBLICAN,HAROLD HAL ROGERS,164
ROCKCASTLE,ABSE,US HOUSE,005,DEMOCRAT,CONOR HALBLEIB,43
ROCKCASTLE,B101,US HOUSE,005,REPUBLICAN,HAROLD HAL ROGERS,253
ROCKCASTLE,B101,US HOUSE,005,DEMOCRAT,CONOR HALBLEIB,25
ROCKCASTLE,B102,US HOUSE,005,REPUBLICAN,HAROLD HAL ROGERS,388
ROCKCASTLE,B102,US HOUSE,005,DEMOCRAT,CONOR HALBLEIB,53
ROCKCASTLE,C101,US HOUSE,005,REPUBLICAN,HAROLD HAL ROGERS,446
ROCKCASTLE,C101,US HOUSE,005,DEMOCRAT,CONOR HALBLEIB,38
ROCKCASTLE,C102,US HOUSE,005,REPUBLICAN,HAROLD HAL ROGERS,425
ROCKCASTLE,C102,US HOUSE,005,DEMOCRAT,CONOR HALBLEIB,44
ROCKCASTLE,C103,US HOUSE,005,REPUBLICAN,HAROLD HAL ROGERS,114
ROCKCASTLE,C103,US HOUSE,005,DEMOCRAT,CONOR HALBLEIB,3
ROCKCASTLE,D101,US HOUSE,005,REPUBLICAN,HAROLD HAL ROGERS,440
ROCKCASTLE,D101,US HOUSE,005,DEMOCRAT,CONOR HALBLEIB,71
ROCKCASTLE,D102,US HOUSE,005,REPUBLICAN,HAROLD HAL ROGERS,240
ROCKCASTLE,D102,US HOUSE,005,DEMOCRAT,CONOR HALBLEIB,43
ROCKCASTLE,D103,US HOUSE,005,REPUBLICAN,HAROLD HAL ROGERS,57
ROCKCASTLE,D103,US HOUSE,005,DEMOCRAT,CONOR HALBLEIB,29
ROCKCASTLE,E101,US HOUSE,005,REPUBLICAN,HAROLD HAL ROGERS,262
ROCKCASTLE,E101,US HOUSE,005,DEMOCRAT,CONOR HALBLEIB,21
ROCKCASTLE,E102,US HOUSE,005,REPUBLICAN,HAROLD HAL ROGERS,210
ROCKCASTLE,E102,US HOUSE,005,DEMOCRAT,CONOR HALBLEIB,13
ROCKCASTLE,E103,US HOUSE,005,REPUBLICAN,HAROLD HAL ROGERS,170
ROCKCASTLE,E103,US HOUSE,005,DEMOCRAT,CONOR HALBLEIB,27
ROCKCASTLE,E104,US HOUSE,005,REPUBLICAN,HAROLD HAL ROGERS,65
ROCKCASTLE,E104,US HOUSE,005,DEMOCRAT,CONOR HALBLEIB,16
ROCKCASTLE,E105,US HOUSE,005,REPUBLICAN,HAROLD HAL ROGERS,107
ROCKCASTLE,E105,US HOUSE,005,DEMOCRAT,CONOR HALBLEIB,19
ROWAN,A101,US HOUSE,005,DEMOCRAT,CONOR HALBLEIB,126
ROWAN,A101,US HOUSE,005,REPUBLICAN,HAROLD HAL ROGERS,111
ROWAN,A101,US HOUSE,005,,STEPHAN WILLIAM MAZUR,0
ROWAN,A102,US HOUSE,005,REPUBLICAN,HAROLD HAL ROGERS,478
ROWAN,A102,US HOUSE,005,DEMOCRAT,CONOR HALBLEIB,154
ROWAN,A102,US HOUSE,005,,STEPHAN WILLIAM MAZUR,0
ROWAN,A103,US HOUSE,005,DEMOCRAT,CONOR HALBLEIB,52
ROWAN,A103,US HOUSE,005,REPUBLICAN,HAROLD HAL ROGERS,35
ROWAN,A103,US HOUSE,005,,STEPHAN WILLIAM MAZUR,0
ROWAN,A105,US HOUSE,005,REPUBLICAN,HAROLD HAL ROGERS,87
ROWAN,A105,US HOUSE,005,DEMOCRAT,CONOR HALBLEIB,58
ROWAN,A105,US HOUSE,005,,STEPHAN WILLIAM MAZUR,0
ROWAN,A106,US HOUSE,005,REPUBLICAN,HAROLD HAL ROGERS,476
ROWAN,A106,US HOUSE,005,DEMOCRAT,CONOR HALBLEIB,243
ROWAN,A106,US HOUSE,005,,STEPHAN WILLIAM MAZUR,0
ROWAN,B102,US HOUSE,005,REPUBLICAN,HAROLD HAL ROGERS,151
ROWAN,B102,US HOUSE,005,DEMOCRAT,CONOR HALBLEIB,83
ROWAN,B102,US HOUSE,005,,STEPHAN WILLIAM MAZUR,0
ROWAN,B104,US HOUSE,005,REPUBLICAN,HAROLD HAL ROGERS,314
ROWAN,B104,US HOUSE,005,DEMOCRAT,CONOR HALBLEIB,226
ROWAN,B104,US HOUSE,005,,STEPHAN WILLIAM MAZUR,0
ROWAN,B105,US HOUSE,005,REPUBLICAN,HAROLD HAL ROGERS,366
ROWAN,B105,US HOUSE,005,DEMOCRAT,CONOR HALBLEIB,228
ROWAN,B105,US HOUSE,005,,STEPHAN WILLIAM MAZUR,0
ROWAN,B106,US HOUSE,005,REPUBLICAN,HAROLD HAL ROGERS,794
ROWAN,B106,US HOUSE,005,DEMOCRAT,CONOR HALBLEIB,314
ROWAN,B106,US HOUSE,005,,STEPHAN WILLIAM MAZUR,0
ROWAN,C101,US HOUSE,005,REPUBLICAN,HAROLD HAL ROGERS,439
ROWAN,C101,US HOUSE,005,DEMOCRAT,CONOR HALBLEIB,173
ROWAN,C101,US HOUSE,005,,STEPHAN WILLIAM MAZUR,0
ROWAN,C102,US HOUSE,005,REPUBLICAN,HAROLD HAL ROGERS,147
ROWAN,C102,US HOUSE,005,DEMOCRAT,CONOR HALBLEIB,77
ROWAN,C102,US HOUSE,005,,STEPHAN WILLIAM MAZUR,0
ROWAN,C103,US HOUSE,005,DEMOCRAT,CONOR HALBLEIB,71
ROWAN,C103,US HOUSE,005,REPUBLICAN,HAROLD HAL ROGERS,70
ROWAN,C103,US HOUSE,005,,STEPHAN WILLIAM MAZUR,0
ROWAN,C104,US HOUSE,005,REPUBLICAN,HAROLD HAL ROGERS,191
ROWAN,C104,US HOUSE,005,DEMOCRAT,CONOR HALBLEIB,75
ROWAN,C104,US HOUSE,005,,STEPHAN WILLIAM MAZUR,0
ROWAN,C106,US HOUSE,005,REPUBLICAN,HAROLD HAL ROGERS,261
ROWAN,C106,US HOUSE,005,DEMOCRAT,CONOR HALBLEIB,118
ROWAN,C106,US HOUSE,005,,STEPHAN WILLIAM MAZUR,0
ROWAN,D101,US HOUSE,005,REPUBLICAN,HAROLD HAL ROGERS,73
ROWAN,D101,US HOUSE,005,DEMOCRAT,CONOR HALBLEIB,58
ROWAN,D101,US HOUSE,005,,STEPHAN WILLIAM MAZUR,0
ROWAN,D102,US HOUSE,005,REPUBLICAN,HAROLD HAL ROGERS,293
ROWAN,D102,US HOUSE,005,DEMOCRAT,CONOR HALBLEIB,113
ROWAN,D102,US HOUSE,005,,STEPHAN WILLIAM MAZUR,0
ROWAN,D103,US HOUSE,005,REPUBLICAN,HAROLD HAL ROGERS,410
ROWAN,D103,US HOUSE,005,DEMOCRAT,CONOR HALBLEIB,181
ROWAN,D103,US HOUSE,005,,STEPHAN WILLIAM MAZUR,0
ROWAN,D104,US HOUSE,005,REPUBLICAN,HAROLD HAL ROGERS,185
ROWAN,D104,US HOUSE,005,DEMOCRAT,CONOR HALBLEIB,104
ROWAN,D104,US HOUSE,005,,STEPHAN WILLIAM MAZUR,0
RUSSELL,A101,US HOUSE,001,REPUBLICAN,JAMES R COMER,431
RUSSELL,A101,US HOUSE,001,DEMOCRAT,JIMMY C AUSBROOKS,65
RUSSELL,A102,US HOUSE,001,REPUBLICAN,JAMES R COMER,267
RUSSELL,A102,US HOUSE,001,DEMOCRAT,JIMMY C AUSBROOKS,59
RUSSELL,A103,US HOUSE,001,REPUBLICAN,JAMES R COMER,431
RUSSELL,A103,US HOUSE,001,DEMOCRAT,JIMMY C AUSBROOKS,59
RUSSELL,B101,US HOUSE,001,REPUBLICAN,JAMES R COMER,334
RUSSELL,B101,US HOUSE,001,DEMOCRAT,JIMMY C AUSBROOKS,42
RUSSELL,B102,US HOUSE,001,REPUBLICAN,JAMES R COMER,268
RUSSELL,B102,US HOUSE,001,DEMOCRAT,JIMMY C AUSBROOKS,32
RUSSELL,B103,US HOUSE,001,REPUBLICAN,JAMES R COMER,566
RUSSELL,B103,US HOUSE,001,DEMOCRAT,JIMMY C AUSBROOKS,56
RUSSELL,C101,US HOUSE,001,REPUBLICAN,JAMES R COMER,479
RUSSELL,C101,US HOUSE,001,DEMOCRAT,JIMMY C AUSBROOKS,42
RUSSELL,C102,US HOUSE,001,REPUBLICAN,JAMES R COMER,251
RUSSELL,C102,US HOUSE,001,DEMOCRAT,JIMMY C AUSBROOKS,30
RUSSELL,C103,US HOUSE,001,REPUBLICAN,JAMES R COMER,381
RUSSELL,C103,US HOUSE,001,DEMOCRAT,JIMMY C AUSBROOKS,26
RUSSELL,C104,US HOUSE,001,REPUBLICAN,JAMES R COMER,145
RUSSELL,C104,US HOUSE,001,DEMOCRAT,JIMMY C AUSBROOKS,23
RUSSELL,D101,US HOUSE,001,REPUBLICAN,JAMES R COMER,421
RUSSELL,D101,US HOUSE,001,DEMOCRAT,JIMMY C AUSBROOKS,47
RUSSELL,D102,US HOUSE,001,REPUBLICAN,JAMES R COMER,369
RUSSELL,D102,US HOUSE,001,DEMOCRAT,JIMMY C AUSBROOKS,37
RUSSELL,D103,US HOUSE,001,REPUBLICAN,JAMES R COMER,332
RUSSELL,D103,US HOUSE,001,DEMOCRAT,JIMMY C AUSBROOKS,31
RUSSELL,E101,US HOUSE,001,REPUBLICAN,JAMES R COMER,443
RUSSELL,E101,US HOUSE,001,DEMOCRAT,JIMMY C AUSBROOKS,91
RUSSELL,E102,US HOUSE,001,REPUBLICAN,JAMES R COMER,300
RUSSELL,E102,US HOUSE,001,DEMOCRAT,JIMMY C AUSBROOKS,40
RUSSELL,E103,US HOUSE,001,REPUBLICAN,JAMES R COMER,182
RUSSELL,E103,US HOUSE,001,DEMOCRAT,JIMMY C AUSBROOKS,21
SCOTT,A100,US HOUSE,006,REPUBLICAN,ANDY BARR,411
SCOTT,A100,US HOUSE,006,DEMOCRAT,GEOFFREY M GEOFF YOUNG,131
SCOTT,A100,US HOUSE,006,,MAURICE RANDALL CRAVENS II,5
SCOTT,A100,US HOUSE,006,,MAXWELL KEITH FROEDGE,0
SCOTT,A102,US HOUSE,006,REPUBLICAN,ANDY BARR,278
SCOTT,A102,US HOUSE,006,DEMOCRAT,GEOFFREY M GEOFF YOUNG,63
SCOTT,A102,US HOUSE,006,,MAURICE RANDALL CRAVENS II,5
SCOTT,A102,US HOUSE,006,,MAXWELL KEITH FROEDGE,0
SCOTT,A104,US HOUSE,006,REPUBLICAN,ANDY BARR,245
SCOTT,A104,US HOUSE,006,DEMOCRAT,GEOFFREY M GEOFF YOUNG,86
SCOTT,A104,US HOUSE,006,,MAURICE RANDALL CRAVENS II,2
SCOTT,A104,US HOUSE,006,,MAXWELL KEITH FROEDGE,1
SCOTT,A106,US HOUSE,006,REPUBLICAN,ANDY BARR,591
SCOTT,A106,US HOUSE,006,DEMOCRAT,GEOFFREY M GEOFF YOUNG,202
SCOTT,A106,US HOUSE,006,,MAURICE RANDALL CRAVENS II,14
SCOTT,A106,US HOUSE,006,,MAXWELL KEITH FROEDGE,0
SCOTT,A110,US HOUSE,006,REPUBLICAN,ANDY BARR,343
SCOTT,A110,US HOUSE,006,DEMOCRAT,GEOFFREY M GEOFF YOUNG,103
SCOTT,A110,US HOUSE,006,,MAURICE RANDALL CRAVENS II,1
SCOTT,A110,US HOUSE,006,,MAXWELL KEITH FROEDGE,0
SCOTT,A112,US HOUSE,006,REPUBLICAN,ANDY BARR,250
SCOTT,A112,US HOUSE,006,DEMOCRAT,GEOFFREY M GEOFF YOUNG,70
SCOTT,A112,US HOUSE,006,,MAURICE RANDALL CRAVENS II,6
SCOTT,A112,US HOUSE,006,,MAXWELL KEITH FROEDGE,0
SCOTT,A114,US HOUSE,006,REPUBLICAN,ANDY BARR,64
SCOTT,A114,US HOUSE,006,DEMOCRAT,GEOFFREY M GEOFF YOUNG,44
SCOTT,A114,US HOUSE,006,,MAURICE RANDALL CRAVENS II,1
SCOTT,A114,US HOUSE,006,,MAXWELL KEITH FROEDGE,0
SCOTT,A116,US HOUSE,006,REPUBLICAN,ANDY BARR,206
SCOTT,A116,US HOUSE,006,DEMOCRAT,GEOFFREY M GEOFF YOUNG,135
SCOTT,A116,US HOUSE,006,,MAURICE RANDALL CRAVENS II,10
SCOTT,A116,US HOUSE,006,,MAXWELL KEITH FROEDGE,0
SCOTT,B101,US HOUSE,006,REPUBLICAN,ANDY BARR,312
SCOTT,B101,US HOUSE,006,DEMOCRAT,GEOFFREY M GEOFF YOUNG,173
SCOTT,B101,US HOUSE,006,,MAURICE RANDALL CRAVENS II,9
SCOTT,B101,US HOUSE,006,,MAXWELL KEITH FROEDGE,0
SCOTT,B103,US HOUSE,006,REPUBLICAN,ANDY BARR,350
SCOTT,B103,US HOUSE,006,DEMOCRAT,GEOFFREY M GEOFF YOUNG,102
SCOTT,B103,US HOUSE,006,,MAURICE RANDALL CRAVENS II,6
SCOTT,B103,US HOUSE,006,,MAXWELL KEITH FROEDGE,0
SCOTT,B105,US HOUSE,006,REPUBLICAN,ANDY BARR,318
SCOTT,B105,US HOUSE,006,DEMOCRAT,GEOFFREY M GEOFF YOUNG,81
SCOTT,B105,US HOUSE,006,,MAURICE RANDALL CRAVENS II,8
SCOTT,B105,US HOUSE,006,,MAXWELL KEITH FROEDGE,0
SCOTT,B109,US HOUSE,006,REPUBLICAN,ANDY BARR,167
SCOTT,B109,US HOUSE,006,DEMOCRAT,GEOFFREY M GEOFF YOUNG,87
SCOTT,B109,US HOUSE,006,,MAURICE RANDALL CRAVENS II,10
SCOTT,B109,US HOUSE,006,,MAXWELL KEITH FROEDGE,0
SCOTT,B111,US HOUSE,006,REPUBLICAN,ANDY BARR,355
SCOTT,B111,US HOUSE,006,DEMOCRAT,GEOFFREY M GEOFF YOUNG,102
SCOTT,B111,US HOUSE,006,,MAURICE RANDALL CRAVENS II,4
SCOTT,B111,US HOUSE,006,,MAXWELL KEITH FROEDGE,0
SCOTT,B113,US HOUSE,006,REPUBLICAN,ANDY BARR,277
SCOTT,B113,US HOUSE,006,DEMOCRAT,GEOFFREY M GEOFF YOUNG,128
SCOTT,B113,US HOUSE,006,,MAURICE RANDALL CRAVENS II,14
SCOTT,B113,US HOUSE,006,,MAXWELL KEITH FROEDGE,0
SCOTT,C108,US HOUSE,006,REPUBLICAN,ANDY BARR,397
SCOTT,C108,US HOUSE,006,DEMOCRAT,GEOFFREY M GEOFF YOUNG,131
SCOTT,C108,US HOUSE,006,,MAURICE RANDALL CRAVENS II,6
SCOTT,C108,US HOUSE,006,,MAXWELL KEITH FROEDGE,0
SCOTT,C110,US HOUSE,006,REPUBLICAN,ANDY BARR,348
SCOTT,C110,US HOUSE,006,DEMOCRAT,GEOFFREY M GEOFF YOUNG,101
SCOTT,C110,US HOUSE,006,,MAURICE RANDALL CRAVENS II,11
SCOTT,C110,US HOUSE,006,,MAXWELL KEITH FROEDGE,0
SCOTT,C112,US HOUSE,006,REPUBLICAN,ANDY BARR,391
SCOTT,C112,US HOUSE,006,DEMOCRAT,GEOFFREY M GEOFF YOUNG,160
SCOTT,C112,US HOUSE,006,,MAURICE RANDALL CRAVENS II,8
SCOTT,C112,US HOUSE,006,,MAXWELL KEITH FROEDGE,0
SCOTT,C114,US HOUSE,006,REPUBLICAN,ANDY BARR,313
SCOTT,C114,US HOUSE,006,DEMOCRAT,GEOFFREY M GEOFF YOUNG,167
SCOTT,C114,US HOUSE,006,,MAURICE RANDALL CRAVENS II,12
SCOTT,C114,US HOUSE,006,,MAXWELL KEITH FROEDGE,0
SCOTT,C116,US HOUSE,006,REPUBLICAN,ANDY BARR,571
SCOTT,C116,US HOUSE,006,DEMOCRAT,GEOFFREY M GEOFF YOUNG,173
SCOTT,C116,US HOUSE,006,,MAURICE RANDALL CRAVENS II,33
SCOTT,C116,US HOUSE,006,,MAXWELL KEITH FROEDGE,0
SCOTT,C118,US HOUSE,006,REPUBLICAN,ANDY BARR,459
SCOTT,C118,US HOUSE,006,DEMOCRAT,GEOFFREY M GEOFF YOUNG,257
SCOTT,C118,US HOUSE,006,,MAURICE RANDALL CRAVENS II,19
SCOTT,C118,US HOUSE,006,,MAXWELL KEITH FROEDGE,0
SCOTT,D111,US HOUSE,006,REPUBLICAN,ANDY BARR,444
SCOTT,D111,US HOUSE,006,DEMOCRAT,GEOFFREY M GEOFF YOUNG,172
SCOTT,D111,US HOUSE,006,,MAURICE RANDALL CRAVENS II,10
SCOTT,D111,US HOUSE,006,,MAXWELL KEITH FROEDGE,1
SCOTT,D113,US HOUSE,006,REPUBLICAN,ANDY BARR,929
SCOTT,D113,US HOUSE,006,DEMOCRAT,GEOFFREY M GEOFF YOUNG,365
SCOTT,D113,US HOUSE,006,,MAURICE RANDALL CRAVENS II,28
SCOTT,D113,US HOUSE,006,,MAXWELL KEITH FROEDGE,0
SCOTT,D115,US HOUSE,006,REPUBLICAN,ANDY BARR,331
SCOTT,D115,US HOUSE,006,DEMOCRAT,GEOFFREY M GEOFF YOUNG,134
SCOTT,D115,US HOUSE,006,,MAURICE RANDALL CRAVENS II,15
SCOTT,D115,US HOUSE,006,,MAXWELL KEITH FROEDGE,0
SCOTT,D119,US HOUSE,006,REPUBLICAN,ANDY BARR,407
SCOTT,D119,US HOUSE,006,DEMOCRAT,GEOFFREY M GEOFF YOUNG,215
SCOTT,D119,US HOUSE,006,,MAURICE RANDALL CRAVENS II,13
SCOTT,D119,US HOUSE,006,,MAXWELL KEITH FROEDGE,0
SCOTT,D121,US HOUSE,006,REPUBLICAN,ANDY BARR,319
SCOTT,D121,US HOUSE,006,DEMOCRAT,GEOFFREY M GEOFF YOUNG,107
SCOTT,D121,US HOUSE,006,,MAURICE RANDALL CRAVENS II,1
SCOTT,D121,US HOUSE,006,,MAXWELL KEITH FROEDGE,0
SCOTT,D123,US HOUSE,006,REPUBLICAN,ANDY BARR,304
SCOTT,D123,US HOUSE,006,DEMOCRAT,GEOFFREY M GEOFF YOUNG,194
SCOTT,D123,US HOUSE,006,,MAURICE RANDALL CRAVENS II,11
SCOTT,D123,US HOUSE,006,,MAXWELL KEITH FROEDGE,0
SCOTT,E118,US HOUSE,006,REPUBLICAN,ANDY BARR,126
SCOTT,E118,US HOUSE,006,DEMOCRAT,GEOFFREY M GEOFF YOUNG,80
SCOTT,E118,US HOUSE,006,,MAURICE RANDALL CRAVENS II,2
SCOTT,E118,US HOUSE,006,,MAXWELL KEITH FROEDGE,0
SCOTT,E120,US HOUSE,006,REPUBLICAN,ANDY BARR,98
SCOTT,E120,US HOUSE,006,DEMOCRAT,GEOFFREY M GEOFF YOUNG,64
SCOTT,E120,US HOUSE,006,,MAURICE RANDALL CRAVENS II,3
SCOTT,E120,US HOUSE,006,,MAXWELL KEITH FROEDGE,0
SCOTT,E122,US HOUSE,006,DEMOCRAT,GEOFFREY M GEOFF YOUNG,152
SCOTT,E122,US HOUSE,006,REPUBLICAN,ANDY BARR,105
SCOTT,E122,US HOUSE,006,,MAURICE RANDALL CRAVENS II,3
SCOTT,E122,US HOUSE,006,,MAXWELL KEITH FROEDGE,0
SCOTT,E124,US HOUSE,006,REPUBLICAN,ANDY BARR,116
SCOTT,E124,US HOUSE,006,DEMOCRAT,GEOFFREY M GEOFF YOUNG,86
SCOTT,E124,US HOUSE,006,,MAURICE RANDALL CRAVENS II,5
SCOTT,E124,US HOUSE,006,,MAXWELL KEITH FROEDGE,0
SCOTT,E126,US HOUSE,006,REPUBLICAN,ANDY BARR,160
SCOTT,E126,US HOUSE,006,DEMOCRAT,GEOFFREY M GEOFF YOUNG,115
SCOTT,E126,US HOUSE,006,,MAURICE RANDALL CRAVENS II,2
SCOTT,E126,US HOUSE,006,,MAXWELL KEITH FROEDGE,0
SCOTT,E128,US HOUSE,006,REPUBLICAN,ANDY BARR,189
SCOTT,E128,US HOUSE,006,DEMOCRAT,GEOFFREY M GEOFF YOUNG,97
SCOTT,E128,US HOUSE,006,,MAURICE RANDALL CRAVENS II,5
SCOTT,E128,US HOUSE,006,,MAXWELL KEITH FROEDGE,0
SCOTT,F117,US HOUSE,006,REPUBLICAN,ANDY BARR,609
SCOTT,F117,US HOUSE,006,DEMOCRAT,GEOFFREY M GEOFF YOUNG,235
SCOTT,F117,US HOUSE,006,,MAURICE RANDALL CRAVENS II,22
SCOTT,F117,US HOUSE,006,,MAXWELL KEITH FROEDGE,0
SCOTT,F119,US HOUSE,006,REPUBLICAN,ANDY BARR,115
SCOTT,F119,US HOUSE,006,DEMOCRAT,GEOFFREY M GEOFF YOUNG,78
SCOTT,F119,US HOUSE,006,,MAURICE RANDALL CRAVENS II,3
SCOTT,F119,US HOUSE,006,,MAXWELL KEITH FROEDGE,0
SCOTT,F121,US HOUSE,006,REPUBLICAN,ANDY BARR,300
SCOTT,F121,US HOUSE,006,DEMOCRAT,GEOFFREY M GEOFF YOUNG,147
SCOTT,F121,US HOUSE,006,,MAURICE RANDALL CRAVENS II,16
SCOTT,F121,US HOUSE,006,,MAXWELL KEITH FROEDGE,0
SCOTT,F123,US HOUSE,006,REPUBLICAN,ANDY BARR,219
SCOTT,F123,US HOUSE,006,DEMOCRAT,GEOFFREY M GEOFF YOUNG,118
SCOTT,F123,US HOUSE,006,,MAURICE RANDALL CRAVENS II,8
SCOTT,F123,US HOUSE,006,,MAXWELL KEITH FROEDGE,0
SCOTT,F125,US HOUSE,006,REPUBLICAN,ANDY BARR,87
SCOTT,F125,US HOUSE,006,DEMOCRAT,GEOFFREY M GEOFF YOUNG,59
SCOTT,F125,US HOUSE,006,,MAURICE RANDALL CRAVENS II,7
SCOTT,F125,US HOUSE,006,,MAXWELL KEITH FROEDGE,0
SCOTT,F127,US HOUSE,006,REPUBLICAN,ANDY BARR,476
SCOTT,F127,US HOUSE,006,DEMOCRAT,GEOFFREY M GEOFF YOUNG,202
SCOTT,F127,US HOUSE,006,,MAURICE RANDALL CRAVENS II,15
SCOTT,F127,US HOUSE,006,,MAXWELL KEITH FROEDGE,0
SCOTT,F129,US HOUSE,006,REPUBLICAN,ANDY BARR,276
SCOTT,F129,US HOUSE,006,DEMOCRAT,GEOFFREY M GEOFF YOUNG,163
SCOTT,F129,US HOUSE,006,,MAURICE RANDALL CRAVENS II,5
SCOTT,F129,US HOUSE,006,,MAXWELL KEITH FROEDGE,0
SCOTT,F131,US HOUSE,006,REPUBLICAN,ANDY BARR,160
SCOTT,F131,US HOUSE,006,DEMOCRAT,GEOFFREY M GEOFF YOUNG,88
SCOTT,F131,US HOUSE,006,,MAURICE RANDALL CRAVENS II,19
SCOTT,F131,US HOUSE,006,,MAXWELL KEITH FROEDGE,0
SCOTT,G128,US HOUSE,006,REPUBLICAN,ANDY BARR,130
SCOTT,G128,US HOUSE,006,DEMOCRAT,GEOFFREY M GEOFF YOUNG,78
SCOTT,G128,US HOUSE,006,,MAURICE RANDALL CRAVENS II,1
SCOTT,G128,US HOUSE,006,,MAXWELL KEITH FROEDGE,0
SCOTT,G130,US HOUSE,006,REPUBLICAN,ANDY BARR,155
SCOTT,G130,US HOUSE,006,DEMOCRAT,GEOFFREY M GEOFF YOUNG,105
SCOTT,G130,US HOUSE,006,,MAURICE RANDALL CRAVENS II,5
SCOTT,G130,US HOUSE,006,,MAXWELL KEITH FROEDGE,0
SCOTT,G132,US HOUSE,006,REPUBLICAN,ANDY BARR,270
SCOTT,G132,US HOUSE,006,DEMOCRAT,GEOFFREY M GEOFF YOUNG,148
SCOTT,G132,US HOUSE,006,,MAURICE RANDALL CRAVENS II,6
SCOTT,G132,US HOUSE,006,,MAXWELL KEITH FROEDGE,0
SCOTT,G134,US HOUSE,006,REPUBLICAN,ANDY BARR,234
SCOTT,G134,US HOUSE,006,DEMOCRAT,GEOFFREY M GEOFF YOUNG,169
SCOTT,G134,US HOUSE,006,,MAURICE RANDALL CRAVENS II,4
SCOTT,G134,US HOUSE,006,,MAXWELL KEITH FROEDGE,0
SCOTT,G136,US HOUSE,006,REPUBLICAN,ANDY BARR,388
SCOTT,G136,US HOUSE,006,DEMOCRAT,GEOFFREY M GEOFF YOUNG,176
SCOTT,G136,US HOUSE,006,,MAURICE RANDALL CRAVENS II,9
SCOTT,G136,US HOUSE,006,,MAXWELL KEITH FROEDGE,0
SCOTT,G138,US HOUSE,006,REPUBLICAN,ANDY BARR,0
SCOTT,G138,US HOUSE,006,DEMOCRAT,GEOFFREY M GEOFF YOUNG,0
SCOTT,G138,US HOUSE,006,,MAURICE RANDALL CRAVENS II,0
SCOTT,G138,US HOUSE,006,,MAXWELL KEITH FROEDGE,0
SHELBY,A101,US HOUSE,004,REPUBLICAN,THOMAS MASSIE,511
SHELBY,A101,US HOUSE,004,DEMOCRAT,MATTHEW LEHMAN,176
SHELBY,A101,US HOUSE,004,INDEPENDENT,ETHAN KEITH OSBORNE,17
SHELBY,A102,US HOUSE,004,REPUBLICAN,THOMAS MASSIE,217
SHELBY,A102,US HOUSE,004,DEMOCRAT,MATTHEW LEHMAN,195
SHELBY,A102,US HOUSE,004,INDEPENDENT,ETHAN KEITH OSBORNE,23
SHELBY,A103,US HOUSE,004,REPUBLICAN,THOMAS MASSIE,276
SHELBY,A103,US HOUSE,004,DEMOCRAT,MATTHEW LEHMAN,110
SHELBY,A103,US HOUSE,004,INDEPENDENT,ETHAN KEITH OSBORNE,11
SHELBY,A104,US HOUSE,004,REPUBLICAN,THOMAS MASSIE,297
SHELBY,A104,US HOUSE,004,DEMOCRAT,MATTHEW LEHMAN,98
SHELBY,A104,US HOUSE,004,INDEPENDENT,ETHAN KEITH OSBORNE,15
SHELBY,A105,US HOUSE,004,REPUBLICAN,THOMAS MASSIE,411
SHELBY,A105,US HOUSE,004,DEMOCRAT,MATTHEW LEHMAN,205
SHELBY,A105,US HOUSE,004,INDEPENDENT,ETHAN KEITH OSBORNE,19
SHELBY,B101,US HOUSE,004,REPUBLICAN,THOMAS MASSIE,454
SHELBY,B101,US HOUSE,004,DEMOCRAT,MATTHEW LEHMAN,143
SHELBY,B101,US HOUSE,004,INDEPENDENT,ETHAN KEITH OSBORNE,27
SHELBY,B102,US HOUSE,004,REPUBLICAN,THOMAS MASSIE,426
SHELBY,B102,US HOUSE,004,DEMOCRAT,MATTHEW LEHMAN,151
SHELBY,B102,US HOUSE,004,INDEPENDENT,ETHAN KEITH OSBORNE,14
SHELBY,B103,US HOUSE,004,REPUBLICAN,THOMAS MASSIE,190
SHELBY,B103,US HOUSE,004,DEMOCRAT,MATTHEW LEHMAN,60
SHELBY,B103,US HOUSE,004,INDEPENDENT,ETHAN KEITH OSBORNE,13
SHELBY,B104,US HOUSE,004,REPUBLICAN,THOMAS MASSIE,492
SHELBY,B104,US HOUSE,004,DEMOCRAT,MATTHEW LEHMAN,278
SHELBY,B104,US HOUSE,004,INDEPENDENT,ETHAN KEITH OSBORNE,33
SHELBY,B105,US HOUSE,004,REPUBLICAN,THOMAS MASSIE,301
SHELBY,B105,US HOUSE,004,DEMOCRAT,MATTHEW LEHMAN,154
SHELBY,B105,US HOUSE,004,INDEPENDENT,ETHAN KEITH OSBORNE,22
SHELBY,C101,US HOUSE,004,REPUBLICAN,THOMAS MASSIE,418
SHELBY,C101,US HOUSE,004,DEMOCRAT,MATTHEW LEHMAN,198
SHELBY,C101,US HOUSE,004,INDEPENDENT,ETHAN KEITH OSBORNE,31
SHELBY,C102,US HOUSE,004,REPUBLICAN,THOMAS MASSIE,389
SHELBY,C102,US HOUSE,004,DEMOCRAT,MATTHEW LEHMAN,140
SHELBY,C102,US HOUSE,004,INDEPENDENT,ETHAN KEITH OSBORNE,20
SHELBY,C103,US HOUSE,004,REPUBLICAN,THOMAS MASSIE,254
SHELBY,C103,US HOUSE,004,DEMOCRAT,MATTHEW LEHMAN,173
SHELBY,C103,US HOUSE,004,INDEPENDENT,ETHAN KEITH OSBORNE,21
SHELBY,C104,US HOUSE,004,REPUBLICAN,THOMAS MASSIE,412
SHELBY,C104,US HOUSE,004,DEMOCRAT,MATTHEW LEHMAN,128
SHELBY,C104,US HOUSE,004,INDEPENDENT,ETHAN KEITH OSBORNE,23
SHELBY,C105,US HOUSE,004,REPUBLICAN,THOMAS MASSIE,321
SHELBY,C105,US HOUSE,004,DEMOCRAT,MATTHEW LEHMAN,246
SHELBY,C105,US HOUSE,004,INDEPENDENT,ETHAN KEITH OSBORNE,39
SHELBY,D101,US HOUSE,004,REPUBLICAN,THOMAS MASSIE,272
SHELBY,D101,US HOUSE,004,DEMOCRAT,MATTHEW LEHMAN,73
SHELBY,D101,US HOUSE,004,INDEPENDENT,ETHAN KEITH OSBORNE,9
SHELBY,D102,US HOUSE,004,REPUBLICAN,THOMAS MASSIE,445
SHELBY,D102,US HOUSE,004,DEMOCRAT,MATTHEW LEHMAN,142
SHELBY,D102,US HOUSE,004,INDEPENDENT,ETHAN KEITH OSBORNE,27
SHELBY,D103,US HOUSE,004,REPUBLICAN,THOMAS MASSIE,305
SHELBY,D103,US HOUSE,004,DEMOCRAT,MATTHEW LEHMAN,189
SHELBY,D103,US HOUSE,004,INDEPENDENT,ETHAN KEITH OSBORNE,18
SHELBY,D104,US HOUSE,004,REPUBLICAN,THOMAS MASSIE,294
SHELBY,D104,US HOUSE,004,DEMOCRAT,MATTHEW LEHMAN,98
SHELBY,D104,US HOUSE,004,INDEPENDENT,ETHAN KEITH OSBORNE,16
SHELBY,D105,US HOUSE,004,REPUBLICAN,THOMAS MASSIE,338
SHELBY,D105,US HOUSE,004,DEMOCRAT,MATTHEW LEHMAN,141
SHELBY,D105,US HOUSE,004,INDEPENDENT,ETHAN KEITH OSBORNE,16
SHELBY,E101,US HOUSE,004,REPUBLICAN,THOMAS MASSIE,436
SHELBY,E101,US HOUSE,004,DEMOCRAT,MATTHEW LEHMAN,298
SHELBY,E101,US HOUSE,004,INDEPENDENT,ETHAN KEITH OSBORNE,45
SHELBY,E102,US HOUSE,004,REPUBLICAN,THOMAS MASSIE,394
SHELBY,E102,US HOUSE,004,DEMOCRAT,MATTHEW LEHMAN,149
SHELBY,E102,US HOUSE,004,INDEPENDENT,ETHAN KEITH OSBORNE,23
SHELBY,E103,US HOUSE,004,REPUBLICAN,THOMAS MASSIE,426
SHELBY,E103,US HOUSE,004,DEMOCRAT,MATTHEW LEHMAN,219
SHELBY,E103,US HOUSE,004,INDEPENDENT,ETHAN KEITH OSBORNE,31
SHELBY,E104,US HOUSE,004,REPUBLICAN,THOMAS MASSIE,243
SHELBY,E104,US HOUSE,004,DEMOCRAT,MATTHEW LEHMAN,80
SHELBY,E104,US HOUSE,004,INDEPENDENT,ETHAN KEITH OSBORNE,11
SHELBY,E105,US HOUSE,004,REPUBLICAN,THOMAS MASSIE,99
SHELBY,E105,US HOUSE,004,DEMOCRAT,MATTHEW LEHMAN,33
SHELBY,E105,US HOUSE,004,INDEPENDENT,ETHAN KEITH OSBORNE,5
SHELBY,F101,US HOUSE,004,REPUBLICAN,THOMAS MASSIE,575
SHELBY,F101,US HOUSE,004,DEMOCRAT,MATTHEW LEHMAN,209
SHELBY,F101,US HOUSE,004,INDEPENDENT,ETHAN KEITH OSBORNE,25
SHELBY,F102,US HOUSE,004,REPUBLICAN,THOMAS MASSIE,520
SHELBY,F102,US HOUSE,004,DEMOCRAT,MATTHEW LEHMAN,217
SHELBY,F102,US HOUSE,004,INDEPENDENT,ETHAN KEITH OSBORNE,36
SHELBY,F103,US HOUSE,004,REPUBLICAN,THOMAS MASSIE,255
SHELBY,F103,US HOUSE,004,DEMOCRAT,MATTHEW LEHMAN,118
SHELBY,F103,US HOUSE,004,INDEPENDENT,ETHAN KEITH OSBORNE,14
SHELBY,F104,US HOUSE,004,REPUBLICAN,THOMAS MASSIE,228
SHELBY,F104,US HOUSE,004,DEMOCRAT,MATTHEW LEHMAN,91
SHELBY,F104,US HOUSE,004,INDEPENDENT,ETHAN KEITH OSBORNE,14
SHELBY,F105,US HOUSE,004,REPUBLICAN,THOMAS MASSIE,505
SHELBY,F105,US HOUSE,004,DEMOCRAT,MATTHEW LEHMAN,158
SHELBY,F105,US HOUSE,004,INDEPENDENT,ETHAN KEITH OSBORNE,23
SHELBY,G101,US HOUSE,004,REPUBLICAN,THOMAS MASSIE,217
SHELBY,G101,US HOUSE,004,DEMOCRAT,MATTHEW LEHMAN,199
SHELBY,G101,US HOUSE,004,INDEPENDENT,ETHAN KEITH OSBORNE,27
SHELBY,G102,US HOUSE,004,REPUBLICAN,THOMAS MASSIE,160
SHELBY,G102,US HOUSE,004,DEMOCRAT,MATTHEW LEHMAN,127
SHELBY,G102,US HOUSE,004,INDEPENDENT,ETHAN KEITH OSBORNE,17
SHELBY,G103,US HOUSE,004,REPUBLICAN,THOMAS MASSIE,334
SHELBY,G103,US HOUSE,004,DEMOCRAT,MATTHEW LEHMAN,200
SHELBY,G103,US HOUSE,004,INDEPENDENT,ETHAN KEITH OSBORNE,28
SHELBY,G104,US HOUSE,004,DEMOCRAT,MATTHEW LEHMAN,155
SHELBY,G104,US HOUSE,004,REPUBLICAN,THOMAS MASSIE,145
SHELBY,G104,US HOUSE,004,INDEPENDENT,ETHAN KEITH OSBORNE,16
SIMPSON,A101,US HOUSE,001,REPUBLICAN,JAMES R COMER,456
SIMPSON,A101,US HOUSE,001,DEMOCRAT,JIMMY C AUSBROOKS,127
SIMPSON,A102,US HOUSE,001,REPUBLICAN,JAMES R COMER,401
SIMPSON,A102,US HOUSE,001,DEMOCRAT,JIMMY C AUSBROOKS,93
SIMPSON,A103,US HOUSE,001,REPUBLICAN,JAMES R COMER,212
SIMPSON,A103,US HOUSE,001,DEMOCRAT,JIMMY C AUSBROOKS,94
SIMPSON,B101,US HOUSE,001,REPUBLICAN,JAMES R COMER,386
SIMPSON,B101,US HOUSE,001,DEMOCRAT,JIMMY C AUSBROOKS,109
SIMPSON,B102,US HOUSE,001,REPUBLICAN,JAMES R COMER,114
SIMPSON,B102,US HOUSE,001,DEMOCRAT,JIMMY C AUSBROOKS,69
SIMPSON,B103,US HOUSE,001,REPUBLICAN,JAMES R COMER,519
SIMPSON,B103,US HOUSE,001,DEMOCRAT,JIMMY C AUSBROOKS,210
SIMPSON,C101,US HOUSE,001,REPUBLICAN,JAMES R COMER,180
SIMPSON,C101,US HOUSE,001,DEMOCRAT,JIMMY C AUSBROOKS,70
SIMPSON,C103,US HOUSE,001,REPUBLICAN,JAMES R COMER,286
SIMPSON,C103,US HOUSE,001,DEMOCRAT,JIMMY C AUSBROOKS,116
SIMPSON,C104,US HOUSE,001,REPUBLICAN,JAMES R COMER,786
SIMPSON,C104,US HOUSE,001,DEMOCRAT,JIMMY C AUSBROOKS,201
SIMPSON,D101,US HOUSE,001,REPUBLICAN,JAMES R COMER,185
SIMPSON,D101,US HOUSE,001,DEMOCRAT,JIMMY C AUSBROOKS,47
SIMPSON,D102,US HOUSE,001,REPUBLICAN,JAMES R COMER,273
SIMPSON,D102,US HOUSE,001,DEMOCRAT,JIMMY C AUSBROOKS,66
SIMPSON,D103,US HOUSE,001,DEMOCRAT,JIMMY C AUSBROOKS,180
SIMPSON,D103,US HOUSE,001,REPUBLICAN,JAMES R COMER,122
SIMPSON,D104,US HOUSE,001,REPUBLICAN,JAMES R COMER,272
SIMPSON,D104,US HOUSE,001,DEMOCRAT,JIMMY C AUSBROOKS,127
SPENCER,A101,US HOUSE,004,REPUBLICAN,THOMAS MASSIE,1003
SPENCER,A101,US HOUSE,004,DEMOCRAT,MATTHEW LEHMAN,308
SPENCER,A101,US HOUSE,004,INDEPENDENT,ETHAN KEITH OSBORNE,44
SPENCER,B101,US HOUSE,004,REPUBLICAN,THOMAS MASSIE,575
SPENCER,B101,US HOUSE,004,DEMOCRAT,MATTHEW LEHMAN,151
SPENCER,B101,US HOUSE,004,INDEPENDENT,ETHAN KEITH OSBORNE,24
SPENCER,B102,US HOUSE,004,REPUBLICAN,THOMAS MASSIE,620
SPENCER,B102,US HOUSE,004,DEMOCRAT,MATTHEW LEHMAN,170
SPENCER,B102,US HOUSE,004,INDEPENDENT,ETHAN KEITH OSBORNE,21
SPENCER,C101,US HOUSE,004,REPUBLICAN,THOMAS MASSIE,675
SPENCER,C101,US HOUSE,004,DEMOCRAT,MATTHEW LEHMAN,185
SPENCER,C101,US HOUSE,004,INDEPENDENT,ETHAN KEITH OSBORNE,30
SPENCER,C102,US HOUSE,004,REPUBLICAN,THOMAS MASSIE,870
SPENCER,C102,US HOUSE,004,DEMOCRAT,MATTHEW LEHMAN,269
SPENCER,C102,US HOUSE,004,INDEPENDENT,ETHAN KEITH OSBORNE,36
SPENCER,D101,US HOUSE,004,REPUBLICAN,THOMAS MASSIE,199
SPENCER,D101,US HOUSE,004,DEMOCRAT,MATTHEW LEHMAN,52
SPENCER,D101,US HOUSE,004,INDEPENDENT,ETHAN KEITH OSBORNE,9
SPENCER,D102,US HOUSE,004,REPUBLICAN,THOMAS MASSIE,290
SPENCER,D102,US HOUSE,004,DEMOCRAT,MATTHEW LEHMAN,61
SPENCER,D102,US HOUSE,004,INDEPENDENT,ETHAN KEITH OSBORNE,16
SPENCER,D103,US HOUSE,004,REPUBLICAN,THOMAS MASSIE,99
SPENCER,D103,US HOUSE,004,DEMOCRAT,MATTHEW LEHMAN,32
SPENCER,D103,US HOUSE,004,INDEPENDENT,ETHAN KEITH OSBORNE,5
SPENCER,D104,US HOUSE,004,REPUBLICAN,THOMAS MASSIE,85
SPENCER,D104,US HOUSE,004,DEMOCRAT,MATTHEW LEHMAN,22
SPENCER,D104,US HOUSE,004,INDEPENDENT,ETHAN KEITH OSBORNE,5
SPENCER,D105,US HOUSE,004,REPUBLICAN,THOMAS MASSIE,275
SPENCER,D105,US HOUSE,004,DEMOCRAT,MATTHEW LEHMAN,75
SPENCER,D105,US HOUSE,004,INDEPENDENT,ETHAN KEITH OSBORNE,10
SPENCER,D106,US HOUSE,004,REPUBLICAN,THOMAS MASSIE,8
SPENCER,D106,US HOUSE,004,DEMOCRAT,MATTHEW LEHMAN,6
SPENCER,D106,US HOUSE,004,INDEPENDENT,ETHAN KEITH OSBORNE,1
SPENCER,E101,US HOUSE,004,REPUBLICAN,THOMAS MASSIE,387
SPENCER,E101,US HOUSE,004,DEMOCRAT,MATTHEW LEHMAN,107
SPENCER,E101,US HOUSE,004,INDEPENDENT,ETHAN KEITH OSBORNE,14
SPENCER,E102,US HOUSE,004,REPUBLICAN,THOMAS MASSIE,418
SPENCER,E102,US HOUSE,004,DEMOCRAT,MATTHEW LEHMAN,87
SPENCER,E102,US HOUSE,004,INDEPENDENT,ETHAN KEITH OSBORNE,20
SPENCER,E103,US HOUSE,004,REPUBLICAN,THOMAS MASSIE,328
SPENCER,E103,US HOUSE,004,DEMOCRAT,MATTHEW LEHMAN,85
SPENCER,E103,US HOUSE,004,INDEPENDENT,ETHAN KEITH OSBORNE,11
TAYLOR,A101,US HOUSE,001,REPUBLICAN,JAMES R COMER,257
TAYLOR,A101,US HOUSE,001,DEMOCRAT,JIMMY C AUSBROOKS,32
TAYLOR,A102,US HOUSE,001,REPUBLICAN,JAMES R COMER,318
TAYLOR,A102,US HOUSE,001,DEMOCRAT,JIMMY C AUSBROOKS,51
TAYLOR,A104,US HOUSE,001,REPUBLICAN,JAMES R COMER,634
TAYLOR,A104,US HOUSE,001,DEMOCRAT,JIMMY C AUSBROOKS,201
TAYLOR,B101,US HOUSE,001,REPUBLICAN,JAMES R COMER,396
TAYLOR,B101,US HOUSE,001,DEMOCRAT,JIMMY C AUSBROOKS,88
TAYLOR,B102,US HOUSE,001,REPUBLICAN,JAMES R COMER,467
TAYLOR,B102,US HOUSE,001,DEMOCRAT,JIMMY C AUSBROOKS,157
TAYLOR,B103,US HOUSE,001,DEMOCRAT,JIMMY C AUSBROOKS,70
TAYLOR,B103,US HOUSE,001,REPUBLICAN,JAMES R COMER,65
TAYLOR,B104,US HOUSE,001,REPUBLICAN,JAMES R COMER,237
TAYLOR,B104,US HOUSE,001,DEMOCRAT,JIMMY C AUSBROOKS,80
TAYLOR,C101,US HOUSE,001,REPUBLICAN,JAMES R COMER,142
TAYLOR,C101,US HOUSE,001,DEMOCRAT,JIMMY C AUSBROOKS,19
TAYLOR,C103,US HOUSE,001,REPUBLICAN,JAMES R COMER,133
TAYLOR,C103,US HOUSE,001,DEMOCRAT,JIMMY C AUSBROOKS,25
TAYLOR,C104,US HOUSE,001,REPUBLICAN,JAMES R COMER,227
TAYLOR,C104,US HOUSE,001,DEMOCRAT,JIMMY C AUSBROOKS,61
TAYLOR,C105,US HOUSE,001,REPUBLICAN,JAMES R COMER,576
TAYLOR,C105,US HOUSE,001,DEMOCRAT,JIMMY C AUSBROOKS,117
TAYLOR,D101,US HOUSE,001,REPUBLICAN,JAMES R COMER,148
TAYLOR,D101,US HOUSE,001,DEMOCRAT,JIMMY C AUSBROOKS,13
TAYLOR,D102,US HOUSE,001,REPUBLICAN,JAMES R COMER,632
TAYLOR,D102,US HOUSE,001,DEMOCRAT,JIMMY C AUSBROOKS,121
TAYLOR,D104,US HOUSE,001,REPUBLICAN,JAMES R COMER,393
TAYLOR,D104,US HOUSE,001,DEMOCRAT,JIMMY C AUSBROOKS,119
TAYLOR,E101,US HOUSE,001,REPUBLICAN,JAMES R COMER,631
TAYLOR,E101,US HOUSE,001,DEMOCRAT,JIMMY C AUSBROOKS,130
TAYLOR,E102,US HOUSE,001,REPUBLICAN,JAMES R COMER,247
TAYLOR,E102,US HOUSE,001,DEMOCRAT,JIMMY C AUSBROOKS,102
TAYLOR,E103,US HOUSE,001,REPUBLICAN,JAMES R COMER,267
TAYLOR,E103,US HOUSE,001,DEMOCRAT,JIMMY C AUSBROOKS,58
TAYLOR,F101,US HOUSE,001,REPUBLICAN,JAMES R COMER,320
TAYLOR,F101,US HOUSE,001,DEMOCRAT,JIMMY C AUSBROOKS,59
TAYLOR,F102,US HOUSE,001,REPUBLICAN,JAMES R COMER,637
TAYLOR,F102,US HOUSE,001,DEMOCRAT,JIMMY C AUSBROOKS,126
TAYLOR,F103,US HOUSE,001,REPUBLICAN,JAMES R COMER,416
TAYLOR,F103,US HOUSE,001,DEMOCRAT,JIMMY C AUSBROOKS,153
TODD,A101,US HOUSE,001,REPUBLICAN,JAMES R COMER,182
TODD,A101,US HOUSE,001,DEMOCRAT,JIMMY C AUSBROOKS,30
TODD,A102,US HOUSE,001,REPUBLICAN,JAMES R COMER,184
TODD,A102,US HOUSE,001,DEMOCRAT,JIMMY C AUSBROOKS,46
TODD,A103,US HOUSE,001,REPUBLICAN,JAMES R COMER,167
TODD,A103,US HOUSE,001,DEMOCRAT,JIMMY C AUSBROOKS,13
TODD,B101,US HOUSE,001,REPUBLICAN,JAMES R COMER,289
TODD,B101,US HOUSE,001,DEMOCRAT,JIMMY C AUSBROOKS,26
TODD,B102,US HOUSE,001,REPUBLICAN,JAMES R COMER,248
TODD,B102,US HOUSE,001,DEMOCRAT,JIMMY C AUSBROOKS,37
TODD,B103,US HOUSE,001,REPUBLICAN,JAMES R COMER,74
TODD,B103,US HOUSE,001,DEMOCRAT,JIMMY C AUSBROOKS,10
TODD,B104,US HOUSE,001,REPUBLICAN,JAMES R COMER,57
TODD,B104,US HOUSE,001,DEMOCRAT,JIMMY C AUSBROOKS,4
TODD,C101,US HOUSE,001,REPUBLICAN,JAMES R COMER,333
TODD,C101,US HOUSE,001,DEMOCRAT,JIMMY C AUSBROOKS,116
TODD,C102,US HOUSE,001,REPUBLICAN,JAMES R COMER,302
TODD,C102,US HOUSE,001,DEMOCRAT,JIMMY C AUSBROOKS,81
TODD,D101,US HOUSE,001,REPUBLICAN,JAMES R COMER,60
TODD,D101,US HOUSE,001,DEMOCRAT,JIMMY C AUSBROOKS,33
TODD,D102,US HOUSE,001,REPUBLICAN,JAMES R COMER,474
TODD,D102,US HOUSE,001,DEMOCRAT,JIMMY C AUSBROOKS,151
TODD,E101,US HOUSE,001,REPUBLICAN,JAMES R COMER,173
TODD,E101,US HOUSE,001,DEMOCRAT,JIMMY C AUSBROOKS,52
TODD,E102,US HOUSE,001,REPUBLICAN,JAMES R COMER,176
TODD,E102,US HOUSE,001,DEMOCRAT,JIMMY C AUSBROOKS,138
TRIGG,A101,US HOUSE,001,REPUBLICAN,JAMES R COMER,528
TRIGG,A101,US HOUSE,001,DEMOCRAT,JIMMY C AUSBROOKS,191
TRIGG,A102,US HOUSE,001,REPUBLICAN,JAMES R COMER,92
TRIGG,A102,US HOUSE,001,DEMOCRAT,JIMMY C AUSBROOKS,20
TRIGG,B101,US HOUSE,001,REPUBLICAN,JAMES R COMER,266
TRIGG,B101,US HOUSE,001,DEMOCRAT,JIMMY C AUSBROOKS,57
TRIGG,B102,US HOUSE,001,REPUBLICAN,JAMES R COMER,479
TRIGG,B102,US HOUSE,001,DEMOCRAT,JIMMY C AUSBROOKS,149
TRIGG,C101,US HOUSE,001,REPUBLICAN,JAMES R COMER,510
TRIGG,C101,US HOUSE,001,DEMOCRAT,JIMMY C AUSBROOKS,171
TRIGG,D101,US HOUSE,001,REPUBLICAN,JAMES R COMER,313
TRIGG,D101,US HOUSE,001,DEMOCRAT,JIMMY C AUSBROOKS,108
TRIGG,D102,US HOUSE,001,REPUBLICAN,JAMES R COMER,18
TRIGG,D102,US HOUSE,001,DEMOCRAT,JIMMY C AUSBROOKS,5
TRIGG,D103,US HOUSE,001,REPUBLICAN,JAMES R COMER,93
TRIGG,D103,US HOUSE,001,DEMOCRAT,JIMMY C AUSBROOKS,50
TRIGG,E101,US HOUSE,001,REPUBLICAN,JAMES R COMER,237
TRIGG,E101,US HOUSE,001,DEMOCRAT,JIMMY C AUSBROOKS,84
TRIGG,E102,US HOUSE,001,REPUBLICAN,JAMES R COMER,197
TRIGG,E102,US HOUSE,001,DEMOCRAT,JIMMY C AUSBROOKS,34
TRIGG,E104,US HOUSE,001,REPUBLICAN,JAMES R COMER,127
TRIGG,E104,US HOUSE,001,DEMOCRAT,JIMMY C AUSBROOKS,31
TRIGG,F101,US HOUSE,001,REPUBLICAN,JAMES R COMER,178
TRIGG,F101,US HOUSE,001,DEMOCRAT,JIMMY C AUSBROOKS,45
TRIGG,F102,US HOUSE,001,REPUBLICAN,JAMES R COMER,558
TRIGG,F102,US HOUSE,001,DEMOCRAT,JIMMY C AUSBROOKS,105
TRIGG,G101,US HOUSE,001,REPUBLICAN,JAMES R COMER,365
TRIGG,G101,US HOUSE,001,DEMOCRAT,JIMMY C AUSBROOKS,117
TRIGG,G102,US HOUSE,001,REPUBLICAN,JAMES R COMER,228
TRIGG,G102,US HOUSE,001,DEMOCRAT,JIMMY C AUSBROOKS,78
TRIMBLE,A101,US HOUSE,004,REPUBLICAN,THOMAS MASSIE,168
TRIMBLE,A101,US HOUSE,004,DEMOCRAT,MATTHEW LEHMAN,53
TRIMBLE,A101,US HOUSE,004,INDEPENDENT,ETHAN KEITH OSBORNE,6
TRIMBLE,A102,US HOUSE,004,REPUBLICAN,THOMAS MASSIE,168
TRIMBLE,A102,US HOUSE,004,DEMOCRAT,MATTHEW LEHMAN,45
TRIMBLE,A102,US HOUSE,004,INDEPENDENT,ETHAN KEITH OSBORNE,11
TRIMBLE,A103,US HOUSE,004,REPUBLICAN,THOMAS MASSIE,283
TRIMBLE,A103,US HOUSE,004,DEMOCRAT,MATTHEW LEHMAN,78
TRIMBLE,A103,US HOUSE,004,INDEPENDENT,ETHAN KEITH OSBORNE,11
TRIMBLE,B101,US HOUSE,004,REPUBLICAN,THOMAS MASSIE,184
TRIMBLE,B101,US HOUSE,004,DEMOCRAT,MATTHEW LEHMAN,58
TRIMBLE,B101,US HOUSE,004,INDEPENDENT,ETHAN KEITH OSBORNE,6
TRIMBLE,B103,US HOUSE,004,REPUBLICAN,THOMAS MASSIE,267
TRIMBLE,B103,US HOUSE,004,DEMOCRAT,MATTHEW LEHMAN,93
TRIMBLE,B103,US HOUSE,004,INDEPENDENT,ETHAN KEITH OSBORNE,9
TRIMBLE,B104,US HOUSE,004,REPUBLICAN,THOMAS MASSIE,124
TRIMBLE,B104,US HOUSE,004,DEMOCRAT,MATTHEW LEHMAN,62
TRIMBLE,B104,US HOUSE,004,INDEPENDENT,ETHAN KEITH OSBORNE,8
TRIMBLE,C101,US HOUSE,004,REPUBLICAN,THOMAS MASSIE,116
TRIMBLE,C101,US HOUSE,004,DEMOCRAT,MATTHEW LEHMAN,59
TRIMBLE,C101,US HOUSE,004,INDEPENDENT,ETHAN KEITH OSBORNE,7
TRIMBLE,C103,US HOUSE,004,REPUBLICAN,THOMAS MASSIE,203
TRIMBLE,C103,US HOUSE,004,DEMOCRAT,MATTHEW LEHMAN,41
TRIMBLE,C103,US HOUSE,004,INDEPENDENT,ETHAN KEITH OSBORNE,11
TRIMBLE,C104,US HOUSE,004,REPUBLICAN,THOMAS MASSIE,278
TRIMBLE,C104,US HOUSE,004,DEMOCRAT,MATTHEW LEHMAN,75
TRIMBLE,C104,US HOUSE,004,INDEPENDENT,ETHAN KEITH OSBORNE,5
TRIMBLE,D101,US HOUSE,004,REPUBLICAN,THOMAS MASSIE,149
TRIMBLE,D101,US HOUSE,004,DEMOCRAT,MATTHEW LEHMAN,39
TRIMBLE,D101,US HOUSE,004,INDEPENDENT,ETHAN KEITH OSBORNE,11
TRIMBLE,D102,US HOUSE,004,REPUBLICAN,THOMAS MASSIE,180
TRIMBLE,D102,US HOUSE,004,DEMOCRAT,MATTHEW LEHMAN,30
TRIMBLE,D102,US HOUSE,004,INDEPENDENT,ETHAN KEITH OSBORNE,13
TRIMBLE,D103,US HOUSE,004,REPUBLICAN,THOMAS MASSIE,220
TRIMBLE,D103,US HOUSE,004,DEMOCRAT,MATTHEW LEHMAN,83
TRIMBLE,D103,US HOUSE,004,INDEPENDENT,ETHAN KEITH OSBORNE,11
UNION,A101,US HOUSE,001,REPUBLICAN,JAMES R COMER,384
UNION,A101,US HOUSE,001,DEMOCRAT,JIMMY C AUSBROOKS,84
UNION,A103,US HOUSE,001,REPUBLICAN,JAMES R COMER,205
UNION,A103,US HOUSE,001,DEMOCRAT,JIMMY C AUSBROOKS,83
UNION,A104,US HOUSE,001,REPUBLICAN,JAMES R COMER,191
UNION,A104,US HOUSE,001,DEMOCRAT,JIMMY C AUSBROOKS,69
UNION,B101,US HOUSE,001,REPUBLICAN,JAMES R COMER,276
UNION,B101,US HOUSE,001,DEMOCRAT,JIMMY C AUSBROOKS,61
UNION,B102,US HOUSE,001,REPUBLICAN,JAMES R COMER,264
UNION,B102,US HOUSE,001,DEMOCRAT,JIMMY C AUSBROOKS,70
UNION,B103,US HOUSE,001,REPUBLICAN,JAMES R COMER,136
UNION,B103,US HOUSE,001,DEMOCRAT,JIMMY C AUSBROOKS,64
UNION,C101,US HOUSE,001,REPUBLICAN,JAMES R COMER,314
UNION,C101,US HOUSE,001,DEMOCRAT,JIMMY C AUSBROOKS,59
UNION,C102,US HOUSE,001,REPUBLICAN,JAMES R COMER,170
UNION,C102,US HOUSE,001,DEMOCRAT,JIMMY C AUSBROOKS,49
UNION,C103,US HOUSE,001,REPUBLICAN,JAMES R COMER,189
UNION,C103,US HOUSE,001,DEMOCRAT,JIMMY C AUSBROOKS,40
UNION,C104,US HOUSE,001,REPUBLICAN,JAMES R COMER,130
UNION,C104,US HOUSE,001,DEMOCRAT,JIMMY C AUSBROOKS,24
UNION,E102,US HOUSE,001,REPUBLICAN,JAMES R COMER,221
UNION,E102,US HOUSE,001,DEMOCRAT,JIMMY C AUSBROOKS,80
UNION,E103,US HOUSE,001,REPUBLICAN,JAMES R COMER,276
UNION,E103,US HOUSE,001,DEMOCRAT,JIMMY C AUSBROOKS,37
UNION,E104,US HOUSE,001,REPUBLICAN,JAMES R COMER,256
UNION,E104,US HOUSE,001,DEMOCRAT,JIMMY C AUSBROOKS,47
UNION,F101,US HOUSE,001,REPUBLICAN,JAMES R COMER,358
UNION,F101,US HOUSE,001,DEMOCRAT,JIMMY C AUSBROOKS,131
UNION,F102,US HOUSE,001,REPUBLICAN,JAMES R COMER,85
UNION,F102,US HOUSE,001,DEMOCRAT,JIMMY C AUSBROOKS,37
UNION,F103,US HOUSE,001,REPUBLICAN,JAMES R COMER,319
UNION,F103,US HOUSE,001,DEMOCRAT,JIMMY C AUSBROOKS,113
WARREN,A101,US HOUSE,002,REPUBLICAN,S BRETT GUTHRIE,299
WARREN,A101,US HOUSE,002,DEMOCRAT,HANK LINDERMAN,119
WARREN,A102,US HOUSE,002,REPUBLICAN,S BRETT GUTHRIE,544
WARREN,A102,US HOUSE,002,DEMOCRAT,HANK LINDERMAN,285
WARREN,A103,US HOUSE,002,REPUBLICAN,S BRETT GUTHRIE,188
WARREN,A103,US HOUSE,002,DEMOCRAT,HANK LINDERMAN,154
WARREN,A104,US HOUSE,002,REPUBLICAN,S BRETT GUTHRIE,241
WARREN,A104,US HOUSE,002,DEMOCRAT,HANK LINDERMAN,169
WARREN,A105,US HOUSE,002,REPUBLICAN,S BRETT GUTHRIE,640
WARREN,A105,US HOUSE,002,DEMOCRAT,HANK LINDERMAN,312
WARREN,A106,US HOUSE,002,REPUBLICAN,S BRETT GUTHRIE,242
WARREN,A106,US HOUSE,002,DEMOCRAT,HANK LINDERMAN,154
WARREN,A107,US HOUSE,002,REPUBLICAN,S BRETT GUTHRIE,179
WARREN,A107,US HOUSE,002,DEMOCRAT,HANK LINDERMAN,129
WARREN,A108,US HOUSE,002,REPUBLICAN,S BRETT GUTHRIE,270
WARREN,A108,US HOUSE,002,DEMOCRAT,HANK LINDERMAN,247
WARREN,A109,US HOUSE,002,DEMOCRAT,HANK LINDERMAN,290
WARREN,A109,US HOUSE,002,REPUBLICAN,S BRETT GUTHRIE,210
WARREN,A110,US HOUSE,002,REPUBLICAN,S BRETT GUTHRIE,508
WARREN,A110,US HOUSE,002,DEMOCRAT,HANK LINDERMAN,244
WARREN,A111,US HOUSE,002,REPUBLICAN,S BRETT GUTHRIE,222
WARREN,A111,US HOUSE,002,DEMOCRAT,HANK LINDERMAN,100
WARREN,A112,US HOUSE,002,REPUBLICAN,S BRETT GUTHRIE,158
WARREN,A112,US HOUSE,002,DEMOCRAT,HANK LINDERMAN,128
WARREN,A113,US HOUSE,002,DEMOCRAT,HANK LINDERMAN,128
WARREN,A113,US HOUSE,002,REPUBLICAN,S BRETT GUTHRIE,128
WARREN,A114,US HOUSE,002,REPUBLICAN,S BRETT GUTHRIE,337
WARREN,A114,US HOUSE,002,DEMOCRAT,HANK LINDERMAN,133
WARREN,A115,US HOUSE,002,REPUBLICAN,S BRETT GUTHRIE,286
WARREN,A115,US HOUSE,002,DEMOCRAT,HANK LINDERMAN,101
WARREN,A116,US HOUSE,002,DEMOCRAT,HANK LINDERMAN,2
WARREN,A116,US HOUSE,002,REPUBLICAN,S BRETT GUTHRIE,1
WARREN,A117,US HOUSE,002,REPUBLICAN,S BRETT GUTHRIE,4
WARREN,A117,US HOUSE,002,DEMOCRAT,HANK LINDERMAN,0
WARREN,A118,US HOUSE,002,REPUBLICAN,S BRETT GUTHRIE,5
WARREN,A118,US HOUSE,002,DEMOCRAT,HANK LINDERMAN,2
WARREN,A119,US HOUSE,002,REPUBLICAN,S BRETT GUTHRIE,36
WARREN,A119,US HOUSE,002,DEMOCRAT,HANK LINDERMAN,29
WARREN,B101,US HOUSE,002,DEMOCRAT,HANK LINDERMAN,137
WARREN,B101,US HOUSE,002,REPUBLICAN,S BRETT GUTHRIE,74
WARREN,B102,US HOUSE,002,DEMOCRAT,HANK LINDERMAN,74
WARREN,B102,US HOUSE,002,REPUBLICAN,S BRETT GUTHRIE,39
WARREN,B103,US HOUSE,002,DEMOCRAT,HANK LINDERMAN,79
WARREN,B103,US HOUSE,002,REPUBLICAN,S BRETT GUTHRIE,38
WARREN,B104,US HOUSE,002,DEMOCRAT,HANK LINDERMAN,118
WARREN,B104,US HOUSE,002,REPUBLICAN,S BRETT GUTHRIE,32
WARREN,B105,US HOUSE,002,DEMOCRAT,HANK LINDERMAN,143
WARREN,B105,US HOUSE,002,REPUBLICAN,S BRETT GUTHRIE,53
WARREN,B106,US HOUSE,002,DEMOCRAT,HANK LINDERMAN,142
WARREN,B106,US HOUSE,002,REPUBLICAN,S BRETT GUTHRIE,80
WARREN,B107,US HOUSE,002,DEMOCRAT,HANK LINDERMAN,114
WARREN,B107,US HOUSE,002,REPUBLICAN,S BRETT GUTHRIE,95
WARREN,B108,US HOUSE,002,REPUBLICAN,S BRETT GUTHRIE,77
WARREN,B108,US HOUSE,002,DEMOCRAT,HANK LINDERMAN,71
WARREN,B109,US HOUSE,002,DEMOCRAT,HANK LINDERMAN,49
WARREN,B109,US HOUSE,002,REPUBLICAN,S BRETT GUTHRIE,33
WARREN,B110,US HOUSE,002,DEMOCRAT,HANK LINDERMAN,102
WARREN,B110,US HOUSE,002,REPUBLICAN,S BRETT GUTHRIE,40
WARREN,B111,US HOUSE,002,DEMOCRAT,HANK LINDERMAN,87
WARREN,B111,US HOUSE,002,REPUBLICAN,S BRETT GUTHRIE,53
WARREN,B112,US HOUSE,002,DEMOCRAT,HANK LINDERMAN,10
WARREN,B112,US HOUSE,002,REPUBLICAN,S BRETT GUTHRIE,7
WARREN,B113,US HOUSE,002,DEMOCRAT,HANK LINDERMAN,20
WARREN,B113,US HOUSE,002,REPUBLICAN,S BRETT GUTHRIE,11
WARREN,B116,US HOUSE,002,DEMOCRAT,HANK LINDERMAN,385
WARREN,B116,US HOUSE,002,REPUBLICAN,S BRETT GUTHRIE,203
WARREN,B117,US HOUSE,002,DEMOCRAT,HANK LINDERMAN,0
WARREN,B117,US HOUSE,002,REPUBLICAN,S BRETT GUTHRIE,0
WARREN,C101,US HOUSE,002,REPUBLICAN,S BRETT GUTHRIE,176
WARREN,C101,US HOUSE,002,DEMOCRAT,HANK LINDERMAN,122
WARREN,C102,US HOUSE,002,DEMOCRAT,HANK LINDERMAN,247
WARREN,C102,US HOUSE,002,REPUBLICAN,S BRETT GUTHRIE,231
WARREN,C103,US HOUSE,002,DEMOCRAT,HANK LINDERMAN,154
WARREN,C103,US HOUSE,002,REPUBLICAN,S BRETT GUTHRIE,144
WARREN,C104,US HOUSE,002,DEMOCRAT,HANK LINDERMAN,258
WARREN,C104,US HOUSE,002,REPUBLICAN,S BRETT GUTHRIE,215
WARREN,C105,US HOUSE,002,REPUBLICAN,S BRETT GUTHRIE,258
WARREN,C105,US HOUSE,002,DEMOCRAT,HANK LINDERMAN,188
WARREN,C106,US HOUSE,002,DEMOCRAT,HANK LINDERMAN,80
WARREN,C106,US HOUSE,002,REPUBLICAN,S BRETT GUTHRIE,56
WARREN,C107,US HOUSE,002,REPUBLICAN,S BRETT GUTHRIE,502
WARREN,C107,US HOUSE,002,DEMOCRAT,HANK LINDERMAN,203
WARREN,C108,US HOUSE,002,REPUBLICAN,S BRETT GUTHRIE,117
WARREN,C108,US HOUSE,002,DEMOCRAT,HANK LINDERMAN,67
WARREN,C109,US HOUSE,002,DEMOCRAT,HANK LINDERMAN,0
WARREN,C109,US HOUSE,002,REPUBLICAN,S BRETT GUTHRIE,0
WARREN,C110,US HOUSE,002,DEMOCRAT,HANK LINDERMAN,147
WARREN,C110,US HOUSE,002,REPUBLICAN,S BRETT GUTHRIE,62
WARREN,C111,US HOUSE,002,REPUBLICAN,S BRETT GUTHRIE,606
WARREN,C111,US HOUSE,002,DEMOCRAT,HANK LINDERMAN,209
WARREN,C112,US HOUSE,002,REPUBLICAN,S BRETT GUTHRIE,773
WARREN,C112,US HOUSE,002,DEMOCRAT,HANK LINDERMAN,387
WARREN,D101,US HOUSE,002,REPUBLICAN,S BRETT GUTHRIE,639
WARREN,D101,US HOUSE,002,DEMOCRAT,HANK LINDERMAN,244
WARREN,D102,US HOUSE,002,REPUBLICAN,S BRETT GUTHRIE,292
WARREN,D102,US HOUSE,002,DEMOCRAT,HANK LINDERMAN,252
WARREN,D103,US HOUSE,002,REPUBLICAN,S BRETT GUTHRIE,405
WARREN,D103,US HOUSE,002,DEMOCRAT,HANK LINDERMAN,120
WARREN,D104,US HOUSE,002,REPUBLICAN,S BRETT GUTHRIE,263
WARREN,D104,US HOUSE,002,DEMOCRAT,HANK LINDERMAN,96
WARREN,D105,US HOUSE,002,REPUBLICAN,S BRETT GUTHRIE,371
WARREN,D105,US HOUSE,002,DEMOCRAT,HANK LINDERMAN,124
WARREN,D106,US HOUSE,002,REPUBLICAN,S BRETT GUTHRIE,277
WARREN,D106,US HOUSE,002,DEMOCRAT,HANK LINDERMAN,107
WARREN,D108,US HOUSE,002,REPUBLICAN,S BRETT GUTHRIE,679
WARREN,D108,US HOUSE,002,DEMOCRAT,HANK LINDERMAN,284
WARREN,D109,US HOUSE,002,REPUBLICAN,S BRETT GUTHRIE,498
WARREN,D109,US HOUSE,002,DEMOCRAT,HANK LINDERMAN,244
WARREN,D110,US HOUSE,002,REPUBLICAN,S BRETT GUTHRIE,474
WARREN,D110,US HOUSE,002,DEMOCRAT,HANK LINDERMAN,147
WARREN,D111,US HOUSE,002,REPUBLICAN,S BRETT GUTHRIE,185
WARREN,D111,US HOUSE,002,DEMOCRAT,HANK LINDERMAN,173
WARREN,D112,US HOUSE,002,REPUBLICAN,S BRETT GUTHRIE,748
WARREN,D112,US HOUSE,002,DEMOCRAT,HANK LINDERMAN,240
WARREN,D113,US HOUSE,002,REPUBLICAN,S BRETT GUTHRIE,312
WARREN,D113,US HOUSE,002,DEMOCRAT,HANK LINDERMAN,218
WARREN,D114,US HOUSE,002,DEMOCRAT,HANK LINDERMAN,158
WARREN,D114,US HOUSE,002,REPUBLICAN,S BRETT GUTHRIE,137
WARREN,D116,US HOUSE,002,DEMOCRAT,HANK LINDERMAN,4
WARREN,D116,US HOUSE,002,REPUBLICAN,S BRETT GUTHRIE,2
WARREN,E101,US HOUSE,002,REPUBLICAN,S BRETT GUTHRIE,858
WARREN,E101,US HOUSE,002,DEMOCRAT,HANK LINDERMAN,287
WARREN,E102,US HOUSE,002,REPUBLICAN,S BRETT GUTHRIE,584
WARREN,E102,US HOUSE,002,DEMOCRAT,HANK LINDERMAN,164
WARREN,E103,US HOUSE,002,REPUBLICAN,S BRETT GUTHRIE,225
WARREN,E103,US HOUSE,002,DEMOCRAT,HANK LINDERMAN,78
WARREN,E104,US HOUSE,002,REPUBLICAN,S BRETT GUTHRIE,205
WARREN,E104,US HOUSE,002,DEMOCRAT,HANK LINDERMAN,75
WARREN,E105,US HOUSE,002,REPUBLICAN,S BRETT GUTHRIE,257
WARREN,E105,US HOUSE,002,DEMOCRAT,HANK LINDERMAN,53
WARREN,E107,US HOUSE,002,REPUBLICAN,S BRETT GUTHRIE,336
WARREN,E107,US HOUSE,002,DEMOCRAT,HANK LINDERMAN,240
WARREN,E108,US HOUSE,002,REPUBLICAN,S BRETT GUTHRIE,356
WARREN,E108,US HOUSE,002,DEMOCRAT,HANK LINDERMAN,100
WARREN,E109,US HOUSE,002,REPUBLICAN,S BRETT GUTHRIE,506
WARREN,E109,US HOUSE,002,DEMOCRAT,HANK LINDERMAN,233
WARREN,E110,US HOUSE,002,DEMOCRAT,HANK LINDERMAN,266
WARREN,E110,US HOUSE,002,REPUBLICAN,S BRETT GUTHRIE,144
WARREN,E111,US HOUSE,002,DEMOCRAT,HANK LINDERMAN,113
WARREN,E111,US HOUSE,002,REPUBLICAN,S BRETT GUTHRIE,79
WARREN,E112,US HOUSE,002,DEMOCRAT,HANK LINDERMAN,105
WARREN,E112,US HOUSE,002,REPUBLICAN,S BRETT GUTHRIE,89
WARREN,E114,US HOUSE,002,REPUBLICAN,S BRETT GUTHRIE,75
WARREN,E114,US HOUSE,002,DEMOCRAT,HANK LINDERMAN,72
WARREN,E115,US HOUSE,002,DEMOCRAT,HANK LINDERMAN,0
WARREN,E115,US HOUSE,002,REPUBLICAN,S BRETT GUTHRIE,0
WARREN,F101,US HOUSE,002,REPUBLICAN,S BRETT GUTHRIE,409
WARREN,F101,US HOUSE,002,DEMOCRAT,HANK LINDERMAN,103
WARREN,F102,US HOUSE,002,REPUBLICAN,S BRETT GUTHRIE,556
WARREN,F102,US HOUSE,002,DEMOCRAT,HANK LINDERMAN,248
WARREN,F103,US HOUSE,002,REPUBLICAN,S BRETT GUTHRIE,488
WARREN,F103,US HOUSE,002,DEMOCRAT,HANK LINDERMAN,129
WARREN,F104,US HOUSE,002,REPUBLICAN,S BRETT GUTHRIE,651
WARREN,F104,US HOUSE,002,DEMOCRAT,HANK LINDERMAN,304
WARREN,F105,US HOUSE,002,REPUBLICAN,S BRETT GUTHRIE,708
WARREN,F105,US HOUSE,002,DEMOCRAT,HANK LINDERMAN,245
WARREN,F106,US HOUSE,002,REPUBLICAN,S BRETT GUTHRIE,540
WARREN,F106,US HOUSE,002,DEMOCRAT,HANK LINDERMAN,172
WARREN,F107,US HOUSE,002,REPUBLICAN,S BRETT GUTHRIE,430
WARREN,F107,US HOUSE,002,DEMOCRAT,HANK LINDERMAN,122
WARREN,F108,US HOUSE,002,REPUBLICAN,S BRETT GUTHRIE,722
WARREN,F108,US HOUSE,002,DEMOCRAT,HANK LINDERMAN,187
WARREN,F109,US HOUSE,002,REPUBLICAN,S BRETT GUTHRIE,252
WARREN,F109,US HOUSE,002,DEMOCRAT,HANK LINDERMAN,70
WARREN,F110,US HOUSE,002,REPUBLICAN,S BRETT GUTHRIE,315
WARREN,F110,US HOUSE,002,DEMOCRAT,HANK LINDERMAN,100
WARREN,F111,US HOUSE,002,REPUBLICAN,S BRETT GUTHRIE,513
WARREN,F111,US HOUSE,002,DEMOCRAT,HANK LINDERMAN,111
WARREN,F112,US HOUSE,002,REPUBLICAN,S BRETT GUTHRIE,202
WARREN,F112,US HOUSE,002,DEMOCRAT,HANK LINDERMAN,112
WARREN,F113,US HOUSE,002,REPUBLICAN,S BRETT GUTHRIE,778
WARREN,F113,US HOUSE,002,DEMOCRAT,HANK LINDERMAN,332
WARREN,F114,US HOUSE,002,REPUBLICAN,S BRETT GUTHRIE,477
WARREN,F114,US HOUSE,002,DEMOCRAT,HANK LINDERMAN,121
WARREN,F115,US HOUSE,002,REPUBLICAN,S BRETT GUTHRIE,267
WARREN,F115,US HOUSE,002,DEMOCRAT,HANK LINDERMAN,190
WARREN,F116,US HOUSE,002,DEMOCRAT,HANK LINDERMAN,6
WARREN,F116,US HOUSE,002,REPUBLICAN,S BRETT GUTHRIE,3
WARREN,F118,US HOUSE,002,REPUBLICAN,S BRETT GUTHRIE,347
WARREN,F118,US HOUSE,002,DEMOCRAT,HANK LINDERMAN,118
WASHINGTON,A101,US HOUSE,001,REPUBLICAN,JAMES R COMER,209
WASHINGTON,A101,US HOUSE,001,DEMOCRAT,JIMMY C AUSBROOKS,51
WASHINGTON,A102,US HOUSE,001,REPUBLICAN,JAMES R COMER,360
WASHINGTON,A102,US HOUSE,001,DEMOCRAT,JIMMY C AUSBROOKS,50
WASHINGTON,A103,US HOUSE,001,REPUBLICAN,JAMES R COMER,87
WASHINGTON,A103,US HOUSE,001,DEMOCRAT,JIMMY C AUSBROOKS,17
WASHINGTON,B101,US HOUSE,001,REPUBLICAN,JAMES R COMER,285
WASHINGTON,B101,US HOUSE,001,DEMOCRAT,JIMMY C AUSBROOKS,48
WASHINGTON,B102,US HOUSE,001,REPUBLICAN,JAMES R COMER,421
WASHINGTON,B102,US HOUSE,001,DEMOCRAT,JIMMY C AUSBROOKS,125
WASHINGTON,C101,US HOUSE,001,REPUBLICAN,JAMES R COMER,139
WASHINGTON,C101,US HOUSE,001,DEMOCRAT,JIMMY C AUSBROOKS,41
WASHINGTON,C102,US HOUSE,001,REPUBLICAN,JAMES R COMER,273
WASHINGTON,C102,US HOUSE,001,DEMOCRAT,JIMMY C AUSBROOKS,48
WASHINGTON,C103,US HOUSE,001,REPUBLICAN,JAMES R COMER,173
WASHINGTON,C103,US HOUSE,001,DEMOCRAT,JIMMY C AUSBROOKS,47
WASHINGTON,D101,US HOUSE,001,REPUBLICAN,JAMES R COMER,231
WASHINGTON,D101,US HOUSE,001,DEMOCRAT,JIMMY C AUSBROOKS,109
WASHINGTON,D102,US HOUSE,001,REPUBLICAN,JAMES R COMER,210
WASHINGTON,D102,US HOUSE,001,DEMOCRAT,JIMMY C AUSBROOKS,140
WASHINGTON,E101,US HOUSE,001,REPUBLICAN,JAMES R COMER,145
WASHINGTON,E101,US HOUSE,001,DEMOCRAT,JIMMY C AUSBROOKS,74
WASHINGTON,E102,US HOUSE,001,REPUBLICAN,JAMES R COMER,374
WASHINGTON,E102,US HOUSE,001,DEMOCRAT,JIMMY C AUSBROOKS,156
WASHINGTON,F101,US HOUSE,001,REPUBLICAN,JAMES R COMER,278
WASHINGTON,F101,US HOUSE,001,DEMOCRAT,JIMMY C AUSBROOKS,82
WASHINGTON,F102,US HOUSE,001,REPUBLICAN,JAMES R COMER,468
WASHINGTON,F102,US HOUSE,001,DEMOCRAT,JIMMY C AUSBROOKS,178
WAYNE,A101,US HOUSE,005,REPUBLICAN,HAROLD HAL ROGERS,183
WAYNE,A101,US HOUSE,005,DEMOCRAT,CONOR HALBLEIB,48
WAYNE,A101,US HOUSE,005,,STEPHAN WILLIAM MAZUR,0
WAYNE,A102,US HOUSE,005,REPUBLICAN,HAROLD HAL ROGERS,129
WAYNE,A102,US HOUSE,005,DEMOCRAT,CONOR HALBLEIB,28
WAYNE,A102,US HOUSE,005,,STEPHAN WILLIAM MAZUR,0
WAYNE,A103,US HOUSE,005,REPUBLICAN,HAROLD HAL ROGERS,459
WAYNE,A103,US HOUSE,005,DEMOCRAT,CONOR HALBLEIB,70
WAYNE,A103,US HOUSE,005,,STEPHAN WILLIAM MAZUR,0
WAYNE,A106,US HOUSE,005,REPUBLICAN,HAROLD HAL ROGERS,192
WAYNE,A106,US HOUSE,005,DEMOCRAT,CONOR HALBLEIB,39
WAYNE,A106,US HOUSE,005,,STEPHAN WILLIAM MAZUR,0
WAYNE,A107,US HOUSE,005,REPUBLICAN,HAROLD HAL ROGERS,154
WAYNE,A107,US HOUSE,005,DEMOCRAT,CONOR HALBLEIB,37
WAYNE,A107,US HOUSE,005,,STEPHAN WILLIAM MAZUR,0
WAYNE,B101,US HOUSE,005,REPUBLICAN,HAROLD HAL ROGERS,344
WAYNE,B101,US HOUSE,005,DEMOCRAT,CONOR HALBLEIB,62
WAYNE,B101,US HOUSE,005,,STEPHAN WILLIAM MAZUR,0
WAYNE,B102,US HOUSE,005,REPUBLICAN,HAROLD HAL ROGERS,247
WAYNE,B102,US HOUSE,005,DEMOCRAT,CONOR HALBLEIB,36
WAYNE,B102,US HOUSE,005,,STEPHAN WILLIAM MAZUR,0
WAYNE,B103,US HOUSE,005,REPUBLICAN,HAROLD HAL ROGERS,384
WAYNE,B103,US HOUSE,005,DEMOCRAT,CONOR HALBLEIB,56
WAYNE,B103,US HOUSE,005,,STEPHAN WILLIAM MAZUR,0
WAYNE,B106,US HOUSE,005,REPUBLICAN,HAROLD HAL ROGERS,266
WAYNE,B106,US HOUSE,005,DEMOCRAT,CONOR HALBLEIB,34
WAYNE,B106,US HOUSE,005,,STEPHAN WILLIAM MAZUR,0
WAYNE,B109,US HOUSE,005,REPUBLICAN,HAROLD HAL ROGERS,161
WAYNE,B109,US HOUSE,005,DEMOCRAT,CONOR HALBLEIB,21
WAYNE,B109,US HOUSE,005,,STEPHAN WILLIAM MAZUR,0
WAYNE,D104,US HOUSE,005,REPUBLICAN,HAROLD HAL ROGERS,256
WAYNE,D104,US HOUSE,005,DEMOCRAT,CONOR HALBLEIB,29
WAYNE,D104,US HOUSE,005,,STEPHAN WILLIAM MAZUR,0
WAYNE,D105,US HOUSE,005,REPUBLICAN,HAROLD HAL ROGERS,288
WAYNE,D105,US HOUSE,005,DEMOCRAT,CONOR HALBLEIB,30
WAYNE,D105,US HOUSE,005,,STEPHAN WILLIAM MAZUR,0
WAYNE,D106,US HOUSE,005,REPUBLICAN,HAROLD HAL ROGERS,253
WAYNE,D106,US HOUSE,005,DEMOCRAT,CONOR HALBLEIB,61
WAYNE,D106,US HOUSE,005,,STEPHAN WILLIAM MAZUR,0
WAYNE,D107,US HOUSE,005,REPUBLICAN,HAROLD HAL ROGERS,232
WAYNE,D107,US HOUSE,005,DEMOCRAT,CONOR HALBLEIB,26
WAYNE,D107,US HOUSE,005,,STEPHAN WILLIAM MAZUR,0
WAYNE,D110,US HOUSE,005,REPUBLICAN,HAROLD HAL ROGERS,196
WAYNE,D110,US HOUSE,005,DEMOCRAT,CONOR HALBLEIB,38
WAYNE,D110,US HOUSE,005,,STEPHAN WILLIAM MAZUR,0
WAYNE,G101,US HOUSE,005,REPUBLICAN,HAROLD HAL ROGERS,598
WAYNE,G101,US HOUSE,005,DEMOCRAT,CONOR HALBLEIB,118
WAYNE,G101,US HOUSE,005,,STEPHAN WILLIAM MAZUR,0
WAYNE,G103,US HOUSE,005,REPUBLICAN,HAROLD HAL ROGERS,133
WAYNE,G103,US HOUSE,005,DEMOCRAT,CONOR HALBLEIB,35
WAYNE,G103,US HOUSE,005,,STEPHAN WILLIAM MAZUR,0
WAYNE,G104,US HOUSE,005,REPUBLICAN,HAROLD HAL ROGERS,427
WAYNE,G104,US HOUSE,005,DEMOCRAT,CONOR HALBLEIB,59
WAYNE,G104,US HOUSE,005,,STEPHAN WILLIAM MAZUR,0
WAYNE,G106,US HOUSE,005,REPUBLICAN,HAROLD HAL ROGERS,429
WAYNE,G106,US HOUSE,005,DEMOCRAT,CONOR HALBLEIB,89
WAYNE,G106,US HOUSE,005,,STEPHAN WILLIAM MAZUR,0
WEBSTER,A101,US HOUSE,001,REPUBLICAN,JAMES R COMER,376
WEBSTER,A101,US HOUSE,001,DEMOCRAT,JIMMY C AUSBROOKS,85
WEBSTER,A102,US HOUSE,001,REPUBLICAN,JAMES R COMER,213
WEBSTER,A102,US HOUSE,001,DEMOCRAT,JIMMY C AUSBROOKS,42
WEBSTER,A103,US HOUSE,001,REPUBLICAN,JAMES R COMER,316
WEBSTER,A103,US HOUSE,001,DEMOCRAT,JIMMY C AUSBROOKS,58
WEBSTER,A104,US HOUSE,001,REPUBLICAN,JAMES R COMER,180
WEBSTER,A104,US HOUSE,001,DEMOCRAT,JIMMY C AUSBROOKS,40
WEBSTER,A105,US HOUSE,001,REPUBLICAN,JAMES R COMER,113
WEBSTER,A105,US HOUSE,001,DEMOCRAT,JIMMY C AUSBROOKS,34
WEBSTER,B101,US HOUSE,001,REPUBLICAN,JAMES R COMER,162
WEBSTER,B101,US HOUSE,001,DEMOCRAT,JIMMY C AUSBROOKS,62
WEBSTER,B102,US HOUSE,001,REPUBLICAN,JAMES R COMER,336
WEBSTER,B102,US HOUSE,001,DEMOCRAT,JIMMY C AUSBROOKS,69
WEBSTER,B103,US HOUSE,001,REPUBLICAN,JAMES R COMER,189
WEBSTER,B103,US HOUSE,001,DEMOCRAT,JIMMY C AUSBROOKS,55
WEBSTER,B104,US HOUSE,001,REPUBLICAN,JAMES R COMER,163
WEBSTER,B104,US HOUSE,001,DEMOCRAT,JIMMY C AUSBROOKS,43
WEBSTER,B105,US HOUSE,001,REPUBLICAN,JAMES R COMER,248
WEBSTER,B105,US HOUSE,001,DEMOCRAT,JIMMY C AUSBROOKS,61
WEBSTER,C101,US HOUSE,001,REPUBLICAN,JAMES R COMER,306
WEBSTER,C101,US HOUSE,001,DEMOCRAT,JIMMY C AUSBROOKS,182
WEBSTER,C102,US HOUSE,001,REPUBLICAN,JAMES R COMER,198
WEBSTER,C102,US HOUSE,001,DEMOCRAT,JIMMY C AUSBROOKS,41
WEBSTER,C103,US HOUSE,001,REPUBLICAN,JAMES R COMER,214
WEBSTER,C103,US HOUSE,001,DEMOCRAT,JIMMY C AUSBROOKS,96
WEBSTER,C104,US HOUSE,001,REPUBLICAN,JAMES R COMER,223
WEBSTER,C104,US HOUSE,001,DEMOCRAT,JIMMY C AUSBROOKS,75
WHITLEY,A101,US HOUSE,005,REPUBLICAN,HAROLD HAL ROGERS,37
WHITLEY,A101,US HOUSE,005,DEMOCRAT,CONOR HALBLEIB,8
WHITLEY,A101,US HOUSE,005,,STEPHAN WILLIAM MAZUR,0
WHITLEY,A103,US HOUSE,005,REPUBLICAN,HAROLD HAL ROGERS,325
WHITLEY,A103,US HOUSE,005,DEMOCRAT,CONOR HALBLEIB,49
WHITLEY,A103,US HOUSE,005,,STEPHAN WILLIAM MAZUR,0
WHITLEY,A104,US HOUSE,005,REPUBLICAN,HAROLD HAL ROGERS,277
WHITLEY,A104,US HOUSE,005,DEMOCRAT,CONOR HALBLEIB,22
WHITLEY,A104,US HOUSE,005,,STEPHAN WILLIAM MAZUR,0
WHITLEY,A105,US HOUSE,005,REPUBLICAN,HAROLD HAL ROGERS,170
WHITLEY,A105,US HOUSE,005,DEMOCRAT,CONOR HALBLEIB,21
WHITLEY,A105,US HOUSE,005,,STEPHAN WILLIAM MAZUR,0
WHITLEY,A106,US HOUSE,005,REPUBLICAN,HAROLD HAL ROGERS,297
WHITLEY,A106,US HOUSE,005,DEMOCRAT,CONOR HALBLEIB,44
WHITLEY,A106,US HOUSE,005,,STEPHAN WILLIAM MAZUR,0
WHITLEY,A107,US HOUSE,005,REPUBLICAN,HAROLD HAL ROGERS,151
WHITLEY,A107,US HOUSE,005,DEMOCRAT,CONOR HALBLEIB,40
WHITLEY,A107,US HOUSE,005,,STEPHAN WILLIAM MAZUR,0
WHITLEY,A109,US HOUSE,005,REPUBLICAN,HAROLD HAL ROGERS,451
WHITLEY,A109,US HOUSE,005,DEMOCRAT,CONOR HALBLEIB,81
WHITLEY,A109,US HOUSE,005,,STEPHAN WILLIAM MAZUR,0
WHITLEY,A111,US HOUSE,005,REPUBLICAN,HAROLD HAL ROGERS,186
WHITLEY,A111,US HOUSE,005,DEMOCRAT,CONOR HALBLEIB,30
WHITLEY,A111,US HOUSE,005,,STEPHAN WILLIAM MAZUR,0
WHITLEY,B101,US HOUSE,005,REPUBLICAN,HAROLD HAL ROGERS,455
WHITLEY,B101,US HOUSE,005,DEMOCRAT,CONOR HALBLEIB,109
WHITLEY,B101,US HOUSE,005,,STEPHAN WILLIAM MAZUR,0
WHITLEY,B102,US HOUSE,005,REPUBLICAN,HAROLD HAL ROGERS,87
WHITLEY,B102,US HOUSE,005,DEMOCRAT,CONOR HALBLEIB,18
WHITLEY,B102,US HOUSE,005,,STEPHAN WILLIAM MAZUR,0
WHITLEY,B104,US HOUSE,005,REPUBLICAN,HAROLD HAL ROGERS,105
WHITLEY,B104,US HOUSE,005,DEMOCRAT,CONOR HALBLEIB,28
WHITLEY,B104,US HOUSE,005,,STEPHAN WILLIAM MAZUR,0
WHITLEY,B105,US HOUSE,005,REPUBLICAN,HAROLD HAL ROGERS,291
WHITLEY,B105,US HOUSE,005,DEMOCRAT,CONOR HALBLEIB,58
WHITLEY,B105,US HOUSE,005,,STEPHAN WILLIAM MAZUR,0
WHITLEY,B106,US HOUSE,005,REPUBLICAN,HAROLD HAL ROGERS,348
WHITLEY,B106,US HOUSE,005,DEMOCRAT,CONOR HALBLEIB,80
WHITLEY,B106,US HOUSE,005,,STEPHAN WILLIAM MAZUR,0
WHITLEY,B107,US HOUSE,005,REPUBLICAN,HAROLD HAL ROGERS,485
WHITLEY,B107,US HOUSE,005,DEMOCRAT,CONOR HALBLEIB,61
WHITLEY,B107,US HOUSE,005,,STEPHAN WILLIAM MAZUR,0
WHITLEY,B108,US HOUSE,005,REPUBLICAN,HAROLD HAL ROGERS,70
WHITLEY,B108,US HOUSE,005,DEMOCRAT,CONOR HALBLEIB,27
WHITLEY,B108,US HOUSE,005,,STEPHAN WILLIAM MAZUR,0
WHITLEY,B109,US HOUSE,005,REPUBLICAN,HAROLD HAL ROGERS,101
WHITLEY,B109,US HOUSE,005,DEMOCRAT,CONOR HALBLEIB,38
WHITLEY,B109,US HOUSE,005,,STEPHAN WILLIAM MAZUR,0
WHITLEY,B110,US HOUSE,005,REPUBLICAN,HAROLD HAL ROGERS,360
WHITLEY,B110,US HOUSE,005,DEMOCRAT,CONOR HALBLEIB,81
WHITLEY,B110,US HOUSE,005,,STEPHAN WILLIAM MAZUR,0
WHITLEY,C101,US HOUSE,005,REPUBLICAN,HAROLD HAL ROGERS,74
WHITLEY,C101,US HOUSE,005,DEMOCRAT,CONOR HALBLEIB,4
WHITLEY,C101,US HOUSE,005,,STEPHAN WILLIAM MAZUR,0
WHITLEY,C102,US HOUSE,005,REPUBLICAN,HAROLD HAL ROGERS,90
WHITLEY,C102,US HOUSE,005,DEMOCRAT,CONOR HALBLEIB,13
WHITLEY,C102,US HOUSE,005,,STEPHAN WILLIAM MAZUR,0
WHITLEY,C103,US HOUSE,005,REPUBLICAN,HAROLD HAL ROGERS,32
WHITLEY,C103,US HOUSE,005,DEMOCRAT,CONOR HALBLEIB,0
WHITLEY,C103,US HOUSE,005,,STEPHAN WILLIAM MAZUR,0
WHITLEY,C104,US HOUSE,005,REPUBLICAN,HAROLD HAL ROGERS,230
WHITLEY,C104,US HOUSE,005,DEMOCRAT,CONOR HALBLEIB,35
WHITLEY,C104,US HOUSE,005,,STEPHAN WILLIAM MAZUR,0
WHITLEY,C105,US HOUSE,005,REPUBLICAN,HAROLD HAL ROGERS,102
WHITLEY,C105,US HOUSE,005,DEMOCRAT,CONOR HALBLEIB,2
WHITLEY,C105,US HOUSE,005,,STEPHAN WILLIAM MAZUR,0
WHITLEY,C106,US HOUSE,005,REPUBLICAN,HAROLD HAL ROGERS,214
WHITLEY,C106,US HOUSE,005,DEMOCRAT,CONOR HALBLEIB,16
WHITLEY,C106,US HOUSE,005,,STEPHAN WILLIAM MAZUR,0
WHITLEY,C107,US HOUSE,005,REPUBLICAN,HAROLD HAL ROGERS,293
WHITLEY,C107,US HOUSE,005,DEMOCRAT,CONOR HALBLEIB,29
WHITLEY,C107,US HOUSE,005,,STEPHAN WILLIAM MAZUR,0
WHITLEY,C108,US HOUSE,005,REPUBLICAN,HAROLD HAL ROGERS,153
WHITLEY,C108,US HOUSE,005,DEMOCRAT,CONOR HALBLEIB,16
WHITLEY,C108,US HOUSE,005,,STEPHAN WILLIAM MAZUR,1
WHITLEY,C109,US HOUSE,005,REPUBLICAN,HAROLD HAL ROGERS,99
WHITLEY,C109,US HOUSE,005,DEMOCRAT,CONOR HALBLEIB,21
WHITLEY,C109,US HOUSE,005,,STEPHAN WILLIAM MAZUR,0
WHITLEY,C110,US HOUSE,005,REPUBLICAN,HAROLD HAL ROGERS,122
WHITLEY,C110,US HOUSE,005,DEMOCRAT,CONOR HALBLEIB,21
WHITLEY,C110,US HOUSE,005,,STEPHAN WILLIAM MAZUR,0
WHITLEY,C111,US HOUSE,005,REPUBLICAN,HAROLD HAL ROGERS,172
WHITLEY,C111,US HOUSE,005,DEMOCRAT,CONOR HALBLEIB,22
WHITLEY,C111,US HOUSE,005,,STEPHAN WILLIAM MAZUR,0
WHITLEY,C112,US HOUSE,005,REPUBLICAN,HAROLD HAL ROGERS,174
WHITLEY,C112,US HOUSE,005,DEMOCRAT,CONOR HALBLEIB,11
WHITLEY,C112,US HOUSE,005,,STEPHAN WILLIAM MAZUR,0
WHITLEY,C113,US HOUSE,005,REPUBLICAN,HAROLD HAL ROGERS,86
WHITLEY,C113,US HOUSE,005,DEMOCRAT,CONOR HALBLEIB,12
WHITLEY,C113,US HOUSE,005,,STEPHAN WILLIAM MAZUR,0
WHITLEY,C114,US HOUSE,005,REPUBLICAN,HAROLD HAL ROGERS,126
WHITLEY,C114,US HOUSE,005,DEMOCRAT,CONOR HALBLEIB,8
WHITLEY,C114,US HOUSE,005,,STEPHAN WILLIAM MAZUR,0
WHITLEY,D101,US HOUSE,005,REPUBLICAN,HAROLD HAL ROGERS,501
WHITLEY,D101,US HOUSE,005,DEMOCRAT,CONOR HALBLEIB,57
WHITLEY,D101,US HOUSE,005,,STEPHAN WILLIAM MAZUR,0
WHITLEY,D102,US HOUSE,005,REPUBLICAN,HAROLD HAL ROGERS,470
WHITLEY,D102,US HOUSE,005,DEMOCRAT,CONOR HALBLEIB,66
WHITLEY,D102,US HOUSE,005,,STEPHAN WILLIAM MAZUR,0
WHITLEY,D104,US HOUSE,005,REPUBLICAN,HAROLD HAL ROGERS,554
WHITLEY,D104,US HOUSE,005,DEMOCRAT,CONOR HALBLEIB,85
WHITLEY,D104,US HOUSE,005,,STEPHAN WILLIAM MAZUR,0
WHITLEY,D105,US HOUSE,005,REPUBLICAN,HAROLD HAL ROGERS,251
WHITLEY,D105,US HOUSE,005,DEMOCRAT,CONOR HALBLEIB,30
WHITLEY,D105,US HOUSE,005,,STEPHAN WILLIAM MAZUR,0
WHITLEY,D106,US HOUSE,005,REPUBLICAN,HAROLD HAL ROGERS,639
WHITLEY,D106,US HOUSE,005,DEMOCRAT,CONOR HALBLEIB,83
WHITLEY,D106,US HOUSE,005,,STEPHAN WILLIAM MAZUR,0
WOLFE,A101,US HOUSE,005,REPUBLICAN,HAROLD HAL ROGERS,163
WOLFE,A101,US HOUSE,005,DEMOCRAT,CONOR HALBLEIB,45
WOLFE,A105,US HOUSE,005,REPUBLICAN,HAROLD HAL ROGERS,248
WOLFE,A105,US HOUSE,005,DEMOCRAT,CONOR HALBLEIB,88
WOLFE,ABSE,US HOUSE,005,REPUBLICAN,HAROLD HAL ROGERS,92
WOLFE,ABSE,US HOUSE,005,DEMOCRAT,CONOR HALBLEIB,47
WOLFE,B101,US HOUSE,005,REPUBLICAN,HAROLD HAL ROGERS,142
WOLFE,B101,US HOUSE,005,DEMOCRAT,CONOR HALBLEIB,26
WOLFE,B102,US HOUSE,005,REPUBLICAN,HAROLD HAL ROGERS,160
WOLFE,B102,US HOUSE,005,DEMOCRAT,CONOR HALBLEIB,65
WOLFE,B106,US HOUSE,005,REPUBLICAN,HAROLD HAL ROGERS,219
WOLFE,B106,US HOUSE,005,DEMOCRAT,CONOR HALBLEIB,107
WOLFE,C101,US HOUSE,005,REPUBLICAN,HAROLD HAL ROGERS,238
WOLFE,C101,US HOUSE,005,DEMOCRAT,CONOR HALBLEIB,90
WOLFE,C102,US HOUSE,005,REPUBLICAN,HAROLD HAL ROGERS,280
WOLFE,C102,US HOUSE,005,DEMOCRAT,CONOR HALBLEIB,68
WOLFE,C104,US HOUSE,005,REPUBLICAN,HAROLD HAL ROGERS,98
WOLFE,C104,US HOUSE,005,DEMOCRAT,CONOR HALBLEIB,44
WOODFORD,A101,US HOUSE,006,REPUBLICAN,ANDY BARR,316
WOODFORD,A101,US HOUSE,006,DEMOCRAT,GEOFFREY M GEOFF YOUNG,160
WOODFORD,A101,US HOUSE,006,,MAURICE RANDALL CRAVENS II,20
WOODFORD,A101,US HOUSE,006,,MAXWELL KEITH FROEDGE,0
WOODFORD,A102,US HOUSE,006,REPUBLICAN,ANDY BARR,345
WOODFORD,A102,US HOUSE,006,DEMOCRAT,GEOFFREY M GEOFF YOUNG,315
WOODFORD,A102,US HOUSE,006,,MAURICE RANDALL CRAVENS II,22
WOODFORD,A102,US HOUSE,006,,MAXWELL KEITH FROEDGE,0
WOODFORD,B101,US HOUSE,006,REPUBLICAN,ANDY BARR,272
WOODFORD,B101,US HOUSE,006,DEMOCRAT,GEOFFREY M GEOFF YOUNG,124
WOODFORD,B101,US HOUSE,006,,MAURICE RANDALL CRAVENS II,6
WOODFORD,B101,US HOUSE,006,,MAXWELL KEITH FROEDGE,0
WOODFORD,B102,US HOUSE,006,REPUBLICAN,ANDY BARR,157
WOODFORD,B102,US HOUSE,006,DEMOCRAT,GEOFFREY M GEOFF YOUNG,85
WOODFORD,B102,US HOUSE,006,,MAURICE RANDALL CRAVENS II,2
WOODFORD,B102,US HOUSE,006,,MAXWELL KEITH FROEDGE,0
WOODFORD,B103,US HOUSE,006,REPUBLICAN,ANDY BARR,147
WOODFORD,B103,US HOUSE,006,DEMOCRAT,GEOFFREY M GEOFF YOUNG,101
WOODFORD,B103,US HOUSE,006,,MAURICE RANDALL CRAVENS II,6
WOODFORD,B103,US HOUSE,006,,MAXWELL KEITH FROEDGE,0
WOODFORD,C101,US HOUSE,006,REPUBLICAN,ANDY BARR,476
WOODFORD,C101,US HOUSE,006,DEMOCRAT,GEOFFREY M GEOFF YOUNG,223
WOODFORD,C101,US HOUSE,006,,MAURICE RANDALL CRAVENS II,13
WOODFORD,C101,US HOUSE,006,,MAXWELL KEITH FROEDGE,0
WOODFORD,C102,US HOUSE,006,REPUBLICAN,ANDY BARR,348
WOODFORD,C102,US HOUSE,006,DEMOCRAT,GEOFFREY M GEOFF YOUNG,181
WOODFORD,C102,US HOUSE,006,,MAURICE RANDALL CRAVENS II,0
WOODFORD,C102,US HOUSE,006,,MAXWELL KEITH FROEDGE,0
WOODFORD,D101,US HOUSE,006,REPUBLICAN,ANDY BARR,544
WOODFORD,D101,US HOUSE,006,DEMOCRAT,GEOFFREY M GEOFF YOUNG,259
WOODFORD,D101,US HOUSE,006,,MAURICE RANDALL CRAVENS II,15
WOODFORD,D101,US HOUSE,006,,MAXWELL KEITH FROEDGE,0
WOODFORD,D102,US HOUSE,006,REPUBLICAN,ANDY BARR,384
WOODFORD,D102,US HOUSE,006,DEMOCRAT,GEOFFREY M GEOFF YOUNG,183
WOODFORD,D102,US HOUSE,006,,MAURICE RANDALL CRAVENS II,12
WOODFORD,D102,US HOUSE,006,,MAXWELL KEITH FROEDGE,0
WOODFORD,E101,US HOUSE,006,REPUBLICAN,ANDY BARR,249
WOODFORD,E101,US HOUSE,006,DEMOCRAT,GEOFFREY M GEOFF YOUNG,176
WOODFORD,E101,US HOUSE,006,,MAURICE RANDALL CRAVENS II,9
WOODFORD,E101,US HOUSE,006,,MAXWELL KEITH FROEDGE,0
WOODFORD,E102,US HOUSE,006,REPUBLICAN,ANDY BARR,203
WOODFORD,E102,US HOUSE,006,DEMOCRAT,GEOFFREY M GEOFF YOUNG,186
WOODFORD,E102,US HOUSE,006,,MAURICE RANDALL CRAVENS II,14
WOODFORD,E102,US HOUSE,006,,MAXWELL KEITH FROEDGE,0
WOODFORD,F101,US HOUSE,006,REPUBLICAN,ANDY BARR,518
WOODFORD,F101,US HOUSE,006,DEMOCRAT,GEOFFREY M GEOFF YOUNG,211
WOODFORD,F101,US HOUSE,006,,MAURICE RANDALL CRAVENS II,9
WOODFORD,F101,US HOUSE,006,,MAXWELL KEITH FROEDGE,0
WOODFORD,F102,US HOUSE,006,REPUBLICAN,ANDY BARR,473
WOODFORD,F102,US HOUSE,006,DEMOCRAT,GEOFFREY M GEOFF YOUNG,235
WOODFORD,F102,US HOUSE,006,,MAURICE RANDALL CRAVENS II,11
WOODFORD,F102,US HOUSE,006,,MAXWELL KEITH FROEDGE,0
WOODFORD,G101,US HOUSE,006,REPUBLICAN,ANDY BARR,397
WOODFORD,G101,US HOUSE,006,DEMOCRAT,GEOFFREY M GEOFF YOUNG,221
WOODFORD,G101,US HOUSE,006,,MAURICE RANDALL CRAVENS II,42
WOODFORD,G101,US HOUSE,006,,MAXWELL KEITH FROEDGE,0
WOODFORD,G102,US HOUSE,006,REPUBLICAN,ANDY BARR,550
WOODFORD,G102,US HOUSE,006,DEMOCRAT,GEOFFREY M GEOFF YOUNG,243
WOODFORD,G102,US HOUSE,006,,MAURICE RANDALL CRAVENS II,23
WOODFORD,G102,US HOUSE,006,,MAXWELL KEITH FROEDGE,0
WOODFORD,G103,US HOUSE,006,REPUBLICAN,ANDY BARR,387
WOODFORD,G103,US HOUSE,006,DEMOCRAT,GEOFFREY M GEOFF YOUNG,183
WOODFORD,G103,US HOUSE,006,,MAURICE RANDALL CRAVENS II,8
WOODFORD,G103,US HOUSE,006,,MAXWELL KEITH FROEDGE,0
WOODFORD,H101,US HOUSE,006,REPUBLICAN,ANDY BARR,338
WOODFORD,H101,US HOUSE,006,DEMOCRAT,GEOFFREY M GEOFF YOUNG,136
WOODFORD,H101,US HOUSE,006,,MAURICE RANDALL CRAVENS II,1
WOODFORD,H101,US HOUSE,006,,MAXWELL KEITH FROEDGE,0
WOODFORD,H102,US HOUSE,006,REPUBLICAN,ANDY BARR,422
WOODFORD,H102,US HOUSE,006,DEMOCRAT,GEOFFREY M GEOFF YOUNG,162
WOODFORD,H102,US HOUSE,006,,MAURICE RANDALL CRAVENS II,20
WOODFORD,H102,US HOUSE,006,,MAXWELL KEITH FROEDGE,2
WOODFORD,H103,US HOUSE,006,REPUBLICAN,ANDY BARR,490
WOODFORD,H103,US HOUSE,006,DEMOCRAT,GEOFFREY M GEOFF YOUNG,157
WOODFORD,H103,US HOUSE,006,,MAURICE RANDALL CRAVENS II,8
WOODFORD,H103,US HOUSE,006,,MAXWELL KEITH FROEDGE,0
